{"type":"FeatureCollection","features":[{"geometry":{"type":"Polygon","coordinates":[[[120.3676,15.1671],[120.3585,15.1418],[120.2038,15.1292],[120.1954,15.1704],[120.2240,15.1738],[120.2656,15.1696],[120.3038,15.1773],[120.3646,15.1737],[120.3676,15.1671]]]},"type":"Feature","id":"100f61ede8","properties":{"flclr":"#000000","name":"Moraza","level_id":"reg","layer_val":"0","parent_id":"0","gjsonid":"3"}},{"geometry":{"type":"Polygon","coordinates":[[[120.0147,15.2628],[120.0151,15.2660],[120.0072,15.2751],[120.0220,15.2747],[120.0203,15.2627],[120.0147,15.2628]]]},"type":"Feature","id":"e38003a95b","properties":{"flclr":"#000000","name":"Bangan","level_id":"reg","layer_val":"0","parent_id":"0","gjsonid":"3"}},{"geometry":{"type":"Polygon","coordinates":[[[120.0049,15.2782],[119.9984,15.2869],[120.0081,15.2892],[120.0113,15.2802],[120.0049,15.2782]]]},"type":"Feature","id":"b022edb47f","properties":{"flclr":"#000000","name":"Beneg","level_id":"reg","layer_val":"0","parent_id":"0","gjsonid":"3"}},{"geometry":{"type":"Polygon","coordinates":[[[120.0072,15.2751],[120.0049,15.2782],[120.0084,15.2798],[120.0226,15.2802],[120.0208,15.2742],[120.0072,15.2751]]]},"type":"Feature","id":"41fad08973","properties":{"flclr":"#000000","name":"Capayawan","level_id":"reg","layer_val":"0","parent_id":"0","gjsonid":"3"}},{"geometry":{"type":"Polygon","coordinates":[[[120.0220,15.2747],[120.0253,15.2867],[120.0390,15.2879],[120.0434,15.2644],[120.0203,15.2627],[120.0220,15.2747]]]},"type":"Feature","id":"268fbbfe90","properties":{"flclr":"#000000","name":"Carael","level_id":"reg","layer_val":"0","parent_id":"0","gjsonid":"3"}},{"geometry":{"type":"Polygon","coordinates":[[[120.3228,15.2486],[120.3362,15.2351],[120.3460,15.2138],[120.3163,15.2057],[120.2726,15.2048],[120.2029,15.2236],[120.2157,15.2418],[120.2267,15.2375],[120.2418,15.2448],[120.2642,15.2394],[120.2762,15.2515],[120.2942,15.2412],[120.3228,15.2486]]]},"type":"Feature","id":"cdb8d14ea8","properties":{"flclr":"#000000","name":"Maguisguis","level_id":"reg","layer_val":"0","parent_id":"0","gjsonid":"3"}},{"geometry":{"type":"Polygon","coordinates":[[[120.0220,15.2068],[120.0135,15.2281],[120.0214,15.2256],[120.0464,15.2350],[120.0516,15.2194],[120.0430,15.2215],[120.0220,15.2068]]]},"type":"Feature","id":"4e9fe9f47b","properties":{"flclr":"#000000","name":"Panan","level_id":"reg","layer_val":"0","parent_id":"0","gjsonid":"3"}},{"geometry":{"type":"Polygon","coordinates":[[[120.0147,15.2628],[120.0649,15.2669],[120.0852,15.2742],[120.0864,15.2360],[120.0516,15.2194],[120.0440,15.2471],[120.0117,15.2420],[120.0147,15.2628]]]},"type":"Feature","id":"aff07f9f2c","properties":{"flclr":"#000000","name":"Porac","level_id":"reg","layer_val":"0","parent_id":"0","gjsonid":"3"}},{"geometry":{"type":"Polygon","coordinates":[[[120.0253,15.2867],[120.0248,15.2810],[120.0186,15.2796],[120.0209,15.2882],[120.0253,15.2867]]]},"type":"Feature","id":"f9d2cf78c0","properties":{"flclr":"#000000","name":"Paco (Pob.)","level_id":"reg","layer_val":"0","parent_id":"0","gjsonid":"3"}},{"geometry":{"type":"Polygon","coordinates":[[[120.0524,15.2655],[120.0434,15.2644],[120.0381,15.2887],[120.0391,15.2946],[120.0496,15.3031],[120.0550,15.2998],[120.0524,15.2655]]]},"type":"Feature","id":"807902967c","properties":{"flclr":"#000000","name":"Paudpod","level_id":"reg","layer_val":"0","parent_id":"0","gjsonid":"3"}},{"geometry":{"type":"Polygon","coordinates":[[[120.1895,15.3468],[120.2036,15.3381],[120.1578,15.3293],[120.1541,15.3167],[120.0942,15.2953],[120.0978,15.2738],[120.0524,15.2655],[120.0550,15.2998],[120.0504,15.3026],[120.0544,15.3072],[120.0757,15.3122],[120.1215,15.3125],[120.1220,15.3420],[120.1526,15.3406],[120.1895,15.3468]]]},"type":"Feature","id":"8f49ee8aa9","properties":{"flclr":"#000000","name":"San Juan","level_id":"reg","layer_val":"0","parent_id":"0","gjsonid":"3"}},{"geometry":{"type":"Polygon","coordinates":[[[120.1578,15.3293],[120.2036,15.3381],[120.2186,15.3269],[120.2020,15.3014],[120.2104,15.2896],[120.2157,15.2418],[120.1827,15.1888],[120.1414,15.2062],[120.1639,15.2334],[120.1515,15.2412],[120.1448,15.2645],[120.1721,15.2619],[120.1578,15.3293]]]},"type":"Feature","id":"de7e9fb9e8","properties":{"flclr":"#000000","name":"Poonbato","level_id":"reg","layer_val":"0","parent_id":"0","gjsonid":"3"}},{"geometry":{"type":"Polygon","coordinates":[[[120.0185,15.2798],[120.0114,15.2794],[120.0081,15.2875],[120.0080,15.2929],[120.0158,15.2976],[120.0221,15.2919],[120.0185,15.2798]]]},"type":"Feature","id":"0133822bc5","properties":{"flclr":"#000000","name":"San Miguel","level_id":"reg","layer_val":"0","parent_id":"0","gjsonid":"3"}},{"geometry":{"type":"Polygon","coordinates":[[[120.0332,15.1755],[120.0329,15.1835],[120.0375,15.1866],[120.0417,15.1790],[120.0332,15.1755]]]},"type":"Feature","id":"a6a1fad47d","properties":{"flclr":"#000000","name":"Arew","level_id":"reg","layer_val":"0","parent_id":"0","gjsonid":"3"}},{"geometry":{"type":"Polygon","coordinates":[[[120.0422,15.1304],[120.0412,15.1354],[120.0512,15.1378],[120.0522,15.1311],[120.0422,15.1304]]]},"type":"Feature","id":"17808e9976","properties":{"flclr":"#000000","name":"Lomboy","level_id":"reg","layer_val":"0","parent_id":"0","gjsonid":"3"}},{"geometry":{"type":"Polygon","coordinates":[[[120.3595,15.1846],[120.3646,15.1737],[120.3038,15.1773],[120.2656,15.1696],[120.2240,15.1738],[120.1954,15.1704],[120.1827,15.1888],[120.2218,15.1893],[120.2546,15.1968],[120.2883,15.1912],[120.3060,15.1837],[120.3595,15.1846]]]},"type":"Feature","id":"477b4d5dda","properties":{"flclr":"#000000","name":"Villar","level_id":"reg","layer_val":"0","parent_id":"0","gjsonid":"3"}},{"geometry":{"type":"Polygon","coordinates":[[[120.3460,15.2138],[120.3595,15.1846],[120.3060,15.1837],[120.2883,15.1912],[120.2546,15.1968],[120.2218,15.1893],[120.1827,15.1888],[120.2029,15.2236],[120.2726,15.2048],[120.3163,15.2057],[120.3460,15.2138]]]},"type":"Feature","id":"0bb8d6a453","properties":{"flclr":"#000000","name":"Burgos","level_id":"reg","layer_val":"0","parent_id":"0","gjsonid":"3"}},{"geometry":{"type":"Polygon","coordinates":[[[120.2166,15.3301],[120.2595,15.3036],[120.2454,15.2880],[120.2282,15.2770],[120.2118,15.2750],[120.2102,15.2906],[120.2020,15.3014],[120.2170,15.3206],[120.2166,15.3301]]]},"type":"Feature","id":"f70cb8ba5a","properties":{"flclr":"#000000","name":"Cabatuan","level_id":"reg","layer_val":"0","parent_id":"0","gjsonid":"3"}},{"geometry":{"type":"Polygon","coordinates":[[[120.2157,15.2418],[120.2118,15.2750],[120.2282,15.2770],[120.2454,15.2880],[120.2595,15.3036],[120.2870,15.2848],[120.2762,15.2515],[120.2642,15.2394],[120.2418,15.2448],[120.2267,15.2375],[120.2157,15.2418]]]},"type":"Feature","id":"d8314b5560","properties":{"flclr":"#000000","name":"Nacolcol","level_id":"reg","layer_val":"0","parent_id":"0","gjsonid":"3"}},{"geometry":{"type":"Polygon","coordinates":[[[120.2008,15.1119],[120.1968,15.1004],[120.1911,15.0967],[120.1856,15.0971],[120.1799,15.1044],[120.1662,15.0913],[120.1556,15.0881],[120.1442,15.0978],[120.1200,15.1015],[120.1182,15.1069],[120.1111,15.1060],[120.0963,15.1150],[120.0740,15.1190],[120.0722,15.1241],[120.0597,15.1250],[120.0618,15.1187],[120.0543,15.1161],[120.0517,15.1229],[120.0597,15.1312],[120.0693,15.1322],[120.0943,15.1223],[120.1017,15.1260],[120.1123,15.1193],[120.2008,15.1119]]]},"type":"Feature","id":"16232970a6","properties":{"flclr":"#000000","name":"Anonang","level_id":"reg","layer_val":"0","parent_id":"0","gjsonid":"3"}},{"geometry":{"type":"Polygon","coordinates":[[[120.0521,15.1881],[120.0541,15.1850],[120.0499,15.1816],[120.0417,15.1798],[120.0406,15.1848],[120.0521,15.1881]]]},"type":"Feature","id":"94eac1f2c4","properties":{"flclr":"#000000","name":"Apo-apo","level_id":"reg","layer_val":"0","parent_id":"0","gjsonid":"3"}},{"geometry":{"type":"Polygon","coordinates":[[[120.0412,15.1354],[120.0391,15.1449],[120.0520,15.1468],[120.0510,15.1378],[120.0412,15.1354]]]},"type":"Feature","id":"23a8c76ade","properties":{"flclr":"#000000","name":"Camiling (Camiing)","level_id":"reg","layer_val":"0","parent_id":"0","gjsonid":"3"}},{"geometry":{"type":"Polygon","coordinates":[[[120.0578,15.1300],[120.0550,15.1259],[120.0521,15.1346],[120.0564,15.1338],[120.0578,15.1300]]]},"type":"Feature","id":"22f02f3739","properties":{"flclr":"#000000","name":"Casabaan","level_id":"reg","layer_val":"0","parent_id":"0","gjsonid":"3"}},{"geometry":{"type":"Polygon","coordinates":[[[120.0553,15.1574],[120.0569,15.1578],[120.0578,15.1535],[120.0532,15.1538],[120.0553,15.1574]]]},"type":"Feature","id":"cf9e975dad","properties":{"flclr":"#000000","name":"Banuambayo (Pob.)","level_id":"reg","layer_val":"0","parent_id":"0","gjsonid":"3"}},{"geometry":{"type":"Polygon","coordinates":[[[120.0516,15.1730],[120.0540,15.1682],[120.0462,15.1531],[120.0370,15.1532],[120.0332,15.1755],[120.0409,15.1779],[120.0516,15.1730]]]},"type":"Feature","id":"d8b13f483f","properties":{"flclr":"#000000","name":"San Isidro","level_id":"reg","layer_val":"0","parent_id":"0","gjsonid":"3"}},{"geometry":{"type":"Polygon","coordinates":[[[120.0569,15.1578],[120.0516,15.1730],[120.0596,15.1719],[120.0674,15.1809],[120.0748,15.1813],[120.0778,15.1765],[120.0706,15.1756],[120.0711,15.1633],[120.0656,15.1579],[120.0569,15.1578]]]},"type":"Feature","id":"7ddf5a074f","properties":{"flclr":"#000000","name":"Dolores (Pob.)","level_id":"reg","layer_val":"0","parent_id":"0","gjsonid":"3"}},{"geometry":{"type":"Polygon","coordinates":[[[120.0552,15.1586],[120.0552,15.1570],[120.0532,15.1538],[120.0521,15.1566],[120.0552,15.1586]]]},"type":"Feature","id":"255b00cf82","properties":{"flclr":"#000000","name":"Del Carmen (Pob.)","level_id":"reg","layer_val":"0","parent_id":"0","gjsonid":"3"}},{"geometry":{"type":"Polygon","coordinates":[[[120.0517,15.1229],[120.0543,15.1161],[120.0473,15.1137],[120.0422,15.1304],[120.0517,15.1229]]]},"type":"Feature","id":"73d3551eaf","properties":{"flclr":"#000000","name":"Laoag","level_id":"reg","layer_val":"0","parent_id":"0","gjsonid":"3"}},{"geometry":{"type":"Polygon","coordinates":[[[120.0578,15.1300],[120.0499,15.1423],[120.0520,15.1468],[120.0641,15.1484],[120.0693,15.1417],[120.0766,15.1442],[120.0829,15.1386],[120.1031,15.1365],[120.1138,15.1243],[120.1274,15.1230],[120.1305,15.1260],[120.2008,15.1119],[120.1217,15.1181],[120.1017,15.1260],[120.0943,15.1223],[120.0737,15.1316],[120.0578,15.1300]]]},"type":"Feature","id":"4a3a1cacb8","properties":{"flclr":"#000000","name":"Longos","level_id":"reg","layer_val":"0","parent_id":"0","gjsonid":"3"}},{"geometry":{"type":"Polygon","coordinates":[[[120.0516,15.2194],[120.0460,15.2087],[120.0516,15.2001],[120.0338,15.1964],[120.0350,15.1909],[120.0273,15.1943],[120.0220,15.2068],[120.0430,15.2215],[120.0516,15.2194]]]},"type":"Feature","id":"433dbc3ebb","properties":{"flclr":"#000000","name":"Mabanglit","level_id":"reg","layer_val":"0","parent_id":"0","gjsonid":"3"}},{"geometry":{"type":"Polygon","coordinates":[[[120.1954,15.1704],[120.2038,15.1292],[120.2008,15.1119],[120.1305,15.1260],[120.1274,15.1230],[120.1138,15.1243],[120.1031,15.1365],[120.0944,15.1355],[120.0766,15.1442],[120.0693,15.1417],[120.0641,15.1484],[120.0595,15.1466],[120.0576,15.1542],[120.0872,15.1595],[120.1142,15.1449],[120.1782,15.1716],[120.1954,15.1704]]]},"type":"Feature","id":"c08e0fb854","properties":{"flclr":"#000000","name":"New San Juan","level_id":"reg","layer_val":"0","parent_id":"0","gjsonid":"3"}},{"geometry":{"type":"Polygon","coordinates":[[[120.0540,15.1682],[120.0552,15.1586],[120.0480,15.1566],[120.0486,15.1617],[120.0540,15.1682]]]},"type":"Feature","id":"f33f571f62","properties":{"flclr":"#000000","name":"San Antonio","level_id":"reg","layer_val":"0","parent_id":"0","gjsonid":"3"}},{"geometry":{"type":"Polygon","coordinates":[[[120.0569,15.1578],[120.0657,15.1580],[120.0713,15.1676],[120.0928,15.1636],[120.1120,15.1744],[120.1195,15.1685],[120.1276,15.1700],[120.1487,15.1621],[120.1142,15.1449],[120.0872,15.1595],[120.0664,15.1551],[120.0569,15.1578]]]},"type":"Feature","id":"c351f52569","properties":{"flclr":"#000000","name":"San Juan (Pob.)","level_id":"reg","layer_val":"0","parent_id":"0","gjsonid":"3"}},{"geometry":{"type":"Polygon","coordinates":[[[120.0516,15.2001],[120.0521,15.1881],[120.0406,15.1848],[120.0344,15.1899],[120.0373,15.1923],[120.0338,15.1964],[120.0516,15.2001]]]},"type":"Feature","id":"363a2b2f9d","properties":{"flclr":"#000000","name":"San Rafael","level_id":"reg","layer_val":"0","parent_id":"0","gjsonid":"3"}},{"geometry":{"type":"Polygon","coordinates":[[[120.0417,15.1798],[120.0520,15.1848],[120.0691,15.1892],[120.0596,15.1719],[120.0431,15.1743],[120.0417,15.1798]]]},"type":"Feature","id":"173071513b","properties":{"flclr":"#000000","name":"Santa Rita","level_id":"reg","layer_val":"0","parent_id":"0","gjsonid":"3"}},{"geometry":{"type":"Polygon","coordinates":[[[120.0480,15.1566],[120.0602,15.1536],[120.0595,15.1466],[120.0391,15.1449],[120.0370,15.1532],[120.0462,15.1531],[120.0480,15.1566]]]},"type":"Feature","id":"cb41de62e2","properties":{"flclr":"#000000","name":"Santo Ni\u00f1o","level_id":"reg","layer_val":"0","parent_id":"0","gjsonid":"3"}},{"geometry":{"type":"Polygon","coordinates":[[[120.0517,15.1229],[120.0472,15.1298],[120.0520,15.1328],[120.0550,15.1251],[120.0517,15.1229]]]},"type":"Feature","id":"a05121dd98","properties":{"flclr":"#000000","name":"Tondo","level_id":"reg","layer_val":"0","parent_id":"0","gjsonid":"3"}},{"geometry":{"type":"Polygon","coordinates":[[[120.0343,15.1910],[120.0375,15.1866],[120.0320,15.1795],[120.0273,15.1943],[120.0332,15.1946],[120.0343,15.1910]]]},"type":"Feature","id":"6b0adca799","properties":{"flclr":"#000000","name":"Felmida-Diaz","level_id":"reg","layer_val":"0","parent_id":"0","gjsonid":"3"}},{"geometry":{"type":"Polygon","coordinates":[[[120.2067,14.9189],[120.2182,14.9070],[120.2152,14.8888],[120.1820,14.8827],[120.1744,14.8849],[120.1816,14.9005],[120.1788,14.9125],[120.1831,14.9088],[120.1854,14.9130],[120.1948,14.9107],[120.2067,14.9189]]]},"type":"Feature","id":"d3e0841b83","properties":{"flclr":"#000000","name":"Balaybay","level_id":"reg","layer_val":"0","parent_id":"0","gjsonid":"3"}},{"geometry":{"type":"Polygon","coordinates":[[[120.2076,14.9194],[120.2047,14.9258],[120.2072,14.9330],[120.2202,14.9335],[120.2144,14.9185],[120.2076,14.9194]]]},"type":"Feature","id":"43e8842b6a","properties":{"flclr":"#000000","name":"Del Pilar","level_id":"reg","layer_val":"0","parent_id":"0","gjsonid":"3"}},{"geometry":{"type":"Polygon","coordinates":[[[120.1780,14.8990],[120.1744,14.8849],[120.1362,14.8779],[120.1208,14.9032],[120.1373,14.9234],[120.1515,14.9194],[120.1745,14.9223],[120.1684,14.9096],[120.1763,14.9093],[120.1780,14.8990]]]},"type":"Feature","id":"dcc28d197d","properties":{"flclr":"#000000","name":"Looc","level_id":"reg","layer_val":"0","parent_id":"0","gjsonid":"3"}},{"geometry":{"type":"Polygon","coordinates":[[[120.1362,14.8779],[120.2167,14.8907],[120.2249,14.8908],[120.2241,14.8850],[120.2298,14.8815],[120.2272,14.8740],[120.2156,14.8767],[120.2061,14.8715],[120.2044,14.8607],[120.2124,14.8467],[120.2165,14.8083],[120.2091,14.8059],[120.2034,14.7971],[120.2010,14.7756],[120.1919,14.7526],[120.1773,14.7403],[120.1695,14.7475],[120.1595,14.7377],[120.1362,14.8779]]]},"type":"Feature","id":"a85ad2ff1d","properties":{"flclr":"#000000","name":"Cawag","level_id":"reg","layer_val":"0","parent_id":"0","gjsonid":"3"}},{"geometry":{"type":"Polygon","coordinates":[[[120.1698,14.9456],[120.1656,14.9420],[120.1551,14.9391],[120.1542,14.9448],[120.1589,14.9489],[120.1684,14.9517],[120.1698,14.9456]]]},"type":"Feature","id":"2ce5762bb0","properties":{"flclr":"#000000","name":"Buenavista","level_id":"reg","layer_val":"0","parent_id":"0","gjsonid":"3"}},{"geometry":{"type":"Polygon","coordinates":[[[120.1551,14.9391],[120.1698,14.9456],[120.1720,14.9426],[120.1814,14.9455],[120.1861,14.9391],[120.1745,14.9223],[120.1515,14.9194],[120.1380,14.9221],[120.1551,14.9391]]]},"type":"Feature","id":"9800693c93","properties":{"flclr":"#000000","name":"Nagbayan","level_id":"reg","layer_val":"0","parent_id":"0","gjsonid":"3"}},{"geometry":{"type":"Polygon","coordinates":[[[120.1861,14.9391],[120.1814,14.9455],[120.1840,14.9475],[120.2100,14.9550],[120.2063,14.9475],[120.1905,14.9378],[120.1861,14.9391]]]},"type":"Feature","id":"b2c7dbb2f6","properties":{"flclr":"#000000","name":"Magsaysay","level_id":"reg","layer_val":"0","parent_id":"0","gjsonid":"3"}},{"geometry":{"type":"Polygon","coordinates":[[[120.1814,14.9455],[120.1705,14.9432],[120.1687,14.9515],[120.1943,14.9661],[120.2113,14.9669],[120.2104,14.9591],[120.2018,14.9506],[120.1814,14.9455]]]},"type":"Feature","id":"8f8045228c","properties":{"flclr":"#000000","name":"Nagbunga","level_id":"reg","layer_val":"0","parent_id":"0","gjsonid":"3"}},{"geometry":{"type":"Polygon","coordinates":[[[120.1985,14.9358],[120.1913,14.9210],[120.1788,14.9125],[120.1816,14.9005],[120.1777,14.8991],[120.1763,14.9093],[120.1684,14.9096],[120.1746,14.9227],[120.1856,14.9363],[120.1985,14.9358]]]},"type":"Feature","id":"70e7d285b7","properties":{"flclr":"#000000","name":"San Agustin","level_id":"reg","layer_val":"0","parent_id":"0","gjsonid":"3"}},{"geometry":{"type":"Polygon","coordinates":[[[120.2002,14.9343],[120.1905,14.9378],[120.1997,14.9465],[120.2105,14.9460],[120.2063,14.9457],[120.2002,14.9343]]]},"type":"Feature","id":"75db55f53d","properties":{"flclr":"#000000","name":"San Jose (Pob.)","level_id":"reg","layer_val":"0","parent_id":"0","gjsonid":"3"}},{"geometry":{"type":"Polygon","coordinates":[[[120.2015,14.9297],[120.1955,14.9291],[120.1955,14.9294],[120.2002,14.9343],[120.2015,14.9297]]]},"type":"Feature","id":"356f8720b1","properties":{"flclr":"#000000","name":"San Juan (Pob.)","level_id":"reg","layer_val":"0","parent_id":"0","gjsonid":"3"}},{"geometry":{"type":"Polygon","coordinates":[[[120.1955,14.9291],[120.2064,14.9288],[120.2067,14.9189],[120.2018,14.9133],[120.1896,14.9103],[120.1854,14.9130],[120.1828,14.9089],[120.1812,14.9131],[120.1955,14.9291]]]},"type":"Feature","id":"e184119d6d","properties":{"flclr":"#000000","name":"San Nicolas","level_id":"reg","layer_val":"0","parent_id":"0","gjsonid":"3"}},{"geometry":{"type":"Polygon","coordinates":[[[120.3179,14.9320],[120.2047,14.9323],[120.2002,14.9343],[120.2063,14.9457],[120.2105,14.9456],[120.2063,14.9475],[120.2100,14.9550],[120.2061,14.9555],[120.2113,14.9669],[120.2383,14.9627],[120.2545,14.9734],[120.2913,14.9569],[120.3308,14.9320],[120.3179,14.9320]]]},"type":"Feature","id":"61044bbb8f","properties":{"flclr":"#000000","name":"San Pablo (Pob.)","level_id":"reg","layer_val":"0","parent_id":"0","gjsonid":"3"}},{"geometry":{"type":"Polygon","coordinates":[[[120.2071,14.9325],[120.2064,14.9288],[120.2015,14.9297],[120.2012,14.9324],[120.2071,14.9325]]]},"type":"Feature","id":"25ca57d68a","properties":{"flclr":"#000000","name":"San Roque","level_id":"reg","layer_val":"0","parent_id":"0","gjsonid":"3"}},{"geometry":{"type":"Polygon","coordinates":[[[120.1861,14.9391],[120.1950,14.9387],[120.1985,14.9358],[120.1853,14.9364],[120.1861,14.9391]]]},"type":"Feature","id":"e187e58350","properties":{"flclr":"#000000","name":"Santa Maria","level_id":"reg","layer_val":"0","parent_id":"0","gjsonid":"3"}},{"geometry":{"type":"Polygon","coordinates":[[[120.1583,14.9727],[120.1690,14.9698],[120.1689,14.9597],[120.1594,14.9676],[120.1583,14.9727]]]},"type":"Feature","id":"9aa25edcd8","properties":{"flclr":"#000000","name":"San Guillermo (Pob.)","level_id":"reg","layer_val":"0","parent_id":"0","gjsonid":"3"}},{"geometry":{"type":"Polygon","coordinates":[[[120.1542,14.9448],[120.1553,14.9383],[120.1480,14.9354],[120.1208,14.9032],[120.1043,14.9215],[120.1228,14.9404],[120.1542,14.9448]]]},"type":"Feature","id":"31a110c438","properties":{"flclr":"#000000","name":"Angeles","level_id":"reg","layer_val":"0","parent_id":"0","gjsonid":"3"}},{"geometry":{"type":"Polygon","coordinates":[[[120.0849,14.9769],[120.0873,14.9621],[120.0826,14.9633],[120.0740,14.9574],[120.0733,14.9641],[120.0594,14.9629],[120.0621,14.9781],[120.0849,14.9769]]]},"type":"Feature","id":"382faeab88","properties":{"flclr":"#000000","name":"West Dirita","level_id":"reg","layer_val":"0","parent_id":"0","gjsonid":"3"}},{"geometry":{"type":"Polygon","coordinates":[[[120.0784,14.9569],[120.0886,14.9544],[120.0887,14.9503],[120.0792,14.9522],[120.0784,14.9569]]]},"type":"Feature","id":"1bdfb320ec","properties":{"flclr":"#000000","name":"San Gregorio (Pob.)","level_id":"reg","layer_val":"0","parent_id":"0","gjsonid":"3"}},{"geometry":{"type":"Polygon","coordinates":[[[120.0900,14.9474],[120.0914,14.9371],[120.0878,14.9348],[120.0833,14.9394],[120.0872,14.9486],[120.0900,14.9474]]]},"type":"Feature","id":"87c3939e9c","properties":{"flclr":"#000000","name":"San Juan (Pob.)","level_id":"reg","layer_val":"0","parent_id":"0","gjsonid":"3"}},{"geometry":{"type":"Polygon","coordinates":[[[120.0873,14.9621],[120.0849,14.9769],[120.1147,14.9796],[120.1270,14.9751],[120.1130,14.9654],[120.0903,14.9665],[120.0873,14.9621]]]},"type":"Feature","id":"e92d2e66dc","properties":{"flclr":"#000000","name":"East Dirita","level_id":"reg","layer_val":"0","parent_id":"0","gjsonid":"3"}},{"geometry":{"type":"Polygon","coordinates":[[[120.0911,14.9480],[120.1247,14.9616],[120.1333,14.9595],[120.1302,14.9402],[120.1228,14.9404],[120.1043,14.9215],[120.0821,14.9289],[120.0912,14.9366],[120.0911,14.9480]]]},"type":"Feature","id":"5d602f3b33","properties":{"flclr":"#000000","name":"Burgos (Pob.)","level_id":"reg","layer_val":"0","parent_id":"0","gjsonid":"3"}},{"geometry":{"type":"Polygon","coordinates":[[[120.0833,14.9394],[120.0878,14.9348],[120.0821,14.9289],[120.0564,14.9302],[120.0594,14.9629],[120.0733,14.9641],[120.0708,14.9417],[120.0785,14.9371],[120.0833,14.9394]]]},"type":"Feature","id":"3fd95098e7","properties":{"flclr":"#000000","name":"San Miguel","level_id":"reg","layer_val":"0","parent_id":"0","gjsonid":"3"}},{"geometry":{"type":"Polygon","coordinates":[[[120.1247,14.9616],[120.0937,14.9472],[120.0887,14.9503],[120.0978,14.9646],[120.1130,14.9654],[120.1270,14.9751],[120.1247,14.9616]]]},"type":"Feature","id":"0b41d1913a","properties":{"flclr":"#000000","name":"Luna (Pob.)","level_id":"reg","layer_val":"0","parent_id":"0","gjsonid":"3"}},{"geometry":{"type":"Polygon","coordinates":[[[120.0969,14.9639],[120.0910,14.9543],[120.0744,14.9585],[120.0826,14.9633],[120.0894,14.9623],[120.0903,14.9665],[120.0969,14.9639]]]},"type":"Feature","id":"84e6523adf","properties":{"flclr":"#000000","name":"Antipolo (Pob.)","level_id":"reg","layer_val":"0","parent_id":"0","gjsonid":"3"}},{"geometry":{"type":"Polygon","coordinates":[[[120.0821,14.9289],[120.1043,14.9215],[120.1362,14.8779],[120.1594,14.7376],[120.1484,14.7563],[120.1304,14.7525],[120.1241,14.7588],[120.1188,14.7584],[120.1188,14.7634],[120.1327,14.7661],[120.1296,14.7753],[120.1198,14.7826],[120.0900,14.7792],[120.0828,14.7867],[120.0857,14.8002],[120.1019,14.8088],[120.1078,14.8171],[120.0929,14.8213],[120.0793,14.8132],[120.0814,14.8281],[120.0777,14.8349],[120.0817,14.8538],[120.0696,14.8521],[120.0736,14.8620],[120.0637,14.8695],[120.0693,14.8789],[120.0571,14.8788],[120.0513,14.8962],[120.0579,14.8973],[120.0577,14.9144],[120.0618,14.9184],[120.0564,14.9302],[120.0821,14.9289]]]},"type":"Feature","id":"0ee1edd2a2","properties":{"flclr":"#000000","name":"Pundaquit","level_id":"reg","layer_val":"0","parent_id":"0","gjsonid":"3"}},{"geometry":{"type":"Polygon","coordinates":[[[120.1542,14.9448],[120.1346,14.9396],[120.1302,14.9402],[120.1293,14.9448],[120.1331,14.9500],[120.1601,14.9493],[120.1542,14.9448]]]},"type":"Feature","id":"fb114fcc8b","properties":{"flclr":"#000000","name":"San Esteban","level_id":"reg","layer_val":"0","parent_id":"0","gjsonid":"3"}},{"geometry":{"type":"Polygon","coordinates":[[[120.0740,14.9574],[120.0849,14.9497],[120.0785,14.9371],[120.0708,14.9417],[120.0740,14.9574]]]},"type":"Feature","id":"2b507d1ad4","properties":{"flclr":"#000000","name":"San Nicolas (Pob.)","level_id":"reg","layer_val":"0","parent_id":"0","gjsonid":"3"}},{"geometry":{"type":"Polygon","coordinates":[[[120.0849,14.9497],[120.0872,14.9486],[120.0833,14.9394],[120.0798,14.9417],[120.0849,14.9497]]]},"type":"Feature","id":"7e55cdd2dd","properties":{"flclr":"#000000","name":"Santiago","level_id":"reg","layer_val":"0","parent_id":"0","gjsonid":"3"}},{"geometry":{"type":"Polygon","coordinates":[[[120.0887,14.9503],[120.0915,14.9491],[120.0909,14.9471],[120.0872,14.9486],[120.0887,14.9503]]]},"type":"Feature","id":"7b8a0ed354","properties":{"flclr":"#000000","name":"Rizal","level_id":"reg","layer_val":"0","parent_id":"0","gjsonid":"3"}},{"geometry":{"type":"Polygon","coordinates":[[[120.1197,15.0453],[120.1304,15.0713],[120.1336,15.0672],[120.1481,15.0659],[120.1595,15.0699],[120.1632,15.0665],[120.1771,15.0738],[120.1939,15.0718],[120.1994,15.0752],[120.1810,15.0420],[120.1395,15.0431],[120.1147,15.0375],[120.1197,15.0453]]]},"type":"Feature","id":"467dfc0985","properties":{"flclr":"#000000","name":"Balincaguing","level_id":"reg","layer_val":"0","parent_id":"0","gjsonid":"3"}},{"geometry":{"type":"Polygon","coordinates":[[[120.0635,15.0631],[120.0689,15.0647],[120.0697,15.0616],[120.0657,15.0609],[120.0635,15.0631]]]},"type":"Feature","id":"45ff093931","properties":{"flclr":"#000000","name":"Amagna (Pob.)","level_id":"reg","layer_val":"0","parent_id":"0","gjsonid":"3"}},{"geometry":{"type":"Polygon","coordinates":[[[120.0689,15.0647],[120.0630,15.0634],[120.0603,15.0723],[120.0824,15.0753],[120.0852,15.0696],[120.0689,15.0647]]]},"type":"Feature","id":"f347a84b05","properties":{"flclr":"#000000","name":"Fara\u00f1al (Pob.)","level_id":"reg","layer_val":"0","parent_id":"0","gjsonid":"3"}},{"geometry":{"type":"Polygon","coordinates":[[[120.1200,15.0456],[120.0936,15.0522],[120.0739,15.0453],[120.0702,15.0596],[120.1002,15.0607],[120.1200,15.0456]]]},"type":"Feature","id":"d896ca157d","properties":{"flclr":"#000000","name":"Apostol (Pob.)","level_id":"reg","layer_val":"0","parent_id":"0","gjsonid":"3"}},{"geometry":{"type":"Polygon","coordinates":[[[120.1304,15.0713],[120.1200,15.0456],[120.1002,15.0607],[120.0665,15.0610],[120.0820,15.0664],[120.1304,15.0713]]]},"type":"Feature","id":"8ad976ca9f","properties":{"flclr":"#000000","name":"Feria (Pob.)","level_id":"reg","layer_val":"0","parent_id":"0","gjsonid":"3"}},{"geometry":{"type":"Polygon","coordinates":[[[120.1968,15.1004],[120.2138,15.1003],[120.1939,15.0718],[120.1771,15.0738],[120.1632,15.0665],[120.1595,15.0699],[120.1481,15.0659],[120.1336,15.0672],[120.1320,15.0716],[120.0851,15.0668],[120.0829,15.0988],[120.0657,15.0921],[120.0486,15.1005],[120.0473,15.1137],[120.0618,15.1187],[120.0597,15.1250],[120.0722,15.1241],[120.0740,15.1190],[120.0963,15.1150],[120.1111,15.1060],[120.1182,15.1069],[120.1200,15.1015],[120.1442,15.0978],[120.1553,15.0881],[120.1662,15.0913],[120.1799,15.1044],[120.1878,15.0965],[120.1968,15.1004]]]},"type":"Feature","id":"b154c14d7c","properties":{"flclr":"#000000","name":"Maloma","level_id":"reg","layer_val":"0","parent_id":"0","gjsonid":"3"}},{"geometry":{"type":"Polygon","coordinates":[[[120.0852,15.0696],[120.0776,15.0629],[120.0697,15.0616],[120.0689,15.0647],[120.0852,15.0696]]]},"type":"Feature","id":"31e0659758","properties":{"flclr":"#000000","name":"Rosete (Pob.)","level_id":"reg","layer_val":"0","parent_id":"0","gjsonid":"3"}},{"geometry":{"type":"Polygon","coordinates":[[[120.0657,15.0609],[120.0713,15.0439],[120.0710,15.0315],[120.0673,15.0313],[120.0657,15.0609]]]},"type":"Feature","id":"b36e8b3f3b","properties":{"flclr":"#000000","name":"San Rafael","level_id":"reg","layer_val":"0","parent_id":"0","gjsonid":"3"}},{"geometry":{"type":"Polygon","coordinates":[[[120.1648,14.9753],[120.1674,14.9705],[120.1583,14.9727],[120.1581,14.9753],[120.1648,14.9753]]]},"type":"Feature","id":"039049b113","properties":{"flclr":"#000000","name":"Rizal (Pob.)","level_id":"reg","layer_val":"0","parent_id":"0","gjsonid":"3"}},{"geometry":{"type":"Polygon","coordinates":[[[120.0635,15.0631],[120.0673,15.0313],[120.0613,15.0334],[120.0564,15.0295],[120.0530,15.0388],[120.0580,15.0521],[120.0577,15.0719],[120.0635,15.0631]]]},"type":"Feature","id":"000f7c3e36","properties":{"flclr":"#000000","name":"Santo Ni\u00f1o","level_id":"reg","layer_val":"0","parent_id":"0","gjsonid":"3"}},{"geometry":{"type":"Polygon","coordinates":[[[120.0824,15.0753],[120.0577,15.0719],[120.0486,15.1005],[120.0657,15.0921],[120.0829,15.0988],[120.0824,15.0753]]]},"type":"Feature","id":"ba843378f8","properties":{"flclr":"#000000","name":"Sindol","level_id":"reg","layer_val":"0","parent_id":"0","gjsonid":"3"}},{"geometry":{"type":"Polygon","coordinates":[[[120.1556,14.9758],[120.1525,14.9800],[120.1649,14.9984],[120.1656,14.9868],[120.1556,14.9758]]]},"type":"Feature","id":"e0a3bb7be0","properties":{"flclr":"#000000","name":"Burgos (Pob.)","level_id":"reg","layer_val":"0","parent_id":"0","gjsonid":"3"}},{"geometry":{"type":"Polygon","coordinates":[[[120.1524,14.9794],[120.1551,14.9742],[120.1469,14.9755],[120.1460,14.9841],[120.1524,14.9794]]]},"type":"Feature","id":"c7e1618533","properties":{"flclr":"#000000","name":"Consuelo Sur (Pob.)","level_id":"reg","layer_val":"0","parent_id":"0","gjsonid":"3"}},{"geometry":{"type":"Polygon","coordinates":[[[120.1468,14.9808],[120.1511,14.9738],[120.1275,14.9629],[120.1272,14.9758],[120.1468,14.9808]]]},"type":"Feature","id":"f40ae42d6c","properties":{"flclr":"#000000","name":"Linasin","level_id":"reg","layer_val":"0","parent_id":"0","gjsonid":"3"}},{"geometry":{"type":"Polygon","coordinates":[[[120.1648,14.9631],[120.1573,14.9625],[120.1460,14.9586],[120.1461,14.9651],[120.1526,14.9657],[120.1553,14.9728],[120.1648,14.9631]]]},"type":"Feature","id":"e58356d0ac","properties":{"flclr":"#000000","name":"La Paz (Pob.)","level_id":"reg","layer_val":"0","parent_id":"0","gjsonid":"3"}},{"geometry":{"type":"Polygon","coordinates":[[[120.1460,14.9586],[120.1648,14.9631],[120.1708,14.9541],[120.1616,14.9493],[120.1331,14.9500],[120.1330,14.9536],[120.1460,14.9586]]]},"type":"Feature","id":"95c96711c7","properties":{"flclr":"#000000","name":"Linusungan","level_id":"reg","layer_val":"0","parent_id":"0","gjsonid":"3"}},{"geometry":{"type":"Polygon","coordinates":[[[120.1687,14.9515],[120.1708,14.9561],[120.1662,14.9561],[120.1709,14.9618],[120.1702,14.9715],[120.1969,14.9781],[120.2095,14.9761],[120.2118,14.9684],[120.1943,14.9661],[120.1687,14.9515]]]},"type":"Feature","id":"599924e248","properties":{"flclr":"#000000","name":"Nagbunga","level_id":"reg","layer_val":"0","parent_id":"0","gjsonid":"3"}},{"geometry":{"type":"Polygon","coordinates":[[[120.1789,14.9735],[120.1690,14.9698],[120.1642,14.9761],[120.1696,14.9941],[120.1784,14.9917],[120.1742,14.9782],[120.1789,14.9735]]]},"type":"Feature","id":"2afb0cebda","properties":{"flclr":"#000000","name":"Laoag","level_id":"reg","layer_val":"0","parent_id":"0","gjsonid":"3"}},{"geometry":{"type":"Polygon","coordinates":[[[120.1247,14.9616],[120.1511,14.9738],[120.1551,14.9742],[120.1526,14.9657],[120.1461,14.9651],[120.1460,14.9586],[120.1330,14.9536],[120.1333,14.9595],[120.1247,14.9616]]]},"type":"Feature","id":"b92b3e69e4","properties":{"flclr":"#000000","name":"San Isidro (Pob.)","level_id":"reg","layer_val":"0","parent_id":"0","gjsonid":"3"}},{"geometry":{"type":"Polygon","coordinates":[[[120.2545,14.9734],[120.2383,14.9627],[120.2089,14.9670],[120.2126,14.9690],[120.2069,14.9778],[120.2147,14.9854],[120.2130,14.9965],[120.2308,14.9959],[120.2443,15.0044],[120.2458,14.9862],[120.2519,14.9825],[120.2545,14.9734]]]},"type":"Feature","id":"9080ed8219","properties":{"flclr":"#000000","name":"San Rafael","level_id":"reg","layer_val":"0","parent_id":"0","gjsonid":"3"}},{"geometry":{"type":"Polygon","coordinates":[[[120.1556,14.9758],[120.1581,14.9759],[120.1583,14.9727],[120.1553,14.9728],[120.1556,14.9758]]]},"type":"Feature","id":"8c011a6b2c","properties":{"flclr":"#000000","name":"Central (Pob.)","level_id":"reg","layer_val":"0","parent_id":"0","gjsonid":"3"}},{"geometry":{"type":"Polygon","coordinates":[[[120.1581,14.9753],[120.1606,14.9848],[120.1656,14.9868],[120.1649,14.9984],[120.1717,15.0009],[120.1648,14.9753],[120.1581,14.9753]]]},"type":"Feature","id":"36845b6c7b","properties":{"flclr":"#000000","name":"Lucero (Pob.)","level_id":"reg","layer_val":"0","parent_id":"0","gjsonid":"3"}},{"geometry":{"type":"Polygon","coordinates":[[[120.1784,14.9917],[120.1925,14.9890],[120.2030,15.0014],[120.2130,14.9965],[120.2147,14.9854],[120.2091,14.9762],[120.1969,14.9781],[120.1789,14.9735],[120.1742,14.9782],[120.1784,14.9917]]]},"type":"Feature","id":"b0a2c48a20","properties":{"flclr":"#000000","name":"Rabanes","level_id":"reg","layer_val":"0","parent_id":"0","gjsonid":"3"}},{"geometry":{"type":"Polygon","coordinates":[[[120.1735,15.0291],[120.1808,15.0194],[120.1717,15.0009],[120.1549,14.9984],[120.1502,15.0107],[120.1578,15.0128],[120.1735,15.0291]]]},"type":"Feature","id":"62db85937a","properties":{"flclr":"#000000","name":"Omaya","level_id":"reg","layer_val":"0","parent_id":"0","gjsonid":"3"}},{"geometry":{"type":"Polygon","coordinates":[[[120.0673,15.0313],[120.0824,15.0341],[120.1012,15.0289],[120.0952,15.0204],[120.0787,15.0191],[120.0673,15.0313]]]},"type":"Feature","id":"44b9c8df62","properties":{"flclr":"#000000","name":"Alusiis","level_id":"reg","layer_val":"0","parent_id":"0","gjsonid":"3"}},{"geometry":{"type":"Polygon","coordinates":[[[120.0849,14.9769],[120.0621,14.9781],[120.0628,14.9828],[120.0728,14.9806],[120.0791,14.9839],[120.0753,14.9977],[120.0818,14.9987],[120.1167,14.9815],[120.1132,14.9781],[120.0849,14.9769]]]},"type":"Feature","id":"17eca3c694","properties":{"flclr":"#000000","name":"Beddeng","level_id":"reg","layer_val":"0","parent_id":"0","gjsonid":"3"}},{"geometry":{"type":"Polygon","coordinates":[[[120.1012,15.0289],[120.0824,15.0341],[120.0714,15.0311],[120.0673,15.0589],[120.0702,15.0596],[120.0739,15.0453],[120.0936,15.0522],[120.1197,15.0453],[120.1147,15.0375],[120.1090,15.0396],[120.0987,15.0357],[120.1012,15.0289]]]},"type":"Feature","id":"cfe4f55cc5","properties":{"flclr":"#000000","name":"Manglicmot (Pob.)","level_id":"reg","layer_val":"0","parent_id":"0","gjsonid":"3"}},{"geometry":{"type":"Polygon","coordinates":[[[120.1406,14.9911],[120.1537,14.9936],[120.1649,14.9984],[120.1544,14.9799],[120.1466,14.9846],[120.1468,14.9808],[120.1277,14.9761],[120.1424,14.9844],[120.1406,14.9911]]]},"type":"Feature","id":"e0a365c53b","properties":{"flclr":"#000000","name":"Consuelo Norte","level_id":"reg","layer_val":"0","parent_id":"0","gjsonid":"3"}},{"geometry":{"type":"Polygon","coordinates":[[[120.0942,15.0201],[120.0995,15.0231],[120.1127,15.0180],[120.1157,14.9981],[120.1007,14.9996],[120.0891,15.0129],[120.0936,15.0137],[120.0942,15.0201]]]},"type":"Feature","id":"2ddf06b1f4","properties":{"flclr":"#000000","name":"Grullo","level_id":"reg","layer_val":"0","parent_id":"0","gjsonid":"3"}},{"geometry":{"type":"Polygon","coordinates":[[[120.0645,15.0061],[120.0625,15.0211],[120.0564,15.0295],[120.0613,15.0334],[120.0753,15.0205],[120.0645,15.0061]]]},"type":"Feature","id":"6af21184c6","properties":{"flclr":"#000000","name":"La Paz","level_id":"reg","layer_val":"0","parent_id":"0","gjsonid":"3"}},{"geometry":{"type":"Polygon","coordinates":[[[120.0821,15.0149],[120.0845,15.0158],[120.0891,15.0134],[120.0822,15.0128],[120.0821,15.0149]]]},"type":"Feature","id":"7f429ed9b1","properties":{"flclr":"#000000","name":"Candelaria (Pob.)","level_id":"reg","layer_val":"0","parent_id":"0","gjsonid":"3"}},{"geometry":{"type":"Polygon","coordinates":[[[120.0820,15.0156],[120.0786,15.0146],[120.0784,15.0168],[120.0818,15.0174],[120.0820,15.0156]]]},"type":"Feature","id":"8d2edacea1","properties":{"flclr":"#000000","name":"Libertad (Pob.)","level_id":"reg","layer_val":"0","parent_id":"0","gjsonid":"3"}},{"geometry":{"type":"Polygon","coordinates":[[[120.1591,14.9978],[120.1406,14.9911],[120.1369,14.9984],[120.1156,15.0067],[120.1127,15.0180],[120.1188,15.0232],[120.1350,15.0222],[120.1485,15.0134],[120.1539,14.9992],[120.1591,14.9978]]]},"type":"Feature","id":"add37a956d","properties":{"flclr":"#000000","name":"Namatacan","level_id":"reg","layer_val":"0","parent_id":"0","gjsonid":"3"}},{"geometry":{"type":"Polygon","coordinates":[[[120.0818,14.9987],[120.0739,14.9956],[120.0793,14.9889],[120.0769,14.9812],[120.0628,14.9828],[120.0639,15.0043],[120.0723,15.0150],[120.0786,15.0146],[120.0818,14.9987]]]},"type":"Feature","id":"0e2a0061fd","properties":{"flclr":"#000000","name":"Natividad (Pob.)","level_id":"reg","layer_val":"0","parent_id":"0","gjsonid":"3"}},{"geometry":{"type":"Polygon","coordinates":[[[120.1381,14.9937],[120.1308,14.9903],[120.1205,14.9925],[120.1156,15.0067],[120.1369,14.9984],[120.1381,14.9937]]]},"type":"Feature","id":"2a3e48a07e","properties":{"flclr":"#000000","name":"Dallipawen","level_id":"reg","layer_val":"0","parent_id":"0","gjsonid":"3"}},{"geometry":{"type":"Polygon","coordinates":[[[120.1147,15.0375],[120.1395,15.0431],[120.1810,15.0420],[120.1710,15.0251],[120.1502,15.0107],[120.1334,15.0228],[120.1188,15.0232],[120.1123,15.0177],[120.0995,15.0231],[120.0987,15.0357],[120.1090,15.0396],[120.1147,15.0375]]]},"type":"Feature","id":"cd8efc48c9","properties":{"flclr":"#000000","name":"Paite","level_id":"reg","layer_val":"0","parent_id":"0","gjsonid":"3"}},{"geometry":{"type":"Polygon","coordinates":[[[120.0822,15.0128],[120.1006,14.9973],[120.1008,14.9928],[120.0896,14.9926],[120.0820,14.9976],[120.0778,15.0091],[120.0822,15.0128]]]},"type":"Feature","id":"6ed6d0e028","properties":{"flclr":"#000000","name":"Patrocinio (Pob.)","level_id":"reg","layer_val":"0","parent_id":"0","gjsonid":"3"}},{"geometry":{"type":"Polygon","coordinates":[[[120.0821,15.0149],[120.0822,15.0128],[120.0788,15.0126],[120.0786,15.0146],[120.0821,15.0149]]]},"type":"Feature","id":"c62261f3db","properties":{"flclr":"#000000","name":"San Jose (Pob.)","level_id":"reg","layer_val":"0","parent_id":"0","gjsonid":"3"}},{"geometry":{"type":"Polygon","coordinates":[[[120.1006,14.9973],[120.0835,15.0098],[120.0827,15.0129],[120.0935,15.0113],[120.1006,14.9973]]]},"type":"Feature","id":"e50faf8dde","properties":{"flclr":"#000000","name":"San Juan (Pob.)","level_id":"reg","layer_val":"0","parent_id":"0","gjsonid":"3"}},{"geometry":{"type":"Polygon","coordinates":[[[120.0942,15.0201],[120.0936,15.0137],[120.0787,15.0191],[120.0833,15.0217],[120.0942,15.0201]]]},"type":"Feature","id":"df5b7ded1d","properties":{"flclr":"#000000","name":"San Pascual (Pob.)","level_id":"reg","layer_val":"0","parent_id":"0","gjsonid":"3"}},{"geometry":{"type":"Polygon","coordinates":[[[120.0753,15.0205],[120.0787,15.0193],[120.0786,15.0146],[120.0723,15.0150],[120.0753,15.0205]]]},"type":"Feature","id":"8b85831939","properties":{"flclr":"#000000","name":"San Rafael (Pob.)","level_id":"reg","layer_val":"0","parent_id":"0","gjsonid":"3"}},{"geometry":{"type":"Polygon","coordinates":[[[120.1006,14.9973],[120.1157,14.9981],[120.1205,14.9925],[120.1308,14.9903],[120.1381,14.9937],[120.1424,14.9844],[120.1270,14.9751],[120.0924,14.9926],[120.1008,14.9928],[120.1006,14.9973]]]},"type":"Feature","id":"be3e0029b3","properties":{"flclr":"#000000","name":"Siminublan","level_id":"reg","layer_val":"0","parent_id":"0","gjsonid":"3"}},{"geometry":{"type":"Polygon","coordinates":[[[120.2182,14.9070],[120.2133,14.9146],[120.2365,14.9256],[120.2396,14.9337],[120.2532,14.9336],[120.2322,14.9050],[120.2182,14.9070]]]},"type":"Feature","id":"d3780842f9","properties":{"flclr":"#000000","name":"Aningway Sacatihan","level_id":"reg","layer_val":"0","parent_id":"0","gjsonid":"3"}},{"geometry":{"type":"Polygon","coordinates":[[[120.2311,14.8810],[120.2329,14.8846],[120.2346,14.8843],[120.2340,14.8798],[120.2311,14.8810]]]},"type":"Feature","id":"47c9086196","properties":{"flclr":"#000000","name":"Asinan Poblacion","level_id":"reg","layer_val":"0","parent_id":"0","gjsonid":"3"}},{"geometry":{"type":"Polygon","coordinates":[[[120.2329,14.8846],[120.2307,14.8811],[120.2241,14.8850],[120.2249,14.8908],[120.2167,14.8907],[120.2182,14.9070],[120.2344,14.8987],[120.2329,14.8846]]]},"type":"Feature","id":"f8d1983280","properties":{"flclr":"#000000","name":"Asinan Proper","level_id":"reg","layer_val":"0","parent_id":"0","gjsonid":"3"}},{"geometry":{"type":"Polygon","coordinates":[[[120.2331,14.8801],[120.2382,14.8805],[120.2390,14.8776],[120.2321,14.8751],[120.2331,14.8801]]]},"type":"Feature","id":"521dae1bd0","properties":{"flclr":"#000000","name":"Baraca-Camachile (Pob.)","level_id":"reg","layer_val":"0","parent_id":"0","gjsonid":"3"}},{"geometry":{"type":"Polygon","coordinates":[[[120.2387,14.8611],[120.2342,14.8637],[120.2333,14.8765],[120.2457,14.8808],[120.2387,14.8611]]]},"type":"Feature","id":"41ab562a11","properties":{"flclr":"#000000","name":"Calapandayan (Pob.)","level_id":"reg","layer_val":"0","parent_id":"0","gjsonid":"3"}},{"geometry":{"type":"Polygon","coordinates":[[[120.2382,14.8805],[120.2340,14.8798],[120.2346,14.8843],[120.2373,14.8835],[120.2382,14.8805]]]},"type":"Feature","id":"2f68527123","properties":{"flclr":"#000000","name":"Ilwas (Pob.)","level_id":"reg","layer_val":"0","parent_id":"0","gjsonid":"3"}},{"geometry":{"type":"Polygon","coordinates":[[[120.2385,14.8786],[120.2326,14.8847],[120.2344,14.8987],[120.2182,14.9070],[120.2322,14.9050],[120.2532,14.9336],[120.2590,14.9052],[120.2504,14.8877],[120.2385,14.8786]]]},"type":"Feature","id":"16eecf4168","properties":{"flclr":"#000000","name":"Mangan-Vaca","level_id":"reg","layer_val":"0","parent_id":"0","gjsonid":"3"}},{"geometry":{"type":"Polygon","coordinates":[[[120.2202,14.9335],[120.2396,14.9337],[120.2365,14.9256],[120.2130,14.9143],[120.2076,14.9194],[120.2144,14.9185],[120.2202,14.9335]]]},"type":"Feature","id":"b4b6bbf22a","properties":{"flclr":"#000000","name":"Pamatawan","level_id":"reg","layer_val":"0","parent_id":"0","gjsonid":"3"}},{"geometry":{"type":"Polygon","coordinates":[[[120.2298,14.8815],[120.2331,14.8801],[120.2321,14.8751],[120.2278,14.8753],[120.2298,14.8815]]]},"type":"Feature","id":"35c8158b20","properties":{"flclr":"#000000","name":"Wawandue (Pob.)","level_id":"reg","layer_val":"0","parent_id":"0","gjsonid":"3"}},{"geometry":{"type":"Polygon","coordinates":[[[120.0978,15.2738],[120.0942,15.2953],[120.1541,15.3167],[120.1578,15.3293],[120.1721,15.2619],[120.1237,15.2640],[120.0978,15.2738]]]},"type":"Feature","id":"f0a947433d","properties":{"flclr":"#000000","name":"Malomboy","level_id":"reg","layer_val":"0","parent_id":"0","gjsonid":"3"}},{"geometry":{"type":"Polygon","coordinates":[[[120.0135,15.2281],[120.0117,15.2420],[120.0440,15.2471],[120.0464,15.2350],[120.0214,15.2256],[120.0135,15.2281]]]},"type":"Feature","id":"5a37b494e5","properties":{"flclr":"#000000","name":"Binuclutan","level_id":"reg","layer_val":"0","parent_id":"0","gjsonid":"3"}},{"geometry":{"type":"Polygon","coordinates":[[[120.1414,15.2062],[120.0864,15.2360],[120.0852,15.2742],[120.0978,15.2738],[120.1237,15.2640],[120.1448,15.2645],[120.1515,15.2412],[120.1639,15.2334],[120.1414,15.2062]]]},"type":"Feature","id":"deb10af159","properties":{"flclr":"#000000","name":"Owaog-Nibloc","level_id":"reg","layer_val":"0","parent_id":"0","gjsonid":"3"}},{"geometry":{"type":"Polygon","coordinates":[[[120.2138,15.1003],[120.3360,15.1013],[120.3107,15.0862],[120.2956,15.0691],[120.2903,15.0553],[120.2918,15.0447],[120.2450,14.9948],[120.2443,15.0044],[120.2308,14.9959],[120.2130,14.9965],[120.2030,15.0014],[120.1925,14.9890],[120.1696,14.9941],[120.1808,15.0194],[120.1735,15.0291],[120.2138,15.1003]]]},"type":"Feature","id":"4a2df87571","properties":{"flclr":"#000000","name":"Santa Fe","level_id":"reg","layer_val":"0","parent_id":"0","gjsonid":"3"}},{"geometry":{"type":"Polygon","coordinates":[[[120.0864,15.2360],[120.1827,15.1888],[120.1954,15.1704],[120.1782,15.1716],[120.1535,15.1616],[120.1276,15.1700],[120.1195,15.1685],[120.1120,15.1744],[120.0928,15.1636],[120.0713,15.1676],[120.0706,15.1756],[120.0776,15.1781],[120.0672,15.1806],[120.0691,15.1893],[120.0541,15.1850],[120.0460,15.2087],[120.0516,15.2194],[120.0864,15.2360]]]},"type":"Feature","id":"de8574c653","properties":{"flclr":"#000000","name":"Cadmang-Reserva","level_id":"reg","layer_val":"0","parent_id":"0","gjsonid":"3"}},{"geometry":{"type":"Polygon","coordinates":[[[120.2240,14.7756],[120.2299,14.7742],[120.2303,14.7697],[120.2243,14.7681],[120.2240,14.7756]]]},"type":"Feature","id":"0b946644d0","properties":{"flclr":"#000000","name":"Old Cabalan","level_id":"reg","layer_val":"0","parent_id":"0","gjsonid":"3"}},{"geometry":{"type":"Polygon","coordinates":[[[120.0062,14.9145],[120.0085,14.9178],[120.0242,14.9129],[120.0199,14.9103],[120.0131,14.9163],[120.0062,14.9145]]]},"type":"Feature","id":"7646fcbf59","properties":{"flclr":"#000000","name":"Pundaquit","level_id":"reg","layer_val":"0","parent_id":"0","gjsonid":"3"}},{"geometry":{"type":"Polygon","coordinates":[[[120.1140,14.7622],[120.1165,14.7633],[120.1186,14.7617],[120.1149,14.7613],[120.1140,14.7622]]]},"type":"Feature","id":"a99325bb3a","properties":{"flclr":"#000000","name":"Pundaquit","level_id":"reg","layer_val":"0","parent_id":"0","gjsonid":"3"}},{"geometry":{"type":"Polygon","coordinates":[[[120.0400,14.9221],[120.0418,14.9227],[120.0427,14.9251],[120.0428,14.9226],[120.0400,14.9221]]]},"type":"Feature","id":"e501e28478","properties":{"flclr":"#000000","name":"Pundaquit","level_id":"reg","layer_val":"0","parent_id":"0","gjsonid":"3"}},{"geometry":{"type":"Polygon","coordinates":[[[120.3360,15.1013],[120.2138,15.1003],[120.1968,15.1004],[120.2038,15.1292],[120.3585,15.1418],[120.3561,15.1350],[120.3650,15.1081],[120.3732,15.1015],[120.3360,15.1013]]]},"type":"Feature","id":"f4eca03295","properties":{"flclr":"#000000","name":"Belbel","level_id":"reg","layer_val":"0","parent_id":"0","gjsonid":"3"}},{"geometry":{"type":"Polygon","coordinates":[[[120.0996,14.7627],[120.1023,14.7691],[120.1143,14.7640],[120.1052,14.7570],[120.0996,14.7627]]]},"type":"Feature","id":"cef03790a7","properties":{"flclr":"#000000","name":"Pundaquit","level_id":"reg","layer_val":"0","parent_id":"0","gjsonid":"3"}}]}