{"type":"FeatureCollection","features":[{"geometry":{"type":"Polygon","coordinates":[[[120.1949,13.8243],[120.2029,13.8108],[120.2103,13.8118],[120.2116,13.8229],[120.2228,13.8213],[120.2245,13.8152],[120.1883,13.7576],[120.1907,13.7553],[120.1849,13.7407],[120.1745,13.7362],[120.1566,13.7454],[120.1542,13.7560],[120.1822,13.8112],[120.1949,13.8243]]]},"type":"Feature","id":"24d27340f7","properties":{"flclr":"#000000","name":"Tilik","level_id":"reg","layer_val":"0","parent_id":"0","gjsonid":"5"}},{"geometry":{"type":"Polygon","coordinates":[[[120.1561,13.8157],[120.1597,13.8105],[120.1484,13.7778],[120.1318,13.7773],[120.1291,13.7970],[120.1561,13.8157]]]},"type":"Feature","id":"8b67d21897","properties":{"flclr":"#000000","name":"Surville (Pob.)","level_id":"reg","layer_val":"0","parent_id":"0","gjsonid":"5"}},{"geometry":{"type":"Polygon","coordinates":[[[120.0983,13.8640],[120.1126,13.8602],[120.1072,13.8459],[120.1178,13.8420],[120.1186,13.8340],[120.1091,13.8098],[120.1210,13.8025],[120.1201,13.7939],[120.1083,13.7931],[120.1028,13.7835],[120.0966,13.7899],[120.0907,13.8106],[120.0925,13.8375],[120.0966,13.8364],[120.0901,13.8393],[120.0983,13.8640]]]},"type":"Feature","id":"b13340fd39","properties":{"flclr":"#000000","name":"Tangal","level_id":"reg","layer_val":"0","parent_id":"0","gjsonid":"5"}},{"geometry":{"type":"Polygon","coordinates":[[[120.1484,13.7778],[120.1597,13.8105],[120.1561,13.8157],[120.1694,13.8265],[120.1949,13.8243],[120.1822,13.8112],[120.1542,13.7560],[120.1393,13.7652],[120.1484,13.7778]]]},"type":"Feature","id":"240f363c38","properties":{"flclr":"#000000","name":"Vigo","level_id":"reg","layer_val":"0","parent_id":"0","gjsonid":"5"}},{"geometry":{"type":"Polygon","coordinates":[[[120.1419,13.8530],[120.1517,13.8476],[120.1694,13.8265],[120.1504,13.8089],[120.1367,13.8042],[120.1349,13.8401],[120.1419,13.8530]]]},"type":"Feature","id":"0c4b492fc3","properties":{"flclr":"#000000","name":"Maliig","level_id":"reg","layer_val":"0","parent_id":"0","gjsonid":"5"}},{"geometry":{"type":"Polygon","coordinates":[[[120.1275,13.8588],[120.1423,13.8519],[120.1349,13.8401],[120.1367,13.8042],[120.1194,13.8040],[120.1238,13.8226],[120.1202,13.8353],[120.1275,13.8588]]]},"type":"Feature","id":"1476baa849","properties":{"flclr":"#000000","name":"Maligaya","level_id":"reg","layer_val":"0","parent_id":"0","gjsonid":"5"}},{"geometry":{"type":"Polygon","coordinates":[[[120.1194,13.8040],[120.1367,13.8042],[120.1291,13.7970],[120.1318,13.7773],[120.1484,13.7778],[120.1434,13.7686],[120.1307,13.7613],[120.1212,13.7695],[120.1219,13.7739],[120.1024,13.7850],[120.1083,13.7931],[120.1201,13.7939],[120.1194,13.8040]]]},"type":"Feature","id":"96a061f147","properties":{"flclr":"#000000","name":"Binakas","level_id":"reg","layer_val":"0","parent_id":"0","gjsonid":"5"}},{"geometry":{"type":"Polygon","coordinates":[[[120.1118,13.8621],[120.1191,13.8608],[120.1123,13.8443],[120.1072,13.8459],[120.1118,13.8621]]]},"type":"Feature","id":"7777e37e6f","properties":{"flclr":"#000000","name":"Maginhawa (Pob.)","level_id":"reg","layer_val":"0","parent_id":"0","gjsonid":"5"}},{"geometry":{"type":"Polygon","coordinates":[[[120.1191,13.8608],[120.1205,13.8606],[120.1182,13.8563],[120.1184,13.8579],[120.1191,13.8608]]]},"type":"Feature","id":"6c626a38d5","properties":{"flclr":"#000000","name":"Bagong Sikat (Pob.)","level_id":"reg","layer_val":"0","parent_id":"0","gjsonid":"5"}},{"geometry":{"type":"Polygon","coordinates":[[[120.1182,13.8563],[120.1205,13.8606],[120.1215,13.8606],[120.1194,13.8538],[120.1182,13.8563]]]},"type":"Feature","id":"806d2cc6e0","properties":{"flclr":"#000000","name":"Banaag At Pag-Asa (Pob.)","level_id":"reg","layer_val":"0","parent_id":"0","gjsonid":"5"}},{"geometry":{"type":"Polygon","coordinates":[[[120.1186,13.8547],[120.1229,13.8604],[120.1178,13.8420],[120.1123,13.8443],[120.1186,13.8547]]]},"type":"Feature","id":"4f67593e15","properties":{"flclr":"#000000","name":"Paraiso (Pob.)","level_id":"reg","layer_val":"0","parent_id":"0","gjsonid":"5"}},{"geometry":{"type":"Polygon","coordinates":[[[120.1178,13.8420],[120.1229,13.8604],[120.1203,13.8309],[120.1238,13.8226],[120.1194,13.8040],[120.1091,13.8098],[120.1107,13.8200],[120.1161,13.8238],[120.1178,13.8420]]]},"type":"Feature","id":"e6d9cd5e71","properties":{"flclr":"#000000","name":"Araw At Bituin (Pob.)","level_id":"reg","layer_val":"0","parent_id":"0","gjsonid":"5"}},{"geometry":{"type":"Polygon","coordinates":[[[120.1258,13.8594],[120.1276,13.8521],[120.1202,13.8353],[120.1201,13.8386],[120.1258,13.8594]]]},"type":"Feature","id":"3278287df3","properties":{"flclr":"#000000","name":"Likas Ng Silangan (Pob.)","level_id":"reg","layer_val":"0","parent_id":"0","gjsonid":"5"}},{"geometry":{"type":"Polygon","coordinates":[[[120.2248,13.8169],[120.2376,13.8058],[120.2363,13.7925],[120.2535,13.7929],[120.2548,13.7896],[120.1907,13.7553],[120.1883,13.7576],[120.2248,13.8169]]]},"type":"Feature","id":"c3e38d7c9b","properties":{"flclr":"#000000","name":"Balikyas","level_id":"reg","layer_val":"0","parent_id":"0","gjsonid":"5"}},{"geometry":{"type":"Polygon","coordinates":[[[120.1907,13.7553],[120.2548,13.7896],[120.2637,13.7773],[120.2630,13.7657],[120.2544,13.7692],[120.2509,13.7606],[120.2303,13.7605],[120.2247,13.7506],[120.1926,13.7371],[120.1849,13.7407],[120.1907,13.7553]]]},"type":"Feature","id":"416823bd45","properties":{"flclr":"#000000","name":"Burol","level_id":"reg","layer_val":"0","parent_id":"0","gjsonid":"5"}},{"geometry":{"type":"Polygon","coordinates":[[[120.2525,13.7226],[120.2541,13.7198],[120.2471,13.7168],[120.2461,13.7049],[120.2339,13.7117],[120.2221,13.7096],[120.2146,13.7133],[120.2296,13.7213],[120.2525,13.7226]]]},"type":"Feature","id":"cb23294540","properties":{"flclr":"#000000","name":"Guitna (Pob.)","level_id":"reg","layer_val":"0","parent_id":"0","gjsonid":"5"}},{"geometry":{"type":"Polygon","coordinates":[[[120.2633,13.7665],[120.2687,13.7510],[120.2734,13.7500],[120.2788,13.7554],[120.2766,13.7453],[120.2510,13.7482],[120.2150,13.7279],[120.1926,13.7371],[120.2247,13.7506],[120.2303,13.7605],[120.2509,13.7606],[120.2544,13.7692],[120.2633,13.7665]]]},"type":"Feature","id":"8962a5486e","properties":{"flclr":"#000000","name":"Agkawayan","level_id":"reg","layer_val":"0","parent_id":"0","gjsonid":"5"}},{"geometry":{"type":"Polygon","coordinates":[[[120.1236,13.8485],[120.1227,13.8513],[120.1247,13.8598],[120.1258,13.8594],[120.1236,13.8485]]]},"type":"Feature","id":"cd4bcbcd85","properties":{"flclr":"#000000","name":"Ninikat Ng Pag-Asa (Pob.)","level_id":"reg","layer_val":"0","parent_id":"0","gjsonid":"5"}},{"geometry":{"type":"Polygon","coordinates":[[[120.0475,13.8667],[120.0191,13.8846],[120.0241,13.8964],[120.0399,13.8992],[120.0480,13.8943],[120.0587,13.8760],[120.0475,13.8667]]]},"type":"Feature","id":"91983a59d2","properties":{"flclr":"#000000","name":"Cabra","level_id":"reg","layer_val":"0","parent_id":"0","gjsonid":"5"}},{"geometry":{"type":"Polygon","coordinates":[[[120.0925,13.8375],[120.0835,13.8396],[120.0766,13.8473],[120.0903,13.8647],[120.0983,13.8640],[120.0901,13.8393],[120.0965,13.8360],[120.0925,13.8375]]]},"type":"Feature","id":"17605aa39d","properties":{"flclr":"#000000","name":"Tagbac","level_id":"reg","layer_val":"0","parent_id":"0","gjsonid":"5"}},{"geometry":{"type":"Polygon","coordinates":[[[120.2766,13.7453],[120.2860,13.7359],[120.2619,13.7349],[120.2489,13.7207],[120.2296,13.7213],[120.2146,13.7151],[120.2096,13.7256],[120.2090,13.7286],[120.2150,13.7279],[120.2510,13.7482],[120.2766,13.7453]]]},"type":"Feature","id":"7021d2ae7a","properties":{"flclr":"#000000","name":"Kanluran (Pob.)","level_id":"reg","layer_val":"0","parent_id":"0","gjsonid":"5"}}]}