{"type":"FeatureCollection","features":[{"geometry":{"type":"Polygon","coordinates":[[[119.9526,11.9953],[119.9527,11.9954],[119.9528,11.9955],[119.9527,11.9954],[119.9526,11.9953]]]},"type":"Feature","id":"ee88170d2c","properties":{"flclr":"#000000","name":"Santo Ni\u00f1o","level_id":"reg","layer_val":"0","parent_id":"0","gjsonid":"5"}},{"geometry":{"type":"Polygon","coordinates":[[[119.9400,11.9948],[119.9399,11.9949],[119.9399,11.9952],[119.9397,11.9954],[119.9399,11.9952],[119.9400,11.9948]]]},"type":"Feature","id":"4454c3558e","properties":{"flclr":"#000000","name":"Santo Ni\u00f1o","level_id":"reg","layer_val":"0","parent_id":"0","gjsonid":"5"}},{"geometry":{"type":"Polygon","coordinates":[[[119.9383,11.9947],[119.9383,11.9949],[119.9385,11.9950],[119.9383,11.9949],[119.9383,11.9947]]]},"type":"Feature","id":"b17459a743","properties":{"flclr":"#000000","name":"Santo Ni\u00f1o","level_id":"reg","layer_val":"0","parent_id":"0","gjsonid":"5"}},{"geometry":{"type":"Polygon","coordinates":[[[119.9446,11.9942],[119.9445,11.9947],[119.9446,11.9950],[119.9446,11.9947],[119.9446,11.9942]]]},"type":"Feature","id":"835bd5b515","properties":{"flclr":"#000000","name":"Santo Ni\u00f1o","level_id":"reg","layer_val":"0","parent_id":"0","gjsonid":"5"}},{"geometry":{"type":"Polygon","coordinates":[[[119.9557,11.9942],[119.9556,11.9942],[119.9555,11.9944],[119.9556,11.9942],[119.9557,11.9942]]]},"type":"Feature","id":"bc83f194c5","properties":{"flclr":"#000000","name":"Santo Ni\u00f1o","level_id":"reg","layer_val":"0","parent_id":"0","gjsonid":"5"}},{"geometry":{"type":"Polygon","coordinates":[[[119.9355,11.9935],[119.9359,11.9939],[119.9362,11.9941],[119.9363,11.9941],[119.9355,11.9935]]]},"type":"Feature","id":"e3eb118b57","properties":{"flclr":"#000000","name":"Santo Ni\u00f1o","level_id":"reg","layer_val":"0","parent_id":"0","gjsonid":"5"}},{"geometry":{"type":"Polygon","coordinates":[[[119.9444,11.9939],[119.9444,11.9939],[119.9445,11.9940],[119.9444,11.9939],[119.9444,11.9939]]]},"type":"Feature","id":"78fbce0819","properties":{"flclr":"#000000","name":"Santo Ni\u00f1o","level_id":"reg","layer_val":"0","parent_id":"0","gjsonid":"5"}},{"geometry":{"type":"Polygon","coordinates":[[[119.9571,11.9936],[119.9567,11.9936],[119.9566,11.9936],[119.9565,11.9937],[119.9571,11.9936]]]},"type":"Feature","id":"035d91e88b","properties":{"flclr":"#000000","name":"Santo Ni\u00f1o","level_id":"reg","layer_val":"0","parent_id":"0","gjsonid":"5"}},{"geometry":{"type":"Polygon","coordinates":[[[119.9576,11.9934],[119.9575,11.9936],[119.9573,11.9936],[119.9575,11.9936],[119.9576,11.9934]]]},"type":"Feature","id":"a60d8d8fd8","properties":{"flclr":"#000000","name":"Santo Ni\u00f1o","level_id":"reg","layer_val":"0","parent_id":"0","gjsonid":"5"}},{"geometry":{"type":"Polygon","coordinates":[[[119.9351,11.9931],[119.9352,11.9932],[119.9353,11.9933],[119.9352,11.9932],[119.9351,11.9931]]]},"type":"Feature","id":"b725956d73","properties":{"flclr":"#000000","name":"Santo Ni\u00f1o","level_id":"reg","layer_val":"0","parent_id":"0","gjsonid":"5"}},{"geometry":{"type":"Polygon","coordinates":[[[120.0212,11.8934],[120.0248,11.8921],[120.0137,11.8871],[120.0136,11.8893],[120.0212,11.8934]]]},"type":"Feature","id":"d3b28c6903","properties":{"flclr":"#000000","name":"Libis","level_id":"reg","layer_val":"0","parent_id":"0","gjsonid":"5"}},{"geometry":{"type":"Polygon","coordinates":[[[120.0161,11.8965],[120.0210,11.8926],[120.0136,11.8893],[120.0138,11.8927],[120.0161,11.8965]]]},"type":"Feature","id":"239704b3a8","properties":{"flclr":"#000000","name":"Balala","level_id":"reg","layer_val":"0","parent_id":"0","gjsonid":"5"}},{"geometry":{"type":"Polygon","coordinates":[[[119.8998,11.8598],[119.8940,11.8621],[119.8909,11.8711],[119.8978,11.8714],[119.8923,11.8754],[119.8901,11.8990],[119.8922,11.9155],[119.9080,11.9234],[119.9091,11.9444],[119.8932,11.9702],[119.9029,11.9800],[119.9222,11.9571],[119.9415,11.9501],[119.9531,11.9531],[119.9577,11.9466],[119.9671,11.9447],[119.9639,11.9410],[119.9442,11.9425],[119.9481,11.9353],[119.9443,11.9305],[119.9560,11.9136],[119.9457,11.9120],[119.9395,11.9164],[119.9528,11.9065],[119.9516,11.8971],[119.9497,11.8977],[119.9449,11.8953],[119.9540,11.8972],[119.9591,11.8890],[119.9570,11.8828],[119.9634,11.8845],[119.9622,11.8754],[119.9475,11.8747],[119.8998,11.8598]]]},"type":"Feature","id":"dddfd6aaa2","properties":{"flclr":"#000000","name":"Luac","level_id":"reg","layer_val":"0","parent_id":"0","gjsonid":"5"}},{"geometry":{"type":"Polygon","coordinates":[[[119.9435,11.9933],[119.9433,11.9932],[119.9433,11.9932],[119.9435,11.9933]]]},"type":"Feature","id":"827cca2a5d","properties":{"flclr":"#000000","name":"Santo Ni\u00f1o","level_id":"reg","layer_val":"0","parent_id":"0","gjsonid":"5"}},{"geometry":{"type":"Polygon","coordinates":[[[119.9740,11.9832],[119.9802,11.9840],[119.9875,11.9779],[119.9824,11.9768],[119.9807,11.9811],[119.9782,11.9776],[119.9740,11.9832]]]},"type":"Feature","id":"84ed6446e1","properties":{"flclr":"#000000","name":"Luac","level_id":"reg","layer_val":"0","parent_id":"0","gjsonid":"5"}},{"geometry":{"type":"Polygon","coordinates":[[[119.9612,11.9830],[119.9632,11.9828],[119.9647,11.9814],[119.9618,11.9817],[119.9612,11.9830]]]},"type":"Feature","id":"e7cb8d8777","properties":{"flclr":"#000000","name":"Luac","level_id":"reg","layer_val":"0","parent_id":"0","gjsonid":"5"}},{"geometry":{"type":"Polygon","coordinates":[[[119.9630,11.9905],[119.9630,11.9907],[119.9625,11.9913],[119.9621,11.9921],[119.9630,11.9907],[119.9630,11.9905]]]},"type":"Feature","id":"5c428bebf4","properties":{"flclr":"#000000","name":"Santo Ni\u00f1o","level_id":"reg","layer_val":"0","parent_id":"0","gjsonid":"5"}},{"geometry":{"type":"Polygon","coordinates":[[[119.9353,11.9933],[119.9539,11.9956],[119.9630,11.9901],[119.9468,11.9837],[119.9371,11.9860],[119.9353,11.9933]]]},"type":"Feature","id":"f6dc90f11e","properties":{"flclr":"#000000","name":"Luac","level_id":"reg","layer_val":"0","parent_id":"0","gjsonid":"5"}},{"geometry":{"type":"Polygon","coordinates":[[[119.9644,11.9919],[119.9675,11.9914],[119.9678,11.9909],[119.9656,11.9902],[119.9644,11.9919]]]},"type":"Feature","id":"05ef76405d","properties":{"flclr":"#000000","name":"Luac","level_id":"reg","layer_val":"0","parent_id":"0","gjsonid":"5"}},{"geometry":{"type":"Polygon","coordinates":[[[120.0161,11.8965],[120.0164,11.8952],[120.0138,11.8927],[120.0136,11.8968],[120.0161,11.8965]]]},"type":"Feature","id":"55b658a5ff","properties":{"flclr":"#000000","name":"Culango","level_id":"reg","layer_val":"0","parent_id":"0","gjsonid":"5"}},{"geometry":{"type":"Polygon","coordinates":[[[120.0238,11.8916],[120.0207,11.8822],[120.0282,11.8878],[120.0266,11.8817],[120.0429,11.8762],[120.0421,11.8626],[120.0501,11.8652],[120.0492,11.8754],[120.0566,11.8724],[120.0551,11.8663],[120.0632,11.8700],[120.0639,11.8638],[120.0751,11.8622],[120.0624,11.8561],[120.0623,11.8513],[120.0493,11.8543],[120.0531,11.8454],[120.0362,11.8575],[120.0259,11.8525],[120.0209,11.8404],[120.0339,11.8484],[120.0433,11.8384],[120.0515,11.8390],[120.0386,11.8349],[120.0356,11.8324],[120.0381,11.8280],[120.0303,11.8256],[120.0372,11.8207],[120.0352,11.8158],[120.0106,11.8052],[120.0055,11.8086],[120.0030,11.8185],[120.0079,11.8342],[120.0001,11.8438],[120.0009,11.8705],[120.0045,11.8818],[120.0150,11.8831],[120.0238,11.8916]]]},"type":"Feature","id":"275a0a14e5","properties":{"flclr":"#000000","name":"Osme\u00f1a","level_id":"reg","layer_val":"0","parent_id":"0","gjsonid":"5"}},{"geometry":{"type":"Polygon","coordinates":[[[119.9644,11.9920],[119.9645,11.9921],[119.9647,11.9921],[119.9645,11.9921],[119.9644,11.9920]]]},"type":"Feature","id":"9d8ed83508","properties":{"flclr":"#000000","name":"Santo Ni\u00f1o","level_id":"reg","layer_val":"0","parent_id":"0","gjsonid":"5"}},{"geometry":{"type":"Polygon","coordinates":[[[120.0045,11.8818],[120.0005,11.8665],[119.9771,11.8748],[119.9622,11.8754],[119.9634,11.8845],[119.9570,11.8828],[119.9591,11.8890],[119.9512,11.9003],[119.9540,11.9050],[119.9598,11.9014],[119.9578,11.8979],[119.9627,11.9042],[119.9674,11.9016],[119.9777,11.9045],[119.9849,11.9096],[119.9799,11.9201],[119.9870,11.9276],[119.9903,11.9258],[119.9998,11.9342],[120.0043,11.9236],[120.0084,11.9262],[120.0057,11.9318],[120.0124,11.9339],[120.0305,11.9162],[119.9881,11.9021],[119.9880,11.8966],[119.9936,11.8924],[120.0043,11.8980],[120.0045,11.8818]]]},"type":"Feature","id":"3437c55efb","properties":{"flclr":"#000000","name":"Baldat","level_id":"reg","layer_val":"0","parent_id":"0","gjsonid":"5"}},{"geometry":{"type":"Polygon","coordinates":[[[119.9653,11.9919],[119.9651,11.9920],[119.9647,11.9921],[119.9651,11.9920],[119.9653,11.9919]]]},"type":"Feature","id":"d7ca247734","properties":{"flclr":"#000000","name":"Santo Ni\u00f1o","level_id":"reg","layer_val":"0","parent_id":"0","gjsonid":"5"}},{"geometry":{"type":"Polygon","coordinates":[[[119.9643,11.9915],[119.9643,11.9917],[119.9644,11.9919],[119.9643,11.9917],[119.9643,11.9915]]]},"type":"Feature","id":"814a977c3e","properties":{"flclr":"#000000","name":"Santo Ni\u00f1o","level_id":"reg","layer_val":"0","parent_id":"0","gjsonid":"5"}},{"geometry":{"type":"Polygon","coordinates":[[[119.9669,11.9914],[119.9665,11.9915],[119.9663,11.9915],[119.9665,11.9915],[119.9669,11.9914]]]},"type":"Feature","id":"4a2d29e16c","properties":{"flclr":"#000000","name":"Santo Ni\u00f1o","level_id":"reg","layer_val":"0","parent_id":"0","gjsonid":"5"}},{"geometry":{"type":"Polygon","coordinates":[[[119.9669,11.9914],[119.9675,11.9914],[119.9678,11.9912],[119.9675,11.9914],[119.9669,11.9914]]]},"type":"Feature","id":"041a8f1017","properties":{"flclr":"#000000","name":"Santo Ni\u00f1o","level_id":"reg","layer_val":"0","parent_id":"0","gjsonid":"5"}},{"geometry":{"type":"Polygon","coordinates":[[[120.0137,11.8871],[120.0223,11.8919],[120.0238,11.8916],[120.0146,11.8830],[120.0137,11.8871]]]},"type":"Feature","id":"bf401549ca","properties":{"flclr":"#000000","name":"Tiza","level_id":"reg","layer_val":"0","parent_id":"0","gjsonid":"5"}},{"geometry":{"type":"Polygon","coordinates":[[[120.0136,11.8968],[120.0136,11.8830],[120.0045,11.8818],[120.0043,11.8980],[120.0136,11.8968]]]},"type":"Feature","id":"02fabd3e45","properties":{"flclr":"#000000","name":"Jardin","level_id":"reg","layer_val":"0","parent_id":"0","gjsonid":"5"}},{"geometry":{"type":"Polygon","coordinates":[[[119.9362,11.9909],[119.9360,11.9911],[119.9359,11.9913],[119.9359,11.9914],[119.9362,11.9909]]]},"type":"Feature","id":"d61e4581e0","properties":{"flclr":"#000000","name":"Santo Ni\u00f1o","level_id":"reg","layer_val":"0","parent_id":"0","gjsonid":"5"}},{"geometry":{"type":"Polygon","coordinates":[[[119.9678,11.9910],[119.9678,11.9910],[119.9678,11.9911],[119.9678,11.9910],[119.9678,11.9910]]]},"type":"Feature","id":"ef7cea99ec","properties":{"flclr":"#000000","name":"Santo Ni\u00f1o","level_id":"reg","layer_val":"0","parent_id":"0","gjsonid":"5"}},{"geometry":{"type":"Polygon","coordinates":[[[119.9674,11.9906],[119.9677,11.9906],[119.9678,11.9908],[119.9677,11.9906],[119.9674,11.9906]]]},"type":"Feature","id":"7d0b165daf","properties":{"flclr":"#000000","name":"Santo Ni\u00f1o","level_id":"reg","layer_val":"0","parent_id":"0","gjsonid":"5"}},{"geometry":{"type":"Polygon","coordinates":[[[119.9663,11.9903],[119.9667,11.9903],[119.9673,11.9905],[119.9667,11.9903],[119.9663,11.9903]]]},"type":"Feature","id":"acf0af97ff","properties":{"flclr":"#000000","name":"Santo Ni\u00f1o","level_id":"reg","layer_val":"0","parent_id":"0","gjsonid":"5"}},{"geometry":{"type":"Polygon","coordinates":[[[119.9364,11.9901],[119.9361,11.9904],[119.9357,11.9905],[119.9361,11.9904],[119.9364,11.9901]]]},"type":"Feature","id":"4e8d806b9f","properties":{"flclr":"#000000","name":"Santo Ni\u00f1o","level_id":"reg","layer_val":"0","parent_id":"0","gjsonid":"5"}},{"geometry":{"type":"Polygon","coordinates":[[[119.9657,11.9902],[119.9656,11.9902],[119.9654,11.9903],[119.9656,11.9902],[119.9657,11.9902]]]},"type":"Feature","id":"d3b52e452c","properties":{"flclr":"#000000","name":"Santo Ni\u00f1o","level_id":"reg","layer_val":"0","parent_id":"0","gjsonid":"5"}},{"geometry":{"type":"Polygon","coordinates":[[[119.9368,11.9902],[119.9373,11.9902],[119.9375,11.9903],[119.9373,11.9902],[119.9368,11.9902]]]},"type":"Feature","id":"7ebfc3cc7a","properties":{"flclr":"#000000","name":"Santo Ni\u00f1o","level_id":"reg","layer_val":"0","parent_id":"0","gjsonid":"5"}},{"geometry":{"type":"Polygon","coordinates":[[[119.9351,11.9894],[119.9351,11.9895],[119.9353,11.9899],[119.9351,11.9895],[119.9351,11.9894]]]},"type":"Feature","id":"7e223248f9","properties":{"flclr":"#000000","name":"Santo Ni\u00f1o","level_id":"reg","layer_val":"0","parent_id":"0","gjsonid":"5"}},{"geometry":{"type":"Polygon","coordinates":[[[119.9626,11.9895],[119.9627,11.9896],[119.9629,11.9898],[119.9626,11.9895]]]},"type":"Feature","id":"bd7bbbd796","properties":{"flclr":"#000000","name":"Santo Ni\u00f1o","level_id":"reg","layer_val":"0","parent_id":"0","gjsonid":"5"}},{"geometry":{"type":"Polygon","coordinates":[[[119.9353,11.9888],[119.9352,11.9889],[119.9352,11.9890],[119.9352,11.9889],[119.9353,11.9888]]]},"type":"Feature","id":"229a37c71a","properties":{"flclr":"#000000","name":"Santo Ni\u00f1o","level_id":"reg","layer_val":"0","parent_id":"0","gjsonid":"5"}},{"geometry":{"type":"Polygon","coordinates":[[[119.9364,11.9868],[119.9359,11.9878],[119.9358,11.9881],[119.9359,11.9878],[119.9364,11.9868]]]},"type":"Feature","id":"cbe122fef6","properties":{"flclr":"#000000","name":"Santo Ni\u00f1o","level_id":"reg","layer_val":"0","parent_id":"0","gjsonid":"5"}},{"geometry":{"type":"Polygon","coordinates":[[[119.9414,11.9867],[119.9416,11.9867],[119.9423,11.9868],[119.9416,11.9867],[119.9414,11.9867]]]},"type":"Feature","id":"d4d9b6a8b6","properties":{"flclr":"#000000","name":"Santo Ni\u00f1o","level_id":"reg","layer_val":"0","parent_id":"0","gjsonid":"5"}},{"geometry":{"type":"Polygon","coordinates":[[[119.9394,11.9860],[119.9395,11.9860],[119.9405,11.9863],[119.9395,11.9860],[119.9394,11.9860]]]},"type":"Feature","id":"957eb3e8a0","properties":{"flclr":"#000000","name":"Santo Ni\u00f1o","level_id":"reg","layer_val":"0","parent_id":"0","gjsonid":"5"}},{"geometry":{"type":"Polygon","coordinates":[[[119.9456,11.9849],[119.9454,11.9852],[119.9453,11.9858],[119.9454,11.9852],[119.9456,11.9849]]]},"type":"Feature","id":"954700d927","properties":{"flclr":"#000000","name":"Santo Ni\u00f1o","level_id":"reg","layer_val":"0","parent_id":"0","gjsonid":"5"}},{"geometry":{"type":"Polygon","coordinates":[[[119.9515,11.9844],[119.9512,11.9844],[119.9514,11.9844],[119.9515,11.9844]]]},"type":"Feature","id":"53ba2e33c0","properties":{"flclr":"#000000","name":"Santo Ni\u00f1o","level_id":"reg","layer_val":"0","parent_id":"0","gjsonid":"5"}},{"geometry":{"type":"Polygon","coordinates":[[[119.9792,11.9840],[119.9793,11.9840],[119.9795,11.9841],[119.9793,11.9840],[119.9792,11.9840]]]},"type":"Feature","id":"4b710e9143","properties":{"flclr":"#000000","name":"Santo Ni\u00f1o","level_id":"reg","layer_val":"0","parent_id":"0","gjsonid":"5"}},{"geometry":{"type":"Polygon","coordinates":[[[119.9806,11.9838],[119.9802,11.9840],[119.9800,11.9840],[119.9802,11.9840],[119.9806,11.9838]]]},"type":"Feature","id":"a07e955409","properties":{"flclr":"#000000","name":"Santo Ni\u00f1o","level_id":"reg","layer_val":"0","parent_id":"0","gjsonid":"5"}},{"geometry":{"type":"Polygon","coordinates":[[[119.9512,11.9837],[119.9510,11.9838],[119.9509,11.9840],[119.9510,11.9839],[119.9512,11.9837]]]},"type":"Feature","id":"a28ff315ae","properties":{"flclr":"#000000","name":"Santo Ni\u00f1o","level_id":"reg","layer_val":"0","parent_id":"0","gjsonid":"5"}},{"geometry":{"type":"Polygon","coordinates":[[[119.9469,11.9837],[119.9468,11.9837],[119.9468,11.9837],[119.9468,11.9837],[119.9469,11.9837]]]},"type":"Feature","id":"8b7bd3ef8b","properties":{"flclr":"#000000","name":"Santo Ni\u00f1o","level_id":"reg","layer_val":"0","parent_id":"0","gjsonid":"5"}},{"geometry":{"type":"Polygon","coordinates":[[[119.9779,11.9833],[119.9784,11.9835],[119.9785,11.9835],[119.9784,11.9835],[119.9779,11.9833]]]},"type":"Feature","id":"daf8591c3b","properties":{"flclr":"#000000","name":"Santo Ni\u00f1o","level_id":"reg","layer_val":"0","parent_id":"0","gjsonid":"5"}},{"geometry":{"type":"Polygon","coordinates":[[[119.9819,11.9827],[119.9818,11.9829],[119.9810,11.9835],[119.9818,11.9829],[119.9819,11.9827]]]},"type":"Feature","id":"89774fe56d","properties":{"flclr":"#000000","name":"Santo Ni\u00f1o","level_id":"reg","layer_val":"0","parent_id":"0","gjsonid":"5"}},{"geometry":{"type":"Polygon","coordinates":[[[119.9738,11.9831],[119.9738,11.9832],[119.9740,11.9832],[119.9738,11.9832],[119.9738,11.9831]]]},"type":"Feature","id":"99cef2d8e8","properties":{"flclr":"#000000","name":"Santo Ni\u00f1o","level_id":"reg","layer_val":"0","parent_id":"0","gjsonid":"5"}},{"geometry":{"type":"Polygon","coordinates":[[[119.9620,11.9828],[119.9616,11.9830],[119.9616,11.9831],[119.9616,11.9830],[119.9620,11.9828]]]},"type":"Feature","id":"c7f42f1632","properties":{"flclr":"#000000","name":"Santo Ni\u00f1o","level_id":"reg","layer_val":"0","parent_id":"0","gjsonid":"5"}},{"geometry":{"type":"Polygon","coordinates":[[[119.9612,11.9820],[119.9611,11.9821],[119.9610,11.9823],[119.9609,11.9827],[119.9609,11.9829],[119.9611,11.9830],[119.9612,11.9830],[119.9612,11.9820]]]},"type":"Feature","id":"e0f00b6d21","properties":{"flclr":"#000000","name":"Santo Ni\u00f1o","level_id":"reg","layer_val":"0","parent_id":"0","gjsonid":"5"}},{"geometry":{"type":"Polygon","coordinates":[[[120.1868,12.1365],[120.2201,12.1227],[120.2423,12.1210],[120.2495,12.1135],[120.2529,12.0729],[120.2454,12.0530],[120.1860,12.0609],[120.1594,12.0898],[120.1694,12.1011],[120.1698,12.1205],[120.1871,12.1171],[120.1901,12.1216],[120.1896,12.1256],[120.1798,12.1285],[120.1799,12.1331],[120.1889,12.1327],[120.1868,12.1365]]]},"type":"Feature","id":"0c43cc7899","properties":{"flclr":"#000000","name":"San Nicolas","level_id":"reg","layer_val":"0","parent_id":"0","gjsonid":"5"}},{"geometry":{"type":"Polygon","coordinates":[[[119.9644,11.9819],[119.9640,11.9822],[119.9637,11.9826],[119.9634,11.9827],[119.9631,11.9829],[119.9644,11.9819]]]},"type":"Feature","id":"0172bbded0","properties":{"flclr":"#000000","name":"Santo Ni\u00f1o","level_id":"reg","layer_val":"0","parent_id":"0","gjsonid":"5"}},{"geometry":{"type":"Polygon","coordinates":[[[119.9738,11.9822],[119.9737,11.9823],[119.9737,11.9824],[119.9737,11.9823],[119.9738,11.9822]]]},"type":"Feature","id":"7833103202","properties":{"flclr":"#000000","name":"Santo Ni\u00f1o","level_id":"reg","layer_val":"0","parent_id":"0","gjsonid":"5"}},{"geometry":{"type":"Polygon","coordinates":[[[119.9834,11.9819],[119.9829,11.9821],[119.9823,11.9822],[119.9829,11.9821],[119.9834,11.9819]]]},"type":"Feature","id":"bf1c9dc871","properties":{"flclr":"#000000","name":"Santo Ni\u00f1o","level_id":"reg","layer_val":"0","parent_id":"0","gjsonid":"5"}},{"geometry":{"type":"Polygon","coordinates":[[[119.9843,11.9815],[119.9839,11.9816],[119.9836,11.9818],[119.9839,11.9816],[119.9843,11.9815]]]},"type":"Feature","id":"9ebd5d543d","properties":{"flclr":"#000000","name":"Santo Ni\u00f1o","level_id":"reg","layer_val":"0","parent_id":"0","gjsonid":"5"}},{"geometry":{"type":"Polygon","coordinates":[[[119.9647,11.9813],[119.9647,11.9814],[119.9647,11.9814],[119.9647,11.9814],[119.9647,11.9813]]]},"type":"Feature","id":"36b972bc4b","properties":{"flclr":"#000000","name":"Santo Ni\u00f1o","level_id":"reg","layer_val":"0","parent_id":"0","gjsonid":"5"}},{"geometry":{"type":"Polygon","coordinates":[[[119.9761,11.9808],[119.9757,11.9814],[119.9757,11.9813],[119.9761,11.9808]]]},"type":"Feature","id":"aa8a7e9f73","properties":{"flclr":"#000000","name":"Santo Ni\u00f1o","level_id":"reg","layer_val":"0","parent_id":"0","gjsonid":"5"}},{"geometry":{"type":"Polygon","coordinates":[[[119.9792,11.9801],[119.9796,11.9804],[119.9795,11.9803],[119.9792,11.9801]]]},"type":"Feature","id":"f6ba7b2bc8","properties":{"flclr":"#000000","name":"Santo Ni\u00f1o","level_id":"reg","layer_val":"0","parent_id":"0","gjsonid":"5"}},{"geometry":{"type":"Polygon","coordinates":[[[119.9769,11.9798],[119.9769,11.9798],[119.9766,11.9800],[119.9769,11.9798],[119.9769,11.9798]]]},"type":"Feature","id":"1860296cb4","properties":{"flclr":"#000000","name":"Santo Ni\u00f1o","level_id":"reg","layer_val":"0","parent_id":"0","gjsonid":"5"}},{"geometry":{"type":"Polygon","coordinates":[[[119.9863,11.9797],[119.9862,11.9799],[119.9861,11.9799],[119.9863,11.9797]]]},"type":"Feature","id":"5a287fa053","properties":{"flclr":"#000000","name":"Santo Ni\u00f1o","level_id":"reg","layer_val":"0","parent_id":"0","gjsonid":"5"}},{"geometry":{"type":"Polygon","coordinates":[[[119.9759,11.9788],[119.9760,11.9792],[119.9761,11.9795],[119.9763,11.9796],[119.9765,11.9797],[119.9767,11.9797],[119.9759,11.9788]]]},"type":"Feature","id":"7ab3c6e075","properties":{"flclr":"#000000","name":"Santo Ni\u00f1o","level_id":"reg","layer_val":"0","parent_id":"0","gjsonid":"5"}},{"geometry":{"type":"Polygon","coordinates":[[[119.9784,11.9794],[119.9783,11.9795],[119.9783,11.9796],[119.9783,11.9795],[119.9784,11.9794]]]},"type":"Feature","id":"96b7efcdb5","properties":{"flclr":"#000000","name":"Santo Ni\u00f1o","level_id":"reg","layer_val":"0","parent_id":"0","gjsonid":"5"}},{"geometry":{"type":"Polygon","coordinates":[[[119.9826,11.9789],[119.9826,11.9790],[119.9827,11.9794],[119.9826,11.9790],[119.9826,11.9789]]]},"type":"Feature","id":"c3e33aa170","properties":{"flclr":"#000000","name":"Santo Ni\u00f1o","level_id":"reg","layer_val":"0","parent_id":"0","gjsonid":"5"}},{"geometry":{"type":"Polygon","coordinates":[[[119.9875,11.9784],[119.9875,11.9788],[119.9870,11.9792],[119.9875,11.9788],[119.9875,11.9784]]]},"type":"Feature","id":"f1aa3e4960","properties":{"flclr":"#000000","name":"Santo Ni\u00f1o","level_id":"reg","layer_val":"0","parent_id":"0","gjsonid":"5"}},{"geometry":{"type":"Polygon","coordinates":[[[119.9804,11.9777],[119.9804,11.9779],[119.9804,11.9781],[119.9804,11.9779],[119.9804,11.9777]]]},"type":"Feature","id":"e38004291d","properties":{"flclr":"#000000","name":"Santo Ni\u00f1o","level_id":"reg","layer_val":"0","parent_id":"0","gjsonid":"5"}},{"geometry":{"type":"Polygon","coordinates":[[[119.9837,11.9767],[119.9830,11.9768],[119.9827,11.9768],[119.9830,11.9768],[119.9837,11.9767]]]},"type":"Feature","id":"2ee1a289c7","properties":{"flclr":"#000000","name":"Santo Ni\u00f1o","level_id":"reg","layer_val":"0","parent_id":"0","gjsonid":"5"}},{"geometry":{"type":"Polygon","coordinates":[[[119.9869,12.1871],[119.9942,12.1595],[119.9313,12.1066],[119.9348,12.1216],[119.9295,12.1321],[119.9336,12.1381],[119.9245,12.1372],[119.9363,12.1590],[119.9869,12.1871]]]},"type":"Feature","id":"3c91703eeb","properties":{"flclr":"#000000","name":"Salvacion","level_id":"reg","layer_val":"0","parent_id":"0","gjsonid":"5"}},{"geometry":{"type":"Polygon","coordinates":[[[119.9529,12.2328],[119.9279,12.2386],[119.8997,12.2678],[119.9072,12.2694],[119.9196,12.2621],[119.9273,12.2717],[119.9490,12.2651],[119.9735,12.2710],[119.9688,12.2513],[119.9529,12.2328]]]},"type":"Feature","id":"839daba658","properties":{"flclr":"#000000","name":"Quezon","level_id":"reg","layer_val":"0","parent_id":"0","gjsonid":"5"}},{"geometry":{"type":"Polygon","coordinates":[[[120.2021,11.9978],[120.1899,11.9994],[120.1919,12.0022],[120.1837,12.0071],[120.1917,12.0156],[120.2041,12.0044],[120.2021,11.9978]]]},"type":"Feature","id":"3c97858620","properties":{"flclr":"#000000","name":"Barangay V (Pob.)","level_id":"reg","layer_val":"0","parent_id":"0","gjsonid":"5"}},{"geometry":{"type":"Polygon","coordinates":[[[120.2097,11.9945],[120.2052,12.0010],[120.2084,12.0060],[120.2220,12.0076],[120.2188,11.9983],[120.2097,11.9945]]]},"type":"Feature","id":"19b3b0f84e","properties":{"flclr":"#000000","name":"Barangay I (Pob.)","level_id":"reg","layer_val":"0","parent_id":"0","gjsonid":"5"}},{"geometry":{"type":"Polygon","coordinates":[[[120.2021,11.9978],[120.2038,11.9987],[120.2031,11.9948],[120.2013,11.9961],[120.2021,11.9978]]]},"type":"Feature","id":"b605960a16","properties":{"flclr":"#000000","name":"Barangay III (Pob.)","level_id":"reg","layer_val":"0","parent_id":"0","gjsonid":"5"}},{"geometry":{"type":"Polygon","coordinates":[[[120.2038,11.9987],[120.2033,12.0056],[120.2084,12.0060],[120.2089,12.0045],[120.2038,11.9987]]]},"type":"Feature","id":"7df981335e","properties":{"flclr":"#000000","name":"Barangay IV (Pob.)","level_id":"reg","layer_val":"0","parent_id":"0","gjsonid":"5"}},{"geometry":{"type":"Polygon","coordinates":[[[120.2038,11.9987],[120.2055,11.9992],[120.2061,11.9937],[120.2031,11.9948],[120.2038,11.9987]]]},"type":"Feature","id":"6430a5639d","properties":{"flclr":"#000000","name":"Barangay II (Pob.)","level_id":"reg","layer_val":"0","parent_id":"0","gjsonid":"5"}},{"geometry":{"type":"Polygon","coordinates":[[[120.2220,12.0076],[120.2009,12.0050],[120.1923,12.0157],[120.1816,12.0068],[120.1754,12.0143],[120.1775,12.0236],[120.1738,12.0264],[120.2140,12.0589],[120.2454,12.0530],[120.2342,12.0112],[120.2220,12.0076]]]},"type":"Feature","id":"db13af5099","properties":{"flclr":"#000000","name":"Barangay VI (Pob.)","level_id":"reg","layer_val":"0","parent_id":"0","gjsonid":"5"}},{"geometry":{"type":"Polygon","coordinates":[[[120.2257,12.1719],[120.2162,12.1828],[120.2195,12.1909],[120.2128,12.2043],[120.2150,12.2125],[120.2047,12.2194],[120.2172,12.2263],[120.2150,12.2153],[120.2229,12.2078],[120.2235,12.1980],[120.2427,12.1996],[120.2388,12.1814],[120.2266,12.1808],[120.2257,12.1719]]]},"type":"Feature","id":"c9471b14e3","properties":{"flclr":"#000000","name":"Malawig","level_id":"reg","layer_val":"0","parent_id":"0","gjsonid":"5"}},{"geometry":{"type":"Polygon","coordinates":[[[120.2162,12.1828],[120.2257,12.1719],[120.2335,12.1435],[120.2438,12.1303],[120.2423,12.1210],[120.2201,12.1227],[120.1868,12.1365],[120.2130,12.1304],[120.2160,12.1453],[120.2059,12.1616],[120.2132,12.1700],[120.2162,12.1828]]]},"type":"Feature","id":"6fd571ac11","properties":{"flclr":"#000000","name":"Decabobo","level_id":"reg","layer_val":"0","parent_id":"0","gjsonid":"5"}},{"geometry":{"type":"Polygon","coordinates":[[[120.2257,12.1719],[120.2266,12.1808],[120.2388,12.1814],[120.2435,12.1755],[120.2422,12.1602],[120.2512,12.1505],[120.2418,12.1495],[120.2520,12.1457],[120.2527,12.1418],[120.2463,12.1308],[120.2591,12.1248],[120.2495,12.1135],[120.2423,12.1210],[120.2438,12.1303],[120.2335,12.1435],[120.2257,12.1719]]]},"type":"Feature","id":"8f1de8ca11","properties":{"flclr":"#000000","name":"Buenavista","level_id":"reg","layer_val":"0","parent_id":"0","gjsonid":"5"}},{"geometry":{"type":"Polygon","coordinates":[[[120.0281,12.0842],[120.0423,12.0791],[120.0032,12.0674],[120.0031,12.0267],[119.9950,12.0236],[119.9856,12.0311],[119.9827,12.0262],[119.9725,12.0235],[119.9705,12.0546],[120.0281,12.0842]]]},"type":"Feature","id":"5ddd3acbf8","properties":{"flclr":"#000000","name":"Concepcion","level_id":"reg","layer_val":"0","parent_id":"0","gjsonid":"5"}},{"geometry":{"type":"Polygon","coordinates":[[[119.9529,12.2328],[119.9680,12.2129],[119.9016,12.1619],[119.9058,12.1808],[119.8987,12.1942],[119.9529,12.2328]]]},"type":"Feature","id":"d35069c43b","properties":{"flclr":"#000000","name":"San Rafael","level_id":"reg","layer_val":"0","parent_id":"0","gjsonid":"5"}},{"geometry":{"type":"Polygon","coordinates":[[[119.9680,12.2129],[119.9529,12.2328],[119.9688,12.2513],[119.9736,12.2685],[119.9857,12.2584],[119.9958,12.2614],[120.0148,12.2541],[120.0202,12.2403],[120.0414,12.2344],[120.0627,12.1902],[120.0041,12.1363],[119.9868,12.1874],[119.9680,12.2129]]]},"type":"Feature","id":"265345155b","properties":{"flclr":"#000000","name":"Cheey","level_id":"reg","layer_val":"0","parent_id":"0","gjsonid":"5"}},{"geometry":{"type":"Polygon","coordinates":[[[119.9529,12.2328],[119.8987,12.1942],[119.8965,12.2023],[119.8819,12.2052],[119.8686,12.1796],[119.8657,12.1810],[119.8654,12.1731],[119.8578,12.1668],[119.8630,12.1621],[119.8532,12.1469],[119.8555,12.1594],[119.8481,12.1747],[119.8635,12.1931],[119.8677,12.2126],[119.8817,12.2095],[119.9256,12.2394],[119.9529,12.2328]]]},"type":"Feature","id":"c0bf0b9935","properties":{"flclr":"#000000","name":"New Busuanga (Pob.)","level_id":"reg","layer_val":"0","parent_id":"0","gjsonid":"5"}},{"geometry":{"type":"Polygon","coordinates":[[[119.9942,12.1595],[120.0041,12.1363],[119.9668,12.0972],[119.9604,12.0956],[119.9504,12.0749],[119.9491,12.0801],[119.9352,12.0839],[119.9300,12.0970],[119.9313,12.1066],[119.9942,12.1595]]]},"type":"Feature","id":"a758fc2a89","properties":{"flclr":"#000000","name":"Bogtong","level_id":"reg","layer_val":"0","parent_id":"0","gjsonid":"5"}},{"geometry":{"type":"Polygon","coordinates":[[[120.0423,12.0791],[120.0172,11.9982],[120.0123,11.9968],[120.0148,12.0048],[119.9977,12.0056],[119.9961,12.0013],[119.9901,12.0081],[119.9774,12.0099],[119.9757,12.0173],[119.9826,12.0131],[119.9795,12.0218],[119.9868,12.0213],[119.9860,12.0272],[119.9923,12.0201],[120.0031,12.0267],[120.0032,12.0674],[120.0423,12.0791]]]},"type":"Feature","id":"9a98fb1daf","properties":{"flclr":"#000000","name":"Santo Ni\u00f1o","level_id":"reg","layer_val":"0","parent_id":"0","gjsonid":"5"}},{"geometry":{"type":"Polygon","coordinates":[[[119.9476,11.9961],[119.9475,11.9961],[119.9472,11.9962],[119.9468,11.9963],[119.9463,11.9962],[119.9476,11.9961]]]},"type":"Feature","id":"7779172da4","properties":{"flclr":"#000000","name":"Santo Ni\u00f1o","level_id":"reg","layer_val":"0","parent_id":"0","gjsonid":"5"}},{"geometry":{"type":"Polygon","coordinates":[[[119.9456,11.9957],[119.9458,11.9958],[119.9461,11.9960],[119.9458,11.9958],[119.9456,11.9957]]]},"type":"Feature","id":"e46d96d1ea","properties":{"flclr":"#000000","name":"Santo Ni\u00f1o","level_id":"reg","layer_val":"0","parent_id":"0","gjsonid":"5"}},{"geometry":{"type":"Polygon","coordinates":[[[119.9537,11.9956],[119.9533,11.9956],[119.9531,11.9955],[119.9533,11.9956],[119.9537,11.9956]]]},"type":"Feature","id":"97dbeac7da","properties":{"flclr":"#000000","name":"Santo Ni\u00f1o","level_id":"reg","layer_val":"0","parent_id":"0","gjsonid":"5"}},{"geometry":{"type":"Polygon","coordinates":[[[119.9388,11.9954],[119.9388,11.9955],[119.9391,11.9956],[119.9388,11.9955],[119.9388,11.9954]]]},"type":"Feature","id":"a68533235e","properties":{"flclr":"#000000","name":"Santo Ni\u00f1o","level_id":"reg","layer_val":"0","parent_id":"0","gjsonid":"5"}},{"geometry":{"type":"Polygon","coordinates":[[[119.8997,12.2678],[119.9279,12.2386],[119.8817,12.2095],[119.8677,12.2126],[119.8754,12.2273],[119.8628,12.2374],[119.8589,12.2328],[119.8611,12.2572],[119.8698,12.2544],[119.8777,12.2654],[119.8846,12.2616],[119.8997,12.2678]]]},"type":"Feature","id":"abd3811c79","properties":{"flclr":"#000000","name":"Buluang","level_id":"reg","layer_val":"0","parent_id":"0","gjsonid":"5"}},{"geometry":{"type":"Polygon","coordinates":[[[120.0230,11.9542],[120.0114,11.9501],[120.0111,11.9450],[120.0155,11.9429],[120.0082,11.9423],[119.9974,11.9496],[119.9924,11.9417],[119.9834,11.9466],[119.9882,11.9522],[119.9753,11.9565],[119.9900,11.9578],[119.9829,11.9624],[119.9969,11.9703],[120.0019,11.9613],[120.0150,11.9560],[120.0208,11.9593],[120.0230,11.9542]]]},"type":"Feature","id":"58bc47ad7e","properties":{"flclr":"#000000","name":"Luac","level_id":"reg","layer_val":"0","parent_id":"0","gjsonid":"5"}},{"geometry":{"type":"Polygon","coordinates":[[[119.9534,11.9655],[119.9544,11.9561],[119.9384,11.9579],[119.9449,11.9699],[119.9360,11.9799],[119.9435,11.9820],[119.9589,11.9774],[119.9644,11.9731],[119.9612,11.9694],[119.9710,11.9702],[119.9746,11.9648],[119.9534,11.9655]]]},"type":"Feature","id":"fc83301737","properties":{"flclr":"#000000","name":"Luac","level_id":"reg","layer_val":"0","parent_id":"0","gjsonid":"5"}},{"geometry":{"type":"Polygon","coordinates":[[[119.8759,11.9823],[119.8789,11.9809],[119.8651,11.9749],[119.8538,11.9749],[119.8415,11.9517],[119.8351,11.9439],[119.8302,11.9454],[119.8306,11.9382],[119.8232,11.9399],[119.8457,11.9804],[119.8759,11.9823]]]},"type":"Feature","id":"d8d9ccc74d","properties":{"flclr":"#000000","name":"Galoc","level_id":"reg","layer_val":"0","parent_id":"0","gjsonid":"5"}},{"geometry":{"type":"Polygon","coordinates":[[[119.8909,11.8716],[119.8912,11.8779],[119.8803,11.8778],[119.8698,11.8959],[119.8718,11.9289],[119.8667,11.9323],[119.8612,11.9297],[119.8462,11.9477],[119.8517,11.9561],[119.8596,11.9488],[119.8601,11.9416],[119.8650,11.9406],[119.8721,11.9461],[119.8819,11.9259],[119.8867,11.9234],[119.8905,11.9240],[119.8914,11.9221],[119.8927,11.9218],[119.8936,11.9224],[119.8945,11.9218],[119.8915,11.9251],[119.8940,11.9271],[119.8960,11.9271],[119.8979,11.9284],[119.8896,11.9291],[119.8871,11.9348],[119.8944,11.9445],[119.8821,11.9586],[119.8744,11.9541],[119.8708,11.9626],[119.8726,11.9701],[119.8772,11.9637],[119.8778,11.9740],[119.8872,11.9784],[119.9091,11.9444],[119.9080,11.9234],[119.8922,11.9155],[119.8923,11.8754],[119.8978,11.8714],[119.8909,11.8716]]]},"type":"Feature","id":"880ebf9d28","properties":{"flclr":"#000000","name":"Galoc","level_id":"reg","layer_val":"0","parent_id":"0","gjsonid":"5"}},{"geometry":{"type":"Polygon","coordinates":[[[120.2760,11.9345],[120.2768,11.9260],[120.2685,11.9243],[120.2642,11.9146],[120.2552,11.9189],[120.2494,11.9087],[120.2592,11.8877],[120.2591,11.8626],[120.2533,11.8508],[120.2464,11.8485],[120.2544,11.8431],[120.2524,11.8316],[120.2598,11.8246],[120.2600,11.8161],[120.2667,11.8225],[120.2623,11.8073],[120.2367,11.8464],[120.2311,11.8800],[120.2046,11.9223],[120.2290,11.9285],[120.2351,11.9257],[120.2596,11.9413],[120.2760,11.9345]]]},"type":"Feature","id":"551fede99e","properties":{"flclr":"#000000","name":"Cabugao","level_id":"reg","layer_val":"0","parent_id":"0","gjsonid":"5"}},{"geometry":{"type":"Polygon","coordinates":[[[120.1575,12.0061],[120.1461,12.0197],[120.1612,12.0085],[120.1752,12.0088],[120.1829,12.0022],[120.1779,11.9957],[120.1575,12.0061]]]},"type":"Feature","id":"7d214d48f8","properties":{"flclr":"#000000","name":"Barangay VI (Pob.)","level_id":"reg","layer_val":"0","parent_id":"0","gjsonid":"5"}},{"geometry":{"type":"Polygon","coordinates":[[[120.1909,11.9860],[120.1996,11.9735],[120.1894,11.9660],[120.1853,11.9657],[120.1834,11.9717],[120.1788,11.9708],[120.1779,11.9750],[120.1715,11.9748],[120.1769,11.9813],[120.1661,11.9779],[120.1630,11.9742],[120.1656,11.9706],[120.1603,11.9674],[120.1541,11.9687],[120.1534,11.9748],[120.1398,11.9695],[120.1306,11.9747],[120.1350,11.9792],[120.1302,11.9856],[120.1364,11.9864],[120.1336,11.9921],[120.1477,11.9849],[120.1654,11.9825],[120.1833,11.9922],[120.1909,11.9860]]]},"type":"Feature","id":"7e0c8ada09","properties":{"flclr":"#000000","name":"Lajala","level_id":"reg","layer_val":"0","parent_id":"0","gjsonid":"5"}},{"geometry":{"type":"Polygon","coordinates":[[[120.1919,12.1597],[120.2011,12.1476],[120.1945,12.1434],[120.1916,12.1464],[120.1966,12.1491],[120.1845,12.1573],[120.1750,12.1573],[120.1623,12.1717],[120.1560,12.1702],[120.1475,12.1757],[120.1506,12.1859],[120.1374,12.1994],[120.1541,12.1879],[120.1571,12.1802],[120.1769,12.1618],[120.1860,12.1640],[120.1919,12.1597]]]},"type":"Feature","id":"2acda56b67","properties":{"flclr":"#000000","name":"Decabobo","level_id":"reg","layer_val":"0","parent_id":"0","gjsonid":"5"}},{"geometry":{"type":"Polygon","coordinates":[[[120.0478,11.9195],[120.0431,11.9174],[120.0418,11.9244],[120.0339,11.9287],[120.0430,11.9341],[120.0519,11.9297],[120.0549,11.9330],[120.0671,11.9251],[120.0691,11.9179],[120.0571,11.9142],[120.0478,11.9195]]]},"type":"Feature","id":"7955b20e10","properties":{"flclr":"#000000","name":"Bintuan","level_id":"reg","layer_val":"0","parent_id":"0","gjsonid":"5"}},{"geometry":{"type":"Polygon","coordinates":[[[120.1302,12.0299],[120.1259,12.0279],[120.1244,12.0187],[120.1376,12.0027],[120.1289,12.0027],[120.1311,11.9959],[120.1272,11.9908],[120.1177,11.9928],[120.1145,11.9886],[120.0999,12.0044],[120.0925,11.9997],[120.1048,11.9941],[120.1059,11.9825],[120.1119,11.9790],[120.1153,11.9859],[120.1186,11.9852],[120.1187,11.9734],[120.1026,11.9712],[120.1006,11.9600],[120.0804,11.9855],[120.0816,11.9937],[120.0889,11.9978],[120.0547,12.0178],[120.0522,12.0232],[120.0507,12.0156],[120.0582,12.0075],[120.0484,12.0054],[120.0473,11.9943],[120.0414,11.9915],[120.0367,11.9966],[120.0217,11.9879],[120.0181,11.9905],[120.0267,12.0376],[120.0347,12.0509],[120.0490,12.0509],[120.0931,12.0308],[120.1120,12.0505],[120.1302,12.0299]]]},"type":"Feature","id":"08dcaea94d","properties":{"flclr":"#000000","name":"Bintuan","level_id":"reg","layer_val":"0","parent_id":"0","gjsonid":"5"}},{"geometry":{"type":"Polygon","coordinates":[[[120.0656,11.9694],[120.0664,11.9720],[120.0604,11.9955],[120.0735,11.9869],[120.0848,11.9583],[120.0765,11.9585],[120.0715,11.9636],[120.0668,11.9611],[120.0656,11.9694]]]},"type":"Feature","id":"a32ead77a9","properties":{"flclr":"#000000","name":"Bintuan","level_id":"reg","layer_val":"0","parent_id":"0","gjsonid":"5"}},{"geometry":{"type":"Polygon","coordinates":[[[120.2046,11.9223],[120.1914,11.9365],[120.1926,11.9529],[120.2031,11.9429],[120.2096,11.9453],[120.2115,11.9542],[120.2233,11.9616],[120.2263,11.9591],[120.2297,11.9680],[120.2353,11.9665],[120.2470,11.9761],[120.2450,11.9873],[120.2721,11.9689],[120.2662,11.9597],[120.2738,11.9524],[120.2762,11.9346],[120.2596,11.9413],[120.2351,11.9257],[120.2290,11.9285],[120.2046,11.9223]]]},"type":"Feature","id":"143cca6ad5","properties":{"flclr":"#000000","name":"Banuang Daan","level_id":"reg","layer_val":"0","parent_id":"0","gjsonid":"5"}},{"geometry":{"type":"Polygon","coordinates":[[[120.2676,12.0040],[120.2630,12.0088],[120.2618,12.0040],[120.2516,12.0064],[120.2438,11.9996],[120.2453,11.9964],[120.2269,11.9907],[120.2244,11.9821],[120.2176,11.9875],[120.2179,11.9921],[120.2097,11.9945],[120.2188,11.9983],[120.2220,12.0076],[120.2342,12.0112],[120.2454,12.0530],[120.2783,12.0254],[120.2787,12.0102],[120.2676,12.0040]]]},"type":"Feature","id":"13509d9f70","properties":{"flclr":"#000000","name":"Tagumpay","level_id":"reg","layer_val":"0","parent_id":"0","gjsonid":"5"}},{"geometry":{"type":"Polygon","coordinates":[[[119.8550,11.9981],[119.8544,11.9907],[119.8352,11.9881],[119.8395,12.0005],[119.8628,11.9998],[119.8739,11.9936],[119.8645,11.9919],[119.8550,11.9981]]]},"type":"Feature","id":"548cda267b","properties":{"flclr":"#000000","name":"Maglalambay","level_id":"reg","layer_val":"0","parent_id":"0","gjsonid":"5"}},{"geometry":{"type":"Polygon","coordinates":[[[119.8734,12.1383],[119.8746,12.1165],[119.8736,12.1212],[119.8669,12.1199],[119.8608,12.1253],[119.8674,12.1289],[119.8661,12.1505],[119.8714,12.1657],[119.8766,12.1579],[119.8734,12.1383]]]},"type":"Feature","id":"5a4b045855","properties":{"flclr":"#000000","name":"San Isidro","level_id":"reg","layer_val":"0","parent_id":"0","gjsonid":"5"}},{"geometry":{"type":"Polygon","coordinates":[[[119.9268,12.3140],[119.9237,12.2977],[119.9320,12.2894],[119.9380,12.2892],[119.9381,12.2827],[119.9250,12.2763],[119.9284,12.2730],[119.9230,12.2633],[119.9111,12.2646],[119.9090,12.2711],[119.9173,12.2732],[119.9132,12.2775],[119.8939,12.2762],[119.8915,12.2712],[119.8886,12.2752],[119.8697,12.2661],[119.8691,12.2776],[119.8765,12.2794],[119.8746,12.2840],[119.8794,12.2892],[119.8680,12.2893],[119.8733,12.2930],[119.8689,12.2948],[119.8640,12.3085],[119.8800,12.3272],[119.8942,12.3298],[119.9057,12.3219],[119.9245,12.3191],[119.9268,12.3140]]]},"type":"Feature","id":"f9f6dd19a1","properties":{"flclr":"#000000","name":"Buluang","level_id":"reg","layer_val":"0","parent_id":"0","gjsonid":"5"}},{"geometry":{"type":"Polygon","coordinates":[[[119.9117,11.8495],[119.8998,11.8598],[119.9526,11.8758],[119.9771,11.8748],[120.0005,11.8665],[120.0001,11.8438],[120.0079,11.8342],[120.0030,11.8185],[119.9767,11.8217],[119.9732,11.7903],[119.9664,11.8004],[119.9551,11.7980],[119.9480,11.8092],[119.9482,11.8177],[119.9443,11.8181],[119.9458,11.8226],[119.9318,11.8275],[119.9204,11.8487],[119.9117,11.8495]]]},"type":"Feature","id":"04c29096af","properties":{"flclr":"#000000","name":"Malaking Patag","level_id":"reg","layer_val":"0","parent_id":"0","gjsonid":"5"}},{"geometry":{"type":"Polygon","coordinates":[[[120.1594,12.0898],[120.1860,12.0609],[120.2140,12.0589],[120.1738,12.0264],[120.1627,12.0314],[120.1591,12.0212],[120.1478,12.0245],[120.1515,12.0272],[120.1419,12.0227],[120.1120,12.0505],[120.1408,12.0814],[120.1594,12.0898]]]},"type":"Feature","id":"6bd222322a","properties":{"flclr":"#000000","name":"Guadalupe","level_id":"reg","layer_val":"0","parent_id":"0","gjsonid":"5"}},{"geometry":{"type":"Polygon","coordinates":[[[120.0627,12.1902],[120.0687,12.1939],[120.0762,12.1899],[120.0856,12.1958],[120.0826,12.2010],[120.0873,12.2036],[120.1105,12.1928],[120.1092,12.1870],[120.0975,12.1937],[120.0913,12.1917],[120.0993,12.1823],[120.0928,12.1833],[120.0963,12.1785],[120.0870,12.1729],[120.0544,12.1828],[120.0627,12.1902]]]},"type":"Feature","id":"c8555657e4","properties":{"flclr":"#000000","name":"San Jose","level_id":"reg","layer_val":"0","parent_id":"0","gjsonid":"5"}},{"geometry":{"type":"Polygon","coordinates":[[[119.9258,12.1412],[119.9029,12.1656],[119.9680,12.2129],[119.9869,12.1871],[119.9400,12.1619],[119.9258,12.1412]]]},"type":"Feature","id":"e30855517c","properties":{"flclr":"#000000","name":"Old Busuanga","level_id":"reg","layer_val":"0","parent_id":"0","gjsonid":"5"}},{"geometry":{"type":"Polygon","coordinates":[[[120.0507,12.2322],[120.0516,12.2320],[120.0490,12.2300],[120.0500,12.2325],[120.0507,12.2322]]]},"type":"Feature","id":"343c679d2e","properties":{"flclr":"#000000","name":"Cheey","level_id":"reg","layer_val":"0","parent_id":"0","gjsonid":"5"}},{"geometry":{"type":"Polygon","coordinates":[[[120.0507,12.2322],[120.0506,12.2324],[120.0508,12.2326],[120.0509,12.2324],[120.0507,12.2322]]]},"type":"Feature","id":"2cac755f43","properties":{"flclr":"#000000","name":"Cheey","level_id":"reg","layer_val":"0","parent_id":"0","gjsonid":"5"}},{"geometry":{"type":"Polygon","coordinates":[[[120.1872,12.1493],[120.1892,12.1482],[120.1894,12.1477],[120.1886,12.1475],[120.1872,12.1493]]]},"type":"Feature","id":"8e89eafee6","properties":{"flclr":"#000000","name":"Decabobo","level_id":"reg","layer_val":"0","parent_id":"0","gjsonid":"5"}},{"geometry":{"type":"Polygon","coordinates":[[[120.1452,12.1822],[120.1457,12.1823],[120.1455,12.1816],[120.1451,12.1816],[120.1452,12.1822]]]},"type":"Feature","id":"2679ea174a","properties":{"flclr":"#000000","name":"Decalachao","level_id":"reg","layer_val":"0","parent_id":"0","gjsonid":"5"}},{"geometry":{"type":"Polygon","coordinates":[[[119.9589,11.9139],[119.9702,11.9198],[119.9799,11.9159],[119.9743,11.9054],[119.9688,11.9038],[119.9625,11.9061],[119.9589,11.9139]]]},"type":"Feature","id":"c1f7433a1d","properties":{"flclr":"#000000","name":"Luac","level_id":"reg","layer_val":"0","parent_id":"0","gjsonid":"5"}},{"geometry":{"type":"Polygon","coordinates":[[[119.9602,11.9259],[119.9641,11.9257],[119.9636,11.9154],[119.9612,11.9170],[119.9602,11.9259]]]},"type":"Feature","id":"421f6f2ddb","properties":{"flclr":"#000000","name":"Luac","level_id":"reg","layer_val":"0","parent_id":"0","gjsonid":"5"}},{"geometry":{"type":"Polygon","coordinates":[[[119.9747,11.9316],[119.9800,11.9351],[119.9814,11.9318],[119.9756,11.9302],[119.9747,11.9316]]]},"type":"Feature","id":"5f78360d5b","properties":{"flclr":"#000000","name":"Luac","level_id":"reg","layer_val":"0","parent_id":"0","gjsonid":"5"}},{"geometry":{"type":"Polygon","coordinates":[[[119.9686,11.9276],[119.9690,11.9285],[119.9694,11.9284],[119.9693,11.9270],[119.9686,11.9276]]]},"type":"Feature","id":"9e4af6b290","properties":{"flclr":"#000000","name":"Luac","level_id":"reg","layer_val":"0","parent_id":"0","gjsonid":"5"}},{"geometry":{"type":"Polygon","coordinates":[[[119.9888,11.9414],[119.9938,11.9410],[119.9949,11.9371],[119.9924,11.9365],[119.9888,11.9414]]]},"type":"Feature","id":"da3d525c85","properties":{"flclr":"#000000","name":"Luac","level_id":"reg","layer_val":"0","parent_id":"0","gjsonid":"5"}},{"geometry":{"type":"Polygon","coordinates":[[[119.9954,11.9413],[119.9998,11.9420],[120.0023,11.9381],[119.9965,11.9399],[119.9954,11.9413]]]},"type":"Feature","id":"d9065423ab","properties":{"flclr":"#000000","name":"Luac","level_id":"reg","layer_val":"0","parent_id":"0","gjsonid":"5"}},{"geometry":{"type":"Polygon","coordinates":[[[119.9667,11.9465],[119.9682,11.9485],[119.9749,11.9458],[119.9689,11.9449],[119.9667,11.9465]]]},"type":"Feature","id":"28baa18037","properties":{"flclr":"#000000","name":"Luac","level_id":"reg","layer_val":"0","parent_id":"0","gjsonid":"5"}},{"geometry":{"type":"Polygon","coordinates":[[[119.9728,11.9525],[119.9742,11.9531],[119.9784,11.9515],[119.9744,11.9506],[119.9728,11.9525]]]},"type":"Feature","id":"5d810605d6","properties":{"flclr":"#000000","name":"Luac","level_id":"reg","layer_val":"0","parent_id":"0","gjsonid":"5"}},{"geometry":{"type":"Polygon","coordinates":[[[120.0125,11.9489],[120.0171,11.9482],[120.0183,11.9468],[120.0166,11.9458],[120.0125,11.9489]]]},"type":"Feature","id":"c889b86a50","properties":{"flclr":"#000000","name":"Luac","level_id":"reg","layer_val":"0","parent_id":"0","gjsonid":"5"}},{"geometry":{"type":"Polygon","coordinates":[[[119.9687,11.9561],[119.9690,11.9563],[119.9710,11.9562],[119.9700,11.9551],[119.9687,11.9561]]]},"type":"Feature","id":"b48c1205a8","properties":{"flclr":"#000000","name":"Luac","level_id":"reg","layer_val":"0","parent_id":"0","gjsonid":"5"}},{"geometry":{"type":"Polygon","coordinates":[[[119.9407,11.9578],[119.9426,11.9575],[119.9426,11.9563],[119.9408,11.9568],[119.9407,11.9578]]]},"type":"Feature","id":"3ec8257e9e","properties":{"flclr":"#000000","name":"Luac","level_id":"reg","layer_val":"0","parent_id":"0","gjsonid":"5"}},{"geometry":{"type":"Polygon","coordinates":[[[119.9312,11.9618],[119.9329,11.9615],[119.9326,11.9589],[119.9311,11.9594],[119.9312,11.9618]]]},"type":"Feature","id":"0c26b45bac","properties":{"flclr":"#000000","name":"Luac","level_id":"reg","layer_val":"0","parent_id":"0","gjsonid":"5"}},{"geometry":{"type":"Polygon","coordinates":[[[119.9585,11.9589],[119.9601,11.9584],[119.9602,11.9579],[119.9587,11.9583],[119.9585,11.9589]]]},"type":"Feature","id":"282f879040","properties":{"flclr":"#000000","name":"Luac","level_id":"reg","layer_val":"0","parent_id":"0","gjsonid":"5"}},{"geometry":{"type":"Polygon","coordinates":[[[119.9814,11.9496],[119.9824,11.9498],[119.9829,11.9493],[119.9819,11.9489],[119.9814,11.9496]]]},"type":"Feature","id":"e0a8488927","properties":{"flclr":"#000000","name":"Luac","level_id":"reg","layer_val":"0","parent_id":"0","gjsonid":"5"}},{"geometry":{"type":"Polygon","coordinates":[[[120.0755,11.8680],[120.0815,11.8686],[120.0919,11.8605],[120.0802,11.8593],[120.0755,11.8680]]]},"type":"Feature","id":"72e7e4eade","properties":{"flclr":"#000000","name":"Osme\u00f1a","level_id":"reg","layer_val":"0","parent_id":"0","gjsonid":"5"}},{"geometry":{"type":"Polygon","coordinates":[[[120.0224,11.9279],[120.0256,11.9288],[120.0257,11.9265],[120.0236,11.9263],[120.0224,11.9279]]]},"type":"Feature","id":"d8ddf76cbc","properties":{"flclr":"#000000","name":"Jardin","level_id":"reg","layer_val":"0","parent_id":"0","gjsonid":"5"}},{"geometry":{"type":"Polygon","coordinates":[[[120.0375,11.9151],[120.0411,11.9167],[120.0505,11.9130],[120.0447,11.9147],[120.0375,11.9151]]]},"type":"Feature","id":"40c1736a38","properties":{"flclr":"#000000","name":"Jardin","level_id":"reg","layer_val":"0","parent_id":"0","gjsonid":"5"}},{"geometry":{"type":"Polygon","coordinates":[[[120.0230,11.9385],[120.0251,11.9387],[120.0270,11.9347],[120.0253,11.9348],[120.0230,11.9385]]]},"type":"Feature","id":"e4f863df51","properties":{"flclr":"#000000","name":"Jardin","level_id":"reg","layer_val":"0","parent_id":"0","gjsonid":"5"}},{"geometry":{"type":"Polygon","coordinates":[[[120.0250,11.9468],[120.0273,11.9469],[120.0331,11.9402],[120.0312,11.9398],[120.0250,11.9468]]]},"type":"Feature","id":"53acde2166","properties":{"flclr":"#000000","name":"Jardin","level_id":"reg","layer_val":"0","parent_id":"0","gjsonid":"5"}},{"geometry":{"type":"Polygon","coordinates":[[[120.0527,11.9102],[120.0545,11.9102],[120.0542,11.9089],[120.0528,11.9089],[120.0527,11.9102]]]},"type":"Feature","id":"304d63463e","properties":{"flclr":"#000000","name":"Jardin","level_id":"reg","layer_val":"0","parent_id":"0","gjsonid":"5"}},{"geometry":{"type":"Polygon","coordinates":[[[120.0315,11.9337],[120.0344,11.9336],[120.0352,11.9318],[120.0319,11.9327],[120.0315,11.9337]]]},"type":"Feature","id":"38b8f1ce96","properties":{"flclr":"#000000","name":"Jardin","level_id":"reg","layer_val":"0","parent_id":"0","gjsonid":"5"}},{"geometry":{"type":"Polygon","coordinates":[[[120.0191,11.9308],[120.0218,11.9315],[120.0221,11.9313],[120.0211,11.9302],[120.0191,11.9308]]]},"type":"Feature","id":"c81eb386a8","properties":{"flclr":"#000000","name":"Jardin","level_id":"reg","layer_val":"0","parent_id":"0","gjsonid":"5"}},{"geometry":{"type":"Polygon","coordinates":[[[119.8666,11.9506],[119.8677,11.9510],[119.8680,11.9502],[119.8663,11.9496],[119.8666,11.9506]]]},"type":"Feature","id":"56046dc4c1","properties":{"flclr":"#000000","name":"Galoc","level_id":"reg","layer_val":"0","parent_id":"0","gjsonid":"5"}},{"geometry":{"type":"Polygon","coordinates":[[[120.1355,12.2029],[120.1359,12.2030],[120.1364,12.2023],[120.1359,12.2023],[120.1355,12.2029]]]},"type":"Feature","id":"5987f90934","properties":{"flclr":"#000000","name":"San Jose","level_id":"reg","layer_val":"0","parent_id":"0","gjsonid":"5"}},{"geometry":{"type":"Polygon","coordinates":[[[120.2124,11.9549],[120.2130,11.9551],[120.2133,11.9543],[120.2125,11.9544],[120.2124,11.9549]]]},"type":"Feature","id":"bf7faefb9e","properties":{"flclr":"#000000","name":"Banuang Daan","level_id":"reg","layer_val":"0","parent_id":"0","gjsonid":"5"}},{"geometry":{"type":"Polygon","coordinates":[[[120.1307,12.1876],[120.1330,12.1866],[120.1359,12.1828],[120.1337,12.1831],[120.1307,12.1876]]]},"type":"Feature","id":"74e1a33ab8","properties":{"flclr":"#000000","name":"San Jose","level_id":"reg","layer_val":"0","parent_id":"0","gjsonid":"5"}},{"geometry":{"type":"Polygon","coordinates":[[[120.0851,12.2365],[120.0876,12.2379],[120.0895,12.2326],[120.0883,12.2323],[120.0851,12.2365]]]},"type":"Feature","id":"9318168fdc","properties":{"flclr":"#000000","name":"San Jose","level_id":"reg","layer_val":"0","parent_id":"0","gjsonid":"5"}},{"geometry":{"type":"Polygon","coordinates":[[[120.1291,12.1889],[120.1301,12.1881],[120.1302,12.1879],[120.1292,12.1884],[120.1291,12.1889]]]},"type":"Feature","id":"4498d92143","properties":{"flclr":"#000000","name":"San Jose","level_id":"reg","layer_val":"0","parent_id":"0","gjsonid":"5"}},{"geometry":{"type":"Polygon","coordinates":[[[120.0880,12.2377],[120.0883,12.2377],[120.0883,12.2376],[120.0880,12.2375],[120.0880,12.2377]]]},"type":"Feature","id":"2747599405","properties":{"flclr":"#000000","name":"San Jose","level_id":"reg","layer_val":"0","parent_id":"0","gjsonid":"5"}},{"geometry":{"type":"Polygon","coordinates":[[[120.1339,12.2034],[120.1341,12.2035],[120.1346,12.2031],[120.1339,12.2030],[120.1339,12.2034]]]},"type":"Feature","id":"2eee786de8","properties":{"flclr":"#000000","name":"San Jose","level_id":"reg","layer_val":"0","parent_id":"0","gjsonid":"5"}},{"geometry":{"type":"Polygon","coordinates":[[[120.1347,12.2030],[120.1348,12.2031],[120.1352,12.2029],[120.1350,12.2027],[120.1347,12.2030]]]},"type":"Feature","id":"40a62d061e","properties":{"flclr":"#000000","name":"San Jose","level_id":"reg","layer_val":"0","parent_id":"0","gjsonid":"5"}},{"geometry":{"type":"Polygon","coordinates":[[[120.1279,12.2085],[120.1314,12.2069],[120.1318,12.2061],[120.1305,12.2058],[120.1279,12.2085]]]},"type":"Feature","id":"b8cfff2665","properties":{"flclr":"#000000","name":"San Jose","level_id":"reg","layer_val":"0","parent_id":"0","gjsonid":"5"}},{"geometry":{"type":"Polygon","coordinates":[[[120.1321,12.2062],[120.1325,12.2059],[120.1324,12.2058],[120.1320,12.2059],[120.1321,12.2062]]]},"type":"Feature","id":"fc798601f5","properties":{"flclr":"#000000","name":"San Jose","level_id":"reg","layer_val":"0","parent_id":"0","gjsonid":"5"}},{"geometry":{"type":"Polygon","coordinates":[[[120.1027,12.2291],[120.1046,12.2270],[120.1039,12.2257],[120.1034,12.2260],[120.1027,12.2291]]]},"type":"Feature","id":"a951409063","properties":{"flclr":"#000000","name":"San Jose","level_id":"reg","layer_val":"0","parent_id":"0","gjsonid":"5"}},{"geometry":{"type":"Polygon","coordinates":[[[120.0836,12.2372],[120.0842,12.2369],[120.0841,12.2365],[120.0839,12.2365],[120.0836,12.2372]]]},"type":"Feature","id":"aca9332c2e","properties":{"flclr":"#000000","name":"San Jose","level_id":"reg","layer_val":"0","parent_id":"0","gjsonid":"5"}},{"geometry":{"type":"Polygon","coordinates":[[[120.1491,12.1678],[120.1539,12.1689],[120.1511,12.1626],[120.1500,12.1639],[120.1491,12.1678]]]},"type":"Feature","id":"61a446102c","properties":{"flclr":"#000000","name":"Decabobo","level_id":"reg","layer_val":"0","parent_id":"0","gjsonid":"5"}},{"geometry":{"type":"Polygon","coordinates":[[[120.1569,12.1469],[120.1615,12.1443],[120.1629,12.1414],[120.1604,12.1414],[120.1569,12.1469]]]},"type":"Feature","id":"d5ce5039ed","properties":{"flclr":"#000000","name":"Decabobo","level_id":"reg","layer_val":"0","parent_id":"0","gjsonid":"5"}},{"geometry":{"type":"Polygon","coordinates":[[[120.1629,12.1605],[120.1730,12.1566],[120.1691,12.1514],[120.1656,12.1523],[120.1629,12.1605]]]},"type":"Feature","id":"818920d528","properties":{"flclr":"#000000","name":"Decabobo","level_id":"reg","layer_val":"0","parent_id":"0","gjsonid":"5"}},{"geometry":{"type":"Polygon","coordinates":[[[120.1796,12.1397],[120.1817,12.1400],[120.1843,12.1389],[120.1826,12.1373],[120.1796,12.1397]]]},"type":"Feature","id":"6592d1abf7","properties":{"flclr":"#000000","name":"Decabobo","level_id":"reg","layer_val":"0","parent_id":"0","gjsonid":"5"}},{"geometry":{"type":"Polygon","coordinates":[[[120.1494,11.9718],[120.1518,11.9733],[120.1532,11.9730],[120.1506,11.9699],[120.1494,11.9718]]]},"type":"Feature","id":"cd10f8915d","properties":{"flclr":"#000000","name":"Lajala","level_id":"reg","layer_val":"0","parent_id":"0","gjsonid":"5"}},{"geometry":{"type":"Polygon","coordinates":[[[120.1518,11.9869],[120.1523,11.9879],[120.1542,11.9874],[120.1529,11.9853],[120.1518,11.9869]]]},"type":"Feature","id":"d9ea4ca846","properties":{"flclr":"#000000","name":"Lajala","level_id":"reg","layer_val":"0","parent_id":"0","gjsonid":"5"}},{"geometry":{"type":"Polygon","coordinates":[[[120.1695,11.9876],[120.1710,11.9887],[120.1720,11.9885],[120.1708,11.9871],[120.1695,11.9876]]]},"type":"Feature","id":"6ca5a3184b","properties":{"flclr":"#000000","name":"Lajala","level_id":"reg","layer_val":"0","parent_id":"0","gjsonid":"5"}},{"geometry":{"type":"Polygon","coordinates":[[[120.1566,11.9590],[120.1657,11.9626],[120.1689,11.9616],[120.1655,11.9557],[120.1566,11.9590]]]},"type":"Feature","id":"dd34f812ac","properties":{"flclr":"#000000","name":"Lajala","level_id":"reg","layer_val":"0","parent_id":"0","gjsonid":"5"}},{"geometry":{"type":"Polygon","coordinates":[[[120.1612,11.9853],[120.1623,11.9861],[120.1645,11.9856],[120.1634,11.9846],[120.1612,11.9853]]]},"type":"Feature","id":"bdcdaa26a4","properties":{"flclr":"#000000","name":"Lajala","level_id":"reg","layer_val":"0","parent_id":"0","gjsonid":"5"}},{"geometry":{"type":"Polygon","coordinates":[[[120.1409,11.9990],[120.1441,11.9963],[120.1448,11.9924],[120.1424,11.9940],[120.1409,11.9990]]]},"type":"Feature","id":"7ea8e434d5","properties":{"flclr":"#000000","name":"Lajala","level_id":"reg","layer_val":"0","parent_id":"0","gjsonid":"5"}},{"geometry":{"type":"Polygon","coordinates":[[[120.1963,11.9820],[120.1983,11.9838],[120.2010,11.9799],[120.1969,11.9796],[120.1963,11.9820]]]},"type":"Feature","id":"8e28c906b1","properties":{"flclr":"#000000","name":"Lajala","level_id":"reg","layer_val":"0","parent_id":"0","gjsonid":"5"}},{"geometry":{"type":"Polygon","coordinates":[[[120.1665,11.9862],[120.1676,11.9862],[120.1678,11.9859],[120.1667,11.9858],[120.1665,11.9862]]]},"type":"Feature","id":"d011f05a60","properties":{"flclr":"#000000","name":"Lajala","level_id":"reg","layer_val":"0","parent_id":"0","gjsonid":"5"}},{"geometry":{"type":"Polygon","coordinates":[[[120.1793,11.9632],[120.1803,11.9638],[120.1809,11.9631],[120.1801,11.9627],[120.1793,11.9632]]]},"type":"Feature","id":"3f080fe7c0","properties":{"flclr":"#000000","name":"Lajala","level_id":"reg","layer_val":"0","parent_id":"0","gjsonid":"5"}},{"geometry":{"type":"Polygon","coordinates":[[[120.0100,11.9810],[120.0195,11.9870],[120.0274,11.9731],[120.0222,11.9717],[120.0180,11.9798],[120.0100,11.9810]]]},"type":"Feature","id":"4f7d9872cc","properties":{"flclr":"#000000","name":"Bintuan","level_id":"reg","layer_val":"0","parent_id":"0","gjsonid":"5"}},{"geometry":{"type":"Polygon","coordinates":[[[120.1202,11.9812],[120.1233,11.9835],[120.1252,11.9789],[120.1224,11.9777],[120.1202,11.9812]]]},"type":"Feature","id":"951c519738","properties":{"flclr":"#000000","name":"Bintuan","level_id":"reg","layer_val":"0","parent_id":"0","gjsonid":"5"}},{"geometry":{"type":"Polygon","coordinates":[[[120.0726,11.9932],[120.0736,11.9942],[120.0745,11.9941],[120.0739,11.9924],[120.0726,11.9932]]]},"type":"Feature","id":"8233cb6846","properties":{"flclr":"#000000","name":"Bintuan","level_id":"reg","layer_val":"0","parent_id":"0","gjsonid":"5"}},{"geometry":{"type":"Polygon","coordinates":[[[120.1032,11.9618],[120.1090,11.9572],[120.1089,11.9547],[120.1062,11.9578],[120.1032,11.9618]]]},"type":"Feature","id":"71ce414a77","properties":{"flclr":"#000000","name":"Bintuan","level_id":"reg","layer_val":"0","parent_id":"0","gjsonid":"5"}},{"geometry":{"type":"Polygon","coordinates":[[[120.0271,11.9710],[120.0277,11.9711],[120.0275,11.9701],[120.0272,11.9702],[120.0271,11.9710]]]},"type":"Feature","id":"a2afd1bb2c","properties":{"flclr":"#000000","name":"Bintuan","level_id":"reg","layer_val":"0","parent_id":"0","gjsonid":"5"}},{"geometry":{"type":"Polygon","coordinates":[[[120.0850,11.9578],[120.0864,11.9576],[120.0869,11.9569],[120.0858,11.9569],[120.0850,11.9578]]]},"type":"Feature","id":"fdda5f25cc","properties":{"flclr":"#000000","name":"Bintuan","level_id":"reg","layer_val":"0","parent_id":"0","gjsonid":"5"}},{"geometry":{"type":"Polygon","coordinates":[[[120.1905,11.9412],[120.1923,11.9407],[120.1916,11.9392],[120.1907,11.9404],[120.1905,11.9412]]]},"type":"Feature","id":"45c7fb91b3","properties":{"flclr":"#000000","name":"Banuang Daan","level_id":"reg","layer_val":"0","parent_id":"0","gjsonid":"5"}},{"geometry":{"type":"Polygon","coordinates":[[[120.2051,11.9474],[120.2055,11.9488],[120.2075,11.9485],[120.2074,11.9482],[120.2051,11.9474]]]},"type":"Feature","id":"e98065b6e0","properties":{"flclr":"#000000","name":"Banuang Daan","level_id":"reg","layer_val":"0","parent_id":"0","gjsonid":"5"}},{"geometry":{"type":"Polygon","coordinates":[[[120.2026,11.9445],[120.2029,11.9454],[120.2031,11.9469],[120.2040,11.9446],[120.2026,11.9445]]]},"type":"Feature","id":"47bc9f6127","properties":{"flclr":"#000000","name":"Banuang Daan","level_id":"reg","layer_val":"0","parent_id":"0","gjsonid":"5"}},{"geometry":{"type":"Polygon","coordinates":[[[120.2246,11.9621],[120.2263,11.9626],[120.2268,11.9621],[120.2257,11.9606],[120.2246,11.9621]]]},"type":"Feature","id":"90e134ab81","properties":{"flclr":"#000000","name":"Banuang Daan","level_id":"reg","layer_val":"0","parent_id":"0","gjsonid":"5"}},{"geometry":{"type":"Polygon","coordinates":[[[120.2271,11.9622],[120.2273,11.9623],[120.2273,11.9619],[120.2271,11.9620],[120.2271,11.9622]]]},"type":"Feature","id":"cf5270459c","properties":{"flclr":"#000000","name":"Banuang Daan","level_id":"reg","layer_val":"0","parent_id":"0","gjsonid":"5"}},{"geometry":{"type":"Polygon","coordinates":[[[120.2282,11.9627],[120.2284,11.9627],[120.2284,11.9624],[120.2282,11.9624],[120.2282,11.9627]]]},"type":"Feature","id":"a64f16d5df","properties":{"flclr":"#000000","name":"Banuang Daan","level_id":"reg","layer_val":"0","parent_id":"0","gjsonid":"5"}},{"geometry":{"type":"Polygon","coordinates":[[[120.2319,11.9821],[120.2323,11.9819],[120.2322,11.9816],[120.2319,11.9818],[120.2319,11.9821]]]},"type":"Feature","id":"7c8b5f886f","properties":{"flclr":"#000000","name":"Tagumpay","level_id":"reg","layer_val":"0","parent_id":"0","gjsonid":"5"}},{"geometry":{"type":"Polygon","coordinates":[[[120.2294,11.9819],[120.2296,11.9818],[120.2296,11.9815],[120.2293,11.9816],[120.2294,11.9819]]]},"type":"Feature","id":"b5e0d17f55","properties":{"flclr":"#000000","name":"Tagumpay","level_id":"reg","layer_val":"0","parent_id":"0","gjsonid":"5"}},{"geometry":{"type":"Polygon","coordinates":[[[120.2298,11.9802],[120.2307,11.9801],[120.2307,11.9798],[120.2302,11.9795],[120.2298,11.9802]]]},"type":"Feature","id":"3c34e96250","properties":{"flclr":"#000000","name":"Tagumpay","level_id":"reg","layer_val":"0","parent_id":"0","gjsonid":"5"}},{"geometry":{"type":"Polygon","coordinates":[[[120.0300,12.2391],[120.0301,12.2389],[120.0301,12.2388],[120.0298,12.2389],[120.0300,12.2391]]]},"type":"Feature","id":"f724162855","properties":{"flclr":"#000000","name":"Cheey","level_id":"reg","layer_val":"0","parent_id":"0","gjsonid":"5"}},{"geometry":{"type":"Polygon","coordinates":[[[120.0284,12.2401],[120.0286,12.2400],[120.0286,12.2398],[120.0283,12.2400],[120.0284,12.2401]]]},"type":"Feature","id":"b02acadd8a","properties":{"flclr":"#000000","name":"Cheey","level_id":"reg","layer_val":"0","parent_id":"0","gjsonid":"5"}},{"geometry":{"type":"Polygon","coordinates":[[[120.0436,12.2316],[120.0442,12.2306],[120.0441,12.2303],[120.0434,12.2311],[120.0436,12.2316]]]},"type":"Feature","id":"4d8a51c6ae","properties":{"flclr":"#000000","name":"Cheey","level_id":"reg","layer_val":"0","parent_id":"0","gjsonid":"5"}},{"geometry":{"type":"Polygon","coordinates":[[[120.0909,12.2712],[120.0933,12.2710],[120.0991,12.2657],[120.0969,12.2656],[120.0909,12.2712]]]},"type":"Feature","id":"21daea6daa","properties":{"flclr":"#000000","name":"Cheey","level_id":"reg","layer_val":"0","parent_id":"0","gjsonid":"5"}},{"geometry":{"type":"Polygon","coordinates":[[[120.0887,12.2720],[120.0899,12.2722],[120.0904,12.2709],[120.0898,12.2709],[120.0887,12.2720]]]},"type":"Feature","id":"1ce2e1fb4a","properties":{"flclr":"#000000","name":"Cheey","level_id":"reg","layer_val":"0","parent_id":"0","gjsonid":"5"}},{"geometry":{"type":"Polygon","coordinates":[[[120.0905,12.2706],[120.0907,12.2705],[120.0907,12.2704],[120.0905,12.2704],[120.0905,12.2706]]]},"type":"Feature","id":"bf2b367ae9","properties":{"flclr":"#000000","name":"Cheey","level_id":"reg","layer_val":"0","parent_id":"0","gjsonid":"5"}},{"geometry":{"type":"Polygon","coordinates":[[[120.0484,12.2315],[120.0495,12.2322],[120.0497,12.2320],[120.0488,12.2312],[120.0484,12.2315]]]},"type":"Feature","id":"e87acd49e7","properties":{"flclr":"#000000","name":"Cheey","level_id":"reg","layer_val":"0","parent_id":"0","gjsonid":"5"}},{"geometry":{"type":"Polygon","coordinates":[[[120.0320,12.2371],[120.0326,12.2369],[120.0327,12.2368],[120.0324,12.2366],[120.0320,12.2371]]]},"type":"Feature","id":"8ee691eb31","properties":{"flclr":"#000000","name":"Cheey","level_id":"reg","layer_val":"0","parent_id":"0","gjsonid":"5"}},{"geometry":{"type":"Polygon","coordinates":[[[120.0468,12.2402],[120.0479,12.2395],[120.0477,12.2364],[120.0468,12.2371],[120.0468,12.2402]]]},"type":"Feature","id":"c49060b119","properties":{"flclr":"#000000","name":"Cheey","level_id":"reg","layer_val":"0","parent_id":"0","gjsonid":"5"}},{"geometry":{"type":"Polygon","coordinates":[[[120.0453,12.2426],[120.0456,12.2427],[120.0468,12.2407],[120.0455,12.2414],[120.0453,12.2426]]]},"type":"Feature","id":"3a0b975b33","properties":{"flclr":"#000000","name":"Cheey","level_id":"reg","layer_val":"0","parent_id":"0","gjsonid":"5"}},{"geometry":{"type":"Polygon","coordinates":[[[120.0517,12.2316],[120.0519,12.2315],[120.0517,12.2313],[120.0515,12.2315],[120.0517,12.2316]]]},"type":"Feature","id":"2bff889aba","properties":{"flclr":"#000000","name":"Cheey","level_id":"reg","layer_val":"0","parent_id":"0","gjsonid":"5"}},{"geometry":{"type":"Polygon","coordinates":[[[120.0507,12.2330],[120.0509,12.2331],[120.0510,12.2330],[120.0508,12.2328],[120.0507,12.2330]]]},"type":"Feature","id":"51b57ea373","properties":{"flclr":"#000000","name":"Cheey","level_id":"reg","layer_val":"0","parent_id":"0","gjsonid":"5"}},{"geometry":{"type":"Polygon","coordinates":[[[120.0456,12.2431],[120.0457,12.2431],[120.0458,12.2430],[120.0456,12.2429],[120.0456,12.2431]]]},"type":"Feature","id":"cd1b10c19c","properties":{"flclr":"#000000","name":"Cheey","level_id":"reg","layer_val":"0","parent_id":"0","gjsonid":"5"}},{"geometry":{"type":"Polygon","coordinates":[[[119.8625,12.2057],[119.8635,12.2061],[119.8640,12.2061],[119.8627,12.2052],[119.8625,12.2057]]]},"type":"Feature","id":"d9e12ad003","properties":{"flclr":"#000000","name":"New Busuanga (Pob.)","level_id":"reg","layer_val":"0","parent_id":"0","gjsonid":"5"}},{"geometry":{"type":"Polygon","coordinates":[[[119.8749,12.1731],[119.8772,12.1769],[119.8764,12.1831],[119.8818,12.1695],[119.8749,12.1731]]]},"type":"Feature","id":"b4400a0714","properties":{"flclr":"#000000","name":"New Busuanga (Pob.)","level_id":"reg","layer_val":"0","parent_id":"0","gjsonid":"5"}},{"geometry":{"type":"Polygon","coordinates":[[[119.8296,11.9824],[119.8322,11.9841],[119.8336,11.9832],[119.8308,11.9817],[119.8296,11.9824]]]},"type":"Feature","id":"a92a5b054c","properties":{"flclr":"#000000","name":"Maglalambay","level_id":"reg","layer_val":"0","parent_id":"0","gjsonid":"5"}},{"geometry":{"type":"Polygon","coordinates":[[[119.8319,11.9811],[119.8327,11.9819],[119.8332,11.9818],[119.8328,11.9806],[119.8319,11.9811]]]},"type":"Feature","id":"aaab0fdc06","properties":{"flclr":"#000000","name":"Maglalambay","level_id":"reg","layer_val":"0","parent_id":"0","gjsonid":"5"}},{"geometry":{"type":"Polygon","coordinates":[[[119.8817,11.9867],[119.8870,11.9861],[119.8886,11.9828],[119.8829,11.9846],[119.8817,11.9867]]]},"type":"Feature","id":"f0fb8717b4","properties":{"flclr":"#000000","name":"Maglalambay","level_id":"reg","layer_val":"0","parent_id":"0","gjsonid":"5"}},{"geometry":{"type":"Polygon","coordinates":[[[119.8329,11.9854],[119.8337,11.9861],[119.8339,11.9861],[119.8328,11.9851],[119.8329,11.9854]]]},"type":"Feature","id":"0a0a69c7eb","properties":{"flclr":"#000000","name":"Maglalambay","level_id":"reg","layer_val":"0","parent_id":"0","gjsonid":"5"}},{"geometry":{"type":"Polygon","coordinates":[[[119.8835,12.0064],[119.8849,12.0077],[119.8887,12.0067],[119.8877,12.0049],[119.8835,12.0064]]]},"type":"Feature","id":"f62d0ec6d4","properties":{"flclr":"#000000","name":"Maglalambay","level_id":"reg","layer_val":"0","parent_id":"0","gjsonid":"5"}},{"geometry":{"type":"Polygon","coordinates":[[[119.8667,12.0106],[119.8708,12.0107],[119.8721,12.0088],[119.8704,12.0080],[119.8667,12.0106]]]},"type":"Feature","id":"2f8ae56c93","properties":{"flclr":"#000000","name":"Maglalambay","level_id":"reg","layer_val":"0","parent_id":"0","gjsonid":"5"}},{"geometry":{"type":"Polygon","coordinates":[[[119.8762,12.0107],[119.8823,12.0154],[119.8850,12.0124],[119.8836,12.0085],[119.8762,12.0107]]]},"type":"Feature","id":"958fdb5640","properties":{"flclr":"#000000","name":"Maglalambay","level_id":"reg","layer_val":"0","parent_id":"0","gjsonid":"5"}},{"geometry":{"type":"Polygon","coordinates":[[[119.8862,12.0180],[119.8884,12.0258],[119.8925,12.0256],[119.8948,12.0205],[119.8895,12.0161],[119.8862,12.0180]]]},"type":"Feature","id":"60e52a715f","properties":{"flclr":"#000000","name":"Maglalambay","level_id":"reg","layer_val":"0","parent_id":"0","gjsonid":"5"}},{"geometry":{"type":"Polygon","coordinates":[[[119.8945,12.0182],[119.8991,12.0186],[119.8988,12.0151],[119.8957,12.0151],[119.8945,12.0182]]]},"type":"Feature","id":"8f1b780255","properties":{"flclr":"#000000","name":"Maglalambay","level_id":"reg","layer_val":"0","parent_id":"0","gjsonid":"5"}},{"geometry":{"type":"Polygon","coordinates":[[[119.9054,12.0355],[119.9158,12.0257],[119.9104,12.0187],[119.9059,12.0252],[119.9054,12.0355]]]},"type":"Feature","id":"0c28a8d80b","properties":{"flclr":"#000000","name":"Maglalambay","level_id":"reg","layer_val":"0","parent_id":"0","gjsonid":"5"}},{"geometry":{"type":"Polygon","coordinates":[[[119.9170,12.0181],[119.9193,12.0224],[119.9190,12.0305],[119.9213,12.0218],[119.9170,12.0181]]]},"type":"Feature","id":"9f82354437","properties":{"flclr":"#000000","name":"Maglalambay","level_id":"reg","layer_val":"0","parent_id":"0","gjsonid":"5"}},{"geometry":{"type":"Polygon","coordinates":[[[119.8457,12.1071],[119.8515,12.1071],[119.8522,12.1059],[119.8482,12.1023],[119.8457,12.1071]]]},"type":"Feature","id":"4692cfc10a","properties":{"flclr":"#000000","name":"Panlaitan","level_id":"reg","layer_val":"0","parent_id":"0","gjsonid":"5"}},{"geometry":{"type":"Polygon","coordinates":[[[119.8421,12.1276],[119.8468,12.1329],[119.8553,12.1133],[119.8447,12.1147],[119.8421,12.1276]]]},"type":"Feature","id":"b301c498f3","properties":{"flclr":"#000000","name":"Panlaitan","level_id":"reg","layer_val":"0","parent_id":"0","gjsonid":"5"}},{"geometry":{"type":"Polygon","coordinates":[[[119.8128,12.1450],[119.8132,12.1594],[119.8186,12.1610],[119.8160,12.1453],[119.8128,12.1450]]]},"type":"Feature","id":"6aeaec1f2f","properties":{"flclr":"#000000","name":"Panlaitan","level_id":"reg","layer_val":"0","parent_id":"0","gjsonid":"5"}},{"geometry":{"type":"Polygon","coordinates":[[[119.7851,12.0521],[119.7920,12.0589],[119.7956,12.0536],[119.7942,12.0505],[119.7851,12.0521]]]},"type":"Feature","id":"97f68bd1e8","properties":{"flclr":"#000000","name":"Bogtong","level_id":"reg","layer_val":"0","parent_id":"0","gjsonid":"5"}},{"geometry":{"type":"Polygon","coordinates":[[[119.8339,12.0736],[119.8345,12.0742],[119.8347,12.0751],[119.8345,12.0728],[119.8339,12.0736]]]},"type":"Feature","id":"442899512d","properties":{"flclr":"#000000","name":"Bogtong","level_id":"reg","layer_val":"0","parent_id":"0","gjsonid":"5"}},{"geometry":{"type":"Polygon","coordinates":[[[119.8773,12.0649],[119.8784,12.0654],[119.8793,12.0646],[119.8782,12.0641],[119.8773,12.0649]]]},"type":"Feature","id":"8f156bdb9c","properties":{"flclr":"#000000","name":"Bogtong","level_id":"reg","layer_val":"0","parent_id":"0","gjsonid":"5"}},{"geometry":{"type":"Polygon","coordinates":[[[119.8734,12.0823],[119.8748,12.0837],[119.8775,12.0830],[119.8742,12.0807],[119.8734,12.0823]]]},"type":"Feature","id":"d21ff714ee","properties":{"flclr":"#000000","name":"Bogtong","level_id":"reg","layer_val":"0","parent_id":"0","gjsonid":"5"}},{"geometry":{"type":"Polygon","coordinates":[[[119.9509,12.0221],[119.9465,12.0220],[119.9418,12.0170],[119.9444,12.0259],[119.9518,12.0313],[119.9509,12.0221]]]},"type":"Feature","id":"a0cff63cd8","properties":{"flclr":"#000000","name":"Santo Ni\u00f1o","level_id":"reg","layer_val":"0","parent_id":"0","gjsonid":"5"}},{"geometry":{"type":"Polygon","coordinates":[[[119.9410,12.0135],[119.9430,12.0104],[119.9413,12.0072],[119.9400,12.0108],[119.9410,12.0135]]]},"type":"Feature","id":"0aa6ab36de","properties":{"flclr":"#000000","name":"Santo Ni\u00f1o","level_id":"reg","layer_val":"0","parent_id":"0","gjsonid":"5"}},{"geometry":{"type":"Polygon","coordinates":[[[119.8911,12.0447],[119.9002,12.0510],[119.9036,12.0477],[119.8948,12.0415],[119.8911,12.0447]]]},"type":"Feature","id":"ece71b07fb","properties":{"flclr":"#000000","name":"Sagrada","level_id":"reg","layer_val":"0","parent_id":"0","gjsonid":"5"}},{"geometry":{"type":"Polygon","coordinates":[[[119.9524,12.0493],[119.9543,12.0533],[119.9610,12.0516],[119.9584,12.0449],[119.9524,12.0493]]]},"type":"Feature","id":"9e5c6c74d4","properties":{"flclr":"#000000","name":"Sagrada","level_id":"reg","layer_val":"0","parent_id":"0","gjsonid":"5"}},{"geometry":{"type":"Polygon","coordinates":[[[119.8658,12.0484],[119.8715,12.0466],[119.8791,12.0467],[119.8705,12.0456],[119.8658,12.0484]]]},"type":"Feature","id":"9b36f41c99","properties":{"flclr":"#000000","name":"Sagrada","level_id":"reg","layer_val":"0","parent_id":"0","gjsonid":"5"}},{"geometry":{"type":"Polygon","coordinates":[[[119.8447,12.2400],[119.8458,12.2413],[119.8543,12.2451],[119.8524,12.2424],[119.8447,12.2400]]]},"type":"Feature","id":"9b8e373cae","properties":{"flclr":"#000000","name":"Buluang","level_id":"reg","layer_val":"0","parent_id":"0","gjsonid":"5"}},{"geometry":{"type":"Polygon","coordinates":[[[120.0281,12.0842],[120.0041,12.1363],[120.0544,12.1828],[120.0870,12.1729],[120.0850,12.1683],[120.0859,12.1652],[120.0898,12.1735],[120.0962,12.1728],[120.0986,12.1768],[120.1112,12.1627],[120.1226,12.1587],[120.1274,12.1479],[120.1476,12.1411],[120.1416,12.1340],[120.1471,12.1290],[120.1499,12.1279],[120.1478,12.1361],[120.1542,12.1350],[120.1637,12.1171],[120.1651,12.1216],[120.1698,12.1197],[120.1695,12.1016],[120.1641,12.0915],[120.1408,12.0814],[120.0931,12.0308],[120.0490,12.0509],[120.0347,12.0509],[120.0423,12.0791],[120.0281,12.0842]]]},"type":"Feature","id":"341db4bdae","properties":{"flclr":"#000000","name":"Decalachao","level_id":"reg","layer_val":"0","parent_id":"0","gjsonid":"5"}},{"geometry":{"type":"Polygon","coordinates":[[[119.8643,12.2298],[119.8646,12.2303],[119.8664,12.2309],[119.8647,12.2289],[119.8643,12.2298]]]},"type":"Feature","id":"9d10711512","properties":{"flclr":"#000000","name":"Buluang","level_id":"reg","layer_val":"0","parent_id":"0","gjsonid":"5"}},{"geometry":{"type":"Polygon","coordinates":[[[119.8518,12.2485],[119.8528,12.2496],[119.8536,12.2514],[119.8532,12.2487],[119.8518,12.2485]]]},"type":"Feature","id":"f73bc3f38f","properties":{"flclr":"#000000","name":"Buluang","level_id":"reg","layer_val":"0","parent_id":"0","gjsonid":"5"}},{"geometry":{"type":"Polygon","coordinates":[[[119.8602,12.2584],[119.8608,12.2592],[119.8615,12.2592],[119.8610,12.2580],[119.8602,12.2584]]]},"type":"Feature","id":"7ca0b1be0f","properties":{"flclr":"#000000","name":"Buluang","level_id":"reg","layer_val":"0","parent_id":"0","gjsonid":"5"}},{"geometry":{"type":"Polygon","coordinates":[[[119.9523,12.3398],[119.9571,12.3443],[119.9591,12.3450],[119.9573,12.3415],[119.9523,12.3398]]]},"type":"Feature","id":"8f821e35cd","properties":{"flclr":"#000000","name":"Buluang","level_id":"reg","layer_val":"0","parent_id":"0","gjsonid":"5"}},{"geometry":{"type":"Polygon","coordinates":[[[120.0041,12.1363],[120.0281,12.0842],[119.9705,12.0546],[119.9697,12.0672],[119.9677,12.0703],[119.9662,12.0618],[119.9636,12.0656],[119.9578,12.0572],[119.9552,12.0620],[119.9528,12.0551],[119.9467,12.0689],[119.9381,12.0746],[119.9512,12.0725],[119.9604,12.0956],[119.9668,12.0972],[120.0041,12.1363]]]},"type":"Feature","id":"04776d4103","properties":{"flclr":"#000000","name":"Sagrada","level_id":"reg","layer_val":"0","parent_id":"0","gjsonid":"5"}},{"geometry":{"type":"Polygon","coordinates":[[[119.9043,12.0473],[119.9049,12.0469],[119.9050,12.0458],[119.9040,12.0474],[119.9043,12.0473]]]},"type":"Feature","id":"db8dcc6653","properties":{"flclr":"#000000","name":"Sagrada","level_id":"reg","layer_val":"0","parent_id":"0","gjsonid":"5"}},{"geometry":{"type":"Polygon","coordinates":[[[119.8985,12.0547],[119.8996,12.0554],[119.9035,12.0531],[119.9011,12.0516],[119.8985,12.0547]]]},"type":"Feature","id":"b27ca57387","properties":{"flclr":"#000000","name":"Sagrada","level_id":"reg","layer_val":"0","parent_id":"0","gjsonid":"5"}},{"geometry":{"type":"Polygon","coordinates":[[[119.9176,12.1292],[119.9206,12.1324],[119.9225,12.1269],[119.9184,12.1257],[119.9176,12.1292]]]},"type":"Feature","id":"1456e04020","properties":{"flclr":"#000000","name":"Salvacion","level_id":"reg","layer_val":"0","parent_id":"0","gjsonid":"5"}},{"geometry":{"type":"Polygon","coordinates":[[[119.8783,12.1606],[119.8811,12.1597],[119.8814,12.1573],[119.8797,12.1573],[119.8783,12.1606]]]},"type":"Feature","id":"1b3a8a291c","properties":{"flclr":"#000000","name":"San Isidro","level_id":"reg","layer_val":"0","parent_id":"0","gjsonid":"5"}},{"geometry":{"type":"Polygon","coordinates":[[[119.8816,12.1369],[119.8858,12.1397],[119.8863,12.1302],[119.8849,12.1365],[119.8816,12.1369]]]},"type":"Feature","id":"8271b0815b","properties":{"flclr":"#000000","name":"San Isidro","level_id":"reg","layer_val":"0","parent_id":"0","gjsonid":"5"}},{"geometry":{"type":"Polygon","coordinates":[[[119.8952,12.3599],[119.9036,12.3694],[119.9162,12.3676],[119.9012,12.3595],[119.8952,12.3599]]]},"type":"Feature","id":"ade126f64a","properties":{"flclr":"#000000","name":"Buluang","level_id":"reg","layer_val":"0","parent_id":"0","gjsonid":"5"}}]}