{"type":"FeatureCollection","features":[{"geometry":{"type":"Polygon","coordinates":[[[120.1088,5.9534],[120.1116,5.9453],[120.1194,5.9465],[120.1210,5.9172],[120.1120,5.9256],[120.0883,5.9758],[120.0985,5.9909],[120.1101,5.9889],[120.1217,5.9646],[120.1204,5.9535],[120.1131,5.9567],[120.1088,5.9534]]]},"type":"Feature","id":"89347cb00a","properties":{"flclr":"#000000","name":"Suang Bunah","level_id":"reg","layer_val":"0","parent_id":"0","gjsonid":"17"}},{"geometry":{"type":"Polygon","coordinates":[[[119.9339,5.8645],[119.9180,5.8728],[119.9178,5.8775],[119.9295,5.8877],[119.9396,5.8772],[119.9462,5.8815],[119.9529,5.8669],[119.9512,5.8621],[119.9339,5.8645]]]},"type":"Feature","id":"29c7489a96","properties":{"flclr":"#000000","name":"Suang Bunah","level_id":"reg","layer_val":"0","parent_id":"0","gjsonid":"17"}},{"geometry":{"type":"Polygon","coordinates":[[[119.9665,5.9199],[119.9664,5.9327],[119.9753,5.9424],[119.9795,5.9415],[119.9978,5.8800],[119.9877,5.8695],[119.9610,5.8639],[119.9560,5.8701],[119.9560,5.8901],[119.9604,5.8943],[119.9743,5.8834],[119.9829,5.8994],[119.9800,5.9090],[119.9700,5.9064],[119.9665,5.9199]]]},"type":"Feature","id":"d74a130d63","properties":{"flclr":"#000000","name":"Suang Bunah","level_id":"reg","layer_val":"0","parent_id":"0","gjsonid":"17"}},{"geometry":{"type":"Polygon","coordinates":[[[120.0646,5.8818],[120.0651,5.8917],[120.0701,5.8944],[120.0759,5.8733],[120.0690,5.8740],[120.0646,5.8818]]]},"type":"Feature","id":"0bbaeedb4f","properties":{"flclr":"#000000","name":"Suang Bunah","level_id":"reg","layer_val":"0","parent_id":"0","gjsonid":"17"}},{"geometry":{"type":"Polygon","coordinates":[[[120.2136,5.7026],[120.2188,5.7016],[120.2186,5.6986],[120.2152,5.6981],[120.2136,5.7026]]]},"type":"Feature","id":"57dca4d406","properties":{"flclr":"#000000","name":"Mamanok","level_id":"reg","layer_val":"0","parent_id":"0","gjsonid":"17"}}]}