{"type":"FeatureCollection","features":[{"geometry":{"type":"Polygon","coordinates":[[[119.8438,4.8122],[119.8649,4.8059],[119.8680,4.7967],[119.8620,4.7927],[119.8358,4.7914],[119.8438,4.8122]]]},"type":"Feature","id":"1d1824eb60","properties":{"flclr":"#000000","name":"Luuk Datan","level_id":"reg","layer_val":"0","parent_id":"0","gjsonid":"17"}},{"geometry":{"type":"Polygon","coordinates":[[[119.9289,4.9002],[119.9339,4.9009],[119.9311,4.8950],[119.9299,4.9000],[119.9289,4.9002]]]},"type":"Feature","id":"9a3abbaacd","properties":{"flclr":"#000000","name":"Tundon","level_id":"reg","layer_val":"0","parent_id":"0","gjsonid":"17"}},{"geometry":{"type":"Polygon","coordinates":[[[119.9319,4.9028],[119.9320,4.9029],[119.9320,4.9029],[119.9320,4.9028],[119.9319,4.9028]]]},"type":"Feature","id":"d532a18d17","properties":{"flclr":"#000000","name":"Tundon","level_id":"reg","layer_val":"0","parent_id":"0","gjsonid":"17"}},{"geometry":{"type":"Polygon","coordinates":[[[119.9327,4.9031],[119.9332,4.9036],[119.9338,4.9035],[119.9331,4.9024],[119.9327,4.9031]]]},"type":"Feature","id":"5b7c17e9e9","properties":{"flclr":"#000000","name":"Tundon","level_id":"reg","layer_val":"0","parent_id":"0","gjsonid":"17"}},{"geometry":{"type":"Polygon","coordinates":[[[119.9325,4.9030],[119.9326,4.9031],[119.9326,4.9031],[119.9326,4.9030],[119.9325,4.9030]]]},"type":"Feature","id":"4e08ab49e8","properties":{"flclr":"#000000","name":"Tundon","level_id":"reg","layer_val":"0","parent_id":"0","gjsonid":"17"}},{"geometry":{"type":"Polygon","coordinates":[[[119.9334,4.9025],[119.9334,4.9025],[119.9334,4.9025],[119.9334,4.9025],[119.9334,4.9025]]]},"type":"Feature","id":"09a71c0bfe","properties":{"flclr":"#000000","name":"Tundon","level_id":"reg","layer_val":"0","parent_id":"0","gjsonid":"17"}},{"geometry":{"type":"Polygon","coordinates":[[[119.9332,4.9022],[119.9332,4.9023],[119.9333,4.9022],[119.9333,4.9022],[119.9332,4.9022]]]},"type":"Feature","id":"993d8b7b64","properties":{"flclr":"#000000","name":"Tundon","level_id":"reg","layer_val":"0","parent_id":"0","gjsonid":"17"}},{"geometry":{"type":"Polygon","coordinates":[[[119.9356,4.9041],[119.9361,4.9045],[119.9363,4.9042],[119.9361,4.9039],[119.9356,4.9041]]]},"type":"Feature","id":"3a56b996bb","properties":{"flclr":"#000000","name":"Tundon","level_id":"reg","layer_val":"0","parent_id":"0","gjsonid":"17"}},{"geometry":{"type":"Polygon","coordinates":[[[119.9369,4.9050],[119.9426,4.9081],[119.9434,4.9097],[119.9436,4.9048],[119.9369,4.9050]]]},"type":"Feature","id":"1967ec3210","properties":{"flclr":"#000000","name":"Tundon","level_id":"reg","layer_val":"0","parent_id":"0","gjsonid":"17"}},{"geometry":{"type":"Polygon","coordinates":[[[119.9430,4.9100],[119.9431,4.9102],[119.9431,4.9099],[119.9430,4.9099],[119.9430,4.9100]]]},"type":"Feature","id":"b779200e16","properties":{"flclr":"#000000","name":"Tundon","level_id":"reg","layer_val":"0","parent_id":"0","gjsonid":"17"}},{"geometry":{"type":"Polygon","coordinates":[[[119.9452,4.9110],[119.9452,4.9119],[119.9477,4.9148],[119.9481,4.9133],[119.9452,4.9110]]]},"type":"Feature","id":"8549a6f32c","properties":{"flclr":"#000000","name":"Liyaburan","level_id":"reg","layer_val":"0","parent_id":"0","gjsonid":"17"}},{"geometry":{"type":"Polygon","coordinates":[[[119.9475,4.9152],[119.9477,4.9152],[119.9477,4.9152],[119.9476,4.9151],[119.9475,4.9152]]]},"type":"Feature","id":"87fc9bf0ec","properties":{"flclr":"#000000","name":"Liyaburan","level_id":"reg","layer_val":"0","parent_id":"0","gjsonid":"17"}},{"geometry":{"type":"Polygon","coordinates":[[[119.9482,4.9158],[119.9494,4.9171],[119.9500,4.9154],[119.9490,4.9160],[119.9482,4.9158]]]},"type":"Feature","id":"8c3031083f","properties":{"flclr":"#000000","name":"Liyaburan","level_id":"reg","layer_val":"0","parent_id":"0","gjsonid":"17"}},{"geometry":{"type":"Polygon","coordinates":[[[119.9500,4.9151],[119.9504,4.9153],[119.9502,4.9146],[119.9502,4.9147],[119.9500,4.9151]]]},"type":"Feature","id":"4c90933a34","properties":{"flclr":"#000000","name":"Liyaburan","level_id":"reg","layer_val":"0","parent_id":"0","gjsonid":"17"}},{"geometry":{"type":"Polygon","coordinates":[[[119.8394,4.8157],[119.8184,4.7964],[119.8091,4.8060],[119.8086,4.8174],[119.8139,4.8212],[119.8314,4.8223],[119.8394,4.8157]]]},"type":"Feature","id":"cc433b312f","properties":{"flclr":"#000000","name":"Timundon","level_id":"reg","layer_val":"0","parent_id":"0","gjsonid":"17"}},{"geometry":{"type":"Polygon","coordinates":[[[119.7962,4.9242],[119.8121,4.9003],[119.8047,4.9015],[119.7910,4.9213],[119.7962,4.9242]]]},"type":"Feature","id":"62247713ef","properties":{"flclr":"#000000","name":"Sukah-Bulan","level_id":"reg","layer_val":"0","parent_id":"0","gjsonid":"17"}},{"geometry":{"type":"Polygon","coordinates":[[[119.8199,4.8899],[119.8149,4.8973],[119.8176,4.9049],[119.8215,4.9029],[119.8199,4.8899]]]},"type":"Feature","id":"ae05c28b67","properties":{"flclr":"#000000","name":"Tonggosong","level_id":"reg","layer_val":"0","parent_id":"0","gjsonid":"17"}},{"geometry":{"type":"Polygon","coordinates":[[[119.8535,4.8688],[119.8518,4.8636],[119.8080,4.8539],[119.8291,4.8789],[119.8535,4.8688]]]},"type":"Feature","id":"d1cd83f39e","properties":{"flclr":"#000000","name":"Bagid*","level_id":"reg","layer_val":"0","parent_id":"0","gjsonid":"17"}},{"geometry":{"type":"Polygon","coordinates":[[[119.8394,4.8157],[119.8438,4.8122],[119.8358,4.7914],[119.8184,4.7964],[119.8394,4.8157]]]},"type":"Feature","id":"fe3df55d5d","properties":{"flclr":"#000000","name":"Manuk Mangkaw","level_id":"reg","layer_val":"0","parent_id":"0","gjsonid":"17"}},{"geometry":{"type":"Polygon","coordinates":[[[119.8121,4.9003],[119.7962,4.9242],[119.8017,4.9271],[119.8038,4.9245],[119.8121,4.9003]]]},"type":"Feature","id":"a365ae8acf","properties":{"flclr":"#000000","name":"Ubol","level_id":"reg","layer_val":"0","parent_id":"0","gjsonid":"17"}},{"geometry":{"type":"Polygon","coordinates":[[[119.8121,4.9003],[119.8038,4.9245],[119.8125,4.9244],[119.8121,4.9003]]]},"type":"Feature","id":"3605583112","properties":{"flclr":"#000000","name":"Mongkay","level_id":"reg","layer_val":"0","parent_id":"0","gjsonid":"17"}},{"geometry":{"type":"Polygon","coordinates":[[[119.8125,4.9244],[119.8200,4.9240],[119.8130,4.9089],[119.8172,4.9060],[119.8149,4.8973],[119.8121,4.9003],[119.8125,4.9244]]]},"type":"Feature","id":"abb458af75","properties":{"flclr":"#000000","name":"Maruwa","level_id":"reg","layer_val":"0","parent_id":"0","gjsonid":"17"}},{"geometry":{"type":"Polygon","coordinates":[[[119.7926,4.8910],[119.8199,4.8899],[119.8235,4.8854],[119.7944,4.8848],[119.7926,4.8910]]]},"type":"Feature","id":"ab5831e750","properties":{"flclr":"#000000","name":"Bakong","level_id":"reg","layer_val":"0","parent_id":"0","gjsonid":"17"}},{"geometry":{"type":"Polygon","coordinates":[[[119.8199,4.8899],[119.7926,4.8910],[119.7915,4.8977],[119.8199,4.8899]]]},"type":"Feature","id":"ce85e9806f","properties":{"flclr":"#000000","name":"Pagasinan","level_id":"reg","layer_val":"0","parent_id":"0","gjsonid":"17"}},{"geometry":{"type":"Polygon","coordinates":[[[119.7944,4.8848],[119.8235,4.8854],[119.8291,4.8789],[119.8057,4.8541],[119.7944,4.8848]]]},"type":"Feature","id":"aa50de26fd","properties":{"flclr":"#000000","name":"Panglima Mastul","level_id":"reg","layer_val":"0","parent_id":"0","gjsonid":"17"}},{"geometry":{"type":"Polygon","coordinates":[[[119.7910,4.9213],[119.8047,4.9015],[119.8121,4.9003],[119.8199,4.8899],[119.7915,4.8977],[119.7910,4.9213]]]},"type":"Feature","id":"8f6d1e1895","properties":{"flclr":"#000000","name":"Tampakan (Pob.)","level_id":"reg","layer_val":"0","parent_id":"0","gjsonid":"17"}},{"geometry":{"type":"Polygon","coordinates":[[[119.8179,4.9131],[119.8200,4.9240],[119.8211,4.9241],[119.8217,4.9231],[119.8238,4.9225],[119.8243,4.9218],[119.8205,4.9229],[119.8229,4.9176],[119.8179,4.9131]]]},"type":"Feature","id":"92dc1968b4","properties":{"flclr":"#000000","name":"Tonggosong","level_id":"reg","layer_val":"0","parent_id":"0","gjsonid":"17"}},{"geometry":{"type":"Polygon","coordinates":[[[119.8199,4.8899],[119.8215,4.9029],[119.8245,4.9001],[119.8240,4.9038],[119.8290,4.9047],[119.8262,4.9165],[119.8333,4.9157],[119.8482,4.8999],[119.8527,4.9013],[119.8341,4.8908],[119.8199,4.8899]]]},"type":"Feature","id":"df360a7be7","properties":{"flclr":"#000000","name":"Doh-Tong","level_id":"reg","layer_val":"0","parent_id":"0","gjsonid":"17"}},{"geometry":{"type":"Polygon","coordinates":[[[119.8527,4.9013],[119.8535,4.8688],[119.8291,4.8789],[119.8199,4.8899],[119.8341,4.8908],[119.8527,4.9013]]]},"type":"Feature","id":"6f31f114dd","properties":{"flclr":"#000000","name":"Tubig Indangan","level_id":"reg","layer_val":"0","parent_id":"0","gjsonid":"17"}}]}