{"type":"FeatureCollection","features":[{"geometry":{"type":"Polygon","coordinates":[[[126.4738,7.5216],[126.5074,7.5073],[126.5702,7.5176],[126.5547,7.4784],[126.4611,7.4512],[126.2922,7.4473],[126.2809,7.5021],[126.4738,7.5216]]]},"type":"Feature","id":"3ddba741c3","properties":{"flclr":"#000000","name":"Batawan","level_id":"reg","layer_val":"0","parent_id":"0","gjsonid":"12"}},{"geometry":{"type":"Polygon","coordinates":[[[126.5643,7.7039],[126.5669,7.7027],[126.5592,7.7007],[126.5605,7.7038],[126.5643,7.7039]]]},"type":"Feature","id":"23868be161","properties":{"flclr":"#000000","name":"Kinablangan","level_id":"reg","layer_val":"0","parent_id":"0","gjsonid":"12"}},{"geometry":{"type":"Polygon","coordinates":[[[126.5720,7.7136],[126.5711,7.7136],[126.5718,7.7148],[126.5724,7.7143],[126.5720,7.7136]]]},"type":"Feature","id":"c20b88ee4c","properties":{"flclr":"#000000","name":"Banao","level_id":"reg","layer_val":"0","parent_id":"0","gjsonid":"12"}},{"geometry":{"type":"Polygon","coordinates":[[[126.5828,7.5640],[126.5817,7.5653],[126.5834,7.5659],[126.5836,7.5649],[126.5828,7.5640]]]},"type":"Feature","id":"c20b65f238","properties":{"flclr":"#000000","name":"Lucod","level_id":"reg","layer_val":"0","parent_id":"0","gjsonid":"12"}},{"geometry":{"type":"Polygon","coordinates":[[[126.5264,7.1968],[126.5130,7.2419],[126.5740,7.2287],[126.5589,7.1993],[126.5333,7.1836],[126.5264,7.1968]]]},"type":"Feature","id":"4177e9acae","properties":{"flclr":"#000000","name":"Central (Pob.)","level_id":"reg","layer_val":"0","parent_id":"0","gjsonid":"12"}},{"geometry":{"type":"Polygon","coordinates":[[[126.5968,7.2661],[126.5699,7.2321],[126.5337,7.2330],[126.5059,7.2759],[126.5968,7.2661]]]},"type":"Feature","id":"a66df99bd1","properties":{"flclr":"#000000","name":"San Isidro","level_id":"reg","layer_val":"0","parent_id":"0","gjsonid":"12"}},{"geometry":{"type":"Polygon","coordinates":[[[126.5650,7.3275],[126.5544,7.3201],[126.5459,7.2867],[126.5255,7.3055],[126.5363,7.3324],[126.5650,7.3275]]]},"type":"Feature","id":"101e2120cb","properties":{"flclr":"#000000","name":"San Jose","level_id":"reg","layer_val":"0","parent_id":"0","gjsonid":"12"}},{"geometry":{"type":"Polygon","coordinates":[[[126.5669,7.3894],[126.5583,7.3716],[126.5074,7.3942],[126.5609,7.3934],[126.5669,7.3894]]]},"type":"Feature","id":"d07ea4206f","properties":{"flclr":"#000000","name":"Santa Fe","level_id":"reg","layer_val":"0","parent_id":"0","gjsonid":"12"}},{"geometry":{"type":"Polygon","coordinates":[[[126.5521,7.4133],[126.5798,7.3941],[126.5203,7.3949],[126.5193,7.4179],[126.5521,7.4133]]]},"type":"Feature","id":"d442090801","properties":{"flclr":"#000000","name":"Manorigao","level_id":"reg","layer_val":"0","parent_id":"0","gjsonid":"12"}},{"geometry":{"type":"Polygon","coordinates":[[[126.5538,7.3552],[126.5695,7.3423],[126.5715,7.3279],[126.5308,7.3367],[126.5538,7.3552]]]},"type":"Feature","id":"b2867d6265","properties":{"flclr":"#000000","name":"Poblacion","level_id":"reg","layer_val":"0","parent_id":"0","gjsonid":"12"}},{"geometry":{"type":"Polygon","coordinates":[[[126.5968,7.2661],[126.5607,7.2633],[126.5417,7.2808],[126.5578,7.3008],[126.5694,7.2882],[126.5982,7.2959],[126.5968,7.2661]]]},"type":"Feature","id":"7ff0eabca6","properties":{"flclr":"#000000","name":"Santiago","level_id":"reg","layer_val":"0","parent_id":"0","gjsonid":"12"}},{"geometry":{"type":"Polygon","coordinates":[[[126.5547,7.4784],[126.5702,7.5176],[126.5934,7.5232],[126.5984,7.4807],[126.5547,7.4784]]]},"type":"Feature","id":"200ec3833b","properties":{"flclr":"#000000","name":"Bobonao","level_id":"reg","layer_val":"0","parent_id":"0","gjsonid":"12"}},{"geometry":{"type":"Polygon","coordinates":[[[126.5934,7.5232],[126.5702,7.5176],[126.5388,7.5127],[126.5624,7.5517],[126.5835,7.5522],[126.5934,7.5232]]]},"type":"Feature","id":"ebe765e7b0","properties":{"flclr":"#000000","name":"Salingcomot","level_id":"reg","layer_val":"0","parent_id":"0","gjsonid":"12"}},{"geometry":{"type":"Polygon","coordinates":[[[126.5558,7.4448],[126.5404,7.4499],[126.4611,7.4512],[126.5139,7.4741],[126.5981,7.4805],[126.5947,7.4488],[126.5558,7.4448]]]},"type":"Feature","id":"484600eca6","properties":{"flclr":"#000000","name":"Baculin","level_id":"reg","layer_val":"0","parent_id":"0","gjsonid":"12"}},{"geometry":{"type":"Polygon","coordinates":[[[126.5575,7.6511],[126.5640,7.6192],[126.5341,7.6145],[126.5332,7.6512],[126.5575,7.6511]]]},"type":"Feature","id":"ede56910f6","properties":{"flclr":"#000000","name":"Dapnan","level_id":"reg","layer_val":"0","parent_id":"0","gjsonid":"12"}},{"geometry":{"type":"Polygon","coordinates":[[[126.5198,7.6006],[126.5341,7.6145],[126.5771,7.6137],[126.5621,7.5985],[126.5198,7.6006]]]},"type":"Feature","id":"e830a0f800","properties":{"flclr":"#000000","name":"Lambajon","level_id":"reg","layer_val":"0","parent_id":"0","gjsonid":"12"}},{"geometry":{"type":"Polygon","coordinates":[[[126.5621,7.5985],[126.5559,7.5756],[126.5292,7.5721],[126.5198,7.6006],[126.5621,7.5985]]]},"type":"Feature","id":"5a5f54f5ad","properties":{"flclr":"#000000","name":"Saoquegue","level_id":"reg","layer_val":"0","parent_id":"0","gjsonid":"12"}},{"geometry":{"type":"Polygon","coordinates":[[[126.5549,7.7113],[126.5232,7.7120],[126.5194,7.7336],[126.5616,7.7321],[126.5703,7.7167],[126.5549,7.7113]]]},"type":"Feature","id":"12238a3609","properties":{"flclr":"#000000","name":"Banao","level_id":"reg","layer_val":"0","parent_id":"0","gjsonid":"12"}},{"geometry":{"type":"Polygon","coordinates":[[[126.5624,7.5517],[126.5434,7.5568],[126.5596,7.5787],[126.5670,7.5716],[126.5624,7.5517]]]},"type":"Feature","id":"ff849979f2","properties":{"flclr":"#000000","name":"Central (Pob.)","level_id":"reg","layer_val":"0","parent_id":"0","gjsonid":"12"}},{"geometry":{"type":"Polygon","coordinates":[[[126.5835,7.5522],[126.5624,7.5517],[126.5611,7.5671],[126.5808,7.5705],[126.5835,7.5522]]]},"type":"Feature","id":"4fd3829a70","properties":{"flclr":"#000000","name":"Lucod","level_id":"reg","layer_val":"0","parent_id":"0","gjsonid":"12"}}]}