{"type":"FeatureCollection","features":[{"geometry":{"type":"Polygon","coordinates":[[[124.1649,14.0182],[124.1681,14.0262],[124.1817,14.0252],[124.1820,14.0015],[124.1604,14.0085],[124.1649,14.0182]]]},"type":"Feature","id":"e3089b0860","properties":{"flclr":"#000000","name":"Lumabao","level_id":"reg","layer_val":"0","parent_id":"0","gjsonid":"6"}},{"geometry":{"type":"Polygon","coordinates":[[[124.1694,14.0377],[124.1743,14.0390],[124.1817,14.0252],[124.1681,14.0262],[124.1694,14.0377]]]},"type":"Feature","id":"f37fa089d6","properties":{"flclr":"#000000","name":"Bagawang","level_id":"reg","layer_val":"0","parent_id":"0","gjsonid":"6"}},{"geometry":{"type":"Polygon","coordinates":[[[124.1697,14.0508],[124.1724,14.0523],[124.1756,14.0445],[124.1689,14.0450],[124.1697,14.0508]]]},"type":"Feature","id":"07cea2f354","properties":{"flclr":"#000000","name":"Napo (Pob.)","level_id":"reg","layer_val":"0","parent_id":"0","gjsonid":"6"}},{"geometry":{"type":"Polygon","coordinates":[[[124.1697,14.0508],[124.1689,14.0450],[124.1580,14.0501],[124.1599,14.0539],[124.1697,14.0508]]]},"type":"Feature","id":"f06df36ad9","properties":{"flclr":"#000000","name":"Pandan Del Norte (Pob.)","level_id":"reg","layer_val":"0","parent_id":"0","gjsonid":"6"}},{"geometry":{"type":"Polygon","coordinates":[[[124.1689,14.0450],[124.1694,14.0377],[124.1618,14.0380],[124.1594,14.0457],[124.1689,14.0450]]]},"type":"Feature","id":"e4e3f1d843","properties":{"flclr":"#000000","name":"Pandan Del Sur (Pob.)","level_id":"reg","layer_val":"0","parent_id":"0","gjsonid":"6"}},{"geometry":{"type":"Polygon","coordinates":[[[124.1694,14.0377],[124.1689,14.0450],[124.1756,14.0445],[124.1743,14.0390],[124.1694,14.0377]]]},"type":"Feature","id":"88cb67bf11","properties":{"flclr":"#000000","name":"Libod (Pob.)","level_id":"reg","layer_val":"0","parent_id":"0","gjsonid":"6"}},{"geometry":{"type":"Polygon","coordinates":[[[124.1618,14.0380],[124.1676,14.0375],[124.1649,14.0182],[124.1562,14.0189],[124.1545,14.0285],[124.1618,14.0380]]]},"type":"Feature","id":"9a4fdbe177","properties":{"flclr":"#000000","name":"Santa Cruz (Catagbacan)","level_id":"reg","layer_val":"0","parent_id":"0","gjsonid":"6"}},{"geometry":{"type":"Polygon","coordinates":[[[124.1562,14.0189],[124.1649,14.0182],[124.1604,14.0085],[124.1399,14.0212],[124.1562,14.0189]]]},"type":"Feature","id":"69dc015b12","properties":{"flclr":"#000000","name":"San Rafael (Bogtong)","level_id":"reg","layer_val":"0","parent_id":"0","gjsonid":"6"}},{"geometry":{"type":"Polygon","coordinates":[[[124.1464,14.0599],[124.1618,14.0380],[124.1545,14.0285],[124.1433,14.0339],[124.1464,14.0599]]]},"type":"Feature","id":"c6669be875","properties":{"flclr":"#000000","name":"Oga","level_id":"reg","layer_val":"0","parent_id":"0","gjsonid":"6"}},{"geometry":{"type":"Polygon","coordinates":[[[124.1433,14.0339],[124.1510,14.0329],[124.1562,14.0189],[124.1399,14.0212],[124.1371,14.0339],[124.1433,14.0339]]]},"type":"Feature","id":"9038b0ca7e","properties":{"flclr":"#000000","name":"Catamban","level_id":"reg","layer_val":"0","parent_id":"0","gjsonid":"6"}},{"geometry":{"type":"Polygon","coordinates":[[[124.2111,14.0296],[124.2129,14.0491],[124.2336,14.0499],[124.2419,14.0342],[124.2111,14.0296]]]},"type":"Feature","id":"cbeaa1e990","properties":{"flclr":"#000000","name":"Porot (San Jose)","level_id":"reg","layer_val":"0","parent_id":"0","gjsonid":"6"}},{"geometry":{"type":"Polygon","coordinates":[[[124.2509,14.0437],[124.2511,14.0372],[124.2474,14.0363],[124.2433,14.0423],[124.2509,14.0437]]]},"type":"Feature","id":"62af5aaefb","properties":{"flclr":"#000000","name":"Wagdas","level_id":"reg","layer_val":"0","parent_id":"0","gjsonid":"6"}},{"geometry":{"type":"Polygon","coordinates":[[[123.8351,13.9245],[123.8414,13.8963],[123.8315,13.8895],[123.8288,13.9244],[123.8351,13.9245]]]},"type":"Feature","id":"da7f3edccf","properties":{"flclr":"#000000","name":"Oring","level_id":"reg","layer_val":"0","parent_id":"0","gjsonid":"6"}},{"geometry":{"type":"Polygon","coordinates":[[[123.8329,13.9393],[123.8364,13.9253],[123.8288,13.9244],[123.8264,13.9394],[123.8329,13.9393]]]},"type":"Feature","id":"7d52f23112","properties":{"flclr":"#000000","name":"Daraga","level_id":"reg","layer_val":"0","parent_id":"0","gjsonid":"6"}},{"geometry":{"type":"Polygon","coordinates":[[[123.8264,13.9394],[123.8326,13.9031],[123.8301,13.8909],[123.8237,13.9113],[123.8115,13.9123],[123.8112,13.9299],[123.8189,13.9273],[123.8136,13.9365],[123.8264,13.9394]]]},"type":"Feature","id":"ddc784ab4b","properties":{"flclr":"#000000","name":"Gata","level_id":"reg","layer_val":"0","parent_id":"0","gjsonid":"6"}},{"geometry":{"type":"Polygon","coordinates":[[[123.8329,13.9393],[123.8073,13.9441],[123.8188,13.9517],[123.8169,13.9773],[123.8384,13.9742],[123.8329,13.9393]]]},"type":"Feature","id":"be71c24aab","properties":{"flclr":"#000000","name":"Gogon","level_id":"reg","layer_val":"0","parent_id":"0","gjsonid":"6"}},{"geometry":{"type":"Polygon","coordinates":[[[124.2860,13.9427],[124.2900,13.9415],[124.2899,13.9407],[124.2853,13.9410],[124.2860,13.9427]]]},"type":"Feature","id":"c06c948111","properties":{"flclr":"#000000","name":"Poblacion","level_id":"reg","layer_val":"0","parent_id":"0","gjsonid":"6"}},{"geometry":{"type":"Polygon","coordinates":[[[124.2369,14.0556],[124.2459,14.0536],[124.2509,14.0437],[124.2382,14.0414],[124.2369,14.0556]]]},"type":"Feature","id":"4bc162b6de","properties":{"flclr":"#000000","name":"Tabugoc","level_id":"reg","layer_val":"0","parent_id":"0","gjsonid":"6"}},{"geometry":{"type":"Polygon","coordinates":[[[124.3437,13.9129],[124.3248,13.9218],[124.3351,13.9371],[124.3433,13.9371],[124.3437,13.9129]]]},"type":"Feature","id":"88fb7d1546","properties":{"flclr":"#000000","name":"Maculiw","level_id":"reg","layer_val":"0","parent_id":"0","gjsonid":"6"}},{"geometry":{"type":"Polygon","coordinates":[[[124.3545,13.9136],[124.3437,13.9129],[124.3434,13.9375],[124.3514,13.9400],[124.3597,13.9243],[124.3545,13.9136]]]},"type":"Feature","id":"e176b276dc","properties":{"flclr":"#000000","name":"Cagdarao","level_id":"reg","layer_val":"0","parent_id":"0","gjsonid":"6"}},{"geometry":{"type":"Polygon","coordinates":[[[124.1399,14.0212],[124.1511,14.0117],[124.1495,14.0057],[124.1373,14.0108],[124.1399,14.0212]]]},"type":"Feature","id":"ba44a3ece4","properties":{"flclr":"#000000","name":"Cobo","level_id":"reg","layer_val":"0","parent_id":"0","gjsonid":"6"}},{"geometry":{"type":"Polygon","coordinates":[[[124.3080,13.9330],[124.3141,13.9338],[124.3068,13.9275],[124.3123,13.9138],[124.2913,13.9123],[124.2782,13.9222],[124.3080,13.9330]]]},"type":"Feature","id":"c709c7ef61","properties":{"flclr":"#000000","name":"Taopon (Pangcayanan)","level_id":"reg","layer_val":"0","parent_id":"0","gjsonid":"6"}},{"geometry":{"type":"Polygon","coordinates":[[[124.3360,13.9423],[124.3302,13.9536],[124.3459,13.9638],[124.3405,13.9515],[124.3505,13.9577],[124.3551,13.9461],[124.3360,13.9423]]]},"type":"Feature","id":"0ffe2d863b","properties":{"flclr":"#000000","name":"Panay","level_id":"reg","layer_val":"0","parent_id":"0","gjsonid":"6"}},{"geometry":{"type":"Polygon","coordinates":[[[124.3302,13.9536],[124.3360,13.9423],[124.3265,13.9413],[124.3219,13.9489],[124.3302,13.9536]]]},"type":"Feature","id":"0e3d2c44ae","properties":{"flclr":"#000000","name":"Babaguan","level_id":"reg","layer_val":"0","parent_id":"0","gjsonid":"6"}},{"geometry":{"type":"Polygon","coordinates":[[[124.1495,14.0057],[124.1511,14.0117],[124.1820,14.0015],[124.1814,13.9896],[124.1495,14.0057]]]},"type":"Feature","id":"bd6fc5aaf5","properties":{"flclr":"#000000","name":"Panuto","level_id":"reg","layer_val":"0","parent_id":"0","gjsonid":"6"}},{"geometry":{"type":"Polygon","coordinates":[[[124.2129,14.0491],[124.2111,14.0296],[124.1817,14.0252],[124.1730,14.0512],[124.2012,14.0654],[124.2129,14.0491]]]},"type":"Feature","id":"85187b0b3f","properties":{"flclr":"#000000","name":"Salvacion (Tariwara)","level_id":"reg","layer_val":"0","parent_id":"0","gjsonid":"6"}},{"geometry":{"type":"Polygon","coordinates":[[[124.1730,14.0512],[124.1744,14.0657],[124.1862,14.0639],[124.1893,14.0788],[124.1957,14.0621],[124.1730,14.0512]]]},"type":"Feature","id":"f732d2698d","properties":{"flclr":"#000000","name":"Canlubi","level_id":"reg","layer_val":"0","parent_id":"0","gjsonid":"6"}},{"geometry":{"type":"Polygon","coordinates":[[[124.2012,14.0654],[124.1957,14.0621],[124.1893,14.0788],[124.1986,14.0933],[124.2012,14.0654]]]},"type":"Feature","id":"078425521e","properties":{"flclr":"#000000","name":"Hiyop","level_id":"reg","layer_val":"0","parent_id":"0","gjsonid":"6"}},{"geometry":{"type":"Polygon","coordinates":[[[124.2025,14.0648],[124.1986,14.0933],[124.2065,14.0996],[124.2239,14.0715],[124.2025,14.0648]]]},"type":"Feature","id":"4bfbe6602a","properties":{"flclr":"#000000","name":"Baldoc","level_id":"reg","layer_val":"0","parent_id":"0","gjsonid":"6"}},{"geometry":{"type":"Polygon","coordinates":[[[124.2239,14.0715],[124.2332,14.0645],[124.2134,14.0546],[124.2025,14.0648],[124.2239,14.0715]]]},"type":"Feature","id":"72f6c649f5","properties":{"flclr":"#000000","name":"Marambong","level_id":"reg","layer_val":"0","parent_id":"0","gjsonid":"6"}},{"geometry":{"type":"Polygon","coordinates":[[[124.2134,14.0546],[124.2332,14.0645],[124.2370,14.0540],[124.2129,14.0491],[124.2134,14.0546]]]},"type":"Feature","id":"10efb13868","properties":{"flclr":"#000000","name":"San Roque","level_id":"reg","layer_val":"0","parent_id":"0","gjsonid":"6"}},{"geometry":{"type":"Polygon","coordinates":[[[124.1820,14.0015],[124.1817,14.0252],[124.2111,14.0296],[124.2298,14.0039],[124.2326,13.9701],[124.1814,13.9896],[124.1820,14.0015]]]},"type":"Feature","id":"9a8b95d496","properties":{"flclr":"#000000","name":"San Isidro (Langob)","level_id":"reg","layer_val":"0","parent_id":"0","gjsonid":"6"}},{"geometry":{"type":"Polygon","coordinates":[[[124.2419,14.0342],[124.2382,14.0414],[124.2433,14.0423],[124.2477,14.0333],[124.2419,14.0342]]]},"type":"Feature","id":"edd71518f2","properties":{"flclr":"#000000","name":"Lourdes","level_id":"reg","layer_val":"0","parent_id":"0","gjsonid":"6"}},{"geometry":{"type":"Polygon","coordinates":[[[124.2419,14.0342],[124.2621,14.0336],[124.2633,14.0153],[124.2418,14.0141],[124.2298,14.0039],[124.2111,14.0296],[124.2419,14.0342]]]},"type":"Feature","id":"a7d86284f1","properties":{"flclr":"#000000","name":"Tokio","level_id":"reg","layer_val":"0","parent_id":"0","gjsonid":"6"}},{"geometry":{"type":"Polygon","coordinates":[[[124.1371,14.0339],[124.1399,14.0212],[124.1355,14.0186],[124.1296,14.0302],[124.1371,14.0339]]]},"type":"Feature","id":"ec1982c99e","properties":{"flclr":"#000000","name":"San Andres (Dinungsuran)","level_id":"reg","layer_val":"0","parent_id":"0","gjsonid":"6"}},{"geometry":{"type":"Polygon","coordinates":[[[124.1480,13.9293],[124.1393,13.9499],[124.2341,13.9419],[124.2341,13.9229],[124.1480,13.9293]]]},"type":"Feature","id":"b8ae37398e","properties":{"flclr":"#000000","name":"Tubli","level_id":"reg","layer_val":"0","parent_id":"0","gjsonid":"6"}},{"geometry":{"type":"Polygon","coordinates":[[[124.1528,13.9223],[124.1480,13.9293],[124.2341,13.9229],[124.2343,13.9143],[124.1528,13.9223]]]},"type":"Feature","id":"ce818af582","properties":{"flclr":"#000000","name":"Sabangan","level_id":"reg","layer_val":"0","parent_id":"0","gjsonid":"6"}},{"geometry":{"type":"Polygon","coordinates":[[[124.1433,14.0339],[124.1294,14.0336],[124.1254,14.0500],[124.1355,14.0478],[124.1266,14.0603],[124.1458,14.0610],[124.1433,14.0339]]]},"type":"Feature","id":"a47caa32fe","properties":{"flclr":"#000000","name":"Balag\u00f1onan","level_id":"reg","layer_val":"0","parent_id":"0","gjsonid":"6"}},{"geometry":{"type":"Polygon","coordinates":[[[124.1393,13.9499],[124.1284,13.9759],[124.1408,13.9773],[124.1804,13.9464],[124.1393,13.9499]]]},"type":"Feature","id":"880dcafc77","properties":{"flclr":"#000000","name":"Dariao","level_id":"reg","layer_val":"0","parent_id":"0","gjsonid":"6"}},{"geometry":{"type":"Polygon","coordinates":[[[124.1491,13.9793],[124.1680,13.9833],[124.2330,13.9628],[124.2341,13.9419],[124.1804,13.9464],[124.1408,13.9773],[124.1491,13.9793]]]},"type":"Feature","id":"d4fcfaa063","properties":{"flclr":"#000000","name":"Maysuran","level_id":"reg","layer_val":"0","parent_id":"0","gjsonid":"6"}},{"geometry":{"type":"Polygon","coordinates":[[[124.1680,13.9833],[124.1491,13.9793],[124.1450,13.9916],[124.1622,13.9993],[124.1680,13.9833]]]},"type":"Feature","id":"d8f6a705c9","properties":{"flclr":"#000000","name":"Tucao","level_id":"reg","layer_val":"0","parent_id":"0","gjsonid":"6"}},{"geometry":{"type":"Polygon","coordinates":[[[124.1814,13.9896],[124.2326,13.9701],[124.2330,13.9628],[124.1680,13.9833],[124.1622,13.9993],[124.1814,13.9896]]]},"type":"Feature","id":"56ede8be20","properties":{"flclr":"#000000","name":"Buenavista","level_id":"reg","layer_val":"0","parent_id":"0","gjsonid":"6"}},{"geometry":{"type":"Polygon","coordinates":[[[124.1289,13.9759],[124.1340,13.9849],[124.1408,13.9773],[124.1289,13.9759]]]},"type":"Feature","id":"329385c867","properties":{"flclr":"#000000","name":"Icanbato (Pob.)","level_id":"reg","layer_val":"0","parent_id":"0","gjsonid":"6"}},{"geometry":{"type":"Polygon","coordinates":[[[124.1340,13.9849],[124.1340,13.9830],[124.1284,13.9759],[124.1306,13.9861],[124.1340,13.9849]]]},"type":"Feature","id":"d66843c557","properties":{"flclr":"#000000","name":"Baybay (Pob.)","level_id":"reg","layer_val":"0","parent_id":"0","gjsonid":"6"}},{"geometry":{"type":"Polygon","coordinates":[[[124.1450,13.9916],[124.1491,13.9793],[124.1408,13.9773],[124.1341,13.9867],[124.1450,13.9916]]]},"type":"Feature","id":"a65a20e58a","properties":{"flclr":"#000000","name":"Bothoan (Pob.)","level_id":"reg","layer_val":"0","parent_id":"0","gjsonid":"6"}},{"geometry":{"type":"Polygon","coordinates":[[[124.1418,14.0093],[124.1495,14.0057],[124.1622,13.9993],[124.1427,13.9929],[124.1418,14.0093]]]},"type":"Feature","id":"db46268d11","properties":{"flclr":"#000000","name":"Camburo","level_id":"reg","layer_val":"0","parent_id":"0","gjsonid":"6"}},{"geometry":{"type":"Polygon","coordinates":[[[124.1373,14.0108],[124.1460,13.9917],[124.1306,13.9861],[124.1261,14.0026],[124.1373,14.0108]]]},"type":"Feature","id":"82e046d6f1","properties":{"flclr":"#000000","name":"Toytoy (Pob.)","level_id":"reg","layer_val":"0","parent_id":"0","gjsonid":"6"}},{"geometry":{"type":"Polygon","coordinates":[[[124.2853,13.9410],[124.2902,13.9335],[124.2832,13.9297],[124.2792,13.9371],[124.2853,13.9410]]]},"type":"Feature","id":"390818336b","properties":{"flclr":"#000000","name":"Santa Teresa","level_id":"reg","layer_val":"0","parent_id":"0","gjsonid":"6"}},{"geometry":{"type":"Polygon","coordinates":[[[124.2899,13.9407],[124.2959,13.9431],[124.3003,13.9429],[124.2918,13.9403],[124.2899,13.9407]]]},"type":"Feature","id":"4e24ab46ea","properties":{"flclr":"#000000","name":"Bagatabao","level_id":"reg","layer_val":"0","parent_id":"0","gjsonid":"6"}},{"geometry":{"type":"Polygon","coordinates":[[[124.2821,13.9591],[124.2859,13.9526],[124.2848,13.9513],[124.2787,13.9568],[124.2821,13.9591]]]},"type":"Feature","id":"ac4cc26be5","properties":{"flclr":"#000000","name":"Bacak","level_id":"reg","layer_val":"0","parent_id":"0","gjsonid":"6"}},{"geometry":{"type":"Polygon","coordinates":[[[124.2563,14.0149],[124.2702,14.0169],[124.2788,14.0013],[124.2464,13.9933],[124.2563,14.0149]]]},"type":"Feature","id":"43f31a23b1","properties":{"flclr":"#000000","name":"San Isidro","level_id":"reg","layer_val":"0","parent_id":"0","gjsonid":"6"}},{"geometry":{"type":"Polygon","coordinates":[[[124.2783,13.9929],[124.2792,13.9725],[124.2554,13.9941],[124.2746,14.0001],[124.2783,13.9929]]]},"type":"Feature","id":"e258845385","properties":{"flclr":"#000000","name":"Magsaysay","level_id":"reg","layer_val":"0","parent_id":"0","gjsonid":"6"}},{"geometry":{"type":"Polygon","coordinates":[[[124.2848,13.9513],[124.2847,13.9440],[124.2762,13.9363],[124.2761,13.9468],[124.2848,13.9513]]]},"type":"Feature","id":"110fc78f84","properties":{"flclr":"#000000","name":"San Rafael (Mahantod)","level_id":"reg","layer_val":"0","parent_id":"0","gjsonid":"6"}},{"geometry":{"type":"Polygon","coordinates":[[[124.2895,13.9370],[124.2889,13.9408],[124.3022,13.9415],[124.2895,13.9370]]]},"type":"Feature","id":"37ab1a6623","properties":{"flclr":"#000000","name":"Santa Mesa","level_id":"reg","layer_val":"0","parent_id":"0","gjsonid":"6"}},{"geometry":{"type":"Polygon","coordinates":[[[124.2832,13.9297],[124.3022,13.9415],[124.3080,13.9330],[124.2345,13.9049],[124.2343,13.9143],[124.2832,13.9297]]]},"type":"Feature","id":"2810beac7f","properties":{"flclr":"#000000","name":"Quezon (Pancayanan)","level_id":"reg","layer_val":"0","parent_id":"0","gjsonid":"6"}},{"geometry":{"type":"Polygon","coordinates":[[[124.2847,13.9440],[124.2832,13.9297],[124.2764,13.9272],[124.2762,13.9363],[124.2847,13.9440]]]},"type":"Feature","id":"ca45806e51","properties":{"flclr":"#000000","name":"Antipolo","level_id":"reg","layer_val":"0","parent_id":"0","gjsonid":"6"}},{"geometry":{"type":"Polygon","coordinates":[[[124.3459,13.9638],[124.3219,13.9489],[124.3192,13.9570],[124.3305,13.9690],[124.3256,13.9870],[124.3459,13.9638]]]},"type":"Feature","id":"40ec9af37e","properties":{"flclr":"#000000","name":"Suchan","level_id":"reg","layer_val":"0","parent_id":"0","gjsonid":"6"}},{"geometry":{"type":"Polygon","coordinates":[[[124.2464,13.9933],[124.2418,14.0141],[124.2563,14.0149],[124.2504,14.0039],[124.2464,13.9933]]]},"type":"Feature","id":"471ed3d2e7","properties":{"flclr":"#000000","name":"San Vicente","level_id":"reg","layer_val":"0","parent_id":"0","gjsonid":"6"}},{"geometry":{"type":"Polygon","coordinates":[[[124.2418,14.0141],[124.2464,13.9933],[124.2314,13.9919],[124.2298,14.0039],[124.2418,14.0141]]]},"type":"Feature","id":"062520bf22","properties":{"flclr":"#000000","name":"Sagrada","level_id":"reg","layer_val":"0","parent_id":"0","gjsonid":"6"}},{"geometry":{"type":"Polygon","coordinates":[[[124.2464,13.9933],[124.2554,13.9941],[124.2621,13.9451],[124.2341,13.9419],[124.2314,13.9919],[124.2464,13.9933]]]},"type":"Feature","id":"c6a20ecc64","properties":{"flclr":"#000000","name":"Cahan","level_id":"reg","layer_val":"0","parent_id":"0","gjsonid":"6"}},{"geometry":{"type":"Polygon","coordinates":[[[124.2761,13.9468],[124.2764,13.9272],[124.2343,13.9143],[124.2341,13.9419],[124.2761,13.9468]]]},"type":"Feature","id":"a01dd2dd35","properties":{"flclr":"#000000","name":"Salvacion (Panuto)","level_id":"reg","layer_val":"0","parent_id":"0","gjsonid":"6"}},{"geometry":{"type":"Polygon","coordinates":[[[124.2792,13.9725],[124.2848,13.9513],[124.2621,13.9451],[124.2554,13.9941],[124.2792,13.9725]]]},"type":"Feature","id":"ee16840f2f","properties":{"flclr":"#000000","name":"Hinipaan","level_id":"reg","layer_val":"0","parent_id":"0","gjsonid":"6"}},{"geometry":{"type":"Polygon","coordinates":[[[124.2788,14.0013],[124.2795,13.9980],[124.2783,13.9929],[124.2746,14.0001],[124.2788,14.0013]]]},"type":"Feature","id":"009d2fdbcd","properties":{"flclr":"#000000","name":"Bugao","level_id":"reg","layer_val":"0","parent_id":"0","gjsonid":"6"}},{"geometry":{"type":"Polygon","coordinates":[[[123.8562,13.9580],[123.8550,13.9657],[123.8605,13.9668],[123.8723,13.9490],[123.8576,13.9491],[123.8562,13.9580]]]},"type":"Feature","id":"7c535d1b66","properties":{"flclr":"#000000","name":"Daraga","level_id":"reg","layer_val":"0","parent_id":"0","gjsonid":"6"}},{"geometry":{"type":"Polygon","coordinates":[[[124.0360,14.0249],[124.0365,14.0320],[124.0501,14.0319],[124.0507,14.0160],[124.0372,14.0169],[124.0360,14.0249]]]},"type":"Feature","id":"a44fd7d97b","properties":{"flclr":"#000000","name":"Toytoy (Pob.)","level_id":"reg","layer_val":"0","parent_id":"0","gjsonid":"6"}},{"geometry":{"type":"Polygon","coordinates":[[[124.3181,13.9540],[124.3096,13.9587],[124.3088,13.9789],[124.3241,13.9752],[124.3181,13.9540]]]},"type":"Feature","id":"2d22bdd656","properties":{"flclr":"#000000","name":"Quigaray","level_id":"reg","layer_val":"0","parent_id":"0","gjsonid":"6"}},{"geometry":{"type":"Polygon","coordinates":[[[124.3499,13.9638],[124.3507,13.9637],[124.3502,13.9630],[124.3499,13.9634],[124.3499,13.9638]]]},"type":"Feature","id":"5d7b033dd1","properties":{"flclr":"#000000","name":"Panay","level_id":"reg","layer_val":"0","parent_id":"0","gjsonid":"6"}},{"geometry":{"type":"Polygon","coordinates":[[[124.3512,13.9583],[124.3520,13.9581],[124.3519,13.9576],[124.3511,13.9580],[124.3512,13.9583]]]},"type":"Feature","id":"f6976fb8d2","properties":{"flclr":"#000000","name":"Panay","level_id":"reg","layer_val":"0","parent_id":"0","gjsonid":"6"}},{"geometry":{"type":"Polygon","coordinates":[[[124.3414,13.9532],[124.3420,13.9539],[124.3428,13.9538],[124.3424,13.9526],[124.3414,13.9532]]]},"type":"Feature","id":"bcfa87c9e1","properties":{"flclr":"#000000","name":"Panay","level_id":"reg","layer_val":"0","parent_id":"0","gjsonid":"6"}},{"geometry":{"type":"Polygon","coordinates":[[[123.8112,13.9685],[123.8132,13.9681],[123.8140,13.9659],[123.8136,13.9656],[123.8112,13.9685]]]},"type":"Feature","id":"3ed1ba3ad9","properties":{"flclr":"#000000","name":"Gogon","level_id":"reg","layer_val":"0","parent_id":"0","gjsonid":"6"}},{"geometry":{"type":"Polygon","coordinates":[[[123.8442,13.9475],[123.8492,13.9503],[123.8539,13.9504],[123.8480,13.9465],[123.8442,13.9475]]]},"type":"Feature","id":"9e401e7531","properties":{"flclr":"#000000","name":"Daraga","level_id":"reg","layer_val":"0","parent_id":"0","gjsonid":"6"}},{"geometry":{"type":"Polygon","coordinates":[[[123.8122,13.9607],[123.8137,13.9610],[123.8144,13.9582],[123.8123,13.9593],[123.8122,13.9607]]]},"type":"Feature","id":"27e6fcd486","properties":{"flclr":"#000000","name":"Gogon","level_id":"reg","layer_val":"0","parent_id":"0","gjsonid":"6"}},{"geometry":{"type":"Polygon","coordinates":[[[124.3410,13.9533],[124.3414,13.9536],[124.3416,13.9536],[124.3413,13.9531],[124.3410,13.9533]]]},"type":"Feature","id":"e730dbab76","properties":{"flclr":"#000000","name":"Panay","level_id":"reg","layer_val":"0","parent_id":"0","gjsonid":"6"}},{"geometry":{"type":"Polygon","coordinates":[[[124.3273,13.9360],[124.3281,13.9365],[124.3288,13.9360],[124.3275,13.9353],[124.3273,13.9360]]]},"type":"Feature","id":"20df041ddf","properties":{"flclr":"#000000","name":"Maculiw","level_id":"reg","layer_val":"0","parent_id":"0","gjsonid":"6"}},{"geometry":{"type":"Polygon","coordinates":[[[124.0127,14.0264],[124.0184,14.0246],[124.0233,14.0146],[124.0196,14.0151],[124.0127,14.0264]]]},"type":"Feature","id":"54fe69d372","properties":{"flclr":"#000000","name":"Toytoy (Pob.)","level_id":"reg","layer_val":"0","parent_id":"0","gjsonid":"6"}},{"geometry":{"type":"Polygon","coordinates":[[[124.0168,14.0321],[124.0178,14.0314],[124.0183,14.0295],[124.0166,14.0310],[124.0168,14.0321]]]},"type":"Feature","id":"e3f4fd2cad","properties":{"flclr":"#000000","name":"Toytoy (Pob.)","level_id":"reg","layer_val":"0","parent_id":"0","gjsonid":"6"}},{"geometry":{"type":"Polygon","coordinates":[[[124.0436,14.0320],[124.0441,14.0321],[124.0446,14.0320],[124.0439,14.0314],[124.0436,14.0320]]]},"type":"Feature","id":"101095a6b9","properties":{"flclr":"#000000","name":"Toytoy (Pob.)","level_id":"reg","layer_val":"0","parent_id":"0","gjsonid":"6"}},{"geometry":{"type":"Polygon","coordinates":[[[124.0390,14.0334],[124.0399,14.0335],[124.0397,14.0324],[124.0391,14.0328],[124.0390,14.0334]]]},"type":"Feature","id":"9b34aa58a7","properties":{"flclr":"#000000","name":"Toytoy (Pob.)","level_id":"reg","layer_val":"0","parent_id":"0","gjsonid":"6"}},{"geometry":{"type":"Polygon","coordinates":[[[124.0586,14.0311],[124.0644,14.0267],[124.0650,14.0218],[124.0610,14.0247],[124.0586,14.0311]]]},"type":"Feature","id":"4c61d9d14b","properties":{"flclr":"#000000","name":"Toytoy (Pob.)","level_id":"reg","layer_val":"0","parent_id":"0","gjsonid":"6"}},{"geometry":{"type":"Polygon","coordinates":[[[124.0436,14.0336],[124.0444,14.0332],[124.0444,14.0327],[124.0437,14.0327],[124.0436,14.0336]]]},"type":"Feature","id":"b44fdf88c0","properties":{"flclr":"#000000","name":"Toytoy (Pob.)","level_id":"reg","layer_val":"0","parent_id":"0","gjsonid":"6"}},{"geometry":{"type":"Polygon","coordinates":[[[124.2970,13.9555],[124.2996,13.9641],[124.3063,13.9637],[124.2995,13.9531],[124.2970,13.9555]]]},"type":"Feature","id":"fe59299fac","properties":{"flclr":"#000000","name":"Quigaray","level_id":"reg","layer_val":"0","parent_id":"0","gjsonid":"6"}}]}