{"type":"FeatureCollection","features":[{"geometry":{"type":"Polygon","coordinates":[[[118.4442,6.1050],[118.4488,6.1068],[118.4508,6.1052],[118.4475,6.1006],[118.4442,6.1050]]]},"type":"Feature","id":"89deb5df01","properties":{"flclr":"#000000","name":"Taganak Poblacion","level_id":"reg","layer_val":"0","parent_id":"0","gjsonid":"17"}},{"geometry":{"type":"Polygon","coordinates":[[[118.1485,6.2060],[118.1498,6.2068],[118.1508,6.2040],[118.1499,6.2034],[118.1485,6.2060]]]},"type":"Feature","id":"f8a2264d19","properties":{"flclr":"#000000","name":"Taganak Poblacion","level_id":"reg","layer_val":"0","parent_id":"0","gjsonid":"17"}},{"geometry":{"type":"Polygon","coordinates":[[[118.5022,6.5334],[118.5044,6.5335],[118.5044,6.5332],[118.5028,6.5326],[118.5022,6.5334]]]},"type":"Feature","id":"f013a817a9","properties":{"flclr":"#000000","name":"Taganak Poblacion","level_id":"reg","layer_val":"0","parent_id":"0","gjsonid":"17"}},{"geometry":{"type":"Polygon","coordinates":[[[118.4782,6.1584],[118.4791,6.1584],[118.4792,6.1575],[118.4783,6.1574],[118.4782,6.1584]]]},"type":"Feature","id":"0e485fff1d","properties":{"flclr":"#000000","name":"Taganak Poblacion","level_id":"reg","layer_val":"0","parent_id":"0","gjsonid":"17"}},{"geometry":{"type":"Polygon","coordinates":[[[118.4547,7.0782],[118.4568,7.0820],[118.4606,7.0800],[118.4579,7.0770],[118.4547,7.0782]]]},"type":"Feature","id":"e249fbf291","properties":{"flclr":"#000000","name":"Umus Mataha","level_id":"reg","layer_val":"0","parent_id":"0","gjsonid":"17"}},{"geometry":{"type":"Polygon","coordinates":[[[118.4591,7.0452],[118.4599,7.0448],[118.4595,7.0443],[118.4591,7.0452]]]},"type":"Feature","id":"e051e71bd6","properties":{"flclr":"#000000","name":"Umus Mataha","level_id":"reg","layer_val":"0","parent_id":"0","gjsonid":"17"}},{"geometry":{"type":"Polygon","coordinates":[[[118.4205,7.1003],[118.4211,7.1009],[118.4232,7.0975],[118.4214,7.0983],[118.4205,7.1003]]]},"type":"Feature","id":"4b304faa58","properties":{"flclr":"#000000","name":"Umus Mataha","level_id":"reg","layer_val":"0","parent_id":"0","gjsonid":"17"}},{"geometry":{"type":"Polygon","coordinates":[[[118.4211,7.1247],[118.4260,7.1256],[118.4261,7.1226],[118.4239,7.1219],[118.4211,7.1247]]]},"type":"Feature","id":"b06be626e4","properties":{"flclr":"#000000","name":"Umus Mataha","level_id":"reg","layer_val":"0","parent_id":"0","gjsonid":"17"}},{"geometry":{"type":"Polygon","coordinates":[[[118.4141,7.1748],[118.4198,7.1794],[118.4233,7.1769],[118.4177,7.1696],[118.4141,7.1748]]]},"type":"Feature","id":"90b965c21c","properties":{"flclr":"#000000","name":"Umus Mataha","level_id":"reg","layer_val":"0","parent_id":"0","gjsonid":"17"}},{"geometry":{"type":"Polygon","coordinates":[[[118.4196,7.0088],[118.4220,7.0097],[118.4233,7.0079],[118.4218,7.0074],[118.4196,7.0088]]]},"type":"Feature","id":"ad0e6635ec","properties":{"flclr":"#000000","name":"Tanduan","level_id":"reg","layer_val":"0","parent_id":"0","gjsonid":"17"}},{"geometry":{"type":"Polygon","coordinates":[[[118.4246,7.0979],[118.4265,7.0998],[118.4261,7.0986],[118.4246,7.0979]]]},"type":"Feature","id":"8ae905109b","properties":{"flclr":"#000000","name":"Umus Mataha","level_id":"reg","layer_val":"0","parent_id":"0","gjsonid":"17"}},{"geometry":{"type":"Polygon","coordinates":[[[118.4358,7.0870],[118.4375,7.0884],[118.4403,7.0870],[118.4398,7.0827],[118.4358,7.0870]],[[118.4374,7.0855],[118.4391,7.0851],[118.4389,7.0872],[118.4380,7.0867],[118.4374,7.0855]]]},"type":"Feature","id":"67e4ae81b2","properties":{"flclr":"#000000","name":"Umus Mataha","level_id":"reg","layer_val":"0","parent_id":"0","gjsonid":"17"}},{"geometry":{"type":"Polygon","coordinates":[[[118.4082,7.0211],[118.4163,7.0232],[118.4162,7.0133],[118.4139,7.0194],[118.4082,7.0211]]]},"type":"Feature","id":"d8ccf295bb","properties":{"flclr":"#000000","name":"Sikub","level_id":"reg","layer_val":"0","parent_id":"0","gjsonid":"17"}},{"geometry":{"type":"Polygon","coordinates":[[[118.4143,7.0120],[118.4148,7.0122],[118.4146,7.0118],[118.4143,7.0120]]]},"type":"Feature","id":"93c837433a","properties":{"flclr":"#000000","name":"Sikub","level_id":"reg","layer_val":"0","parent_id":"0","gjsonid":"17"}},{"geometry":{"type":"Polygon","coordinates":[[[118.4192,7.0181],[118.4197,7.0180],[118.4203,7.0168],[118.4195,7.0174],[118.4192,7.0181]]]},"type":"Feature","id":"1e00eb325c","properties":{"flclr":"#000000","name":"Sikub","level_id":"reg","layer_val":"0","parent_id":"0","gjsonid":"17"}},{"geometry":{"type":"Polygon","coordinates":[[[118.3937,6.8736],[118.3942,6.8776],[118.4006,6.8796],[118.3987,6.8714],[118.3937,6.8736]]]},"type":"Feature","id":"01c18853dd","properties":{"flclr":"#000000","name":"Boki","level_id":"reg","layer_val":"0","parent_id":"0","gjsonid":"17"}},{"geometry":{"type":"Polygon","coordinates":[[[118.4057,6.8868],[118.4072,6.8893],[118.4104,6.8880],[118.4080,6.8842],[118.4057,6.8868]]]},"type":"Feature","id":"7b659aee34","properties":{"flclr":"#000000","name":"Boki","level_id":"reg","layer_val":"0","parent_id":"0","gjsonid":"17"}},{"geometry":{"type":"Polygon","coordinates":[[[118.4521,6.9801],[118.4532,6.9806],[118.4542,6.9801],[118.4523,6.9798],[118.4521,6.9801]]]},"type":"Feature","id":"114a81dc40","properties":{"flclr":"#000000","name":"Erok-erok","level_id":"reg","layer_val":"0","parent_id":"0","gjsonid":"17"}},{"geometry":{"type":"Polygon","coordinates":[[[118.4361,6.9878],[118.4365,6.9887],[118.4373,6.9888],[118.4371,6.9868],[118.4361,6.9878]]]},"type":"Feature","id":"7e889c6a24","properties":{"flclr":"#000000","name":"Erok-erok","level_id":"reg","layer_val":"0","parent_id":"0","gjsonid":"17"}},{"geometry":{"type":"Polygon","coordinates":[[[118.4377,6.9874],[118.4380,6.9878],[118.4385,6.9874],[118.4380,6.9867],[118.4377,6.9874]]]},"type":"Feature","id":"90e8619909","properties":{"flclr":"#000000","name":"Erok-erok","level_id":"reg","layer_val":"0","parent_id":"0","gjsonid":"17"}},{"geometry":{"type":"Polygon","coordinates":[[[120.4463,6.1394],[120.4470,6.1426],[120.4480,6.1444],[120.4476,6.1402],[120.4463,6.1394]]]},"type":"Feature","id":"2460d154c8","properties":{"flclr":"#000000","name":"Suang Bunah","level_id":"reg","layer_val":"0","parent_id":"0","gjsonid":"17"}},{"geometry":{"type":"Polygon","coordinates":[[[120.4477,6.1386],[120.4510,6.1546],[120.4624,6.1595],[120.4539,6.1419],[120.4477,6.1386]]]},"type":"Feature","id":"ca259965d8","properties":{"flclr":"#000000","name":"Suang Bunah","level_id":"reg","layer_val":"0","parent_id":"0","gjsonid":"17"}},{"geometry":{"type":"Polygon","coordinates":[[[120.4740,6.1432],[120.4768,6.1497],[120.4792,6.1501],[120.4798,6.1395],[120.4740,6.1432]]]},"type":"Feature","id":"7c7aae8a02","properties":{"flclr":"#000000","name":"Suang Bunah","level_id":"reg","layer_val":"0","parent_id":"0","gjsonid":"17"}},{"geometry":{"type":"Polygon","coordinates":[[[120.4496,6.1358],[120.4534,6.1385],[120.4543,6.1406],[120.4535,6.1375],[120.4496,6.1358]]]},"type":"Feature","id":"706673f9dc","properties":{"flclr":"#000000","name":"Suang Bunah","level_id":"reg","layer_val":"0","parent_id":"0","gjsonid":"17"}},{"geometry":{"type":"Polygon","coordinates":[[[120.4787,6.0599],[120.4840,6.0610],[120.4873,6.0504],[120.4782,6.0561],[120.4787,6.0599]]]},"type":"Feature","id":"092bbc119d","properties":{"flclr":"#000000","name":"Suang Bunah","level_id":"reg","layer_val":"0","parent_id":"0","gjsonid":"17"}},{"geometry":{"type":"Polygon","coordinates":[[[120.5024,6.1141],[120.5119,6.1083],[120.5113,6.1003],[120.5022,6.1061],[120.5024,6.1141]]]},"type":"Feature","id":"bdd29c590b","properties":{"flclr":"#000000","name":"Suang Bunah","level_id":"reg","layer_val":"0","parent_id":"0","gjsonid":"17"}},{"geometry":{"type":"Polygon","coordinates":[[[120.4495,6.1587],[120.4516,6.1605],[120.4520,6.1602],[120.4501,6.1582],[120.4495,6.1587]]]},"type":"Feature","id":"aba2cce57d","properties":{"flclr":"#000000","name":"Alu Bunah","level_id":"reg","layer_val":"0","parent_id":"0","gjsonid":"17"}},{"geometry":{"type":"Polygon","coordinates":[[[120.5789,6.3490],[120.5791,6.3495],[120.5799,6.3493],[120.5788,6.3489],[120.5789,6.3490]]]},"type":"Feature","id":"a5b4d2590b","properties":{"flclr":"#000000","name":"Kehi Niog","level_id":"reg","layer_val":"0","parent_id":"0","gjsonid":"17"}},{"geometry":{"type":"Polygon","coordinates":[[[120.5730,6.3548],[120.5746,6.3561],[120.5751,6.3557],[120.5738,6.3545],[120.5730,6.3548]]]},"type":"Feature","id":"3397f5b921","properties":{"flclr":"#000000","name":"Patutol","level_id":"reg","layer_val":"0","parent_id":"0","gjsonid":"17"}},{"geometry":{"type":"Polygon","coordinates":[[[120.5733,6.3566],[120.5738,6.3569],[120.5739,6.3562],[120.5732,6.3561],[120.5733,6.3566]]]},"type":"Feature","id":"283ee5f0ee","properties":{"flclr":"#000000","name":"Patutol","level_id":"reg","layer_val":"0","parent_id":"0","gjsonid":"17"}},{"geometry":{"type":"Polygon","coordinates":[[[120.8815,6.1352],[120.8859,6.1293],[120.8879,6.1287],[120.8858,6.1290],[120.8836,6.1311],[120.8815,6.1352]]]},"type":"Feature","id":"4bca94fd7f","properties":{"flclr":"#000000","name":"Kabuukan","level_id":"reg","layer_val":"0","parent_id":"0","gjsonid":"17"}},{"geometry":{"type":"Polygon","coordinates":[[[120.8882,6.1277],[120.8887,6.1281],[120.8891,6.1276],[120.8885,6.1273],[120.8882,6.1277]]]},"type":"Feature","id":"655083accd","properties":{"flclr":"#000000","name":"Kabuukan","level_id":"reg","layer_val":"0","parent_id":"0","gjsonid":"17"}},{"geometry":{"type":"Polygon","coordinates":[[[120.9054,6.1474],[120.9130,6.1471],[120.9151,6.1455],[120.9134,6.1424],[120.9054,6.1474]]]},"type":"Feature","id":"9b8b56f7a1","properties":{"flclr":"#000000","name":"Kabuukan","level_id":"reg","layer_val":"0","parent_id":"0","gjsonid":"17"}},{"geometry":{"type":"Polygon","coordinates":[[[120.9306,6.1414],[120.9316,6.1408],[120.9353,6.1479],[120.9324,6.1402],[120.9306,6.1414]]]},"type":"Feature","id":"6b7d4c6d1f","properties":{"flclr":"#000000","name":"Kabuukan","level_id":"reg","layer_val":"0","parent_id":"0","gjsonid":"17"}},{"geometry":{"type":"Polygon","coordinates":[[[120.6288,6.2860],[120.6301,6.2868],[120.6284,6.2845],[120.6283,6.2853],[120.6288,6.2860]]]},"type":"Feature","id":"e3efc91e13","properties":{"flclr":"#000000","name":"Tonggasang","level_id":"reg","layer_val":"0","parent_id":"0","gjsonid":"17"}},{"geometry":{"type":"Polygon","coordinates":[[[120.6328,6.2922],[120.6335,6.2937],[120.6345,6.2943],[120.6340,6.2922],[120.6328,6.2922]]]},"type":"Feature","id":"13f6caded5","properties":{"flclr":"#000000","name":"Tonggasang","level_id":"reg","layer_val":"0","parent_id":"0","gjsonid":"17"}},{"geometry":{"type":"Polygon","coordinates":[[[120.6346,6.2956],[120.6369,6.2960],[120.6360,6.2947],[120.6346,6.2956]]]},"type":"Feature","id":"f522603b18","properties":{"flclr":"#000000","name":"Tonggasang","level_id":"reg","layer_val":"0","parent_id":"0","gjsonid":"17"}},{"geometry":{"type":"Polygon","coordinates":[[[120.9334,6.1768],[120.9342,6.1774],[120.9352,6.1752],[120.9337,6.1757],[120.9334,6.1768]]]},"type":"Feature","id":"e8be6b09be","properties":{"flclr":"#000000","name":"Kabuukan","level_id":"reg","layer_val":"0","parent_id":"0","gjsonid":"17"}},{"geometry":{"type":"Polygon","coordinates":[[[120.6473,6.2964],[120.6485,6.2972],[120.6490,6.2959],[120.6475,6.2956],[120.6473,6.2964]]]},"type":"Feature","id":"dadf72e9ca","properties":{"flclr":"#000000","name":"Tonggasang","level_id":"reg","layer_val":"0","parent_id":"0","gjsonid":"17"}},{"geometry":{"type":"Polygon","coordinates":[[[120.9359,6.1661],[120.9366,6.1671],[120.9421,6.1670],[120.9387,6.1643],[120.9359,6.1661]]]},"type":"Feature","id":"fe7c2305ab","properties":{"flclr":"#000000","name":"Kabuukan","level_id":"reg","layer_val":"0","parent_id":"0","gjsonid":"17"}},{"geometry":{"type":"Polygon","coordinates":[[[120.9233,6.1519],[120.9235,6.1537],[120.9241,6.1527],[120.9233,6.1519]]]},"type":"Feature","id":"42e3bf4fb6","properties":{"flclr":"#000000","name":"Kabuukan","level_id":"reg","layer_val":"0","parent_id":"0","gjsonid":"17"}},{"geometry":{"type":"Polygon","coordinates":[[[120.8941,6.1489],[120.8949,6.1509],[120.8985,6.1495],[120.8973,6.1477],[120.8941,6.1489]]]},"type":"Feature","id":"97919210a3","properties":{"flclr":"#000000","name":"Kabuukan","level_id":"reg","layer_val":"0","parent_id":"0","gjsonid":"17"}},{"geometry":{"type":"Polygon","coordinates":[[[120.8976,6.1370],[120.8984,6.1384],[120.9001,6.1371],[120.8994,6.1359],[120.8976,6.1370]]]},"type":"Feature","id":"a297f172db","properties":{"flclr":"#000000","name":"Kabuukan","level_id":"reg","layer_val":"0","parent_id":"0","gjsonid":"17"}},{"geometry":{"type":"Polygon","coordinates":[[[120.6410,6.2989],[120.6415,6.3003],[120.6423,6.3003],[120.6422,6.2993],[120.6410,6.2989]]]},"type":"Feature","id":"77b61cc95a","properties":{"flclr":"#000000","name":"Tonggasang","level_id":"reg","layer_val":"0","parent_id":"0","gjsonid":"17"}},{"geometry":{"type":"Polygon","coordinates":[[[120.6483,6.2986],[120.6485,6.3001],[120.6493,6.3006],[120.6497,6.2979],[120.6483,6.2986]]]},"type":"Feature","id":"067c4ac868","properties":{"flclr":"#000000","name":"Tonggasang","level_id":"reg","layer_val":"0","parent_id":"0","gjsonid":"17"}},{"geometry":{"type":"Polygon","coordinates":[[[120.8885,6.1291],[120.8906,6.1277],[120.8927,6.1244],[120.8891,6.1261],[120.8885,6.1291]]]},"type":"Feature","id":"956bb6e9e1","properties":{"flclr":"#000000","name":"Kabuukan","level_id":"reg","layer_val":"0","parent_id":"0","gjsonid":"17"}},{"geometry":{"type":"Polygon","coordinates":[[[120.9352,6.1743],[120.9369,6.1725],[120.9375,6.1680],[120.9368,6.1722],[120.9352,6.1743]]]},"type":"Feature","id":"63afff6a35","properties":{"flclr":"#000000","name":"Kabuukan","level_id":"reg","layer_val":"0","parent_id":"0","gjsonid":"17"}},{"geometry":{"type":"Polygon","coordinates":[[[120.8450,6.2079],[120.8511,6.2179],[120.8615,6.2181],[120.8608,6.2081],[120.8450,6.2079]]]},"type":"Feature","id":"701f93e751","properties":{"flclr":"#000000","name":"Kabuukan","level_id":"reg","layer_val":"0","parent_id":"0","gjsonid":"17"}},{"geometry":{"type":"Polygon","coordinates":[[[120.0646,5.8818],[120.0701,5.8944],[120.0759,5.8733],[120.0690,5.8740],[120.0646,5.8818]]]},"type":"Feature","id":"65d3b2cfaf","properties":{"flclr":"#000000","name":"Suang Bunah","level_id":"reg","layer_val":"0","parent_id":"0","gjsonid":"17"}},{"geometry":{"type":"Polygon","coordinates":[[[120.8979,5.6970],[120.9023,5.6971],[120.9041,5.6989],[120.9025,5.6960],[120.8979,5.6970]]]},"type":"Feature","id":"199d106921","properties":{"flclr":"#000000","name":"Kanaway","level_id":"reg","layer_val":"0","parent_id":"0","gjsonid":"17"}},{"geometry":{"type":"Polygon","coordinates":[[[120.9095,5.6975],[120.9097,5.6981],[120.9102,5.6983],[120.9103,5.6976],[120.9095,5.6975]]]},"type":"Feature","id":"b34e14c09a","properties":{"flclr":"#000000","name":"Kanaway","level_id":"reg","layer_val":"0","parent_id":"0","gjsonid":"17"}},{"geometry":{"type":"Polygon","coordinates":[[[120.9076,5.6957],[120.9081,5.6960],[120.9081,5.6954],[120.9077,5.6953],[120.9076,5.6957]]]},"type":"Feature","id":"408853e3c6","properties":{"flclr":"#000000","name":"Kanaway","level_id":"reg","layer_val":"0","parent_id":"0","gjsonid":"17"}},{"geometry":{"type":"Polygon","coordinates":[[[120.9113,5.6980],[120.9116,5.6980],[120.9118,5.6977],[120.9115,5.6976],[120.9113,5.6980]]]},"type":"Feature","id":"8ee267ecd9","properties":{"flclr":"#000000","name":"Kanaway","level_id":"reg","layer_val":"0","parent_id":"0","gjsonid":"17"}},{"geometry":{"type":"Polygon","coordinates":[[[120.9111,5.7017],[120.9124,5.7012],[120.9151,5.7021],[120.9124,5.6987],[120.9111,5.7017]]]},"type":"Feature","id":"18ed082d02","properties":{"flclr":"#000000","name":"Kanaway","level_id":"reg","layer_val":"0","parent_id":"0","gjsonid":"17"}},{"geometry":{"type":"Polygon","coordinates":[[[120.9106,5.6971],[120.9111,5.6974],[120.9107,5.6964],[120.9106,5.6971]]]},"type":"Feature","id":"0f176d5b2b","properties":{"flclr":"#000000","name":"Kanaway","level_id":"reg","layer_val":"0","parent_id":"0","gjsonid":"17"}},{"geometry":{"type":"Polygon","coordinates":[[[120.8213,5.6652],[120.8220,5.6657],[120.8231,5.6655],[120.8225,5.6648],[120.8213,5.6652]]]},"type":"Feature","id":"d257a53161","properties":{"flclr":"#000000","name":"Laha","level_id":"reg","layer_val":"0","parent_id":"0","gjsonid":"17"}},{"geometry":{"type":"Polygon","coordinates":[[[120.3433,5.6734],[120.3483,5.6736],[120.3523,5.6655],[120.3472,5.6676],[120.3433,5.6734]]]},"type":"Feature","id":"3310ab4304","properties":{"flclr":"#000000","name":"Mamanok","level_id":"reg","layer_val":"0","parent_id":"0","gjsonid":"17"}},{"geometry":{"type":"Polygon","coordinates":[[[120.2922,5.7301],[120.2935,5.7326],[120.2986,5.7343],[120.2961,5.7281],[120.2922,5.7301]]]},"type":"Feature","id":"fcbf55aa9d","properties":{"flclr":"#000000","name":"Mamanok","level_id":"reg","layer_val":"0","parent_id":"0","gjsonid":"17"}},{"geometry":{"type":"Polygon","coordinates":[[[120.2691,5.6263],[120.2784,5.6304],[120.2855,5.6226],[120.2735,5.6147],[120.2691,5.6263]]]},"type":"Feature","id":"1dfcd667a9","properties":{"flclr":"#000000","name":"Mamanok","level_id":"reg","layer_val":"0","parent_id":"0","gjsonid":"17"}},{"geometry":{"type":"Polygon","coordinates":[[[120.2761,5.6392],[120.2801,5.6393],[120.2809,5.6347],[120.2764,5.6379],[120.2761,5.6392]]]},"type":"Feature","id":"a1d99cf34c","properties":{"flclr":"#000000","name":"Mamanok","level_id":"reg","layer_val":"0","parent_id":"0","gjsonid":"17"}},{"geometry":{"type":"Polygon","coordinates":[[[120.3974,5.7253],[120.4030,5.7275],[120.4088,5.7400],[120.3995,5.7193],[120.3974,5.7253]]]},"type":"Feature","id":"52fd3220ba","properties":{"flclr":"#000000","name":"Mamanok","level_id":"reg","layer_val":"0","parent_id":"0","gjsonid":"17"}},{"geometry":{"type":"Polygon","coordinates":[[[120.4075,5.7516],[120.4101,5.7618],[120.4192,5.7628],[120.4107,5.7456],[120.4075,5.7516]]]},"type":"Feature","id":"8b230ad704","properties":{"flclr":"#000000","name":"Mamanok","level_id":"reg","layer_val":"0","parent_id":"0","gjsonid":"17"}},{"geometry":{"type":"Polygon","coordinates":[[[120.2136,5.7026],[120.2188,5.7016],[120.2186,5.6986],[120.2152,5.6981],[120.2136,5.7026]]]},"type":"Feature","id":"1fa6e0fb01","properties":{"flclr":"#000000","name":"Mamanok","level_id":"reg","layer_val":"0","parent_id":"0","gjsonid":"17"}},{"geometry":{"type":"Polygon","coordinates":[[[120.2766,5.6616],[120.2780,5.6610],[120.2789,5.6582],[120.2768,5.6597],[120.2766,5.6616]]]},"type":"Feature","id":"d2a6f5030b","properties":{"flclr":"#000000","name":"Mamanok","level_id":"reg","layer_val":"0","parent_id":"0","gjsonid":"17"}},{"geometry":{"type":"Polygon","coordinates":[[[120.8832,5.7178],[120.8908,5.7141],[120.8834,5.7016],[120.8789,5.7085],[120.8832,5.7178]]]},"type":"Feature","id":"042ee60280","properties":{"flclr":"#000000","name":"Kalang (Pob.)","level_id":"reg","layer_val":"0","parent_id":"0","gjsonid":"17"}},{"geometry":{"type":"Polygon","coordinates":[[[120.9014,5.7399],[120.8911,5.7504],[120.8978,5.7569],[120.8980,5.7500],[120.9014,5.7399]]]},"type":"Feature","id":"7036316d84","properties":{"flclr":"#000000","name":"Kanmangon","level_id":"reg","layer_val":"0","parent_id":"0","gjsonid":"17"}},{"geometry":{"type":"Polygon","coordinates":[[[120.9301,5.7167],[120.9222,5.7069],[120.9175,5.7054],[120.9166,5.7199],[120.9301,5.7167]]]},"type":"Feature","id":"53642200e1","properties":{"flclr":"#000000","name":"Pagatpat","level_id":"reg","layer_val":"0","parent_id":"0","gjsonid":"17"}},{"geometry":{"type":"Polygon","coordinates":[[[120.9049,5.7447],[120.9120,5.7468],[120.9172,5.7277],[120.9025,5.7314],[120.9049,5.7447]]]},"type":"Feature","id":"66523647aa","properties":{"flclr":"#000000","name":"Sayli","level_id":"reg","layer_val":"0","parent_id":"0","gjsonid":"17"}},{"geometry":{"type":"Polygon","coordinates":[[[120.9049,5.7447],[120.9014,5.7399],[120.8985,5.7575],[120.9055,5.7582],[120.9049,5.7447]]]},"type":"Feature","id":"bf14859056","properties":{"flclr":"#000000","name":"Hawan","level_id":"reg","layer_val":"0","parent_id":"0","gjsonid":"17"}},{"geometry":{"type":"Polygon","coordinates":[[[120.9434,5.8926],[120.9380,5.8896],[120.9210,5.8929],[120.9281,5.9074],[120.9434,5.8926]]]},"type":"Feature","id":"772282db48","properties":{"flclr":"#000000","name":"Bagsak","level_id":"reg","layer_val":"0","parent_id":"0","gjsonid":"17"}},{"geometry":{"type":"Polygon","coordinates":[[[120.8755,5.9441],[120.8930,5.9481],[120.8954,5.9383],[120.8785,5.9294],[120.8755,5.9441]]]},"type":"Feature","id":"65ad6cfdd2","properties":{"flclr":"#000000","name":"Bawisan","level_id":"reg","layer_val":"0","parent_id":"0","gjsonid":"17"}},{"geometry":{"type":"Polygon","coordinates":[[[120.9207,5.9533],[120.9250,5.9469],[120.9196,5.9368],[120.9126,5.9428],[120.9207,5.9533]]]},"type":"Feature","id":"c1e68bbb66","properties":{"flclr":"#000000","name":"Biid","level_id":"reg","layer_val":"0","parent_id":"0","gjsonid":"17"}},{"geometry":{"type":"Polygon","coordinates":[[[120.9518,5.8981],[120.9434,5.8926],[120.9365,5.9041],[120.9497,5.9072],[120.9518,5.8981]]]},"type":"Feature","id":"555ccd78ab","properties":{"flclr":"#000000","name":"Buton","level_id":"reg","layer_val":"0","parent_id":"0","gjsonid":"17"}},{"geometry":{"type":"Polygon","coordinates":[[[120.9058,5.9954],[120.9053,5.9850],[120.8884,5.9866],[120.8915,5.9955],[120.9058,5.9954]]]},"type":"Feature","id":"9afeff92ae","properties":{"flclr":"#000000","name":"Buton Mahablo","level_id":"reg","layer_val":"0","parent_id":"0","gjsonid":"17"}},{"geometry":{"type":"Polygon","coordinates":[[[120.8988,5.9856],[120.9053,5.9850],[120.9037,5.9737],[120.8972,5.9750],[120.8988,5.9856]]]},"type":"Feature","id":"3c702816e1","properties":{"flclr":"#000000","name":"Duyan Kabao","level_id":"reg","layer_val":"0","parent_id":"0","gjsonid":"17"}},{"geometry":{"type":"Polygon","coordinates":[[[120.9058,5.9954],[120.8915,5.9955],[120.9014,6.0066],[120.9058,5.9954]]]},"type":"Feature","id":"de9bbd8979","properties":{"flclr":"#000000","name":"Kahoy Sinah","level_id":"reg","layer_val":"0","parent_id":"0","gjsonid":"17"}},{"geometry":{"type":"Polygon","coordinates":[[[120.8966,5.9229],[120.8930,5.9189],[120.8862,5.9189],[120.8930,5.9304],[120.8966,5.9229]]]},"type":"Feature","id":"8226650bbf","properties":{"flclr":"#000000","name":"Kanaway","level_id":"reg","layer_val":"0","parent_id":"0","gjsonid":"17"}},{"geometry":{"type":"Polygon","coordinates":[[[120.9183,5.9506],[120.9126,5.9428],[120.9081,5.9412],[120.9056,5.9458],[120.9183,5.9506]]]},"type":"Feature","id":"6aaf581190","properties":{"flclr":"#000000","name":"Kutah Sairap","level_id":"reg","layer_val":"0","parent_id":"0","gjsonid":"17"}},{"geometry":{"type":"Polygon","coordinates":[[[120.9314,5.7420],[120.9316,5.7179],[120.9169,5.7200],[120.9152,5.7351],[120.9314,5.7420]]]},"type":"Feature","id":"f6dc2bce78","properties":{"flclr":"#000000","name":"Tulakan","level_id":"reg","layer_val":"0","parent_id":"0","gjsonid":"17"}},{"geometry":{"type":"Polygon","coordinates":[[[120.9141,5.7579],[120.9263,5.7502],[120.9133,5.7417],[120.9120,5.7468],[120.9141,5.7579]]]},"type":"Feature","id":"ac4edef085","properties":{"flclr":"#000000","name":"Sumambat","level_id":"reg","layer_val":"0","parent_id":"0","gjsonid":"17"}},{"geometry":{"type":"Polygon","coordinates":[[[120.9263,5.7502],[120.9314,5.7420],[120.9152,5.7351],[120.9133,5.7417],[120.9263,5.7502]]]},"type":"Feature","id":"42a9edc918","properties":{"flclr":"#000000","name":"Pangdan","level_id":"reg","layer_val":"0","parent_id":"0","gjsonid":"17"}},{"geometry":{"type":"Polygon","coordinates":[[[120.9288,5.9189],[120.9268,5.9320],[120.9470,5.9316],[120.9469,5.9198],[120.9288,5.9189]]]},"type":"Feature","id":"7b68d9552c","properties":{"flclr":"#000000","name":"Danapa","level_id":"reg","layer_val":"0","parent_id":"0","gjsonid":"17"}},{"geometry":{"type":"Polygon","coordinates":[[[120.9225,5.9223],[120.9288,5.9189],[120.9281,5.9074],[120.9126,5.9176],[120.9225,5.9223]]]},"type":"Feature","id":"a96a8e40c4","properties":{"flclr":"#000000","name":"Laum Buwahan","level_id":"reg","layer_val":"0","parent_id":"0","gjsonid":"17"}},{"geometry":{"type":"Polygon","coordinates":[[[120.9288,5.9189],[120.9348,5.9195],[120.9365,5.9041],[120.9281,5.9074],[120.9288,5.9189]]]},"type":"Feature","id":"20e2ff7b91","properties":{"flclr":"#000000","name":"Laum Suwah","level_id":"reg","layer_val":"0","parent_id":"0","gjsonid":"17"}},{"geometry":{"type":"Polygon","coordinates":[[[120.8920,5.9643],[120.8920,5.9522],[120.8742,5.9498],[120.8834,5.9678],[120.8920,5.9643]]]},"type":"Feature","id":"8d390deecd","properties":{"flclr":"#000000","name":"Alu Layag-Layag","level_id":"reg","layer_val":"0","parent_id":"0","gjsonid":"17"}},{"geometry":{"type":"Polygon","coordinates":[[[120.9056,5.9458],[120.9031,5.9393],[120.8985,5.9496],[120.9030,5.9511],[120.9056,5.9458]]]},"type":"Feature","id":"868a0637f1","properties":{"flclr":"#000000","name":"Liang","level_id":"reg","layer_val":"0","parent_id":"0","gjsonid":"17"}},{"geometry":{"type":"Polygon","coordinates":[[[120.9304,5.9434],[120.9479,5.9410],[120.9470,5.9316],[120.9268,5.9320],[120.9304,5.9434]]]},"type":"Feature","id":"656afe8da2","properties":{"flclr":"#000000","name":"Linuho","level_id":"reg","layer_val":"0","parent_id":"0","gjsonid":"17"}},{"geometry":{"type":"Polygon","coordinates":[[[120.8995,5.9155],[120.8960,5.9194],[120.9016,5.9318],[120.9049,5.9237],[120.8995,5.9155]]]},"type":"Feature","id":"46b623a89e","properties":{"flclr":"#000000","name":"Lungan Gitong","level_id":"reg","layer_val":"0","parent_id":"0","gjsonid":"17"}},{"geometry":{"type":"Polygon","coordinates":[[[120.9497,5.9072],[120.9365,5.9041],[120.9348,5.9195],[120.9469,5.9198],[120.9497,5.9072]]]},"type":"Feature","id":"470e62c428","properties":{"flclr":"#000000","name":"Lumbaan Mahaba","level_id":"reg","layer_val":"0","parent_id":"0","gjsonid":"17"}},{"geometry":{"type":"Polygon","coordinates":[[[120.9049,5.9237],[120.9016,5.9318],[120.9002,5.9388],[120.9092,5.9348],[120.9049,5.9237]]]},"type":"Feature","id":"8cbd82f0ad","properties":{"flclr":"#000000","name":"Lupa Abu","level_id":"reg","layer_val":"0","parent_id":"0","gjsonid":"17"}},{"geometry":{"type":"Polygon","coordinates":[[[120.9281,5.9074],[120.9210,5.8929],[120.9088,5.9099],[120.9126,5.9176],[120.9281,5.9074]]]},"type":"Feature","id":"957d5d81f3","properties":{"flclr":"#000000","name":"Nonokan","level_id":"reg","layer_val":"0","parent_id":"0","gjsonid":"17"}},{"geometry":{"type":"Polygon","coordinates":[[[120.8985,5.9496],[120.9031,5.9393],[120.8954,5.9383],[120.8930,5.9481],[120.8985,5.9496]]]},"type":"Feature","id":"2a69797eb4","properties":{"flclr":"#000000","name":"Payuhan","level_id":"reg","layer_val":"0","parent_id":"0","gjsonid":"17"}},{"geometry":{"type":"Polygon","coordinates":[[[120.9024,5.9551],[120.8994,5.9616],[120.9028,5.9661],[120.9108,5.9583],[120.9024,5.9551]]]},"type":"Feature","id":"16c9c5f398","properties":{"flclr":"#000000","name":"Piyahan","level_id":"reg","layer_val":"0","parent_id":"0","gjsonid":"17"}},{"geometry":{"type":"Polygon","coordinates":[[[120.9174,5.9239],[120.9088,5.9099],[120.8995,5.9155],[120.9087,5.9270],[120.9174,5.9239]]]},"type":"Feature","id":"1bd0f78720","properties":{"flclr":"#000000","name":"Poblacion (Parang)","level_id":"reg","layer_val":"0","parent_id":"0","gjsonid":"17"}},{"geometry":{"type":"Polygon","coordinates":[[[120.9081,5.9412],[120.9188,5.9372],[120.9126,5.9254],[120.9031,5.9393],[120.9081,5.9412]]]},"type":"Feature","id":"648d06ea4e","properties":{"flclr":"#000000","name":"Saldang","level_id":"reg","layer_val":"0","parent_id":"0","gjsonid":"17"}},{"geometry":{"type":"Polygon","coordinates":[[[120.9185,5.9569],[120.9133,5.9487],[120.9084,5.9573],[120.9108,5.9583],[120.9185,5.9569]]]},"type":"Feature","id":"2368e7ac0e","properties":{"flclr":"#000000","name":"Sampunay","level_id":"reg","layer_val":"0","parent_id":"0","gjsonid":"17"}},{"geometry":{"type":"Polygon","coordinates":[[[120.8884,5.9866],[120.8988,5.9856],[120.8994,5.9616],[120.8834,5.9678],[120.8884,5.9866]]]},"type":"Feature","id":"d679c6d667","properties":{"flclr":"#000000","name":"Silangkan","level_id":"reg","layer_val":"0","parent_id":"0","gjsonid":"17"}},{"geometry":{"type":"Polygon","coordinates":[[[120.9002,5.9388],[120.9016,5.9318],[120.8988,5.9269],[120.8930,5.9304],[120.9002,5.9388]]]},"type":"Feature","id":"1d5d82f868","properties":{"flclr":"#000000","name":"Taingting","level_id":"reg","layer_val":"0","parent_id":"0","gjsonid":"17"}},{"geometry":{"type":"Polygon","coordinates":[[[120.9188,5.9372],[120.9268,5.9320],[120.9225,5.9223],[120.9126,5.9254],[120.9188,5.9372]]]},"type":"Feature","id":"eda60c7264","properties":{"flclr":"#000000","name":"Tikong","level_id":"reg","layer_val":"0","parent_id":"0","gjsonid":"17"}},{"geometry":{"type":"Polygon","coordinates":[[[120.8954,5.9383],[120.8862,5.9189],[120.8788,5.9211],[120.8785,5.9294],[120.8954,5.9383]]]},"type":"Feature","id":"03a8ffd744","properties":{"flclr":"#000000","name":"Tumangas","level_id":"reg","layer_val":"0","parent_id":"0","gjsonid":"17"}},{"geometry":{"type":"Polygon","coordinates":[[[120.9250,5.9469],[120.9304,5.9434],[120.9268,5.9320],[120.9196,5.9368],[120.9250,5.9469]]]},"type":"Feature","id":"774fdc4cc7","properties":{"flclr":"#000000","name":"Wanni Piyanjihan","level_id":"reg","layer_val":"0","parent_id":"0","gjsonid":"17"}},{"geometry":{"type":"Polygon","coordinates":[[[120.9037,5.9737],[120.9083,5.9894],[120.9185,5.9569],[120.9028,5.9661],[120.9037,5.9737]]]},"type":"Feature","id":"f903efcbce","properties":{"flclr":"#000000","name":"Lanao Dakula","level_id":"reg","layer_val":"0","parent_id":"0","gjsonid":"17"}},{"geometry":{"type":"Polygon","coordinates":[[[120.9084,5.9573],[120.9133,5.9487],[120.9056,5.9458],[120.9024,5.9551],[120.9084,5.9573]]]},"type":"Feature","id":"1ca2988763","properties":{"flclr":"#000000","name":"Lower Sampunay","level_id":"reg","layer_val":"0","parent_id":"0","gjsonid":"17"}},{"geometry":{"type":"Polygon","coordinates":[[[118.3105,6.0789],[118.3176,6.0739],[118.3175,6.0737],[118.3088,6.0719],[118.3105,6.0789]]]},"type":"Feature","id":"7b78fb5850","properties":{"flclr":"#000000","name":"Taganak Poblacion","level_id":"reg","layer_val":"0","parent_id":"0","gjsonid":"17"}},{"geometry":{"type":"Polygon","coordinates":[[[118.3176,6.0739],[118.3105,6.0789],[118.3194,6.0867],[118.3213,6.0823],[118.3176,6.0739]]]},"type":"Feature","id":"fc53683388","properties":{"flclr":"#000000","name":"Likud Bakkao","level_id":"reg","layer_val":"0","parent_id":"0","gjsonid":"17"}},{"geometry":{"type":"Polygon","coordinates":[[[118.4583,7.0122],[118.4466,7.0077],[118.4340,7.0278],[118.4488,7.0340],[118.4583,7.0122]]]},"type":"Feature","id":"3a78db589e","properties":{"flclr":"#000000","name":"Kompang","level_id":"reg","layer_val":"0","parent_id":"0","gjsonid":"17"}},{"geometry":{"type":"Polygon","coordinates":[[[118.5158,7.0457],[118.5228,7.0413],[118.5265,7.0296],[118.5125,7.0297],[118.5158,7.0457]]]},"type":"Feature","id":"66d48b9248","properties":{"flclr":"#000000","name":"Liyubud","level_id":"reg","layer_val":"0","parent_id":"0","gjsonid":"17"}},{"geometry":{"type":"Polygon","coordinates":[[[118.4846,7.0085],[118.5241,7.0176],[118.5185,7.0014],[118.4670,6.9946],[118.4846,7.0085]]]},"type":"Feature","id":"b69c7fcccc","properties":{"flclr":"#000000","name":"Lubbak Parang","level_id":"reg","layer_val":"0","parent_id":"0","gjsonid":"17"}},{"geometry":{"type":"Polygon","coordinates":[[[118.5185,7.0014],[118.5163,6.9846],[118.4743,6.9836],[118.4764,6.9902],[118.5185,7.0014]]]},"type":"Feature","id":"898e0b0b73","properties":{"flclr":"#000000","name":"Mahalo","level_id":"reg","layer_val":"0","parent_id":"0","gjsonid":"17"}},{"geometry":{"type":"Polygon","coordinates":[[[118.4846,7.0085],[118.4721,7.0319],[118.4858,7.0386],[118.4988,7.0118],[118.4846,7.0085]]]},"type":"Feature","id":"0fb5f586a8","properties":{"flclr":"#000000","name":"Sapa","level_id":"reg","layer_val":"0","parent_id":"0","gjsonid":"17"}},{"geometry":{"type":"Polygon","coordinates":[[[118.4754,7.0184],[118.4846,7.0085],[118.4670,6.9946],[118.4583,7.0122],[118.4754,7.0184]]]},"type":"Feature","id":"b36ca6808d","properties":{"flclr":"#000000","name":"Tabulian","level_id":"reg","layer_val":"0","parent_id":"0","gjsonid":"17"}},{"geometry":{"type":"Polygon","coordinates":[[[118.4583,7.0122],[118.4670,6.9946],[118.4623,6.9833],[118.4415,6.9999],[118.4583,7.0122]]]},"type":"Feature","id":"57111c5768","properties":{"flclr":"#000000","name":"Pawan","level_id":"reg","layer_val":"0","parent_id":"0","gjsonid":"17"}},{"geometry":{"type":"Polygon","coordinates":[[[118.4928,7.0241],[118.5125,7.0297],[118.5268,7.0287],[118.4988,7.0118],[118.4928,7.0241]]]},"type":"Feature","id":"788c01efbe","properties":{"flclr":"#000000","name":"Guppah","level_id":"reg","layer_val":"0","parent_id":"0","gjsonid":"17"}},{"geometry":{"type":"Polygon","coordinates":[[[118.5125,7.0297],[118.4928,7.0241],[118.4858,7.0386],[118.5104,7.0490],[118.5125,7.0297]]]},"type":"Feature","id":"2738a733d8","properties":{"flclr":"#000000","name":"Duhul Batu","level_id":"reg","layer_val":"0","parent_id":"0","gjsonid":"17"}},{"geometry":{"type":"Polygon","coordinates":[[[118.4721,7.0319],[118.4754,7.0184],[118.4583,7.0122],[118.4501,7.0359],[118.4721,7.0319]]]},"type":"Feature","id":"dbdce41ff7","properties":{"flclr":"#000000","name":"Umus Mataha","level_id":"reg","layer_val":"0","parent_id":"0","gjsonid":"17"}},{"geometry":{"type":"Polygon","coordinates":[[[118.4340,7.0277],[118.4466,7.0077],[118.4231,7.0131],[118.4340,7.0277]]]},"type":"Feature","id":"7a3cdf6615","properties":{"flclr":"#000000","name":"Sikub","level_id":"reg","layer_val":"0","parent_id":"0","gjsonid":"17"}},{"geometry":{"type":"Polygon","coordinates":[[[118.4412,7.0057],[118.4415,6.9999],[118.4285,6.9910],[118.4232,7.0130],[118.4412,7.0057]]]},"type":"Feature","id":"e69a33064f","properties":{"flclr":"#000000","name":"Tanduan","level_id":"reg","layer_val":"0","parent_id":"0","gjsonid":"17"}},{"geometry":{"type":"Polygon","coordinates":[[[118.4623,6.9833],[118.4670,6.9946],[118.4764,6.9902],[118.4735,6.9752],[118.4623,6.9833]]]},"type":"Feature","id":"439e26f7be","properties":{"flclr":"#000000","name":"Boki","level_id":"reg","layer_val":"0","parent_id":"0","gjsonid":"17"}},{"geometry":{"type":"Polygon","coordinates":[[[118.4735,6.9752],[118.4743,6.9836],[118.5163,6.9846],[118.5370,6.9652],[118.4828,6.9679],[118.4814,6.9831],[118.4735,6.9752]],[[118.4927,6.9737],[118.4961,6.9710],[118.4990,6.9722],[118.4978,6.9764],[118.4927,6.9737]]]},"type":"Feature","id":"3f4acccdd9","properties":{"flclr":"#000000","name":"Lupa Pula (Pob.)","level_id":"reg","layer_val":"0","parent_id":"0","gjsonid":"17"}},{"geometry":{"type":"Polygon","coordinates":[[[118.4415,6.9999],[118.4623,6.9833],[118.4595,6.9792],[118.4285,6.9910],[118.4415,6.9999]]]},"type":"Feature","id":"cae3d26986","properties":{"flclr":"#000000","name":"Erok-erok","level_id":"reg","layer_val":"0","parent_id":"0","gjsonid":"17"}},{"geometry":{"type":"Polygon","coordinates":[[[120.9412,5.9797],[120.9124,5.9786],[120.9083,5.9894],[120.9309,5.9972],[120.9412,5.9797]]]},"type":"Feature","id":"23f8431b76","properties":{"flclr":"#000000","name":"Bud-Taran","level_id":"reg","layer_val":"0","parent_id":"0","gjsonid":"17"}},{"geometry":{"type":"Polygon","coordinates":[[[120.9124,5.9786],[120.9412,5.9797],[120.9414,5.9724],[120.9188,5.9630],[120.9124,5.9786]]]},"type":"Feature","id":"d3d75cb5c5","properties":{"flclr":"#000000","name":"Kuppong","level_id":"reg","layer_val":"0","parent_id":"0","gjsonid":"17"}},{"geometry":{"type":"Polygon","coordinates":[[[120.9412,5.9797],[120.9490,5.9894],[120.9537,5.9727],[120.9371,5.9668],[120.9412,5.9797]]]},"type":"Feature","id":"fc32e47a11","properties":{"flclr":"#000000","name":"Langpas","level_id":"reg","layer_val":"0","parent_id":"0","gjsonid":"17"}},{"geometry":{"type":"Polygon","coordinates":[[[120.9368,6.0310],[120.9387,6.0162],[120.9180,6.0116],[120.9182,6.0249],[120.9368,6.0310]]]},"type":"Feature","id":"04e1013069","properties":{"flclr":"#000000","name":"Malimbaya","level_id":"reg","layer_val":"0","parent_id":"0","gjsonid":"17"}},{"geometry":{"type":"Polygon","coordinates":[[[120.9188,5.9630],[120.9371,5.9668],[120.9353,5.9540],[120.9185,5.9569],[120.9188,5.9630]]]},"type":"Feature","id":"faecf13791","properties":{"flclr":"#000000","name":"Paligue","level_id":"reg","layer_val":"0","parent_id":"0","gjsonid":"17"}},{"geometry":{"type":"Polygon","coordinates":[[[120.9423,5.9626],[120.9474,5.9564],[120.9479,5.9410],[120.9353,5.9540],[120.9423,5.9626]]]},"type":"Feature","id":"a2c17895c5","properties":{"flclr":"#000000","name":"Pasil","level_id":"reg","layer_val":"0","parent_id":"0","gjsonid":"17"}},{"geometry":{"type":"Polygon","coordinates":[[[120.9353,5.9540],[120.9405,5.9420],[120.9185,5.9569],[120.9353,5.9540]]]},"type":"Feature","id":"b57dece9ec","properties":{"flclr":"#000000","name":"Sapah Malaum","level_id":"reg","layer_val":"0","parent_id":"0","gjsonid":"17"}},{"geometry":{"type":"Polygon","coordinates":[[[120.9371,5.9668],[120.9537,5.9727],[120.9563,5.9669],[120.9353,5.9540],[120.9371,5.9668]]]},"type":"Feature","id":"4e652c3051","properties":{"flclr":"#000000","name":"Panglima Misuari (Sasak)","level_id":"reg","layer_val":"0","parent_id":"0","gjsonid":"17"}},{"geometry":{"type":"Polygon","coordinates":[[[120.9152,6.0185],[120.9183,5.9955],[120.9083,5.9894],[120.9014,6.0066],[120.9152,6.0185]]]},"type":"Feature","id":"752a4d4013","properties":{"flclr":"#000000","name":"Sionogan","level_id":"reg","layer_val":"0","parent_id":"0","gjsonid":"17"}},{"geometry":{"type":"Polygon","coordinates":[[[120.9335,6.0159],[120.9358,6.0077],[120.9182,6.0035],[120.9180,6.0116],[120.9335,6.0159]]]},"type":"Feature","id":"38d37b41d4","properties":{"flclr":"#000000","name":"Tubig Dakulah","level_id":"reg","layer_val":"0","parent_id":"0","gjsonid":"17"}},{"geometry":{"type":"Polygon","coordinates":[[[120.9740,6.0235],[120.9872,6.0025],[120.9403,5.9872],[120.9362,6.0033],[120.9740,6.0235]]]},"type":"Feature","id":"3597a8c004","properties":{"flclr":"#000000","name":"Tumantangis","level_id":"reg","layer_val":"0","parent_id":"0","gjsonid":"17"}},{"geometry":{"type":"Polygon","coordinates":[[[120.9358,6.0077],[120.9365,5.9952],[120.9183,5.9955],[120.9182,6.0035],[120.9358,6.0077]]]},"type":"Feature","id":"638ac2a739","properties":{"flclr":"#000000","name":"Sawaki","level_id":"reg","layer_val":"0","parent_id":"0","gjsonid":"17"}},{"geometry":{"type":"Polygon","coordinates":[[[120.9621,6.0430],[120.9715,6.0305],[120.9387,6.0162],[120.9368,6.0310],[120.9621,6.0430]]]},"type":"Feature","id":"5102ed81e7","properties":{"flclr":"#000000","name":"Bato-bato","level_id":"reg","layer_val":"0","parent_id":"0","gjsonid":"17"}},{"geometry":{"type":"Polygon","coordinates":[[[120.9387,6.0162],[120.9715,6.0305],[120.9740,6.0235],[120.9362,6.0033],[120.9387,6.0162]]]},"type":"Feature","id":"7e1cf0d200","properties":{"flclr":"#000000","name":"Kagay","level_id":"reg","layer_val":"0","parent_id":"0","gjsonid":"17"}},{"geometry":{"type":"Polygon","coordinates":[[[120.5805,6.2745],[120.5755,6.2527],[120.5577,6.2430],[120.5627,6.2742],[120.5805,6.2745]]]},"type":"Feature","id":"cccae2a097","properties":{"flclr":"#000000","name":"Panitikan","level_id":"reg","layer_val":"0","parent_id":"0","gjsonid":"17"}},{"geometry":{"type":"Polygon","coordinates":[[[120.5507,6.2793],[120.5542,6.2956],[120.5831,6.2906],[120.5805,6.2745],[120.5507,6.2793]]]},"type":"Feature","id":"621cece4f4","properties":{"flclr":"#000000","name":"Bangkilay","level_id":"reg","layer_val":"0","parent_id":"0","gjsonid":"17"}},{"geometry":{"type":"Polygon","coordinates":[[[120.5542,6.2956],[120.5507,6.2793],[120.5212,6.2790],[120.5343,6.2989],[120.5542,6.2956]]]},"type":"Feature","id":"1e7b9fd298","properties":{"flclr":"#000000","name":"Tubig Nonok","level_id":"reg","layer_val":"0","parent_id":"0","gjsonid":"17"}},{"geometry":{"type":"Polygon","coordinates":[[[120.5364,6.2797],[120.5627,6.2742],[120.5600,6.2616],[120.5328,6.2638],[120.5364,6.2797]]]},"type":"Feature","id":"e6fd224670","properties":{"flclr":"#000000","name":"Lumah Dapdap","level_id":"reg","layer_val":"0","parent_id":"0","gjsonid":"17"}},{"geometry":{"type":"Polygon","coordinates":[[[120.5212,6.2790],[120.5364,6.2797],[120.5276,6.2428],[120.4781,6.2577],[120.4855,6.2736],[120.5154,6.2622],[120.5212,6.2790]]]},"type":"Feature","id":"28dc1dc579","properties":{"flclr":"#000000","name":"Kawitan","level_id":"reg","layer_val":"0","parent_id":"0","gjsonid":"17"}},{"geometry":{"type":"Polygon","coordinates":[[[120.5276,6.2428],[120.5328,6.2638],[120.5600,6.2616],[120.5577,6.2430],[120.5276,6.2428]]]},"type":"Feature","id":"5535ae5b27","properties":{"flclr":"#000000","name":"Pandan Niog","level_id":"reg","layer_val":"0","parent_id":"0","gjsonid":"17"}},{"geometry":{"type":"Polygon","coordinates":[[[120.5715,6.3562],[120.5521,6.3633],[120.5565,6.3757],[120.6005,6.3931],[120.5913,6.3553],[120.5715,6.3562]]]},"type":"Feature","id":"5e40e0e49c","properties":{"flclr":"#000000","name":"Patutol","level_id":"reg","layer_val":"0","parent_id":"0","gjsonid":"17"}},{"geometry":{"type":"Polygon","coordinates":[[[120.5887,6.3489],[120.5790,6.3529],[120.5788,6.3549],[120.5874,6.3519],[120.5887,6.3489]]]},"type":"Feature","id":"69355a11fc","properties":{"flclr":"#000000","name":"Patutol","level_id":"reg","layer_val":"0","parent_id":"0","gjsonid":"17"}},{"geometry":{"type":"Polygon","coordinates":[[[120.8930,5.9481],[120.8920,5.9522],[120.8920,5.9643],[120.9030,5.9511],[120.8930,5.9481]]]},"type":"Feature","id":"0b3a1adfb7","properties":{"flclr":"#000000","name":"Kaha","level_id":"reg","layer_val":"0","parent_id":"0","gjsonid":"17"}},{"geometry":{"type":"Polygon","coordinates":[[[120.4263,6.1632],[120.4486,6.1494],[120.4311,6.1427],[120.4408,6.1348],[120.4290,6.1407],[120.4294,6.1481],[120.4239,6.1463],[120.4168,6.1513],[120.4135,6.1561],[120.4263,6.1632]]]},"type":"Feature","id":"76760c8c80","properties":{"flclr":"#000000","name":"Suang Bunah","level_id":"reg","layer_val":"0","parent_id":"0","gjsonid":"17"}},{"geometry":{"type":"Polygon","coordinates":[[[120.4486,6.1494],[120.4243,6.1631],[120.4237,6.1642],[120.4476,6.1736],[120.4621,6.1694],[120.4392,6.1665],[120.4486,6.1494]],[[120.4341,6.1646],[120.4376,6.1641],[120.4380,6.1652],[120.4340,6.1654],[120.4341,6.1646]]]},"type":"Feature","id":"e315dd54be","properties":{"flclr":"#000000","name":"Alu Bunah","level_id":"reg","layer_val":"0","parent_id":"0","gjsonid":"17"}},{"geometry":{"type":"Polygon","coordinates":[[[120.5875,6.3369],[120.5423,6.3332],[120.5414,6.3430],[120.5446,6.3468],[120.5875,6.3369]]]},"type":"Feature","id":"12a1d70c11","properties":{"flclr":"#000000","name":"Tubig Sallang","level_id":"reg","layer_val":"0","parent_id":"0","gjsonid":"17"}},{"geometry":{"type":"Polygon","coordinates":[[[120.5503,6.2961],[120.5343,6.2989],[120.5403,6.3164],[120.5542,6.3171],[120.5503,6.2961]]]},"type":"Feature","id":"f6af32fbfa","properties":{"flclr":"#000000","name":"Lantong Babag","level_id":"reg","layer_val":"0","parent_id":"0","gjsonid":"17"}},{"geometry":{"type":"Polygon","coordinates":[[[120.5423,6.3332],[120.5854,6.3278],[120.5851,6.3230],[120.5403,6.3164],[120.5423,6.3332]]]},"type":"Feature","id":"0fc0e3db1c","properties":{"flclr":"#000000","name":"Se-ipang","level_id":"reg","layer_val":"0","parent_id":"0","gjsonid":"17"}},{"geometry":{"type":"Polygon","coordinates":[[[120.5542,6.3171],[120.5829,6.3184],[120.5831,6.2906],[120.5503,6.2961],[120.5542,6.3171]]]},"type":"Feature","id":"040b716b33","properties":{"flclr":"#000000","name":"Simbahan (Pob.)","level_id":"reg","layer_val":"0","parent_id":"0","gjsonid":"17"}},{"geometry":{"type":"Polygon","coordinates":[[[120.5887,6.3489],[120.5875,6.3369],[120.5446,6.3468],[120.5521,6.3633],[120.5731,6.3410],[120.5887,6.3489]]]},"type":"Feature","id":"ef8d48d732","properties":{"flclr":"#000000","name":"Kehi Niog","level_id":"reg","layer_val":"0","parent_id":"0","gjsonid":"17"}},{"geometry":{"type":"Polygon","coordinates":[[[120.8920,5.9522],[120.8930,5.9481],[120.8755,5.9441],[120.8742,5.9498],[120.8920,5.9522]]]},"type":"Feature","id":"6350be8bd4","properties":{"flclr":"#000000","name":"Alu Pangkoh","level_id":"reg","layer_val":"0","parent_id":"0","gjsonid":"17"}},{"geometry":{"type":"Polygon","coordinates":[[[120.9055,5.7582],[120.9149,5.7506],[120.9049,5.7447],[120.9055,5.7582]]]},"type":"Feature","id":"bd978e6f47","properties":{"flclr":"#000000","name":"Kaumpang","level_id":"reg","layer_val":"0","parent_id":"0","gjsonid":"17"}},{"geometry":{"type":"Polygon","coordinates":[[[120.8937,5.6956],[120.8834,5.7016],[120.8990,5.7149],[120.8967,5.7087],[120.8937,5.6956]]]},"type":"Feature","id":"68ae139378","properties":{"flclr":"#000000","name":"Banting","level_id":"reg","layer_val":"0","parent_id":"0","gjsonid":"17"}},{"geometry":{"type":"Polygon","coordinates":[[[120.9002,5.7275],[120.9172,5.7277],[120.9175,5.7054],[120.8937,5.6956],[120.9002,5.7275]]]},"type":"Feature","id":"44b483342d","properties":{"flclr":"#000000","name":"Kanaway","level_id":"reg","layer_val":"0","parent_id":"0","gjsonid":"17"}},{"geometry":{"type":"Polygon","coordinates":[[[120.9025,5.7314],[120.8831,5.7353],[120.8911,5.7504],[120.9014,5.7399],[120.9025,5.7314]]]},"type":"Feature","id":"189f1bd5a0","properties":{"flclr":"#000000","name":"Kamaunggi","level_id":"reg","layer_val":"0","parent_id":"0","gjsonid":"17"}},{"geometry":{"type":"Polygon","coordinates":[[[120.8831,5.7353],[120.9002,5.7275],[120.8990,5.7149],[120.8832,5.7178],[120.8831,5.7353]]]},"type":"Feature","id":"e4d7ea5a22","properties":{"flclr":"#000000","name":"Puok","level_id":"reg","layer_val":"0","parent_id":"0","gjsonid":"17"}},{"geometry":{"type":"Polygon","coordinates":[[[120.8779,5.6967],[120.8836,5.6952],[120.8789,5.6808],[120.8738,5.6881],[120.8779,5.6967]]]},"type":"Feature","id":"7a2fecc00c","properties":{"flclr":"#000000","name":"Gapas Tubig Tuwak","level_id":"reg","layer_val":"0","parent_id":"0","gjsonid":"17"}},{"geometry":{"type":"Polygon","coordinates":[[[120.8779,5.6967],[120.8738,5.6881],[120.8666,5.6880],[120.8694,5.7008],[120.8779,5.6967]]]},"type":"Feature","id":"0722a6a5d1","properties":{"flclr":"#000000","name":"Gapas Rugasan","level_id":"reg","layer_val":"0","parent_id":"0","gjsonid":"17"}},{"geometry":{"type":"Polygon","coordinates":[[[120.8666,5.6880],[120.8738,5.6881],[120.8742,5.6823],[120.8635,5.6736],[120.8666,5.6880]]]},"type":"Feature","id":"6e3417d7ec","properties":{"flclr":"#000000","name":"Alu Bus-Bus","level_id":"reg","layer_val":"0","parent_id":"0","gjsonid":"17"}},{"geometry":{"type":"Polygon","coordinates":[[[120.8520,5.6639],[120.8254,5.6704],[120.8280,5.6806],[120.8453,5.6772],[120.8520,5.6639]]]},"type":"Feature","id":"fe5a4abfc3","properties":{"flclr":"#000000","name":"Parian Kayawan","level_id":"reg","layer_val":"0","parent_id":"0","gjsonid":"17"}},{"geometry":{"type":"Polygon","coordinates":[[[120.8573,5.7071],[120.8694,5.7008],[120.8666,5.6880],[120.8573,5.6943],[120.8573,5.7071]]]},"type":"Feature","id":"27fb6fe5b9","properties":{"flclr":"#000000","name":"Kutah Parang","level_id":"reg","layer_val":"0","parent_id":"0","gjsonid":"17"}},{"geometry":{"type":"Polygon","coordinates":[[[120.8573,5.6943],[120.8666,5.6880],[120.8483,5.6783],[120.8421,5.6878],[120.8573,5.6943]]]},"type":"Feature","id":"81b772dab7","properties":{"flclr":"#000000","name":"Pait","level_id":"reg","layer_val":"0","parent_id":"0","gjsonid":"17"}},{"geometry":{"type":"Polygon","coordinates":[[[120.8472,5.7092],[120.8573,5.7071],[120.8573,5.6943],[120.8475,5.6919],[120.8472,5.7092]]]},"type":"Feature","id":"29b6352de5","properties":{"flclr":"#000000","name":"Mantan","level_id":"reg","layer_val":"0","parent_id":"0","gjsonid":"17"}},{"geometry":{"type":"Polygon","coordinates":[[[120.8395,5.7097],[120.8472,5.7092],[120.8421,5.6878],[120.8399,5.7028],[120.8395,5.7097]]]},"type":"Feature","id":"9b6c5ea52f","properties":{"flclr":"#000000","name":"Larap","level_id":"reg","layer_val":"0","parent_id":"0","gjsonid":"17"}},{"geometry":{"type":"Polygon","coordinates":[[[120.8395,5.7097],[120.8399,5.7028],[120.8421,5.6878],[120.8287,5.7070],[120.8395,5.7097]]]},"type":"Feature","id":"3370757597","properties":{"flclr":"#000000","name":"Huwit-huwit Bas Nonok","level_id":"reg","layer_val":"0","parent_id":"0","gjsonid":"17"}},{"geometry":{"type":"Polygon","coordinates":[[[120.8187,5.6797],[120.8072,5.7016],[120.8084,5.7022],[120.8262,5.6806],[120.8187,5.6797]]]},"type":"Feature","id":"3585481e31","properties":{"flclr":"#000000","name":"Bas Lugus","level_id":"reg","layer_val":"0","parent_id":"0","gjsonid":"17"}},{"geometry":{"type":"Polygon","coordinates":[[[120.8072,5.7016],[120.8130,5.6895],[120.8187,5.6797],[120.8016,5.6933],[120.8072,5.7016]]]},"type":"Feature","id":"1e9d646024","properties":{"flclr":"#000000","name":"Tingkangan","level_id":"reg","layer_val":"0","parent_id":"0","gjsonid":"17"}},{"geometry":{"type":"Polygon","coordinates":[[[120.8362,5.6819],[120.8262,5.6806],[120.8159,5.7024],[120.8224,5.7051],[120.8362,5.6819]]]},"type":"Feature","id":"8c481efd78","properties":{"flclr":"#000000","name":"Lugus Proper","level_id":"reg","layer_val":"0","parent_id":"0","gjsonid":"17"}},{"geometry":{"type":"Polygon","coordinates":[[[120.8016,5.6933],[120.8127,5.6778],[120.7961,5.6671],[120.7947,5.6697],[120.8016,5.6933]]]},"type":"Feature","id":"6c48d8dec4","properties":{"flclr":"#000000","name":"Mangkallay","level_id":"reg","layer_val":"0","parent_id":"0","gjsonid":"17"}},{"geometry":{"type":"Polygon","coordinates":[[[120.8127,5.6778],[120.8280,5.6806],[120.7963,5.6654],[120.7961,5.6671],[120.8127,5.6778]]]},"type":"Feature","id":"0eac9f595a","properties":{"flclr":"#000000","name":"Laha","level_id":"reg","layer_val":"0","parent_id":"0","gjsonid":"17"}},{"geometry":{"type":"Polygon","coordinates":[[[120.8836,5.6952],[120.8900,5.6907],[120.8789,5.6808],[120.8789,5.6863],[120.8836,5.6952]]]},"type":"Feature","id":"98522d4ef0","properties":{"flclr":"#000000","name":"Sibul","level_id":"reg","layer_val":"0","parent_id":"0","gjsonid":"17"}},{"geometry":{"type":"Polygon","coordinates":[[[120.8421,5.6878],[120.8483,5.6783],[120.8224,5.7051],[120.8287,5.7070],[120.8421,5.6878]]]},"type":"Feature","id":"94f8bb6b42","properties":{"flclr":"#000000","name":"Huwit-huwit Proper","level_id":"reg","layer_val":"0","parent_id":"0","gjsonid":"17"}},{"geometry":{"type":"Polygon","coordinates":[[[120.8483,5.6783],[120.8600,5.6817],[120.8618,5.6666],[120.8520,5.6639],[120.8483,5.6783]]]},"type":"Feature","id":"b09ad6c6cb","properties":{"flclr":"#000000","name":"Alu-Duyong","level_id":"reg","layer_val":"0","parent_id":"0","gjsonid":"17"}},{"geometry":{"type":"Polygon","coordinates":[[[120.1088,5.9534],[120.1210,5.9172],[120.0883,5.9758],[120.0985,5.9909],[120.1217,5.9646],[120.1088,5.9534]]]},"type":"Feature","id":"62dd53953e","properties":{"flclr":"#000000","name":"Suang Bunah","level_id":"reg","layer_val":"0","parent_id":"0","gjsonid":"17"}},{"geometry":{"type":"Polygon","coordinates":[[[120.5312,6.1239],[120.5336,6.1484],[120.5558,6.1290],[120.5466,6.1154],[120.5312,6.1239]]]},"type":"Feature","id":"3d9a67cd71","properties":{"flclr":"#000000","name":"Suang Bunah","level_id":"reg","layer_val":"0","parent_id":"0","gjsonid":"17"}},{"geometry":{"type":"Polygon","coordinates":[[[120.8670,6.3261],[120.8642,6.3396],[120.8643,6.3280],[120.8450,6.3278],[120.8539,6.3430],[120.8730,6.3376],[120.8760,6.3226],[120.8597,6.3088],[120.8413,6.3097],[120.8424,6.3275],[120.8515,6.3095],[120.8670,6.3261]]]},"type":"Feature","id":"ba47d4e426","properties":{"flclr":"#000000","name":"Teomabal","level_id":"reg","layer_val":"0","parent_id":"0","gjsonid":"17"}},{"geometry":{"type":"Polygon","coordinates":[[[120.9333,6.1691],[120.9003,6.1613],[120.8829,6.1371],[120.8877,6.1540],[120.9139,6.1745],[120.9333,6.1691]]]},"type":"Feature","id":"734d2f8302","properties":{"flclr":"#000000","name":"Kabuukan","level_id":"reg","layer_val":"0","parent_id":"0","gjsonid":"17"}},{"geometry":{"type":"Polygon","coordinates":[[[120.8948,6.1245],[120.8951,6.1302],[120.9160,6.1302],[120.9081,6.1241],[120.8948,6.1245]]]},"type":"Feature","id":"d44d20dde8","properties":{"flclr":"#000000","name":"Kabuukan","level_id":"reg","layer_val":"0","parent_id":"0","gjsonid":"17"}},{"geometry":{"type":"Polygon","coordinates":[[[119.9339,5.8645],[119.9180,5.8728],[119.9295,5.8877],[119.9529,5.8669],[119.9339,5.8645]]]},"type":"Feature","id":"1ed4fe84b2","properties":{"flclr":"#000000","name":"Suang Bunah","level_id":"reg","layer_val":"0","parent_id":"0","gjsonid":"17"}},{"geometry":{"type":"Polygon","coordinates":[[[119.9665,5.9199],[119.9795,5.9415],[119.9978,5.8800],[119.9610,5.8639],[119.9560,5.8901],[119.9743,5.8834],[119.9829,5.8994],[119.9665,5.9199]]]},"type":"Feature","id":"82ca5ba031","properties":{"flclr":"#000000","name":"Suang Bunah","level_id":"reg","layer_val":"0","parent_id":"0","gjsonid":"17"}},{"geometry":{"type":"Polygon","coordinates":[[[120.7148,6.4290],[120.6871,6.4078],[120.7034,6.4158],[120.7129,6.4134],[120.7090,6.4011],[120.6676,6.4073],[120.6764,6.4257],[120.7148,6.4290]]]},"type":"Feature","id":"49bbf5f751","properties":{"flclr":"#000000","name":"Patutol","level_id":"reg","layer_val":"0","parent_id":"0","gjsonid":"17"}},{"geometry":{"type":"Polygon","coordinates":[[[120.6583,6.2968],[120.6558,6.3061],[120.6600,6.3112],[120.6645,6.2970],[120.6567,6.2768],[120.6283,6.2563],[120.6223,6.2796],[120.6424,6.2979],[120.6503,6.2756],[120.6583,6.2968]],[[120.6628,6.2973],[120.6633,6.2970],[120.6641,6.2975],[120.6635,6.2982],[120.6628,6.2973]]]},"type":"Feature","id":"ebc0345593","properties":{"flclr":"#000000","name":"Panducan","level_id":"reg","layer_val":"0","parent_id":"0","gjsonid":"17"}},{"geometry":{"type":"Polygon","coordinates":[[[120.6461,6.3007],[120.6355,6.2967],[120.6568,6.3236],[120.6601,6.3172],[120.6461,6.3007]],[[120.6443,6.3134],[120.6454,6.3131],[120.6458,6.3154],[120.6447,6.3156],[120.6443,6.3134]]]},"type":"Feature","id":"fd9aebd438","properties":{"flclr":"#000000","name":"Tonggasang","level_id":"reg","layer_val":"0","parent_id":"0","gjsonid":"17"}},{"geometry":{"type":"Polygon","coordinates":[[[120.4034,5.7920],[120.4099,5.7893],[120.4127,5.7753],[120.4182,5.7860],[120.4077,5.7931],[120.4179,5.7908],[120.4193,5.7855],[120.4179,5.7748],[120.4115,5.7729],[120.4017,5.7830],[120.3932,5.8032],[120.3957,5.8111],[120.4034,5.7920]]]},"type":"Feature","id":"b555346dd0","properties":{"flclr":"#000000","name":"Mamanok","level_id":"reg","layer_val":"0","parent_id":"0","gjsonid":"17"}},{"geometry":{"type":"Polygon","coordinates":[[[120.9092,5.7024],[120.9086,5.7030],[120.9098,5.7034],[120.9098,5.7028],[120.9092,5.7024]]]},"type":"Feature","id":"cc1633042e","properties":{"flclr":"#000000","name":"Kanaway","level_id":"reg","layer_val":"0","parent_id":"0","gjsonid":"17"}}]}