{"type":"FeatureCollection","features":[{"geometry":{"type":"Polygon","coordinates":[[[121.4766,11.8634],[121.5071,11.8611],[121.5056,11.8447],[121.5006,11.8410],[121.4852,11.8513],[121.4755,11.8492],[121.4766,11.8634]]]},"type":"Feature","id":"82ac90f3d4","properties":{"flclr":"#000000","name":"Dionela","level_id":"reg","layer_val":"0","parent_id":"0","gjsonid":"7"}},{"geometry":{"type":"Polygon","coordinates":[[[121.5006,11.8410],[121.5124,11.8470],[121.5312,11.8460],[121.5162,11.8259],[121.5071,11.8267],[121.5006,11.8410]]]},"type":"Feature","id":"c26476d704","properties":{"flclr":"#000000","name":"Bonbon","level_id":"reg","layer_val":"0","parent_id":"0","gjsonid":"7"}},{"geometry":{"type":"Polygon","coordinates":[[[121.5006,11.8410],[121.5071,11.8267],[121.4944,11.8293],[121.4813,11.8245],[121.4536,11.8322],[121.4755,11.8492],[121.4852,11.8513],[121.5006,11.8410]]]},"type":"Feature","id":"61f905e28b","properties":{"flclr":"#000000","name":"Sibay","level_id":"reg","layer_val":"0","parent_id":"0","gjsonid":"7"}},{"geometry":{"type":"Polygon","coordinates":[[[121.5071,11.8611],[121.5205,11.8565],[121.5312,11.8460],[121.5056,11.8447],[121.5071,11.8611]]]},"type":"Feature","id":"ee44d38a32","properties":{"flclr":"#000000","name":"Bacong","level_id":"reg","layer_val":"0","parent_id":"0","gjsonid":"7"}},{"geometry":{"type":"Polygon","coordinates":[[[121.4766,11.8634],[121.4755,11.8492],[121.4536,11.8322],[121.4374,11.8376],[121.4377,11.8423],[121.4310,11.8443],[121.4360,11.8401],[121.4132,11.8360],[121.4220,11.8500],[121.4267,11.8687],[121.4690,11.8682],[121.4766,11.8634]]]},"type":"Feature","id":"da52bbaf4f","properties":{"flclr":"#000000","name":"Harigue","level_id":"reg","layer_val":"0","parent_id":"0","gjsonid":"7"}},{"geometry":{"type":"Polygon","coordinates":[[[121.0587,11.2269],[121.0665,11.2299],[121.0678,11.2198],[121.0592,11.2221],[121.0587,11.2269]]]},"type":"Feature","id":"9c2101f85e","properties":{"flclr":"#000000","name":"Maracanao","level_id":"reg","layer_val":"0","parent_id":"0","gjsonid":"5"}},{"geometry":{"type":"Polygon","coordinates":[[[120.9232,11.2429],[120.9284,11.2554],[120.9365,11.2583],[120.9425,11.2548],[120.9443,11.2427],[120.9364,11.2320],[120.9276,11.2318],[120.9232,11.2429]]]},"type":"Feature","id":"b0b084c1bf","properties":{"flclr":"#000000","name":"Diit","level_id":"reg","layer_val":"0","parent_id":"0","gjsonid":"5"}},{"geometry":{"type":"Polygon","coordinates":[[[121.2822,11.8633],[121.2881,11.8654],[121.2964,11.8576],[121.2944,11.8563],[121.2822,11.8633]]]},"type":"Feature","id":"fbfa0e9923","properties":{"flclr":"#000000","name":"Harigue","level_id":"reg","layer_val":"0","parent_id":"0","gjsonid":"7"}}]}