{"type":"FeatureCollection","features":[{"geometry":{"type":"Polygon","coordinates":[[[121.4534,6.7421],[121.4506,6.7464],[121.4590,6.7661],[121.4723,6.7482],[121.4689,6.7341],[121.4534,6.7421]]]},"type":"Feature","id":"f150242ef4","properties":{"flclr":"#000000","name":"Dasalan","level_id":"reg","layer_val":"0","parent_id":"0","gjsonid":"17"}},{"geometry":{"type":"Polygon","coordinates":[[[121.4298,6.7658],[121.4322,6.7776],[121.4357,6.7800],[121.4384,6.7581],[121.4322,6.7573],[121.4298,6.7658]]]},"type":"Feature","id":"22caf122d5","properties":{"flclr":"#000000","name":"Dasalan","level_id":"reg","layer_val":"0","parent_id":"0","gjsonid":"17"}},{"geometry":{"type":"Polygon","coordinates":[[[121.6394,6.6384],[121.6370,6.6390],[121.6401,6.6453],[121.6420,6.6430],[121.6394,6.6384]]]},"type":"Feature","id":"4b6fc06366","properties":{"flclr":"#000000","name":"Lubukan","level_id":"reg","layer_val":"0","parent_id":"0","gjsonid":"17"}},{"geometry":{"type":"Polygon","coordinates":[[[121.5581,6.6307],[121.5597,6.6364],[121.5625,6.6369],[121.5614,6.6294],[121.5581,6.6307]]]},"type":"Feature","id":"d4b477894c","properties":{"flclr":"#000000","name":"Mananggal","level_id":"reg","layer_val":"0","parent_id":"0","gjsonid":"17"}},{"geometry":{"type":"Polygon","coordinates":[[[121.5691,6.6384],[121.5803,6.6485],[121.5889,6.6504],[121.5908,6.6288],[121.5860,6.6247],[121.5764,6.6276],[121.5698,6.6324],[121.5691,6.6384]]]},"type":"Feature","id":"acc584871c","properties":{"flclr":"#000000","name":"Mananggal","level_id":"reg","layer_val":"0","parent_id":"0","gjsonid":"17"}},{"geometry":{"type":"Polygon","coordinates":[[[121.5686,6.6453],[121.5720,6.6482],[121.5742,6.6482],[121.5696,6.6436],[121.5686,6.6453]]]},"type":"Feature","id":"1879213ce2","properties":{"flclr":"#000000","name":"Mananggal","level_id":"reg","layer_val":"0","parent_id":"0","gjsonid":"17"}},{"geometry":{"type":"Polygon","coordinates":[[[121.5098,6.6211],[121.5170,6.6253],[121.5180,6.6147],[121.5141,6.6154],[121.5098,6.6211]]]},"type":"Feature","id":"2eb75134dc","properties":{"flclr":"#000000","name":"Palahangan","level_id":"reg","layer_val":"0","parent_id":"0","gjsonid":"17"}},{"geometry":{"type":"Polygon","coordinates":[[[121.5441,6.6158],[121.5484,6.6238],[121.5547,6.6188],[121.5461,6.6144],[121.5441,6.6158]]]},"type":"Feature","id":"3971941699","properties":{"flclr":"#000000","name":"Palahangan","level_id":"reg","layer_val":"0","parent_id":"0","gjsonid":"17"}},{"geometry":{"type":"Polygon","coordinates":[[[121.5448,6.6024],[121.5459,6.6034],[121.5513,6.6025],[121.5488,6.5997],[121.5448,6.6024]]]},"type":"Feature","id":"62da41b9a4","properties":{"flclr":"#000000","name":"Palahangan","level_id":"reg","layer_val":"0","parent_id":"0","gjsonid":"17"}},{"geometry":{"type":"Polygon","coordinates":[[[121.5593,6.5986],[121.5626,6.6012],[121.5657,6.5921],[121.5603,6.5934],[121.5593,6.5986]]]},"type":"Feature","id":"5260bc28d1","properties":{"flclr":"#000000","name":"Palahangan","level_id":"reg","layer_val":"0","parent_id":"0","gjsonid":"17"}},{"geometry":{"type":"Polygon","coordinates":[[[121.5504,6.6112],[121.5506,6.6118],[121.5513,6.6122],[121.5515,6.6109],[121.5504,6.6112]]]},"type":"Feature","id":"86f51e65f8","properties":{"flclr":"#000000","name":"Palahangan","level_id":"reg","layer_val":"0","parent_id":"0","gjsonid":"17"}},{"geometry":{"type":"Polygon","coordinates":[[[121.5612,6.5860],[121.5630,6.5874],[121.5670,6.5869],[121.5656,6.5829],[121.5612,6.5860]]]},"type":"Feature","id":"55c48164cf","properties":{"flclr":"#000000","name":"Palahangan","level_id":"reg","layer_val":"0","parent_id":"0","gjsonid":"17"}},{"geometry":{"type":"Polygon","coordinates":[[[121.5859,6.9046],[121.5899,6.9095],[121.5941,6.9044],[121.5947,6.8899],[121.5906,6.8893],[121.5859,6.9046]]]},"type":"Feature","id":"acdd2e9000","properties":{"flclr":"#000000","name":"Sangbay Small","level_id":"reg","layer_val":"0","parent_id":"0","gjsonid":"17"}},{"geometry":{"type":"Polygon","coordinates":[[[121.6104,6.5872],[121.6131,6.5865],[121.6127,6.5828],[121.6115,6.5830],[121.6104,6.5872]]]},"type":"Feature","id":"e62700aaaf","properties":{"flclr":"#000000","name":"Panducan","level_id":"reg","layer_val":"0","parent_id":"0","gjsonid":"17"}},{"geometry":{"type":"Polygon","coordinates":[[[121.6106,6.6069],[121.6112,6.6079],[121.6122,6.6075],[121.6114,6.6062],[121.6106,6.6069]]]},"type":"Feature","id":"74d65a2ad3","properties":{"flclr":"#000000","name":"Panducan","level_id":"reg","layer_val":"0","parent_id":"0","gjsonid":"17"}},{"geometry":{"type":"Polygon","coordinates":[[[121.5296,6.8290],[121.5315,6.8340],[121.5397,6.8343],[121.5491,6.8123],[121.5296,6.8290]]]},"type":"Feature","id":"c53fb3e8e5","properties":{"flclr":"#000000","name":"Sangbay Big","level_id":"reg","layer_val":"0","parent_id":"0","gjsonid":"17"}},{"geometry":{"type":"Polygon","coordinates":[[[121.5467,6.8401],[121.5521,6.8470],[121.5605,6.8449],[121.5584,6.8289],[121.5467,6.8401]]]},"type":"Feature","id":"043a649bd6","properties":{"flclr":"#000000","name":"Sangbay Small","level_id":"reg","layer_val":"0","parent_id":"0","gjsonid":"17"}},{"geometry":{"type":"Polygon","coordinates":[[[121.5322,6.6597],[121.5377,6.6532],[121.5343,6.6457],[121.5291,6.6499],[121.5322,6.6597]]]},"type":"Feature","id":"31453cca00","properties":{"flclr":"#000000","name":"Tausan","level_id":"reg","layer_val":"0","parent_id":"0","gjsonid":"17"}},{"geometry":{"type":"Polygon","coordinates":[[[121.5710,6.6580],[121.5703,6.6524],[121.5642,6.6465],[121.5694,6.6651],[121.5710,6.6580]]]},"type":"Feature","id":"8f2a1cbcfa","properties":{"flclr":"#000000","name":"Tausan","level_id":"reg","layer_val":"0","parent_id":"0","gjsonid":"17"}},{"geometry":{"type":"Polygon","coordinates":[[[121.6052,6.6771],[121.6080,6.6743],[121.6138,6.6615],[121.6321,6.6530],[121.6214,6.6269],[121.6118,6.6250],[121.6121,6.6486],[121.5901,6.6705],[121.6052,6.6771]]]},"type":"Feature","id":"1416cf6d38","properties":{"flclr":"#000000","name":"Lubukan","level_id":"reg","layer_val":"0","parent_id":"0","gjsonid":"17"}},{"geometry":{"type":"Polygon","coordinates":[[[121.6052,6.6771],[121.5901,6.6705],[121.5838,6.6688],[121.5913,6.6842],[121.6052,6.6771]]]},"type":"Feature","id":"412dd9ebb0","properties":{"flclr":"#000000","name":"Luukbongsod","level_id":"reg","layer_val":"0","parent_id":"0","gjsonid":"17"}},{"geometry":{"type":"Polygon","coordinates":[[[121.6118,6.6250],[121.6214,6.6269],[121.6242,6.6024],[121.6180,6.5584],[121.6134,6.5946],[121.6172,6.6034],[121.6009,6.6225],[121.6118,6.6250]]]},"type":"Feature","id":"7a6c7168ed","properties":{"flclr":"#000000","name":"Panducan","level_id":"reg","layer_val":"0","parent_id":"0","gjsonid":"17"}},{"geometry":{"type":"Polygon","coordinates":[[[121.5901,6.6705],[121.6121,6.6486],[121.6118,6.6250],[121.5993,6.6248],[121.6007,6.6405],[121.5841,6.6641],[121.5842,6.6684],[121.5901,6.6705]]]},"type":"Feature","id":"3acbb744df","properties":{"flclr":"#000000","name":"Tausan","level_id":"reg","layer_val":"0","parent_id":"0","gjsonid":"17"}}]}