{"type":"FeatureCollection","features":[{"geometry":{"type":"Polygon","coordinates":[[[120.9661,5.4945],[120.9633,5.4914],[120.9603,5.4893],[120.9581,5.4885],[120.9538,5.4880],[120.9274,5.4887],[120.9080,5.4917],[120.9581,5.4887],[120.9659,5.4949],[120.9681,5.5044],[120.9661,5.4945]]]},"type":"Feature","id":"e45663662b","properties":{"flclr":"#000000","name":"Southwestern Bulikullul","level_id":"reg","layer_val":"0","parent_id":"0","gjsonid":"17"}},{"geometry":{"type":"Polygon","coordinates":[[[120.9441,5.4943],[120.9445,5.4942],[120.9451,5.4920],[120.9441,5.4929],[120.9441,5.4943]]]},"type":"Feature","id":"b744c756a4","properties":{"flclr":"#000000","name":"Southwestern Bulikullul","level_id":"reg","layer_val":"0","parent_id":"0","gjsonid":"17"}},{"geometry":{"type":"Polygon","coordinates":[[[120.9379,5.4981],[120.9385,5.4973],[120.9383,5.4970],[120.9377,5.4974],[120.9379,5.4981]]]},"type":"Feature","id":"e515d76d55","properties":{"flclr":"#000000","name":"Southwestern Bulikullul","level_id":"reg","layer_val":"0","parent_id":"0","gjsonid":"17"}},{"geometry":{"type":"Polygon","coordinates":[[[120.9392,5.4966],[120.9396,5.4965],[120.9395,5.4960],[120.9390,5.4963],[120.9392,5.4966]]]},"type":"Feature","id":"be93ee50a3","properties":{"flclr":"#000000","name":"Southwestern Bulikullul","level_id":"reg","layer_val":"0","parent_id":"0","gjsonid":"17"}},{"geometry":{"type":"Polygon","coordinates":[[[120.9408,5.4968],[120.9413,5.4967],[120.9414,5.4962],[120.9406,5.4964],[120.9408,5.4968]]]},"type":"Feature","id":"ddafd4c174","properties":{"flclr":"#000000","name":"Southwestern Bulikullul","level_id":"reg","layer_val":"0","parent_id":"0","gjsonid":"17"}},{"geometry":{"type":"Polygon","coordinates":[[[120.9546,5.5204],[120.9548,5.5198],[120.9546,5.5194],[120.9543,5.5201],[120.9546,5.5204]]]},"type":"Feature","id":"e8a38cb6bb","properties":{"flclr":"#000000","name":"Southwestern Bulikullul","level_id":"reg","layer_val":"0","parent_id":"0","gjsonid":"17"}},{"geometry":{"type":"Polygon","coordinates":[[[120.9629,5.5185],[120.9630,5.5197],[120.9632,5.5202],[120.9639,5.5170],[120.9629,5.5185]]]},"type":"Feature","id":"45242d0b5b","properties":{"flclr":"#000000","name":"Southwestern Bulikullul","level_id":"reg","layer_val":"0","parent_id":"0","gjsonid":"17"}},{"geometry":{"type":"Polygon","coordinates":[[[120.9545,5.5257],[120.9547,5.5259],[120.9559,5.5260],[120.9552,5.5251],[120.9545,5.5257]]]},"type":"Feature","id":"6dcb950879","properties":{"flclr":"#000000","name":"Southwestern Bulikullul","level_id":"reg","layer_val":"0","parent_id":"0","gjsonid":"17"}},{"geometry":{"type":"Polygon","coordinates":[[[120.9546,5.5267],[120.9564,5.5270],[120.9564,5.5265],[120.9556,5.5261],[120.9546,5.5267]]]},"type":"Feature","id":"6aab4416ba","properties":{"flclr":"#000000","name":"Southwestern Bulikullul","level_id":"reg","layer_val":"0","parent_id":"0","gjsonid":"17"}},{"geometry":{"type":"Polygon","coordinates":[[[120.9621,5.5225],[120.9625,5.5222],[120.9625,5.5213],[120.9619,5.5221],[120.9621,5.5225]]]},"type":"Feature","id":"e94bbdc579","properties":{"flclr":"#000000","name":"Southwestern Bulikullul","level_id":"reg","layer_val":"0","parent_id":"0","gjsonid":"17"}},{"geometry":{"type":"Polygon","coordinates":[[[120.9580,5.5309],[120.9583,5.5313],[120.9587,5.5310],[120.9584,5.5307],[120.9580,5.5309]]]},"type":"Feature","id":"9cbe1edda0","properties":{"flclr":"#000000","name":"Southwestern Bulikullul","level_id":"reg","layer_val":"0","parent_id":"0","gjsonid":"17"}},{"geometry":{"type":"Polygon","coordinates":[[[120.9584,5.5292],[120.9599,5.5292],[120.9599,5.5282],[120.9584,5.5288],[120.9584,5.5292]]]},"type":"Feature","id":"2ea66d90e9","properties":{"flclr":"#000000","name":"Southwestern Bulikullul","level_id":"reg","layer_val":"0","parent_id":"0","gjsonid":"17"}},{"geometry":{"type":"Polygon","coordinates":[[[120.9379,5.4958],[120.9392,5.4957],[120.9389,5.4940],[120.9378,5.4948],[120.9379,5.4958]]]},"type":"Feature","id":"a9818f4b57","properties":{"flclr":"#000000","name":"Southwestern Bulikullul","level_id":"reg","layer_val":"0","parent_id":"0","gjsonid":"17"}},{"geometry":{"type":"Polygon","coordinates":[[[120.9401,5.4956],[120.9409,5.4948],[120.9409,5.4940],[120.9397,5.4950],[120.9401,5.4956]]]},"type":"Feature","id":"9ce2e49036","properties":{"flclr":"#000000","name":"Southwestern Bulikullul","level_id":"reg","layer_val":"0","parent_id":"0","gjsonid":"17"}},{"geometry":{"type":"Polygon","coordinates":[[[120.9666,5.5007],[120.9665,5.5012],[120.9671,5.5014],[120.9668,5.5003],[120.9666,5.5007]]]},"type":"Feature","id":"9de253e566","properties":{"flclr":"#000000","name":"Southwestern Bulikullul","level_id":"reg","layer_val":"0","parent_id":"0","gjsonid":"17"}},{"geometry":{"type":"Polygon","coordinates":[[[120.9359,5.4980],[120.9371,5.4981],[120.9375,5.4963],[120.9369,5.4964],[120.9359,5.4980]]]},"type":"Feature","id":"99f82078e8","properties":{"flclr":"#000000","name":"Southwestern Bulikullul","level_id":"reg","layer_val":"0","parent_id":"0","gjsonid":"17"}},{"geometry":{"type":"Polygon","coordinates":[[[120.9423,5.4979],[120.9440,5.4967],[120.9445,5.4949],[120.9424,5.4961],[120.9423,5.4979]]]},"type":"Feature","id":"3fa2585f98","properties":{"flclr":"#000000","name":"Southwestern Bulikullul","level_id":"reg","layer_val":"0","parent_id":"0","gjsonid":"17"}},{"geometry":{"type":"Polygon","coordinates":[[[120.9466,5.4958],[120.9476,5.4950],[120.9480,5.4943],[120.9472,5.4941],[120.9466,5.4958]]]},"type":"Feature","id":"a6bfa5db23","properties":{"flclr":"#000000","name":"Southwestern Bulikullul","level_id":"reg","layer_val":"0","parent_id":"0","gjsonid":"17"}},{"geometry":{"type":"Polygon","coordinates":[[[120.9387,5.5101],[120.9426,5.5093],[120.9435,5.5027],[120.9409,5.5026],[120.9387,5.5101]]]},"type":"Feature","id":"714cbd4ec6","properties":{"flclr":"#000000","name":"Southwestern Bulikullul","level_id":"reg","layer_val":"0","parent_id":"0","gjsonid":"17"}},{"geometry":{"type":"Polygon","coordinates":[[[120.9654,5.5021],[120.9657,5.5021],[120.9656,5.5015],[120.9654,5.5017],[120.9654,5.5021]]]},"type":"Feature","id":"20ca8c83b5","properties":{"flclr":"#000000","name":"Southwestern Bulikullul","level_id":"reg","layer_val":"0","parent_id":"0","gjsonid":"17"}},{"geometry":{"type":"Polygon","coordinates":[[[120.9449,5.5083],[120.9493,5.5076],[120.9482,5.5038],[120.9451,5.5048],[120.9449,5.5083]]]},"type":"Feature","id":"300b7c4092","properties":{"flclr":"#000000","name":"Southwestern Bulikullul","level_id":"reg","layer_val":"0","parent_id":"0","gjsonid":"17"}},{"geometry":{"type":"Polygon","coordinates":[[[120.9449,5.5177],[120.9495,5.5139],[120.9517,5.5169],[120.9516,5.5115],[120.9469,5.5121],[120.9449,5.5177]]]},"type":"Feature","id":"e3bba5ba41","properties":{"flclr":"#000000","name":"Southwestern Bulikullul","level_id":"reg","layer_val":"0","parent_id":"0","gjsonid":"17"}},{"geometry":{"type":"Polygon","coordinates":[[[120.9479,5.5169],[120.9484,5.5174],[120.9507,5.5168],[120.9491,5.5163],[120.9479,5.5169]]]},"type":"Feature","id":"b12f41e9e1","properties":{"flclr":"#000000","name":"Southwestern Bulikullul","level_id":"reg","layer_val":"0","parent_id":"0","gjsonid":"17"}},{"geometry":{"type":"Polygon","coordinates":[[[120.9631,5.5147],[120.9641,5.5153],[120.9644,5.5148],[120.9635,5.5143],[120.9631,5.5147]]]},"type":"Feature","id":"c0e3f6745e","properties":{"flclr":"#000000","name":"Southwestern Bulikullul","level_id":"reg","layer_val":"0","parent_id":"0","gjsonid":"17"}},{"geometry":{"type":"Polygon","coordinates":[[[120.9524,5.5194],[120.9537,5.5193],[120.9542,5.5175],[120.9520,5.5184],[120.9524,5.5194]]]},"type":"Feature","id":"d00169c134","properties":{"flclr":"#000000","name":"Southwestern Bulikullul","level_id":"reg","layer_val":"0","parent_id":"0","gjsonid":"17"}},{"geometry":{"type":"Polygon","coordinates":[[[120.9521,5.5205],[120.9543,5.5217],[120.9548,5.5213],[120.9545,5.5206],[120.9521,5.5205]]]},"type":"Feature","id":"362f54f5a4","properties":{"flclr":"#000000","name":"Southwestern Bulikullul","level_id":"reg","layer_val":"0","parent_id":"0","gjsonid":"17"}}]}