{"type":"FeatureCollection","features":[{"geometry":{"type":"Polygon","coordinates":[[[120.9558,14.0143],[120.9495,13.9288],[120.9160,13.9091],[120.9030,13.9912],[120.9133,14.0092],[120.9558,14.0143]]]},"type":"Feature","id":"1453310b73","properties":{"flclr":"#000000","name":"AGONCILLO,BATANGAS,REGION IV-A (CALABARZON)","level_id":"lgu","layer_val":"0","parent_id":"24","gjsonid":"409"}},{"geometry":{"type":"Polygon","coordinates":[[[120.9896,13.8784],[121.0319,13.8975],[121.0450,13.8618],[120.9835,13.8383],[120.9896,13.8784]]]},"type":"Feature","id":"c5ca81465e","properties":{"flclr":"#000000","name":"ALITAGTAG,BATANGAS,REGION IV-A (CALABARZON)","level_id":"lgu","layer_val":"0","parent_id":"24","gjsonid":"410"}},{"geometry":{"type":"MultiPolygon","coordinates":[[[[121.0890,13.5694],[121.0994,13.5341],[121.0803,13.5262],[121.0424,13.5709],[121.0890,13.5694]]],[[[121.1759,13.6439],[121.0781,13.6189],[121.0362,13.6341],[121.0616,13.7163],[121.0287,13.7697],[121.0614,13.8325],[121.1024,13.8407],[121.0962,13.7892],[121.1378,13.7902],[121.1776,13.7475],[121.1759,13.6439]]]]},"type":"Feature","id":"d284aa40f1","properties":{"flclr":"#000000","name":"BATANGAS CITY (Capital),BATANGAS,REGION IV-A (CALABARZON)","level_id":"lgu","layer_val":"0","parent_id":"24","gjsonid":"413"}},{"geometry":{"type":"Polygon","coordinates":[[[121.0174,13.7755],[120.9806,13.7828],[120.9269,13.7638],[120.9109,13.8063],[120.9506,13.8080],[120.9779,13.8396],[121.0143,13.8466],[121.0012,13.8038],[121.0174,13.7755]]]},"type":"Feature","id":"c77ab7dbf8","properties":{"flclr":"#000000","name":"BAUAN,BATANGAS,REGION IV-A (CALABARZON)","level_id":"lgu","layer_val":"0","parent_id":"24","gjsonid":"414"}},{"geometry":{"type":"Polygon","coordinates":[[[121.0325,13.8998],[121.0358,13.9387],[121.0629,13.9456],[121.0787,13.9206],[121.0612,13.8661],[121.0380,13.8624],[121.0325,13.8998]]]},"type":"Feature","id":"6c77d76875","properties":{"flclr":"#000000","name":"CUENCA,BATANGAS,REGION IV-A (CALABARZON)","level_id":"lgu","layer_val":"0","parent_id":"24","gjsonid":"417"}},{"geometry":{"type":"Polygon","coordinates":[[[121.1739,13.7931],[121.1802,13.7626],[121.1335,13.7915],[121.0962,13.7892],[121.1207,13.8664],[121.1648,13.8612],[121.1739,13.7931]]]},"type":"Feature","id":"83fc2da535","properties":{"flclr":"#000000","name":"IBAAN,BATANGAS,REGION IV-A (CALABARZON)","level_id":"lgu","layer_val":"0","parent_id":"24","gjsonid":"418"}},{"geometry":{"type":"Polygon","coordinates":[[[121.0674,13.9433],[121.0765,13.9624],[121.1201,13.9461],[121.1311,13.9939],[121.1523,13.9944],[121.1841,14.0306],[121.2035,13.9891],[121.2481,13.9844],[121.2400,13.9060],[121.2731,13.8901],[121.2140,13.9051],[121.1648,13.8612],[121.1285,13.8701],[121.1149,13.9187],[121.0774,13.9254],[121.0674,13.9433]]]},"type":"Feature","id":"2988889c99","properties":{"flclr":"#000000","name":"LIPA CITY,BATANGAS,REGION IV-A (CALABARZON)","level_id":"lgu","layer_val":"0","parent_id":"24","gjsonid":"422"}},{"geometry":{"type":"Polygon","coordinates":[[[121.3587,13.6547],[121.2943,13.6001],[121.2596,13.5978],[121.2333,13.6278],[121.1759,13.6439],[121.1738,13.7140],[121.2542,13.7181],[121.2710,13.6955],[121.2671,13.7304],[121.2910,13.7323],[121.2887,13.6939],[121.3487,13.7046],[121.3587,13.6547]]]},"type":"Feature","id":"75a9190b5e","properties":{"flclr":"#000000","name":"LOBO,BATANGAS,REGION IV-A (CALABARZON)","level_id":"lgu","layer_val":"0","parent_id":"24","gjsonid":"423"}},{"geometry":{"type":"Polygon","coordinates":[[[120.9627,13.7712],[120.9174,13.6999],[120.8929,13.6827],[120.8757,13.7226],[120.9070,13.7554],[120.9627,13.7712]]]},"type":"Feature","id":"ae41171fa2","properties":{"flclr":"#000000","name":"MABINI,BATANGAS,REGION IV-A (CALABARZON)","level_id":"lgu","layer_val":"0","parent_id":"24","gjsonid":"1442"}},{"geometry":{"type":"Polygon","coordinates":[[[121.0740,13.9289],[121.1091,13.9248],[121.1338,13.8824],[121.1036,13.8397],[121.0604,13.8311],[121.0450,13.8627],[121.0612,13.8661],[121.0740,13.9289]]]},"type":"Feature","id":"20263157c2","properties":{"flclr":"#000000","name":"SAN JOSE,BATANGAS,REGION IV-A (CALABARZON)","level_id":"lgu","layer_val":"0","parent_id":"24","gjsonid":"1444"}},{"geometry":{"type":"Polygon","coordinates":[[[121.4567,13.8182],[121.4324,13.7598],[121.4517,13.7229],[121.4427,13.6959],[121.4704,13.6855],[121.4234,13.6556],[121.3965,13.6723],[121.3588,13.6549],[121.3270,13.7386],[121.3412,13.8479],[121.3685,13.8691],[121.3877,13.8448],[121.4567,13.8182]]]},"type":"Feature","id":"1f3d0da6ff","properties":{"flclr":"#000000","name":"SAN JUAN,BATANGAS,REGION IV-A (CALABARZON)","level_id":"lgu","layer_val":"0","parent_id":"24","gjsonid":"1445"}},{"geometry":{"type":"Polygon","coordinates":[[[121.2721,13.8876],[121.3201,13.8676],[121.2166,13.8558],[121.1848,13.8783],[121.2140,13.9051],[121.2721,13.8876]]]},"type":"Feature","id":"9eaef29773","properties":{"flclr":"#000000","name":"PADRE GARCIA,BATANGAS,REGION IV-A (CALABARZON)","level_id":"lgu","layer_val":"0","parent_id":"24","gjsonid":"427"}},{"geometry":{"type":"Polygon","coordinates":[[[121.3201,13.8676],[121.3685,13.8691],[121.3313,13.8160],[121.3402,13.7048],[121.2936,13.6901],[121.2910,13.7323],[121.2664,13.7426],[121.2797,13.7707],[121.2315,13.7827],[121.2088,13.8063],[121.1668,13.7952],[121.1648,13.8612],[121.1848,13.8783],[121.2166,13.8558],[121.3201,13.8676]]]},"type":"Feature","id":"7639c0e16d","properties":{"flclr":"#000000","name":"ROSARIO,BATANGAS,REGION IV-A (CALABARZON)","level_id":"lgu","layer_val":"0","parent_id":"24","gjsonid":"1443"}},{"geometry":{"type":"Polygon","coordinates":[[[120.9120,13.8097],[120.9016,13.8219],[120.9176,13.8582],[120.9909,13.8600],[120.9579,13.8121],[120.9120,13.8097]]]},"type":"Feature","id":"281a869bdd","properties":{"flclr":"#000000","name":"SAN LUIS,BATANGAS,REGION IV-A (CALABARZON)","level_id":"lgu","layer_val":"0","parent_id":"24","gjsonid":"1446"}},{"geometry":{"type":"MultiPolygon","coordinates":[[[[121.0103,13.9933],[120.9753,13.9787],[120.9734,14.0254],[121.0021,14.0078],[121.0103,13.9933]]],[[[120.9507,13.9313],[120.9766,13.9151],[120.9755,13.9091],[120.9336,13.9036],[120.9255,13.9191],[120.9507,13.9313]]]]},"type":"Feature","id":"d8e07a630f","properties":{"flclr":"#000000","name":"SAN NICOLAS,BATANGAS,REGION IV-A (CALABARZON)","level_id":"lgu","layer_val":"0","parent_id":"24","gjsonid":"1447"}},{"geometry":{"type":"Polygon","coordinates":[[[121.0287,13.7697],[121.0012,13.8038],[121.0143,13.8466],[121.0450,13.8618],[121.0607,13.8291],[121.0287,13.7697]]]},"type":"Feature","id":"ac0fb6c411","properties":{"flclr":"#000000","name":"SAN PASCUAL,BATANGAS,REGION IV-A (CALABARZON)","level_id":"lgu","layer_val":"0","parent_id":"24","gjsonid":"428"}},{"geometry":{"type":"Polygon","coordinates":[[[120.9769,13.9140],[120.9909,13.8600],[120.9460,13.8571],[120.9623,13.8751],[120.9769,13.9140]]]},"type":"Feature","id":"5b3381ff4e","properties":{"flclr":"#000000","name":"SANTA TERESITA,BATANGAS,REGION IV-A (CALABARZON)","level_id":"lgu","layer_val":"0","parent_id":"24","gjsonid":"1448"}},{"geometry":{"type":"Polygon","coordinates":[[[120.9148,13.8564],[120.9206,13.9147],[120.9690,13.9075],[120.9578,13.8702],[120.9148,13.8564]]]},"type":"Feature","id":"d49dcf34f6","properties":{"flclr":"#000000","name":"TAAL,BATANGAS,REGION IV-A (CALABARZON)","level_id":"lgu","layer_val":"0","parent_id":"24","gjsonid":"429"}},{"geometry":{"type":"Polygon","coordinates":[[[121.2797,13.7342],[121.2671,13.7304],[121.2710,13.6955],[121.2542,13.7181],[121.2051,13.7056],[121.1785,13.7193],[121.1624,13.7661],[121.1866,13.7673],[121.1750,13.7976],[121.2088,13.8063],[121.2315,13.7827],[121.2797,13.7707],[121.2664,13.7426],[121.2797,13.7342]]]},"type":"Feature","id":"5756ba0f20","properties":{"flclr":"#000000","name":"TAYSAN,BATANGAS,REGION IV-A (CALABARZON)","level_id":"lgu","layer_val":"0","parent_id":"24","gjsonid":"432"}},{"geometry":{"type":"MultiPolygon","coordinates":[[[[120.8314,13.6874],[120.8409,13.6724],[120.8849,13.6549],[120.9340,13.6554],[120.9464,13.6382],[120.9051,13.6244],[120.8726,13.6347],[120.8420,13.6513],[120.8314,13.6874]]],[[[120.8426,13.6918],[120.8442,13.6808],[120.8428,13.6742],[120.8405,13.6805],[120.8426,13.6918]]],[[[120.9665,13.6266],[120.9654,13.6266],[120.9637,13.6281],[120.9665,13.6266]]],[[[120.9493,13.6311],[120.9516,13.6299],[120.9519,13.6288],[120.9480,13.6295],[120.9493,13.6311]]]]},"type":"Feature","id":"a949f17a54","properties":{"flclr":"#000000","name":"TINGLOY,BATANGAS,REGION IV-A (CALABARZON)","level_id":"lgu","layer_val":"0","parent_id":"24","gjsonid":"433"}},{"geometry":{"type":"Polygon","coordinates":[[[122.2012,13.6331],[122.1534,13.7155],[122.2129,13.7212],[122.2608,13.7492],[122.3009,13.7294],[122.2399,13.6771],[122.2361,13.6407],[122.2012,13.6331]]]},"type":"Feature","id":"e316ddf1e4","properties":{"flclr":"#000000","name":"GENERAL LUNA,QUEZON,REGION IV-A (CALABARZON)","level_id":"lgu","layer_val":"0","parent_id":"27","gjsonid":"490"}},{"geometry":{"type":"Polygon","coordinates":[[[122.3838,14.0666],[122.4306,14.1046],[122.4423,14.0543],[122.4232,14.0367],[122.3810,14.0482],[122.3721,13.9895],[122.4044,13.9743],[122.4856,13.8483],[122.5243,13.8167],[122.5036,13.7652],[122.3946,13.8169],[122.3922,13.9143],[122.3420,13.9996],[122.3838,14.0666]]]},"type":"Feature","id":"3a6a9bccbf","properties":{"flclr":"#000000","name":"GUINAYANGAN,QUEZON,REGION IV-A (CALABARZON)","level_id":"lgu","layer_val":"0","parent_id":"27","gjsonid":"492"}},{"geometry":{"type":"Polygon","coordinates":[[[122.0269,13.9537],[122.1276,13.9148],[122.2044,13.9083],[122.1960,13.8076],[122.1459,13.7907],[122.1165,13.8612],[122.0647,13.8495],[122.0731,13.8268],[122.0658,13.8223],[122.0294,13.8962],[122.0475,13.9074],[122.0269,13.9537]]]},"type":"Feature","id":"4e8f1d528f","properties":{"flclr":"#000000","name":"GUMACA,QUEZON,REGION IV-A (CALABARZON)","level_id":"lgu","layer_val":"0","parent_id":"27","gjsonid":"493"}},{"geometry":{"type":"MultiPolygon","coordinates":[[[[122.2163,13.9451],[122.2164,13.9429],[122.2144,13.9439],[122.2150,13.9448],[122.2163,13.9451]]],[[[122.1976,13.9601],[122.1979,13.9600],[122.1980,13.9596],[122.1975,13.9598],[122.1976,13.9601]]],[[[122.1952,13.9617],[122.1948,13.9612],[122.1940,13.9612],[122.1945,13.9617],[122.1952,13.9617]]],[[[122.2087,13.9030],[122.2105,13.9031],[122.2107,13.9024],[122.2090,13.9019],[122.2087,13.9030]]],[[[122.2111,13.9022],[122.2350,13.8962],[122.2483,13.9330],[122.1994,13.9602],[122.1880,13.9906],[122.3009,13.9049],[122.3882,13.9070],[122.3941,13.7936],[122.3666,13.7752],[122.3646,13.7181],[122.2997,13.7299],[122.1960,13.8076],[122.2077,13.8704],[122.1919,13.8881],[122.2111,13.9022]],[[122.3313,13.8808],[122.3262,13.8786],[122.3285,13.8684],[122.3380,13.8737],[122.3313,13.8808]]]]},"type":"Feature","id":"fafae2d78a","properties":{"flclr":"#000000","name":"LOPEZ,QUEZON,REGION IV-A (CALABARZON)","level_id":"lgu","layer_val":"0","parent_id":"27","gjsonid":"495"}},{"geometry":{"type":"MultiPolygon","coordinates":[[[[121.6182,13.8909],[121.6184,13.8907],[121.6182,13.8903],[121.6183,13.8908],[121.6182,13.8909]]],[[[121.6182,13.8909],[121.6178,13.8913],[121.6178,13.8915],[121.6182,13.8909]]],[[[121.6922,13.9231],[121.5824,13.8901],[121.5547,13.9462],[121.6068,13.9687],[121.6151,13.9901],[121.6922,13.9231]]]]},"type":"Feature","id":"26d23ce2f1","properties":{"flclr":"#000000","name":"LUCENA CITY (Capital),QUEZON,REGION IV-A (CALABARZON)","level_id":"lgu","layer_val":"0","parent_id":"27","gjsonid":"497"}},{"geometry":{"type":"Polygon","coordinates":[[[122.1531,13.7149],[122.1167,13.7588],[122.1750,13.8103],[122.2750,13.7484],[122.1531,13.7149]]]},"type":"Feature","id":"551d112d9d","properties":{"flclr":"#000000","name":"MACALELON,QUEZON,REGION IV-A (CALABARZON)","level_id":"lgu","layer_val":"0","parent_id":"27","gjsonid":"498"}},{"geometry":{"type":"Polygon","coordinates":[[[122.4903,13.4032],[122.4134,13.4838],[122.4019,13.5242],[122.3656,13.5496],[122.4037,13.6510],[122.4480,13.6353],[122.5485,13.4781],[122.5551,13.4464],[122.4903,13.4032]]]},"type":"Feature","id":"f558d1c84b","properties":{"flclr":"#000000","name":"MULANAY,QUEZON,REGION IV-A (CALABARZON)","level_id":"lgu","layer_val":"0","parent_id":"27","gjsonid":"500"}},{"geometry":{"type":"MultiPolygon","coordinates":[[[[121.8024,13.9218],[121.8031,13.9216],[121.7994,13.9211],[121.8009,13.9219],[121.8024,13.9218]]],[[[121.8038,13.9406],[121.8035,13.9408],[121.8037,13.9412],[121.8041,13.9409],[121.8038,13.9406]]],[[[121.8012,13.8951],[121.7921,13.8800],[121.7806,13.8794],[121.7853,13.9106],[121.8012,13.8951]]],[[[121.8887,13.8784],[121.8703,13.8971],[121.8554,13.8852],[121.8492,13.9023],[121.8254,13.8917],[121.8096,13.9135],[121.8184,13.9395],[121.7997,13.9457],[121.8002,13.9733],[121.8197,13.9883],[121.8620,13.9713],[121.8714,13.9224],[121.9198,13.9235],[121.9065,13.8800],[121.8887,13.8784]]]]},"type":"Feature","id":"ef1d0d2c9f","properties":{"flclr":"#000000","name":"PADRE BURGOS,QUEZON,REGION IV-A (CALABARZON)","level_id":"lgu","layer_val":"0","parent_id":"27","gjsonid":"501"}},{"geometry":{"type":"MultiPolygon","coordinates":[[[[121.7166,13.9517],[121.7203,13.9487],[121.7187,13.9450],[121.7165,13.9454],[121.7166,13.9517]]],[[[121.7539,13.9440],[121.7540,13.9436],[121.7536,13.9436],[121.7535,13.9439],[121.7539,13.9440]]],[[[121.7766,13.8994],[121.7768,13.9001],[121.7773,13.8994],[121.7766,13.8994]]],[[[121.7786,13.9017],[121.7794,13.9006],[121.7789,13.9000],[121.7778,13.9008],[121.7786,13.9017]]],[[[121.7849,13.9095],[121.7454,13.8881],[121.7473,13.9422],[121.7850,13.9370],[121.7893,13.9392],[121.7904,13.9388],[121.7849,13.9095]]],[[[121.7997,13.9457],[121.7138,13.9708],[121.6887,13.9500],[121.7083,13.9224],[121.6917,13.9192],[121.6345,13.9838],[121.6572,14.0181],[121.7388,14.0564],[121.8197,13.9883],[121.8002,13.9733],[121.7997,13.9457]]]]},"type":"Feature","id":"0e924b4036","properties":{"flclr":"#000000","name":"PAGBILAO,QUEZON,REGION IV-A (CALABARZON)","level_id":"lgu","layer_val":"0","parent_id":"27","gjsonid":"502"}},{"geometry":{"type":"Polygon","coordinates":[[[122.1165,13.7590],[122.0986,13.7853],[122.0770,13.7924],[122.0541,13.7754],[122.0267,13.7945],[122.0316,13.8224],[122.0679,13.8221],[122.0647,13.8495],[122.1185,13.8606],[122.1463,13.7915],[122.1165,13.7590]]]},"type":"Feature","id":"2480bc5deb","properties":{"flclr":"#000000","name":"PITOGO,QUEZON,REGION IV-A (CALABARZON)","level_id":"lgu","layer_val":"0","parent_id":"27","gjsonid":"506"}},{"geometry":{"type":"MultiPolygon","coordinates":[[[[121.9489,13.8515],[121.9489,13.8510],[121.9487,13.8515],[121.9489,13.8515]]],[[[121.9487,13.8516],[121.8902,13.8623],[121.9198,13.9235],[121.9488,13.9086],[121.9487,13.8516]]]]},"type":"Feature","id":"f17c8358f3","properties":{"flclr":"#000000","name":"AGDANGAN,QUEZON,REGION IV-A (CALABARZON)","level_id":"lgu","layer_val":"0","parent_id":"27","gjsonid":"483"}},{"geometry":{"type":"MultiPolygon","coordinates":[[[[121.8323,14.0781],[121.9179,14.0032],[121.9893,13.9775],[121.9991,13.9302],[122.0475,13.9074],[122.0339,13.8955],[122.0054,13.9178],[121.8714,13.9224],[121.8620,13.9713],[121.8389,13.9714],[121.7402,14.0554],[121.8061,14.0485],[121.8323,14.0781]]],[[[121.9115,14.0150],[121.9115,14.0150],[121.9108,14.0141],[121.9115,14.0150]]],[[[121.9115,14.0150],[121.9114,14.0153],[121.9116,14.0153],[121.9115,14.0150]]]]},"type":"Feature","id":"8c9ea8dcf1","properties":{"flclr":"#000000","name":"ATIMONAN,QUEZON,REGION IV-A (CALABARZON)","level_id":"lgu","layer_val":"0","parent_id":"27","gjsonid":"485"}},{"geometry":{"type":"Polygon","coordinates":[[[122.5100,13.7681],[122.5234,13.7318],[122.4900,13.7328],[122.4797,13.7088],[122.5012,13.6711],[122.4576,13.6749],[122.4347,13.6969],[122.4003,13.6606],[122.3600,13.7517],[122.3946,13.8169],[122.5100,13.7681]]]},"type":"Feature","id":"9f085998b8","properties":{"flclr":"#000000","name":"BUENAVISTA,QUEZON,REGION IV-A (CALABARZON)","level_id":"lgu","layer_val":"0","parent_id":"27","gjsonid":"486"}},{"geometry":{"type":"MultiPolygon","coordinates":[[[[122.1494,14.1770],[122.1484,14.1745],[122.1505,14.1692],[122.1471,14.1732],[122.1494,14.1770]]],[[[122.1827,13.9844],[122.1827,13.9950],[122.1951,13.9965],[122.2830,13.9578],[122.3021,13.9605],[122.3017,14.0012],[122.3167,13.9931],[122.3229,14.0217],[122.2909,14.0162],[122.2884,14.0386],[122.1928,14.0928],[122.1640,14.1437],[122.1656,14.1594],[122.1893,14.1386],[122.1827,14.1620],[122.2148,14.1900],[122.2453,14.1860],[122.2492,14.2405],[122.2732,14.2457],[122.2593,14.1728],[122.2738,14.1621],[122.2677,14.1237],[122.3117,14.1358],[122.2987,14.0716],[122.3838,14.0666],[122.3420,13.9996],[122.3922,13.9143],[122.3905,13.9033],[122.3009,13.9049],[122.2006,13.9896],[122.1827,13.9844]]]]},"type":"Feature","id":"8037c9c25f","properties":{"flclr":"#000000","name":"CALAUAG,QUEZON,REGION IV-A (CALABARZON)","level_id":"lgu","layer_val":"0","parent_id":"27","gjsonid":"488"}},{"geometry":{"type":"Polygon","coordinates":[[[121.4786,14.0648],[121.4443,13.8505],[121.4070,13.8393],[121.3710,13.9173],[121.4007,13.9732],[121.4394,13.9925],[121.4575,14.0304],[121.4486,14.0647],[121.4786,14.0648]]]},"type":"Feature","id":"a4d8260d95","properties":{"flclr":"#000000","name":"CANDELARIA,QUEZON,REGION IV-A (CALABARZON)","level_id":"lgu","layer_val":"0","parent_id":"27","gjsonid":"1581"}},{"geometry":{"type":"Polygon","coordinates":[[[122.3661,13.5483],[122.3326,13.5592],[122.3218,13.5904],[122.2895,13.5914],[122.2800,13.5745],[122.2613,13.5818],[122.2781,13.5930],[122.2674,13.6064],[122.2384,13.5968],[122.2000,13.6162],[122.1988,13.6334],[122.2361,13.6407],[122.2399,13.6771],[122.3009,13.7294],[122.3646,13.7181],[122.4066,13.6547],[122.3661,13.5483]]]},"type":"Feature","id":"01e5eba9a5","properties":{"flclr":"#000000","name":"CATANAUAN,QUEZON,REGION IV-A (CALABARZON)","level_id":"lgu","layer_val":"0","parent_id":"27","gjsonid":"489"}},{"geometry":{"type":"Polygon","coordinates":[[[121.9893,13.9775],[122.0265,13.9540],[122.0399,13.9142],[121.9991,13.9302],[121.9893,13.9775]]]},"type":"Feature","id":"d76b08f800","properties":{"flclr":"#000000","name":"PLARIDEL,QUEZON,REGION IV-A (CALABARZON)","level_id":"lgu","layer_val":"0","parent_id":"27","gjsonid":"1584"}},{"geometry":{"type":"MultiPolygon","coordinates":[[[[122.7216,13.3648],[122.7254,13.3310],[122.7192,13.3235],[122.7132,13.3446],[122.7216,13.3648]]],[[[122.6495,13.4447],[122.6768,13.3787],[122.6769,13.2739],[122.7029,13.2255],[122.6635,13.2111],[122.6273,13.3121],[122.5968,13.3166],[122.5819,13.3798],[122.5867,13.4223],[122.6495,13.4447]]]]},"type":"Feature","id":"1e08c137be","properties":{"flclr":"#000000","name":"SAN ANDRES,QUEZON,REGION IV-A (CALABARZON)","level_id":"lgu","layer_val":"0","parent_id":"27","gjsonid":"510"}},{"geometry":{"type":"Polygon","coordinates":[[[121.3743,13.8669],[121.2741,13.8759],[121.2400,13.9060],[121.2421,13.9484],[121.2846,13.9147],[121.3253,13.9288],[121.3372,13.8882],[121.3743,13.8669]]]},"type":"Feature","id":"64f1760ea6","properties":{"flclr":"#000000","name":"SAN ANTONIO,QUEZON,REGION IV-A (CALABARZON)","level_id":"lgu","layer_val":"0","parent_id":"27","gjsonid":"1586"}},{"geometry":{"type":"Polygon","coordinates":[[[122.6635,13.2111],[122.5989,13.1620],[122.5050,13.2428],[122.5230,13.3284],[122.4893,13.3966],[122.5174,13.4277],[122.5551,13.4464],[122.5867,13.4223],[122.5968,13.3166],[122.6273,13.3121],[122.6635,13.2111]]]},"type":"Feature","id":"a39ab73556","properties":{"flclr":"#000000","name":"SAN FRANCISCO (AURORA),QUEZON,REGION IV-A (CALABARZON)","level_id":"lgu","layer_val":"0","parent_id":"27","gjsonid":"511"}},{"geometry":{"type":"Polygon","coordinates":[[[122.5012,13.6711],[122.4971,13.6468],[122.5461,13.6014],[122.5451,13.5824],[122.5744,13.5748],[122.6342,13.5290],[122.6181,13.5133],[122.5649,13.5630],[122.6487,13.4426],[122.5867,13.4223],[122.5602,13.4413],[122.4480,13.6353],[122.4003,13.6606],[122.4347,13.6969],[122.4576,13.6749],[122.5012,13.6711]]]},"type":"Feature","id":"bbc25232b3","properties":{"flclr":"#000000","name":"SAN NARCISO,QUEZON,REGION IV-A (CALABARZON)","level_id":"lgu","layer_val":"0","parent_id":"27","gjsonid":"1587"}},{"geometry":{"type":"Polygon","coordinates":[[[121.5844,13.8902],[121.5745,13.8735],[121.4894,13.8496],[121.4603,13.8164],[121.4245,13.8323],[121.4558,13.8967],[121.4787,14.0611],[121.5121,14.0345],[121.5844,13.8902]]]},"type":"Feature","id":"4eb5121911","properties":{"flclr":"#000000","name":"SARIAYA,QUEZON,REGION IV-A (CALABARZON)","level_id":"lgu","layer_val":"0","parent_id":"27","gjsonid":"512"}},{"geometry":{"type":"Polygon","coordinates":[[[122.4263,14.1079],[122.4520,14.1502],[122.7925,14.0138],[122.5509,13.9458],[122.5304,13.9627],[122.5247,13.9228],[122.4742,13.9359],[122.4488,13.9261],[122.3721,13.9895],[122.3810,14.0482],[122.4232,14.0367],[122.4423,14.0543],[122.4263,14.1079]]]},"type":"Feature","id":"fd93b9bb22","properties":{"flclr":"#000000","name":"TAGKAWAYAN,QUEZON,REGION IV-A (CALABARZON)","level_id":"lgu","layer_val":"0","parent_id":"27","gjsonid":"513"}},{"geometry":{"type":"Polygon","coordinates":[[[121.4007,13.9732],[121.3699,13.9017],[121.3955,13.8431],[121.3372,13.8882],[121.3253,13.9288],[121.2846,13.9147],[121.2421,13.9484],[121.2465,13.9635],[121.2988,13.9699],[121.3402,14.0035],[121.4007,13.9732]],[[121.3034,13.9605],[121.3082,13.9594],[121.3093,13.9651],[121.3050,13.9659],[121.3034,13.9605]]]},"type":"Feature","id":"76e065a08b","properties":{"flclr":"#000000","name":"TIAONG,QUEZON,REGION IV-A (CALABARZON)","level_id":"lgu","layer_val":"0","parent_id":"27","gjsonid":"515"}},{"geometry":{"type":"Polygon","coordinates":[[[122.0282,13.8067],[121.9804,13.8061],[121.9753,13.8405],[121.9487,13.8516],[121.9420,13.9175],[122.0057,13.9177],[122.0436,13.8832],[122.0619,13.8276],[122.0326,13.8235],[122.0282,13.8067]]]},"type":"Feature","id":"fbb6005995","properties":{"flclr":"#000000","name":"UNISAN,QUEZON,REGION IV-A (CALABARZON)","level_id":"lgu","layer_val":"0","parent_id":"27","gjsonid":"516"}}]}