{"type":"FeatureCollection","features":[{"geometry":{"type":"Polygon","coordinates":[[[117.6227,9.0056],[117.6295,9.0480],[117.6580,9.0653],[117.7730,8.9243],[117.7319,8.8853],[117.6413,8.9976],[117.6227,9.0056]]]},"type":"Feature","id":"993ccdf3a2","properties":{"flclr":"#000000","name":"Punta Baja","level_id":"reg","layer_val":"0","parent_id":"0","gjsonid":"5"}},{"geometry":{"type":"Polygon","coordinates":[[[117.5081,8.8952],[117.5894,8.8067],[117.6227,8.7699],[117.5758,8.7459],[117.4996,8.8438],[117.4763,8.8540],[117.4959,8.8773],[117.4916,8.8879],[117.5081,8.8952]]]},"type":"Feature","id":"a20f91113a","properties":{"flclr":"#000000","name":"Candawaga","level_id":"reg","layer_val":"0","parent_id":"0","gjsonid":"5"}},{"geometry":{"type":"Polygon","coordinates":[[[117.3370,8.6946],[117.3444,8.6984],[117.3221,8.6947],[117.3474,8.7142],[117.3462,8.7281],[117.3623,8.7386],[117.3586,8.7448],[117.4214,8.7585],[117.4953,8.6794],[117.4191,8.6488],[117.3921,8.6233],[117.3370,8.6946]]]},"type":"Feature","id":"def9bd7824","properties":{"flclr":"#000000","name":"Taburi","level_id":"reg","layer_val":"0","parent_id":"0","gjsonid":"5"}},{"geometry":{"type":"Polygon","coordinates":[[[118.0078,9.1787],[118.1104,9.1126],[118.0964,9.0452],[118.0936,9.0599],[118.0669,9.0690],[118.0668,9.0797],[117.9832,9.1597],[118.0078,9.1787]]]},"type":"Feature","id":"2edb0269e7","properties":{"flclr":"#000000","name":"Panitian","level_id":"reg","layer_val":"0","parent_id":"0","gjsonid":"5"}},{"geometry":{"type":"Polygon","coordinates":[[[117.9976,9.2404],[118.0246,9.2473],[118.0230,9.2635],[118.0398,9.2772],[118.0426,9.2660],[118.0511,9.2686],[118.0755,9.2524],[118.0830,9.2280],[118.0305,9.2274],[118.0078,9.1787],[118.0017,9.2248],[118.0074,9.2290],[117.9976,9.2404]]]},"type":"Feature","id":"e8eac145f9","properties":{"flclr":"#000000","name":"Tabon","level_id":"reg","layer_val":"0","parent_id":"0","gjsonid":"5"}},{"geometry":{"type":"Polygon","coordinates":[[[117.8854,9.2352],[117.8819,9.2439],[117.9056,9.2618],[117.9525,9.2508],[117.9532,9.2632],[117.9815,9.2810],[117.9780,9.2532],[117.9613,9.2376],[118.0078,9.1787],[117.9832,9.1597],[117.9573,9.1628],[117.9318,9.2198],[117.8854,9.2352]]]},"type":"Feature","id":"f8bae78b81","properties":{"flclr":"#000000","name":"Panitian","level_id":"reg","layer_val":"0","parent_id":"0","gjsonid":"5"}},{"geometry":{"type":"Polygon","coordinates":[[[117.7272,8.8652],[117.7927,8.7938],[117.7950,8.7670],[117.7469,8.7696],[117.7115,8.8476],[117.7272,8.8652]]]},"type":"Feature","id":"3c9dd6b128","properties":{"flclr":"#000000","name":"Amas","level_id":"reg","layer_val":"0","parent_id":"0","gjsonid":"5"}},{"geometry":{"type":"Polygon","coordinates":[[[117.9692,8.9889],[118.0024,9.0151],[118.0062,8.9821],[118.0232,8.9539],[118.0014,8.9589],[117.9880,8.9417],[117.9647,8.9377],[117.9714,8.9483],[117.9692,8.9889]]]},"type":"Feature","id":"9fe9208b56","properties":{"flclr":"#000000","name":"Pulot Center","level_id":"reg","layer_val":"0","parent_id":"0","gjsonid":"5"}},{"geometry":{"type":"Polygon","coordinates":[[[117.7518,8.9089],[117.7730,8.9243],[117.8287,8.8705],[117.8228,8.8434],[117.8490,8.8175],[117.8372,8.8162],[117.8142,8.8316],[117.7518,8.9089]]]},"type":"Feature","id":"d25dd07b91","properties":{"flclr":"#000000","name":"Mainit","level_id":"reg","layer_val":"0","parent_id":"0","gjsonid":"5"}},{"geometry":{"type":"Polygon","coordinates":[[[117.7319,8.8853],[117.7518,8.9089],[117.8143,8.8316],[117.7870,8.8236],[117.7319,8.8853]]]},"type":"Feature","id":"4c2d075d9c","properties":{"flclr":"#000000","name":"Imulnod","level_id":"reg","layer_val":"0","parent_id":"0","gjsonid":"5"}},{"geometry":{"type":"Polygon","coordinates":[[[117.6227,8.7699],[117.6830,8.8064],[117.6996,8.7300],[117.7198,8.6853],[117.6841,8.6813],[117.6227,8.7699]]]},"type":"Feature","id":"13ad2f7baa","properties":{"flclr":"#000000","name":"Malis","level_id":"reg","layer_val":"0","parent_id":"0","gjsonid":"5"}},{"geometry":{"type":"Polygon","coordinates":[[[117.3020,8.5383],[117.3315,8.5652],[117.3929,8.4911],[117.3727,8.4940],[117.3650,8.4748],[117.3020,8.5383]]]},"type":"Feature","id":"e175af6a03","properties":{"flclr":"#000000","name":"Sumbiling","level_id":"reg","layer_val":"0","parent_id":"0","gjsonid":"5"}},{"geometry":{"type":"Polygon","coordinates":[[[117.3795,8.7581],[117.3808,8.7594],[117.3830,8.7597],[117.3801,8.7570],[117.3795,8.7581]]]},"type":"Feature","id":"0ccd3ccf1a","properties":{"flclr":"#000000","name":"Taburi","level_id":"reg","layer_val":"0","parent_id":"0","gjsonid":"5"}},{"geometry":{"type":"Polygon","coordinates":[[[117.3736,8.7564],[117.3761,8.7572],[117.3762,8.7546],[117.3756,8.7545],[117.3736,8.7564]]]},"type":"Feature","id":"9931212ab0","properties":{"flclr":"#000000","name":"Taburi","level_id":"reg","layer_val":"0","parent_id":"0","gjsonid":"5"}},{"geometry":{"type":"Polygon","coordinates":[[[118.1186,9.0447],[118.1192,9.0449],[118.1194,9.0447],[118.1188,9.0442],[118.1186,9.0447]]]},"type":"Feature","id":"24acee8076","properties":{"flclr":"#000000","name":"Panitian","level_id":"reg","layer_val":"0","parent_id":"0","gjsonid":"5"}},{"geometry":{"type":"Polygon","coordinates":[[[118.1165,9.0461],[118.1169,9.0489],[118.1200,9.0498],[118.1188,9.0456],[118.1165,9.0461]]]},"type":"Feature","id":"f8bb7a3365","properties":{"flclr":"#000000","name":"Panitian","level_id":"reg","layer_val":"0","parent_id":"0","gjsonid":"5"}},{"geometry":{"type":"Polygon","coordinates":[[[118.1224,9.0952],[118.1265,9.0970],[118.1307,9.0932],[118.1261,9.0890],[118.1224,9.0952]]]},"type":"Feature","id":"b19db870fc","properties":{"flclr":"#000000","name":"Panitian","level_id":"reg","layer_val":"0","parent_id":"0","gjsonid":"5"}},{"geometry":{"type":"Polygon","coordinates":[[[117.9007,9.0125],[117.9176,9.0718],[117.9555,9.0663],[117.9551,9.0535],[117.9947,9.0439],[118.0052,9.0267],[117.9989,9.0066],[117.9732,8.9888],[117.9371,8.9881],[117.9007,9.0125]]]},"type":"Feature","id":"b1265e974f","properties":{"flclr":"#000000","name":"Pulot Interior (Pulot II)","level_id":"reg","layer_val":"0","parent_id":"0","gjsonid":"5"}},{"geometry":{"type":"Polygon","coordinates":[[[117.9095,9.0439],[117.9007,9.0125],[117.8020,9.1233],[117.8064,9.1326],[117.7991,9.1457],[117.7734,9.1466],[117.7760,9.1658],[117.8016,9.1800],[117.8113,9.1628],[117.8077,9.1407],[117.9095,9.0439]]]},"type":"Feature","id":"3c870718b2","properties":{"flclr":"#000000","name":"Calumpang","level_id":"reg","layer_val":"0","parent_id":"0","gjsonid":"5"}},{"geometry":{"type":"Polygon","coordinates":[[[118.0830,9.3584],[118.0872,9.3593],[118.0875,9.3541],[118.0846,9.3545],[118.0830,9.3584]]]},"type":"Feature","id":"d6429889c0","properties":{"flclr":"#000000","name":"Isugod","level_id":"reg","layer_val":"0","parent_id":"0","gjsonid":"5"}},{"geometry":{"type":"Polygon","coordinates":[[[118.0893,9.3542],[118.0915,9.3546],[118.0940,9.3535],[118.0903,9.3523],[118.0893,9.3542]]]},"type":"Feature","id":"fce69acea0","properties":{"flclr":"#000000","name":"Isugod","level_id":"reg","layer_val":"0","parent_id":"0","gjsonid":"5"}},{"geometry":{"type":"Polygon","coordinates":[[[118.0529,9.3619],[118.0559,9.3639],[118.0567,9.3634],[118.0560,9.3603],[118.0529,9.3619]]]},"type":"Feature","id":"47f043f9ae","properties":{"flclr":"#000000","name":"Isugod","level_id":"reg","layer_val":"0","parent_id":"0","gjsonid":"5"}},{"geometry":{"type":"Polygon","coordinates":[[[118.0623,9.3650],[118.0647,9.3665],[118.0652,9.3662],[118.0630,9.3640],[118.0623,9.3650]]]},"type":"Feature","id":"57143f6e10","properties":{"flclr":"#000000","name":"Isugod","level_id":"reg","layer_val":"0","parent_id":"0","gjsonid":"5"}},{"geometry":{"type":"Polygon","coordinates":[[[118.0453,9.3744],[118.0463,9.3761],[118.0468,9.3760],[118.0469,9.3745],[118.0453,9.3744]]]},"type":"Feature","id":"dd79a6f8ce","properties":{"flclr":"#000000","name":"Isugod","level_id":"reg","layer_val":"0","parent_id":"0","gjsonid":"5"}},{"geometry":{"type":"Polygon","coordinates":[[[117.8853,9.2603],[117.8889,9.2624],[117.8915,9.2591],[117.8893,9.2577],[117.8853,9.2603]]]},"type":"Feature","id":"bed954f34c","properties":{"flclr":"#000000","name":"Panitian","level_id":"reg","layer_val":"0","parent_id":"0","gjsonid":"5"}},{"geometry":{"type":"Polygon","coordinates":[[[117.9344,9.2720],[117.9425,9.2729],[117.9461,9.2677],[117.9430,9.2653],[117.9344,9.2720]]]},"type":"Feature","id":"a38d851453","properties":{"flclr":"#000000","name":"Panitian","level_id":"reg","layer_val":"0","parent_id":"0","gjsonid":"5"}},{"geometry":{"type":"Polygon","coordinates":[[[117.9573,9.3002],[117.9629,9.2996],[117.9668,9.2896],[117.9605,9.2940],[117.9573,9.3002]]]},"type":"Feature","id":"d0feacb7b5","properties":{"flclr":"#000000","name":"Panitian","level_id":"reg","layer_val":"0","parent_id":"0","gjsonid":"5"}},{"geometry":{"type":"Polygon","coordinates":[[[117.9298,9.2827],[117.9382,9.2858],[117.9466,9.2945],[117.9390,9.2741],[117.9298,9.2827]]]},"type":"Feature","id":"8167b577d1","properties":{"flclr":"#000000","name":"Panitian","level_id":"reg","layer_val":"0","parent_id":"0","gjsonid":"5"}},{"geometry":{"type":"Polygon","coordinates":[[[117.9442,9.3155],[117.9481,9.3110],[117.9479,9.3107],[117.9456,9.3115],[117.9442,9.3155]]]},"type":"Feature","id":"ec27a92386","properties":{"flclr":"#000000","name":"Panitian","level_id":"reg","layer_val":"0","parent_id":"0","gjsonid":"5"}},{"geometry":{"type":"Polygon","coordinates":[[[117.9975,9.2969],[118.0047,9.2930],[118.0034,9.2865],[117.9988,9.2894],[117.9975,9.2969]]]},"type":"Feature","id":"4d1a30d757","properties":{"flclr":"#000000","name":"Panitian","level_id":"reg","layer_val":"0","parent_id":"0","gjsonid":"5"}},{"geometry":{"type":"Polygon","coordinates":[[[117.9233,9.0923],[117.9492,9.1288],[118.0445,9.0385],[118.0838,9.0337],[118.0814,9.0153],[118.0590,9.0096],[118.0665,8.9975],[118.0556,8.9958],[118.0550,8.9806],[118.0398,8.9853],[118.0248,9.0044],[118.0283,9.0107],[118.0042,9.0236],[117.9949,9.0437],[117.9629,9.0481],[117.9555,9.0663],[117.9176,9.0718],[117.9233,9.0923]]]},"type":"Feature","id":"f008c748b1","properties":{"flclr":"#000000","name":"Punang","level_id":"reg","layer_val":"0","parent_id":"0","gjsonid":"5"}},{"geometry":{"type":"Polygon","coordinates":[[[117.9492,9.1288],[117.9233,9.0923],[117.8413,9.1605],[117.8363,9.1744],[117.8217,9.1739],[117.8164,9.1911],[117.8301,9.1916],[117.8539,9.2175],[117.8620,9.2093],[117.8690,9.2302],[117.8854,9.2352],[117.9017,9.1851],[117.9492,9.1288]]]},"type":"Feature","id":"ffaf7b83fd","properties":{"flclr":"#000000","name":"Sowangan","level_id":"reg","layer_val":"0","parent_id":"0","gjsonid":"5"}},{"geometry":{"type":"Polygon","coordinates":[[[117.8489,9.2450],[117.8581,9.2483],[117.8599,9.2476],[117.8561,9.2434],[117.8489,9.2450]]]},"type":"Feature","id":"a7300084ba","properties":{"flclr":"#000000","name":"Sowangan","level_id":"reg","layer_val":"0","parent_id":"0","gjsonid":"5"}},{"geometry":{"type":"Polygon","coordinates":[[[117.4297,8.4399],[117.4331,8.4415],[117.4356,8.4395],[117.4326,8.4377],[117.4297,8.4399]]]},"type":"Feature","id":"a0bce264c9","properties":{"flclr":"#000000","name":"Taratak","level_id":"reg","layer_val":"0","parent_id":"0","gjsonid":"5"}},{"geometry":{"type":"Polygon","coordinates":[[[117.5574,8.5470],[117.5588,8.5472],[117.5594,8.5467],[117.5580,8.5463],[117.5574,8.5470]]]},"type":"Feature","id":"1a04dfab0a","properties":{"flclr":"#000000","name":"Igang-igang","level_id":"reg","layer_val":"0","parent_id":"0","gjsonid":"5"}},{"geometry":{"type":"Polygon","coordinates":[[[117.7319,8.8853],[117.7272,8.8652],[117.6959,8.8294],[117.5481,8.9574],[117.5800,8.9573],[117.6227,9.0056],[117.6413,8.9976],[117.7319,8.8853]]]},"type":"Feature","id":"fd9d9c0a5e","properties":{"flclr":"#000000","name":"Campong Ulay","level_id":"reg","layer_val":"0","parent_id":"0","gjsonid":"5"}},{"geometry":{"type":"Polygon","coordinates":[[[118.1289,9.1486],[118.1219,9.1404],[118.0993,9.1593],[118.0370,9.1843],[118.0645,9.1890],[118.1289,9.1486]]]},"type":"Feature","id":"9142978da7","properties":{"flclr":"#000000","name":"Abo-abo","level_id":"reg","layer_val":"0","parent_id":"0","gjsonid":"5"}},{"geometry":{"type":"Polygon","coordinates":[[[118.1219,9.1404],[118.1104,9.1126],[118.0078,9.1787],[118.0370,9.1843],[118.0993,9.1593],[118.1219,9.1404]]]},"type":"Feature","id":"b1bdb4b339","properties":{"flclr":"#000000","name":"Isumbo","level_id":"reg","layer_val":"0","parent_id":"0","gjsonid":"5"}},{"geometry":{"type":"Polygon","coordinates":[[[118.0283,8.9423],[118.0176,8.9732],[118.0062,8.9821],[117.9991,9.0144],[118.0052,9.0267],[118.0283,9.0107],[118.0248,9.0044],[118.0398,8.9853],[118.0559,8.9794],[118.0424,8.9493],[118.0283,8.9423]]]},"type":"Feature","id":"6792e55f0e","properties":{"flclr":"#000000","name":"Iraray","level_id":"reg","layer_val":"0","parent_id":"0","gjsonid":"5"}},{"geometry":{"type":"Polygon","coordinates":[[[118.0232,8.9539],[118.0237,8.9212],[118.0051,8.9024],[117.9934,8.9148],[117.9947,8.9300],[117.9797,8.9390],[118.0011,8.9588],[118.0232,8.9539]]]},"type":"Feature","id":"e5ff105737","properties":{"flclr":"#000000","name":"Pulot Shore (Pulot I)","level_id":"reg","layer_val":"0","parent_id":"0","gjsonid":"5"}},{"geometry":{"type":"Polygon","coordinates":[[[117.7953,8.9422],[117.8165,8.9600],[117.9097,8.8799],[117.9057,8.8419],[117.8963,8.8312],[117.8841,8.8415],[117.8752,8.8759],[117.8463,8.8860],[117.7953,8.9422]]]},"type":"Feature","id":"d99f9e03d3","properties":{"flclr":"#000000","name":"Ipilan","level_id":"reg","layer_val":"0","parent_id":"0","gjsonid":"5"}},{"geometry":{"type":"Polygon","coordinates":[[[117.5395,8.7262],[117.5559,8.7359],[117.5786,8.6741],[117.5679,8.6754],[117.5565,8.6633],[117.5395,8.7262]]]},"type":"Feature","id":"28ac0a2beb","properties":{"flclr":"#000000","name":"Malihud","level_id":"reg","layer_val":"0","parent_id":"0","gjsonid":"5"}},{"geometry":{"type":"Polygon","coordinates":[[[117.8165,8.9600],[117.7730,8.9243],[117.6928,9.0143],[117.6580,9.0653],[117.6623,9.0728],[117.6879,9.0736],[117.6917,9.0892],[117.6987,9.0636],[117.7162,9.0600],[117.7242,9.0707],[117.8165,8.9600]]]},"type":"Feature","id":"636f73ed8d","properties":{"flclr":"#000000","name":"Iraan","level_id":"reg","layer_val":"0","parent_id":"0","gjsonid":"5"}},{"geometry":{"type":"Polygon","coordinates":[[[117.7730,8.9243],[117.7953,8.9422],[117.8571,8.8830],[117.8633,8.8359],[117.8528,8.8313],[117.8555,8.8149],[117.8228,8.8434],[117.8287,8.8705],[117.7730,8.9243]]]},"type":"Feature","id":"297f688769","properties":{"flclr":"#000000","name":"Aribungos","level_id":"reg","layer_val":"0","parent_id":"0","gjsonid":"5"}},{"geometry":{"type":"Polygon","coordinates":[[[117.7272,8.8652],[117.7319,8.8853],[117.7870,8.8236],[117.8188,8.8319],[117.8372,8.8162],[117.8669,8.8108],[117.8619,8.7908],[117.8425,8.7766],[117.8111,8.7900],[117.8111,8.7966],[117.7935,8.7918],[117.7272,8.8652]]]},"type":"Feature","id":"5a49c3018a","properties":{"flclr":"#000000","name":"Pangobilian","level_id":"reg","layer_val":"0","parent_id":"0","gjsonid":"5"}},{"geometry":{"type":"Polygon","coordinates":[[[117.6959,8.8294],[117.7115,8.8476],[117.7469,8.7696],[117.7751,8.7578],[117.7841,8.7417],[117.7792,8.7146],[117.7627,8.7059],[117.7506,8.7367],[117.7270,8.7527],[117.6959,8.8294]]]},"type":"Feature","id":"c06926777e","properties":{"flclr":"#000000","name":"Saraza","level_id":"reg","layer_val":"0","parent_id":"0","gjsonid":"5"}},{"geometry":{"type":"Polygon","coordinates":[[[117.6830,8.8064],[117.6959,8.8294],[117.7270,8.7527],[117.7589,8.7237],[117.7639,8.7086],[117.7448,8.6913],[117.7176,8.7291],[117.6830,8.8064]]]},"type":"Feature","id":"109cde2229","properties":{"flclr":"#000000","name":"Samare\u00f1ana","level_id":"reg","layer_val":"0","parent_id":"0","gjsonid":"5"}},{"geometry":{"type":"Polygon","coordinates":[[[117.6959,8.8294],[117.6830,8.8064],[117.6227,8.7699],[117.5081,8.8952],[117.5113,8.9057],[117.5296,8.9214],[117.5292,8.9329],[117.5438,8.9350],[117.5481,8.9574],[117.6959,8.8294]]]},"type":"Feature","id":"b827edc84f","properties":{"flclr":"#000000","name":"Ransang","level_id":"reg","layer_val":"0","parent_id":"0","gjsonid":"5"}},{"geometry":{"type":"Polygon","coordinates":[[[117.5559,8.7359],[117.5395,8.7262],[117.4552,8.8117],[117.4675,8.8552],[117.4996,8.8438],[117.5758,8.7459],[117.5559,8.7359]]]},"type":"Feature","id":"6c3ef614bb","properties":{"flclr":"#000000","name":"Culasian","level_id":"reg","layer_val":"0","parent_id":"0","gjsonid":"5"}},{"geometry":{"type":"Polygon","coordinates":[[[117.3315,8.5652],[117.3691,8.6007],[117.4339,8.4953],[117.4148,8.5000],[117.4006,8.4892],[117.3928,8.4932],[117.3315,8.5652]]]},"type":"Feature","id":"886b634be5","properties":{"flclr":"#000000","name":"Taratak","level_id":"reg","layer_val":"0","parent_id":"0","gjsonid":"5"}},{"geometry":{"type":"Polygon","coordinates":[[[117.3691,8.6007],[117.3315,8.5652],[117.2682,8.6003],[117.2938,8.6547],[117.3114,8.6694],[117.3321,8.6730],[117.3370,8.6946],[117.3921,8.6233],[117.3691,8.6007]]]},"type":"Feature","id":"a30f7019d9","properties":{"flclr":"#000000","name":"Latud","level_id":"reg","layer_val":"0","parent_id":"0","gjsonid":"5"}},{"geometry":{"type":"Polygon","coordinates":[[[117.2615,8.5017],[117.2741,8.5124],[117.3091,8.4391],[117.2844,8.4174],[117.2543,8.4509],[117.2615,8.5017]]]},"type":"Feature","id":"23aee998a5","properties":{"flclr":"#000000","name":"Malitub","level_id":"reg","layer_val":"0","parent_id":"0","gjsonid":"5"}},{"geometry":{"type":"Polygon","coordinates":[[[117.2741,8.5124],[117.2615,8.5017],[117.2113,8.4881],[117.2239,8.5091],[117.2183,8.5237],[117.2409,8.5412],[117.2372,8.5682],[117.2473,8.5651],[117.2651,8.5800],[117.2531,8.6050],[117.2605,8.6147],[117.2665,8.5984],[117.3315,8.5652],[117.2741,8.5124]]]},"type":"Feature","id":"ba64ab60c7","properties":{"flclr":"#000000","name":"Canipaan","level_id":"reg","layer_val":"0","parent_id":"0","gjsonid":"5"}},{"geometry":{"type":"Polygon","coordinates":[[[117.9773,9.2523],[118.0063,9.2330],[118.0078,9.1787],[117.9613,9.2376],[117.9773,9.2523]]]},"type":"Feature","id":"2d004c4c63","properties":{"flclr":"#000000","name":"Alfonso XIII (Pob.)","level_id":"reg","layer_val":"0","parent_id":"0","gjsonid":"5"}},{"geometry":{"type":"Polygon","coordinates":[[[118.0408,9.2770],[118.0524,9.2848],[118.0511,9.2993],[118.0678,9.2992],[118.0742,9.3074],[118.0852,9.3079],[118.1114,9.2825],[118.0935,9.2494],[118.0816,9.2447],[118.0511,9.2686],[118.0426,9.2660],[118.0408,9.2770]]]},"type":"Feature","id":"cefef25cde","properties":{"flclr":"#000000","name":"Maasin","level_id":"reg","layer_val":"0","parent_id":"0","gjsonid":"5"}},{"geometry":{"type":"Polygon","coordinates":[[[117.8016,9.1800],[117.8126,9.1987],[117.8217,9.1739],[117.8363,9.1744],[117.8413,9.1605],[117.9233,9.0923],[117.9095,9.0439],[117.8077,9.1407],[117.8113,9.1628],[117.8016,9.1800]]]},"type":"Feature","id":"50bd594ee8","properties":{"flclr":"#000000","name":"Tagusao","level_id":"reg","layer_val":"0","parent_id":"0","gjsonid":"5"}},{"geometry":{"type":"Polygon","coordinates":[[[117.9492,9.1288],[117.9832,9.1597],[118.0668,9.0797],[118.0669,9.0690],[118.0936,9.0599],[118.0852,9.0496],[118.0692,9.0481],[118.0803,9.0346],[118.0445,9.0385],[117.9492,9.1288]]]},"type":"Feature","id":"40bccb3cb1","properties":{"flclr":"#000000","name":"Labog","level_id":"reg","layer_val":"0","parent_id":"0","gjsonid":"5"}},{"geometry":{"type":"Polygon","coordinates":[[[117.9832,9.1597],[117.9492,9.1288],[117.9017,9.1851],[117.8854,9.2352],[117.9318,9.2198],[117.9573,9.1628],[117.9832,9.1597]]]},"type":"Feature","id":"c7aab0e291","properties":{"flclr":"#000000","name":"Malatgao","level_id":"reg","layer_val":"0","parent_id":"0","gjsonid":"5"}},{"geometry":{"type":"Polygon","coordinates":[[[118.0370,9.1843],[118.0078,9.1787],[118.0305,9.2274],[118.0811,9.2236],[118.0814,9.2090],[118.0645,9.1890],[118.0370,9.1843]]]},"type":"Feature","id":"5f3b936bb4","properties":{"flclr":"#000000","name":"Pinaglabanan","level_id":"reg","layer_val":"0","parent_id":"0","gjsonid":"5"}},{"geometry":{"type":"Polygon","coordinates":[[[118.1656,9.2967],[118.1346,9.2632],[118.0734,9.3124],[118.0868,9.3161],[118.0876,9.3337],[118.0990,9.3377],[118.1056,9.3272],[118.1269,9.3430],[118.1220,9.3604],[118.1447,9.3630],[118.1855,9.3066],[118.1656,9.2967]]]},"type":"Feature","id":"15f9fe39e0","properties":{"flclr":"#000000","name":"Isugod","level_id":"reg","layer_val":"0","parent_id":"0","gjsonid":"5"}},{"geometry":{"type":"Polygon","coordinates":[[[118.1114,9.2825],[118.1346,9.2632],[118.1204,9.2518],[118.1155,9.2071],[118.0814,9.2090],[118.0791,9.2448],[118.0935,9.2494],[118.1114,9.2825]]]},"type":"Feature","id":"c4a619f45e","properties":{"flclr":"#000000","name":"Calatagbak","level_id":"reg","layer_val":"0","parent_id":"0","gjsonid":"5"}},{"geometry":{"type":"Polygon","coordinates":[[[118.2002,9.3133],[118.1855,9.3066],[118.1447,9.3630],[118.1187,9.3634],[118.1269,9.3977],[118.1454,9.3952],[118.1877,9.4088],[118.2554,9.3469],[118.2002,9.3133]]]},"type":"Feature","id":"13edc9a67a","properties":{"flclr":"#000000","name":"Aramaywan","level_id":"reg","layer_val":"0","parent_id":"0","gjsonid":"5"}},{"geometry":{"type":"Polygon","coordinates":[[[118.1751,9.1553],[118.1559,9.1476],[118.1548,9.1659],[118.1155,9.2071],[118.1204,9.2518],[118.1346,9.2632],[118.1751,9.1553]]]},"type":"Feature","id":"4d1bb411be","properties":{"flclr":"#000000","name":"Tacras","level_id":"reg","layer_val":"0","parent_id":"0","gjsonid":"5"}},{"geometry":{"type":"Polygon","coordinates":[[[118.1530,9.1425],[118.1479,9.1354],[118.0645,9.1890],[118.0814,9.2090],[118.1530,9.1425]]]},"type":"Feature","id":"a093e3f481","properties":{"flclr":"#000000","name":"Ipilan","level_id":"reg","layer_val":"0","parent_id":"0","gjsonid":"5"}},{"geometry":{"type":"Polygon","coordinates":[[[118.1559,9.1476],[118.1530,9.1425],[118.1366,9.1506],[118.0814,9.2090],[118.1155,9.2071],[118.1548,9.1659],[118.1559,9.1476]]]},"type":"Feature","id":"5593ce29bd","properties":{"flclr":"#000000","name":"Burirao","level_id":"reg","layer_val":"0","parent_id":"0","gjsonid":"5"}},{"geometry":{"type":"Polygon","coordinates":[[[117.9697,8.8736],[117.9313,8.8560],[117.8408,8.9792],[117.8605,8.9955],[117.9251,8.9483],[117.9251,8.9340],[117.9395,8.9257],[117.9406,8.9020],[117.9697,8.8736]]]},"type":"Feature","id":"42323e91d9","properties":{"flclr":"#000000","name":"Maasin","level_id":"reg","layer_val":"0","parent_id":"0","gjsonid":"5"}},{"geometry":{"type":"Polygon","coordinates":[[[117.8605,8.9955],[117.8165,8.9600],[117.7452,9.0375],[117.7285,9.0643],[117.7507,9.0733],[117.7592,9.0906],[117.7560,9.1107],[117.8605,8.9955]]]},"type":"Feature","id":"e28f704f82","properties":{"flclr":"#000000","name":"Bunog","level_id":"reg","layer_val":"0","parent_id":"0","gjsonid":"5"}},{"geometry":{"type":"Polygon","coordinates":[[[117.9007,9.0125],[117.8605,8.9955],[117.7588,9.1115],[117.7663,9.1346],[117.7816,9.1466],[117.7991,9.1457],[117.8064,9.1326],[117.8020,9.1233],[117.9007,9.0125]]]},"type":"Feature","id":"97f74a1e38","properties":{"flclr":"#000000","name":"Quinlogan","level_id":"reg","layer_val":"0","parent_id":"0","gjsonid":"5"}},{"geometry":{"type":"Polygon","coordinates":[[[117.8165,8.9600],[117.8408,8.9792],[117.9395,8.8535],[117.9051,8.8408],[117.9097,8.8799],[117.8165,8.9600]]]},"type":"Feature","id":"f421431043","properties":{"flclr":"#000000","name":"Mambalot","level_id":"reg","layer_val":"0","parent_id":"0","gjsonid":"5"}},{"geometry":{"type":"Polygon","coordinates":[[[117.8605,8.9955],[117.9007,9.0125],[117.9371,8.9881],[117.9692,8.9889],[117.9714,8.9483],[117.9647,8.9377],[117.9754,8.9416],[117.9947,8.9300],[117.9934,8.9148],[118.0081,8.8954],[118.0030,8.8811],[117.9896,8.8852],[117.9820,8.8707],[117.9685,8.8698],[117.9406,8.9020],[117.9395,8.9257],[117.9251,8.9340],[117.9289,8.9441],[117.8605,8.9955]]]},"type":"Feature","id":"6598c12798","properties":{"flclr":"#000000","name":"Calasaguen","level_id":"reg","layer_val":"0","parent_id":"0","gjsonid":"5"}},{"geometry":{"type":"Polygon","coordinates":[[[117.4768,8.5579],[117.4591,8.5854],[117.4851,8.6246],[117.5122,8.6050],[117.4768,8.5579]]]},"type":"Feature","id":"10715be3b0","properties":{"flclr":"#000000","name":"Iwahig","level_id":"reg","layer_val":"0","parent_id":"0","gjsonid":"5"}},{"geometry":{"type":"Polygon","coordinates":[[[117.8676,8.8103],[117.8532,8.8128],[117.8528,8.8313],[117.8633,8.8359],[117.8583,8.8838],[117.8752,8.8759],[117.8925,8.8312],[117.8676,8.8103]]]},"type":"Feature","id":"6d42a968c3","properties":{"flclr":"#000000","name":"Barong-barong","level_id":"reg","layer_val":"0","parent_id":"0","gjsonid":"5"}},{"geometry":{"type":"Polygon","coordinates":[[[117.7448,8.6913],[117.7218,8.6847],[117.7144,8.6943],[117.6830,8.8064],[117.7176,8.7291],[117.7448,8.6913]]]},"type":"Feature","id":"c8d57db3f6","properties":{"flclr":"#000000","name":"Salogon","level_id":"reg","layer_val":"0","parent_id":"0","gjsonid":"5"}},{"geometry":{"type":"Polygon","coordinates":[[[117.7935,8.7918],[117.7988,8.7988],[117.8239,8.7904],[117.8268,8.7739],[117.7938,8.7705],[117.7935,8.7918]]]},"type":"Feature","id":"771b753800","properties":{"flclr":"#000000","name":"Tubtub","level_id":"reg","layer_val":"0","parent_id":"0","gjsonid":"5"}},{"geometry":{"type":"Polygon","coordinates":[[[117.8406,8.7729],[117.8356,8.7684],[117.8268,8.7798],[117.8349,8.7729],[117.8406,8.7729]]]},"type":"Feature","id":"90ffae0c08","properties":{"flclr":"#000000","name":"Poblacion I","level_id":"reg","layer_val":"0","parent_id":"0","gjsonid":"5"}},{"geometry":{"type":"Polygon","coordinates":[[[117.8425,8.7766],[117.8349,8.7729],[117.8269,8.7837],[117.8417,8.7810],[117.8425,8.7766]]]},"type":"Feature","id":"7e623fad3c","properties":{"flclr":"#000000","name":"Poblacion II","level_id":"reg","layer_val":"0","parent_id":"0","gjsonid":"5"}},{"geometry":{"type":"Polygon","coordinates":[[[117.7931,8.7710],[117.8081,8.7677],[117.7874,8.7297],[117.7656,8.7645],[117.7931,8.7710]]]},"type":"Feature","id":"b3bed40c35","properties":{"flclr":"#000000","name":"Oring-oring","level_id":"reg","layer_val":"0","parent_id":"0","gjsonid":"5"}},{"geometry":{"type":"Polygon","coordinates":[[[117.6334,8.6614],[117.6054,8.6671],[117.6088,8.7002],[117.5758,8.7459],[117.6227,8.7699],[117.6334,8.6614]]]},"type":"Feature","id":"7c9f771d33","properties":{"flclr":"#000000","name":"Marangas (Pob.)","level_id":"reg","layer_val":"0","parent_id":"0","gjsonid":"5"}},{"geometry":{"type":"Polygon","coordinates":[[[117.6841,8.6813],[117.6714,8.6683],[117.6334,8.6614],[117.6227,8.7699],[117.6841,8.6813]]]},"type":"Feature","id":"459858a886","properties":{"flclr":"#000000","name":"Inogbong","level_id":"reg","layer_val":"0","parent_id":"0","gjsonid":"5"}},{"geometry":{"type":"Polygon","coordinates":[[[117.6111,8.6607],[117.5786,8.6741],[117.5559,8.7359],[117.5758,8.7459],[117.6088,8.7002],[117.6022,8.6823],[117.6111,8.6607]]]},"type":"Feature","id":"cc7e84232a","properties":{"flclr":"#000000","name":"Bono-bono","level_id":"reg","layer_val":"0","parent_id":"0","gjsonid":"5"}},{"geometry":{"type":"Polygon","coordinates":[[[117.5395,8.7262],[117.5565,8.6633],[117.5350,8.6429],[117.5385,8.6354],[117.5262,8.6426],[117.5322,8.6567],[117.5119,8.6877],[117.5395,8.7262]]]},"type":"Feature","id":"ff42a7a816","properties":{"flclr":"#000000","name":"Bulalacao","level_id":"reg","layer_val":"0","parent_id":"0","gjsonid":"5"}},{"geometry":{"type":"Polygon","coordinates":[[[117.5395,8.7262],[117.5119,8.6877],[117.4953,8.6794],[117.4233,8.7549],[117.4312,8.7696],[117.4194,8.7860],[117.4317,8.8023],[117.4592,8.8097],[117.5395,8.7262]]]},"type":"Feature","id":"c8e4b61180","properties":{"flclr":"#000000","name":"Panalingaan","level_id":"reg","layer_val":"0","parent_id":"0","gjsonid":"5"}},{"geometry":{"type":"Polygon","coordinates":[[[117.3691,8.6007],[117.3921,8.6233],[117.3987,8.5959],[117.4219,8.5913],[117.4405,8.5581],[117.4741,8.5394],[117.4632,8.5169],[117.4536,8.5201],[117.4517,8.5041],[117.4303,8.5016],[117.3691,8.6007]]]},"type":"Feature","id":"5652876d4e","properties":{"flclr":"#000000","name":"Rio Tuba","level_id":"reg","layer_val":"0","parent_id":"0","gjsonid":"5"}},{"geometry":{"type":"Polygon","coordinates":[[[117.4591,8.5854],[117.4768,8.5579],[117.4741,8.5394],[117.4405,8.5581],[117.4219,8.5913],[117.3987,8.5959],[117.3921,8.6233],[117.4057,8.6360],[117.4236,8.6003],[117.4532,8.5952],[117.4591,8.5854]]]},"type":"Feature","id":"87d3ca7387","properties":{"flclr":"#000000","name":"Ocayan","level_id":"reg","layer_val":"0","parent_id":"0","gjsonid":"5"}},{"geometry":{"type":"Polygon","coordinates":[[[117.4632,8.5169],[117.4768,8.5579],[117.5214,8.5452],[117.4935,8.4956],[117.4630,8.5087],[117.4632,8.5169]]]},"type":"Feature","id":"ada2fc347c","properties":{"flclr":"#000000","name":"Sarong","level_id":"reg","layer_val":"0","parent_id":"0","gjsonid":"5"}},{"geometry":{"type":"Polygon","coordinates":[[[117.2076,8.3757],[117.2344,8.4137],[117.2555,8.3953],[117.2309,8.3636],[117.2221,8.3702],[117.2208,8.3573],[117.2076,8.3757]]]},"type":"Feature","id":"839d23a8aa","properties":{"flclr":"#000000","name":"Puring","level_id":"reg","layer_val":"0","parent_id":"0","gjsonid":"5"}},{"geometry":{"type":"Polygon","coordinates":[[[117.2344,8.4137],[117.2076,8.3757],[117.1804,8.3756],[117.2144,8.4308],[117.2142,8.4613],[117.2543,8.4509],[117.2344,8.4137]]]},"type":"Feature","id":"765945ee90","properties":{"flclr":"#000000","name":"Tabud","level_id":"reg","layer_val":"0","parent_id":"0","gjsonid":"5"}},{"geometry":{"type":"Polygon","coordinates":[[[117.2842,8.4173],[117.2811,8.4098],[117.2659,8.4124],[117.2555,8.3953],[117.2336,8.4148],[117.2543,8.4509],[117.2842,8.4173]]]},"type":"Feature","id":"642c0baee2","properties":{"flclr":"#000000","name":"Tagnato","level_id":"reg","layer_val":"0","parent_id":"0","gjsonid":"5"}},{"geometry":{"type":"Polygon","coordinates":[[[117.4134,8.6193],[117.4057,8.6360],[117.4191,8.6488],[117.4754,8.6698],[117.4803,8.6278],[117.4522,8.6336],[117.4134,8.6193]]]},"type":"Feature","id":"bb912cf193","properties":{"flclr":"#000000","name":"Culandanum","level_id":"reg","layer_val":"0","parent_id":"0","gjsonid":"5"}},{"geometry":{"type":"Polygon","coordinates":[[[117.5214,8.5452],[117.4768,8.5579],[117.5159,8.6104],[117.5407,8.6082],[117.5467,8.5958],[117.5407,8.5729],[117.5214,8.5452]]]},"type":"Feature","id":"86a3c1f28a","properties":{"flclr":"#000000","name":"Igang-igang","level_id":"reg","layer_val":"0","parent_id":"0","gjsonid":"5"}},{"geometry":{"type":"Polygon","coordinates":[[[117.4953,8.6794],[117.5119,8.6877],[117.5322,8.6567],[117.5262,8.6426],[117.5385,8.6354],[117.5306,8.6249],[117.5372,8.6049],[117.5159,8.6104],[117.5122,8.6050],[117.4815,8.6284],[117.4754,8.6698],[117.4953,8.6794]]]},"type":"Feature","id":"4c53628c19","properties":{"flclr":"#000000","name":"Tarusan","level_id":"reg","layer_val":"0","parent_id":"0","gjsonid":"5"}},{"geometry":{"type":"Polygon","coordinates":[[[117.4813,8.6292],[117.4591,8.5854],[117.4532,8.5952],[117.4236,8.6003],[117.4134,8.6193],[117.4522,8.6336],[117.4813,8.6292]]]},"type":"Feature","id":"d6b4e87683","properties":{"flclr":"#000000","name":"Sandoval","level_id":"reg","layer_val":"0","parent_id":"0","gjsonid":"5"}},{"geometry":{"type":"Polygon","coordinates":[[[117.3091,8.4391],[117.2741,8.5124],[117.3020,8.5383],[117.3617,8.4779],[117.3091,8.4391]]]},"type":"Feature","id":"22134b51b2","properties":{"flclr":"#000000","name":"Sapa","level_id":"reg","layer_val":"0","parent_id":"0","gjsonid":"5"}},{"geometry":{"type":"Polygon","coordinates":[[[117.2615,8.5017],[117.2543,8.4509],[117.2093,8.4632],[117.2185,8.4678],[117.2169,8.4855],[117.2615,8.5017]]]},"type":"Feature","id":"ffe2b536e3","properties":{"flclr":"#000000","name":"Tagolango","level_id":"reg","layer_val":"0","parent_id":"0","gjsonid":"5"}}]}