{"type":"FeatureCollection","features":[{"geometry":{"type":"Polygon","coordinates":[[[117.0514,7.9922],[117.0612,7.9820],[117.0152,7.9575],[117.0061,7.9966],[117.0514,7.9922]]]},"type":"Feature","id":"c795ab715a","properties":{"flclr":"#000000","name":"Poblacion VI","level_id":"reg","layer_val":"0","parent_id":"0","gjsonid":"5"}},{"geometry":{"type":"Polygon","coordinates":[[[116.9800,7.8573],[117.0197,7.8815],[117.0286,7.8619],[116.9908,7.8490],[116.9800,7.8573]]]},"type":"Feature","id":"7f382d1f3f","properties":{"flclr":"#000000","name":"Pasig","level_id":"reg","layer_val":"0","parent_id":"0","gjsonid":"5"}},{"geometry":{"type":"Polygon","coordinates":[[[117.0197,7.8815],[116.9800,7.8573],[116.9669,7.8956],[116.9876,7.9123],[117.0134,7.9154],[117.0197,7.8815]]]},"type":"Feature","id":"f4268e4fcc","properties":{"flclr":"#000000","name":"Rabor","level_id":"reg","layer_val":"0","parent_id":"0","gjsonid":"5"}},{"geometry":{"type":"Polygon","coordinates":[[[116.9991,7.8508],[117.0286,7.8619],[117.0675,7.8626],[117.0602,7.8423],[117.0270,7.8125],[117.0138,7.8215],[117.0243,7.8075],[117.0184,7.8033],[116.9924,7.8146],[116.9991,7.8508]]]},"type":"Feature","id":"8f7db5e800","properties":{"flclr":"#000000","name":"Melville","level_id":"reg","layer_val":"0","parent_id":"0","gjsonid":"5"}},{"geometry":{"type":"Polygon","coordinates":[[[117.0152,7.9575],[116.9743,7.9371],[116.9479,7.9344],[116.9647,7.9487],[116.9572,7.9579],[116.9683,7.9656],[116.9504,8.0000],[116.9665,8.0559],[116.9737,8.0464],[116.9640,8.0380],[116.9691,8.0124],[116.9786,8.0264],[117.0022,8.0166],[117.0152,7.9575]]]},"type":"Feature","id":"bbda404910","properties":{"flclr":"#000000","name":"Catagupan","level_id":"reg","layer_val":"0","parent_id":"0","gjsonid":"5"}},{"geometry":{"type":"Polygon","coordinates":[[[117.2076,8.3757],[117.2344,8.4137],[117.2555,8.3953],[117.2309,8.3636],[117.2221,8.3702],[117.2208,8.3573],[117.2076,8.3757]]]},"type":"Feature","id":"839d23a8aa","properties":{"flclr":"#000000","name":"Puring","level_id":"reg","layer_val":"0","parent_id":"0","gjsonid":"5"}},{"geometry":{"type":"Polygon","coordinates":[[[117.2344,8.4137],[117.2076,8.3757],[117.1804,8.3756],[117.2144,8.4308],[117.2142,8.4613],[117.2543,8.4509],[117.2344,8.4137]]]},"type":"Feature","id":"765945ee90","properties":{"flclr":"#000000","name":"Tabud","level_id":"reg","layer_val":"0","parent_id":"0","gjsonid":"5"}},{"geometry":{"type":"Polygon","coordinates":[[[117.1804,8.3756],[117.2076,8.3757],[117.2101,8.3510],[117.2183,8.3506],[117.2060,8.3329],[117.1904,8.3303],[117.1742,8.3405],[117.1804,8.3756]]]},"type":"Feature","id":"0938f24d19","properties":{"flclr":"#000000","name":"Buliluyan","level_id":"reg","layer_val":"0","parent_id":"0","gjsonid":"5"}},{"geometry":{"type":"Polygon","coordinates":[[[117.2842,8.4173],[117.2811,8.4098],[117.2659,8.4124],[117.2555,8.3953],[117.2336,8.4148],[117.2543,8.4509],[117.2842,8.4173]]]},"type":"Feature","id":"642c0baee2","properties":{"flclr":"#000000","name":"Tagnato","level_id":"reg","layer_val":"0","parent_id":"0","gjsonid":"5"}},{"geometry":{"type":"Polygon","coordinates":[[[117.0665,7.9885],[117.0737,7.9923],[117.0757,7.9753],[117.0659,7.9845],[117.0665,7.9885]]]},"type":"Feature","id":"1cbf7fa0fa","properties":{"flclr":"#000000","name":"Poblacion V","level_id":"reg","layer_val":"0","parent_id":"0","gjsonid":"5"}},{"geometry":{"type":"Polygon","coordinates":[[[117.0659,7.9845],[117.0644,7.9866],[117.0662,7.9873],[117.0663,7.9856],[117.0659,7.9845]]]},"type":"Feature","id":"58b653b274","properties":{"flclr":"#000000","name":"Poblacion I","level_id":"reg","layer_val":"0","parent_id":"0","gjsonid":"5"}},{"geometry":{"type":"Polygon","coordinates":[[[117.0645,7.9856],[117.0650,7.9840],[117.0612,7.9820],[117.0604,7.9855],[117.0645,7.9856]]]},"type":"Feature","id":"2c3486a51a","properties":{"flclr":"#000000","name":"Poblacion II","level_id":"reg","layer_val":"0","parent_id":"0","gjsonid":"5"}},{"geometry":{"type":"Polygon","coordinates":[[[117.0608,7.9883],[117.0635,7.9872],[117.0645,7.9856],[117.0604,7.9855],[117.0608,7.9883]]]},"type":"Feature","id":"49a2cabb75","properties":{"flclr":"#000000","name":"Poblacion III","level_id":"reg","layer_val":"0","parent_id":"0","gjsonid":"5"}},{"geometry":{"type":"Polygon","coordinates":[[[117.0635,7.9872],[117.0642,7.9873],[117.0665,7.9885],[117.0654,7.9868],[117.0635,7.9872]]]},"type":"Feature","id":"7971314453","properties":{"flclr":"#000000","name":"Poblacion IV","level_id":"reg","layer_val":"0","parent_id":"0","gjsonid":"5"}},{"geometry":{"type":"Polygon","coordinates":[[[117.0125,7.9272],[117.0152,7.9575],[117.0659,7.9845],[117.0789,7.9726],[117.0859,7.9077],[117.0125,7.9272]]]},"type":"Feature","id":"0c1f27a544","properties":{"flclr":"#000000","name":"Malaking Ilog","level_id":"reg","layer_val":"0","parent_id":"0","gjsonid":"5"}},{"geometry":{"type":"Polygon","coordinates":[[[117.0149,7.9542],[117.0134,7.9154],[116.9876,7.9123],[116.9669,7.8956],[116.9514,7.9179],[116.9336,7.9152],[116.9321,7.9411],[116.9429,7.9303],[117.0149,7.9542]]]},"type":"Feature","id":"a1d0dab2a1","properties":{"flclr":"#000000","name":"Agutayan","level_id":"reg","layer_val":"0","parent_id":"0","gjsonid":"5"}},{"geometry":{"type":"Polygon","coordinates":[[[117.2039,8.1645],[117.2026,8.1519],[117.1482,8.1516],[117.1314,8.1760],[117.1879,8.1793],[117.2039,8.1645]]]},"type":"Feature","id":"1a57757db8","properties":{"flclr":"#000000","name":"Bancalaan","level_id":"reg","layer_val":"0","parent_id":"0","gjsonid":"5"}},{"geometry":{"type":"Polygon","coordinates":[[[117.1242,8.2154],[117.0847,8.2164],[117.0812,8.2470],[117.1144,8.2417],[117.1242,8.2154]]]},"type":"Feature","id":"e473dfce0d","properties":{"flclr":"#000000","name":"Bancalaan","level_id":"reg","layer_val":"0","parent_id":"0","gjsonid":"5"}},{"geometry":{"type":"Polygon","coordinates":[[[117.2193,8.3179],[117.2312,8.3389],[117.2216,8.3151],[117.2367,8.3159],[117.2383,8.3066],[117.2482,8.3179],[117.2579,8.3154],[117.2568,8.2889],[117.2193,8.2619],[117.2037,8.2658],[117.1761,8.2554],[117.1627,8.2868],[117.1704,8.2820],[117.1928,8.2900],[117.2193,8.3179]]]},"type":"Feature","id":"4490fb1100","properties":{"flclr":"#000000","name":"Pandanan","level_id":"reg","layer_val":"0","parent_id":"0","gjsonid":"5"}},{"geometry":{"type":"Polygon","coordinates":[[[117.2712,8.2009],[117.2630,8.2101],[117.2660,8.2269],[117.2738,8.2290],[117.2662,8.2353],[117.2702,8.3127],[117.2791,8.3234],[117.3078,8.3131],[117.3055,8.3027],[117.3025,8.3019],[117.2981,8.2905],[117.2930,8.2903],[117.2875,8.2745],[117.3062,8.3029],[117.3081,8.3135],[117.3014,8.3210],[117.3116,8.3308],[117.3435,8.3084],[117.3523,8.2908],[117.3420,8.2502],[117.3458,8.2086],[117.3287,8.1901],[117.2712,8.2009]]]},"type":"Feature","id":"7b3bbb0167","properties":{"flclr":"#000000","name":"Bugsuk (New Cagayancillo)","level_id":"reg","layer_val":"0","parent_id":"0","gjsonid":"5"}},{"geometry":{"type":"Polygon","coordinates":[[[117.0508,8.1177],[117.0614,8.0828],[117.0219,8.0708],[117.0043,8.0807],[117.0085,8.0928],[116.9904,8.0901],[116.9930,8.1047],[117.0249,8.1289],[117.0508,8.1177]]]},"type":"Feature","id":"7ce777e6ca","properties":{"flclr":"#000000","name":"Ramos","level_id":"reg","layer_val":"0","parent_id":"0","gjsonid":"5"}},{"geometry":{"type":"Polygon","coordinates":[[[117.3287,8.1901],[117.2936,8.1777],[117.2856,8.1833],[117.2932,8.1825],[117.2865,8.1857],[117.2861,8.1881],[117.2953,8.1848],[117.3006,8.1878],[117.2712,8.2009],[117.3287,8.1901]]]},"type":"Feature","id":"80264d7ac5","properties":{"flclr":"#000000","name":"Sebaring","level_id":"reg","layer_val":"0","parent_id":"0","gjsonid":"5"}},{"geometry":{"type":"Polygon","coordinates":[[[116.9854,8.0255],[116.9926,8.0224],[116.9888,8.0356],[117.0042,8.0442],[116.9989,8.0644],[117.0408,8.0653],[117.0616,8.0792],[117.0653,8.0721],[117.0647,8.0802],[117.0727,8.0749],[117.0782,8.0190],[117.0656,8.0151],[117.0780,8.0124],[117.0764,8.0026],[117.0582,7.9950],[117.0528,8.0003],[117.0486,8.0005],[117.0514,7.9922],[117.0061,7.9966],[117.0022,8.0166],[116.9854,8.0255]]]},"type":"Feature","id":"a1cc3c2274","properties":{"flclr":"#000000","name":"Salang","level_id":"reg","layer_val":"0","parent_id":"0","gjsonid":"5"}},{"geometry":{"type":"Polygon","coordinates":[[[117.2200,7.9162],[117.2211,7.9171],[117.2217,7.9154],[117.2201,7.9150],[117.2200,7.9162]]]},"type":"Feature","id":"bb4dc60460","properties":{"flclr":"#000000","name":"Malaking Ilog","level_id":"reg","layer_val":"0","parent_id":"0","gjsonid":"5"}},{"geometry":{"type":"Polygon","coordinates":[[[117.2222,8.3572],[117.2229,8.3580],[117.2231,8.3581],[117.2230,8.3565],[117.2222,8.3572]]]},"type":"Feature","id":"692df4f878","properties":{"flclr":"#000000","name":"Puring","level_id":"reg","layer_val":"0","parent_id":"0","gjsonid":"5"}},{"geometry":{"type":"Polygon","coordinates":[[[117.2286,8.3613],[117.2362,8.3670],[117.2399,8.3661],[117.2305,8.3589],[117.2286,8.3613]]]},"type":"Feature","id":"8504e8d628","properties":{"flclr":"#000000","name":"Puring","level_id":"reg","layer_val":"0","parent_id":"0","gjsonid":"5"}},{"geometry":{"type":"Polygon","coordinates":[[[117.2411,8.3706],[117.2452,8.3745],[117.2478,8.3792],[117.2438,8.3694],[117.2411,8.3706]]]},"type":"Feature","id":"30e0dc66fe","properties":{"flclr":"#000000","name":"Puring","level_id":"reg","layer_val":"0","parent_id":"0","gjsonid":"5"}},{"geometry":{"type":"Polygon","coordinates":[[[117.2238,8.3592],[117.2238,8.3598],[117.2250,8.3607],[117.2248,8.3590],[117.2238,8.3592]]]},"type":"Feature","id":"c4e8b5d3f4","properties":{"flclr":"#000000","name":"Puring","level_id":"reg","layer_val":"0","parent_id":"0","gjsonid":"5"}},{"geometry":{"type":"Polygon","coordinates":[[[117.2749,8.3974],[117.2773,8.3987],[117.2791,8.3984],[117.2761,8.3958],[117.2749,8.3974]]]},"type":"Feature","id":"9ff4471043","properties":{"flclr":"#000000","name":"Tagnato","level_id":"reg","layer_val":"0","parent_id":"0","gjsonid":"5"}},{"geometry":{"type":"Polygon","coordinates":[[[117.2612,8.3918],[117.2630,8.3926],[117.2658,8.3930],[117.2629,8.3903],[117.2612,8.3918]]]},"type":"Feature","id":"10d9cd5129","properties":{"flclr":"#000000","name":"Tagnato","level_id":"reg","layer_val":"0","parent_id":"0","gjsonid":"5"}},{"geometry":{"type":"Polygon","coordinates":[[[117.5071,8.3426],[117.5144,8.3468],[117.5217,8.3499],[117.5133,8.3375],[117.5071,8.3426]]]},"type":"Feature","id":"4693ae9845","properties":{"flclr":"#000000","name":"Bugsuk (New Cagayancillo)","level_id":"reg","layer_val":"0","parent_id":"0","gjsonid":"5"}},{"geometry":{"type":"Polygon","coordinates":[[[117.3382,8.3099],[117.3399,8.3118],[117.3414,8.3113],[117.3387,8.3087],[117.3382,8.3099]]]},"type":"Feature","id":"806f4e6f9a","properties":{"flclr":"#000000","name":"Bugsuk (New Cagayancillo)","level_id":"reg","layer_val":"0","parent_id":"0","gjsonid":"5"}},{"geometry":{"type":"Polygon","coordinates":[[[117.3104,8.3471],[117.3148,8.3524],[117.3174,8.3495],[117.3107,8.3447],[117.3104,8.3471]]]},"type":"Feature","id":"dc55437d95","properties":{"flclr":"#000000","name":"Bugsuk (New Cagayancillo)","level_id":"reg","layer_val":"0","parent_id":"0","gjsonid":"5"}},{"geometry":{"type":"Polygon","coordinates":[[[117.0859,7.9077],[117.0652,7.8917],[117.0780,7.8808],[117.0720,7.8627],[117.0286,7.8619],[117.0152,7.8914],[117.0125,7.9272],[117.0859,7.9077]]]},"type":"Feature","id":"e472e33b52","properties":{"flclr":"#000000","name":"Indalawan","level_id":"reg","layer_val":"0","parent_id":"0","gjsonid":"5"}},{"geometry":{"type":"Polygon","coordinates":[[[116.9834,8.0888],[116.9892,8.0903],[116.9915,8.0874],[116.9862,8.0821],[116.9834,8.0888]]]},"type":"Feature","id":"1e30eb5154","properties":{"flclr":"#000000","name":"Ramos","level_id":"reg","layer_val":"0","parent_id":"0","gjsonid":"5"}},{"geometry":{"type":"Polygon","coordinates":[[[117.0096,8.1790],[117.0155,8.1778],[117.0287,8.1714],[117.0186,8.1733],[117.0096,8.1790]]]},"type":"Feature","id":"356f1af700","properties":{"flclr":"#000000","name":"Ramos","level_id":"reg","layer_val":"0","parent_id":"0","gjsonid":"5"}},{"geometry":{"type":"Polygon","coordinates":[[[116.9863,8.0917],[116.9872,8.0935],[116.9886,8.0943],[116.9894,8.0912],[116.9863,8.0917]]]},"type":"Feature","id":"9d9e1d6ddf","properties":{"flclr":"#000000","name":"Ramos","level_id":"reg","layer_val":"0","parent_id":"0","gjsonid":"5"}},{"geometry":{"type":"Polygon","coordinates":[[[117.1306,8.1350],[117.1362,8.1259],[117.1562,8.1135],[117.1433,8.1148],[117.1347,8.1232],[117.1306,8.1350]]]},"type":"Feature","id":"e21273ada5","properties":{"flclr":"#000000","name":"Bancalaan","level_id":"reg","layer_val":"0","parent_id":"0","gjsonid":"5"}},{"geometry":{"type":"Polygon","coordinates":[[[117.1870,8.2010],[117.1900,8.2016],[117.1979,8.1958],[117.1898,8.1988],[117.1870,8.2010]]]},"type":"Feature","id":"3e1fc018a5","properties":{"flclr":"#000000","name":"Bancalaan","level_id":"reg","layer_val":"0","parent_id":"0","gjsonid":"5"}},{"geometry":{"type":"Polygon","coordinates":[[[117.2115,7.8235],[117.2153,7.8308],[117.2263,7.8226],[117.2195,7.8243],[117.2115,7.8235]]]},"type":"Feature","id":"bc81aad621","properties":{"flclr":"#000000","name":"Mangsee","level_id":"reg","layer_val":"0","parent_id":"0","gjsonid":"5"}},{"geometry":{"type":"Polygon","coordinates":[[[117.2957,7.5242],[117.3074,7.5226],[117.3078,7.5216],[117.3009,7.5206],[117.2957,7.5242]]]},"type":"Feature","id":"c1dee7849e","properties":{"flclr":"#000000","name":"Mangsee","level_id":"reg","layer_val":"0","parent_id":"0","gjsonid":"5"}},{"geometry":{"type":"Polygon","coordinates":[[[117.3073,7.5100],[117.3130,7.5137],[117.3154,7.5094],[117.3115,7.5064],[117.3073,7.5100]]]},"type":"Feature","id":"9765610394","properties":{"flclr":"#000000","name":"Mangsee","level_id":"reg","layer_val":"0","parent_id":"0","gjsonid":"5"}},{"geometry":{"type":"Polygon","coordinates":[[[117.2909,7.5608],[117.2925,7.5612],[117.2996,7.5588],[117.2914,7.5598],[117.2909,7.5608]]]},"type":"Feature","id":"6d70885a8b","properties":{"flclr":"#000000","name":"Mangsee","level_id":"reg","layer_val":"0","parent_id":"0","gjsonid":"5"}},{"geometry":{"type":"Polygon","coordinates":[[[117.1199,8.2812],[117.1234,8.2860],[117.1265,8.2870],[117.1268,8.2786],[117.1199,8.2812]]]},"type":"Feature","id":"82321aecb7","properties":{"flclr":"#000000","name":"Pandanan","level_id":"reg","layer_val":"0","parent_id":"0","gjsonid":"5"}},{"geometry":{"type":"Polygon","coordinates":[[[117.1818,8.3043],[117.1823,8.3075],[117.1834,8.3083],[117.1841,8.3040],[117.1818,8.3043]]]},"type":"Feature","id":"0bb5fc2375","properties":{"flclr":"#000000","name":"Pandanan","level_id":"reg","layer_val":"0","parent_id":"0","gjsonid":"5"}},{"geometry":{"type":"Polygon","coordinates":[[[117.1415,8.3043],[117.1423,8.3037],[117.1427,8.3007],[117.1416,8.3015],[117.1415,8.3043]]]},"type":"Feature","id":"6617e708df","properties":{"flclr":"#000000","name":"Pandanan","level_id":"reg","layer_val":"0","parent_id":"0","gjsonid":"5"}},{"geometry":{"type":"Polygon","coordinates":[[[117.2191,8.1557],[117.2245,8.1640],[117.2323,8.1559],[117.2309,8.1520],[117.2191,8.1557]]]},"type":"Feature","id":"13e42443d1","properties":{"flclr":"#000000","name":"Sebaring","level_id":"reg","layer_val":"0","parent_id":"0","gjsonid":"5"}},{"geometry":{"type":"Polygon","coordinates":[[[117.0978,8.0740],[117.1020,8.0896],[117.1066,8.0930],[117.1089,8.0740],[117.0978,8.0740]]]},"type":"Feature","id":"627d8d1c16","properties":{"flclr":"#000000","name":"Salang","level_id":"reg","layer_val":"0","parent_id":"0","gjsonid":"5"}},{"geometry":{"type":"Polygon","coordinates":[[[117.2367,8.1744],[117.2487,8.1763],[117.2574,8.1673],[117.2417,8.1686],[117.2367,8.1744]]]},"type":"Feature","id":"8d95a95d9a","properties":{"flclr":"#000000","name":"Sebaring","level_id":"reg","layer_val":"0","parent_id":"0","gjsonid":"5"}},{"geometry":{"type":"Polygon","coordinates":[[[117.2744,8.1801],[117.2754,8.1805],[117.2756,8.1805],[117.2746,8.1797],[117.2744,8.1801]]]},"type":"Feature","id":"9fdb978e71","properties":{"flclr":"#000000","name":"Sebaring","level_id":"reg","layer_val":"0","parent_id":"0","gjsonid":"5"}},{"geometry":{"type":"Polygon","coordinates":[[[117.2767,8.1823],[117.2802,8.1831],[117.2807,8.1782],[117.2767,8.1815],[117.2767,8.1823]]]},"type":"Feature","id":"d0225c39ff","properties":{"flclr":"#000000","name":"Sebaring","level_id":"reg","layer_val":"0","parent_id":"0","gjsonid":"5"}},{"geometry":{"type":"Polygon","coordinates":[[[117.2823,8.1825],[117.2829,8.1818],[117.2875,8.1815],[117.2829,8.1812],[117.2823,8.1825]]]},"type":"Feature","id":"a789a35726","properties":{"flclr":"#000000","name":"Sebaring","level_id":"reg","layer_val":"0","parent_id":"0","gjsonid":"5"}},{"geometry":{"type":"Polygon","coordinates":[[[117.0011,8.0689],[117.0098,8.0710],[117.0165,8.0672],[117.0129,8.0651],[117.0011,8.0689]]]},"type":"Feature","id":"6bf96f58e4","properties":{"flclr":"#000000","name":"Salang","level_id":"reg","layer_val":"0","parent_id":"0","gjsonid":"5"}},{"geometry":{"type":"Polygon","coordinates":[[[117.0398,8.0743],[117.0417,8.0744],[117.0421,8.0715],[117.0396,8.0732],[117.0398,8.0743]]]},"type":"Feature","id":"ebfd93a837","properties":{"flclr":"#000000","name":"Salang","level_id":"reg","layer_val":"0","parent_id":"0","gjsonid":"5"}},{"geometry":{"type":"Polygon","coordinates":[[[117.0733,8.0904],[117.0791,8.0853],[117.0789,8.0817],[117.0741,8.0847],[117.0733,8.0904]]]},"type":"Feature","id":"d745d13244","properties":{"flclr":"#000000","name":"Salang","level_id":"reg","layer_val":"0","parent_id":"0","gjsonid":"5"}}]}