{"type":"FeatureCollection","features":[{"geometry":{"type":"Polygon","coordinates":[[[118.1090,6.1669],[118.1105,6.1677],[118.1115,6.1665],[118.1097,6.1654],[118.1090,6.1669]]]},"type":"Feature","id":"d4467f3512","properties":{"flclr":"#000000","name":"Taganak Poblacion","level_id":"reg","layer_val":"0","parent_id":"0","gjsonid":"17"}},{"geometry":{"type":"Polygon","coordinates":[[[118.0642,6.2283],[118.0679,6.2342],[118.0707,6.2359],[118.0720,6.2322],[118.0642,6.2283]]]},"type":"Feature","id":"588b2a129f","properties":{"flclr":"#000000","name":"Taganak Poblacion","level_id":"reg","layer_val":"0","parent_id":"0","gjsonid":"17"}},{"geometry":{"type":"Polygon","coordinates":[[[118.1147,6.1862],[118.1206,6.1905],[118.1240,6.1897],[118.1179,6.1837],[118.1147,6.1862]]]},"type":"Feature","id":"5727eabd91","properties":{"flclr":"#000000","name":"Taganak Poblacion","level_id":"reg","layer_val":"0","parent_id":"0","gjsonid":"17"}},{"geometry":{"type":"Polygon","coordinates":[[[118.0704,6.2819],[118.0777,6.2897],[118.0818,6.2886],[118.0811,6.2830],[118.0704,6.2819]]]},"type":"Feature","id":"56785b7f0f","properties":{"flclr":"#000000","name":"Taganak Poblacion","level_id":"reg","layer_val":"0","parent_id":"0","gjsonid":"17"}},{"geometry":{"type":"Polygon","coordinates":[[[118.0776,6.2405],[118.0777,6.2408],[118.0780,6.2408],[118.0779,6.2405],[118.0776,6.2405]]]},"type":"Feature","id":"070b557510","properties":{"flclr":"#000000","name":"Taganak Poblacion","level_id":"reg","layer_val":"0","parent_id":"0","gjsonid":"17"}}]}