{"type":"FeatureCollection","features":[{"geometry":{"type":"Polygon","coordinates":[[[125.1831,12.5545],[125.1994,12.5371],[125.2080,12.5342],[125.1830,12.5137],[125.1598,12.5391],[125.1831,12.5545]]]},"type":"Feature","id":"7dd394556d","properties":{"flclr":"#000000","name":"Maragano","level_id":"reg","layer_val":"0","parent_id":"0","gjsonid":"9"}},{"geometry":{"type":"Polygon","coordinates":[[[125.1598,12.5391],[125.1376,12.5723],[125.1422,12.5743],[125.1433,12.5842],[125.1516,12.5742],[125.1824,12.5567],[125.1598,12.5391]]]},"type":"Feature","id":"75c31f5472","properties":{"flclr":"#000000","name":"Nipa","level_id":"reg","layer_val":"0","parent_id":"0","gjsonid":"9"}}]}