{"type":"FeatureCollection","features":[{"geometry":{"type":"Polygon","coordinates":[[[125.1727,10.2616],[125.1767,10.2680],[125.1785,10.2668],[125.1731,10.2619],[125.1727,10.2616]]]},"type":"Feature","id":"26c37c3e1f","properties":{"flclr":"#000000","name":"San Jose (Pob.)","level_id":"reg","layer_val":"0","parent_id":"0","gjsonid":"9"}},{"geometry":{"type":"Polygon","coordinates":[[[125.1993,10.2496],[125.1941,10.2532],[125.1978,10.2851],[125.2022,10.2831],[125.1993,10.2496]]]},"type":"Feature","id":"cc8dbf288d","properties":{"flclr":"#000000","name":"San Vicente","level_id":"reg","layer_val":"0","parent_id":"0","gjsonid":"9"}},{"geometry":{"type":"Polygon","coordinates":[[[125.1580,10.0554],[125.1552,10.0569],[125.1599,10.0616],[125.1614,10.0578],[125.1580,10.0554]]]},"type":"Feature","id":"03634c9767","properties":{"flclr":"#000000","name":"Central (Pob.)","level_id":"reg","layer_val":"0","parent_id":"0","gjsonid":"9"}},{"geometry":{"type":"Polygon","coordinates":[[[125.1591,10.0611],[125.1573,10.0600],[125.1454,10.0682],[125.1497,10.0727],[125.1591,10.0611]]]},"type":"Feature","id":"d6d48f5df5","properties":{"flclr":"#000000","name":"Cahayag","level_id":"reg","layer_val":"0","parent_id":"0","gjsonid":"9"}},{"geometry":{"type":"Polygon","coordinates":[[[125.2075,10.0155],[125.2073,10.0229],[125.2179,10.0315],[125.2176,10.0227],[125.2075,10.0155]]]},"type":"Feature","id":"ff3f4640d5","properties":{"flclr":"#000000","name":"Malico","level_id":"reg","layer_val":"0","parent_id":"0","gjsonid":"9"}},{"geometry":{"type":"Polygon","coordinates":[[[125.1910,10.4751],[125.1872,10.4595],[125.1821,10.4633],[125.1745,10.4579],[125.1703,10.4607],[125.1455,10.4427],[125.1358,10.4450],[125.1663,10.4749],[125.1910,10.4751]]]},"type":"Feature","id":"041a45bc1c","properties":{"flclr":"#000000","name":"Balagawan","level_id":"reg","layer_val":"0","parent_id":"0","gjsonid":"9"}},{"geometry":{"type":"Polygon","coordinates":[[[125.1804,10.4969],[125.1910,10.4751],[125.1663,10.4749],[125.1358,10.4450],[125.1277,10.4668],[125.1513,10.4838],[125.1804,10.4969]]]},"type":"Feature","id":"ae80a682cf","properties":{"flclr":"#000000","name":"Mercedes","level_id":"reg","layer_val":"0","parent_id":"0","gjsonid":"9"}},{"geometry":{"type":"Polygon","coordinates":[[[125.2338,10.0185],[125.2379,10.0202],[125.2464,10.0151],[125.2545,10.0245],[125.2631,10.0131],[125.2532,10.0131],[125.2424,10.0054],[125.2338,10.0185]]]},"type":"Feature","id":"b471af565d","properties":{"flclr":"#000000","name":"Looc","level_id":"reg","layer_val":"0","parent_id":"0","gjsonid":"9"}},{"geometry":{"type":"Polygon","coordinates":[[[125.2252,10.2488],[125.2172,10.2469],[125.2141,10.2764],[125.2208,10.2734],[125.2252,10.2488]]]},"type":"Feature","id":"cce106e8a2","properties":{"flclr":"#000000","name":"Agay-ay","level_id":"reg","layer_val":"0","parent_id":"0","gjsonid":"9"}},{"geometry":{"type":"Polygon","coordinates":[[[125.1860,10.2576],[125.1762,10.2593],[125.1773,10.2636],[125.1870,10.2613],[125.1860,10.2576]]]},"type":"Feature","id":"f5d56e63b4","properties":{"flclr":"#000000","name":"Basak","level_id":"reg","layer_val":"0","parent_id":"0","gjsonid":"9"}},{"geometry":{"type":"Polygon","coordinates":[[[125.2312,10.2516],[125.2252,10.2488],[125.2208,10.2734],[125.2276,10.2697],[125.2312,10.2516]]]},"type":"Feature","id":"ec4133e1ec","properties":{"flclr":"#000000","name":"Bobon A","level_id":"reg","layer_val":"0","parent_id":"0","gjsonid":"9"}},{"geometry":{"type":"Polygon","coordinates":[[[125.1750,10.5104],[125.1804,10.4969],[125.1513,10.4838],[125.1277,10.4668],[125.1245,10.4760],[125.1390,10.4877],[125.1598,10.4935],[125.1750,10.5104]]]},"type":"Feature","id":"90d775155a","properties":{"flclr":"#000000","name":"Sap-ang","level_id":"reg","layer_val":"0","parent_id":"0","gjsonid":"9"}},{"geometry":{"type":"Polygon","coordinates":[[[125.2399,10.0596],[125.2439,10.0500],[125.2311,10.0443],[125.2308,10.0377],[125.2262,10.0397],[125.2253,10.0365],[125.2205,10.0462],[125.2399,10.0596]]]},"type":"Feature","id":"cfd4285d27","properties":{"flclr":"#000000","name":"Bitoon","level_id":"reg","layer_val":"0","parent_id":"0","gjsonid":"9"}},{"geometry":{"type":"Polygon","coordinates":[[[125.2890,9.9131],[125.2855,9.9113],[125.2809,9.9210],[125.2879,9.9157],[125.2890,9.9131]]]},"type":"Feature","id":"1860c089c0","properties":{"flclr":"#000000","name":"Cabutan","level_id":"reg","layer_val":"0","parent_id":"0","gjsonid":"9"}},{"geometry":{"type":"Polygon","coordinates":[[[125.1870,10.2613],[125.1773,10.2636],[125.1870,10.2897],[125.1915,10.2877],[125.1870,10.2613]]]},"type":"Feature","id":"fd65955d71","properties":{"flclr":"#000000","name":"Dayanog","level_id":"reg","layer_val":"0","parent_id":"0","gjsonid":"9"}},{"geometry":{"type":"Polygon","coordinates":[[[125.1870,10.2897],[125.1829,10.2765],[125.1783,10.2777],[125.1776,10.2959],[125.1870,10.2897]]]},"type":"Feature","id":"a934f4db2b","properties":{"flclr":"#000000","name":"Santa Filomena","level_id":"reg","layer_val":"0","parent_id":"0","gjsonid":"9"}},{"geometry":{"type":"Polygon","coordinates":[[[125.2785,9.9588],[125.2900,9.9472],[125.2982,9.9291],[125.2928,9.9308],[125.2876,9.9374],[125.2893,9.9410],[125.2751,9.9562],[125.2785,9.9588]]]},"type":"Feature","id":"16e4838c86","properties":{"flclr":"#000000","name":"Camang","level_id":"reg","layer_val":"0","parent_id":"0","gjsonid":"9"}},{"geometry":{"type":"Polygon","coordinates":[[[125.1870,10.2613],[125.1915,10.2877],[125.1978,10.2851],[125.1943,10.2534],[125.1860,10.2576],[125.1870,10.2613]]]},"type":"Feature","id":"1db6d955c3","properties":{"flclr":"#000000","name":"Garrido","level_id":"reg","layer_val":"0","parent_id":"0","gjsonid":"9"}},{"geometry":{"type":"Polygon","coordinates":[[[125.1583,10.2673],[125.1543,10.2690],[125.1559,10.2808],[125.1600,10.2804],[125.1583,10.2673]]]},"type":"Feature","id":"62af0720d8","properties":{"flclr":"#000000","name":"Minoyho","level_id":"reg","layer_val":"0","parent_id":"0","gjsonid":"9"}},{"geometry":{"type":"Polygon","coordinates":[[[125.2952,9.9223],[125.2890,9.9131],[125.2690,9.9269],[125.2769,9.9371],[125.2952,9.9223]]]},"type":"Feature","id":"1974e993e8","properties":{"flclr":"#000000","name":"Benit","level_id":"reg","layer_val":"0","parent_id":"0","gjsonid":"9"}},{"geometry":{"type":"Polygon","coordinates":[[[125.2756,9.9812],[125.2751,9.9762],[125.2561,9.9780],[125.2510,9.9861],[125.2609,9.9874],[125.2756,9.9812]]]},"type":"Feature","id":"26719b2b02","properties":{"flclr":"#000000","name":"Esperanza","level_id":"reg","layer_val":"0","parent_id":"0","gjsonid":"9"}},{"geometry":{"type":"Polygon","coordinates":[[[125.1644,10.2652],[125.1583,10.2673],[125.1600,10.2804],[125.1668,10.2807],[125.1644,10.2652]]]},"type":"Feature","id":"a2a713db46","properties":{"flclr":"#000000","name":"Pong-oy","level_id":"reg","layer_val":"0","parent_id":"0","gjsonid":"9"}},{"geometry":{"type":"Polygon","coordinates":[[[125.2631,10.0131],[125.2802,9.9945],[125.2756,9.9812],[125.2609,9.9874],[125.2510,9.9861],[125.2408,10.0062],[125.2532,10.0131],[125.2631,10.0131]]]},"type":"Feature","id":"0772d78e66","properties":{"flclr":"#000000","name":"Pinut-an","level_id":"reg","layer_val":"0","parent_id":"0","gjsonid":"9"}},{"geometry":{"type":"Polygon","coordinates":[[[125.2789,9.9105],[125.2766,9.9108],[125.2724,9.9254],[125.2791,9.9213],[125.2789,9.9105]]]},"type":"Feature","id":"bed8fd21df","properties":{"flclr":"#000000","name":"Poblacion","level_id":"reg","layer_val":"0","parent_id":"0","gjsonid":"9"}},{"geometry":{"type":"Polygon","coordinates":[[[125.2809,9.9210],[125.2849,9.9134],[125.2855,9.9113],[125.2789,9.9105],[125.2774,9.9234],[125.2809,9.9210]]]},"type":"Feature","id":"9a743aa3f3","properties":{"flclr":"#000000","name":"San Antonio (Alangalang)","level_id":"reg","layer_val":"0","parent_id":"0","gjsonid":"9"}},{"geometry":{"type":"Polygon","coordinates":[[[125.2529,10.0281],[125.2545,10.0245],[125.2464,10.0151],[125.2379,10.0202],[125.2338,10.0185],[125.2298,10.0261],[125.2529,10.0281]]]},"type":"Feature","id":"fdbb6da6bd","properties":{"flclr":"#000000","name":"Kinachawa","level_id":"reg","layer_val":"0","parent_id":"0","gjsonid":"9"}},{"geometry":{"type":"Polygon","coordinates":[[[125.2439,10.0500],[125.2529,10.0281],[125.2298,10.0261],[125.2258,10.0392],[125.2308,10.0377],[125.2311,10.0443],[125.2439,10.0500]]]},"type":"Feature","id":"a5a32f018f","properties":{"flclr":"#000000","name":"San Ramon","level_id":"reg","layer_val":"0","parent_id":"0","gjsonid":"9"}},{"geometry":{"type":"Polygon","coordinates":[[[125.2393,10.0641],[125.2366,10.0556],[125.2205,10.0462],[125.2185,10.0504],[125.2393,10.0641]]]},"type":"Feature","id":"4ef1e40037","properties":{"flclr":"#000000","name":"Saub","level_id":"reg","layer_val":"0","parent_id":"0","gjsonid":"9"}},{"geometry":{"type":"Polygon","coordinates":[[[125.2880,9.9388],[125.2982,9.9291],[125.2952,9.9223],[125.2769,9.9371],[125.2880,9.9388]]]},"type":"Feature","id":"ca7be551b8","properties":{"flclr":"#000000","name":"Timba","level_id":"reg","layer_val":"0","parent_id":"0","gjsonid":"9"}},{"geometry":{"type":"Polygon","coordinates":[[[125.2751,9.9762],[125.2718,9.9708],[125.2785,9.9588],[125.2751,9.9562],[125.2666,9.9588],[125.2561,9.9780],[125.2751,9.9762]]]},"type":"Feature","id":"a41822ffea","properties":{"flclr":"#000000","name":"Esperanza Dos","level_id":"reg","layer_val":"0","parent_id":"0","gjsonid":"9"}},{"geometry":{"type":"Polygon","coordinates":[[[125.2690,9.9269],[125.2724,9.9254],[125.2766,9.9108],[125.2680,9.9099],[125.2657,9.9223],[125.2690,9.9269]]]},"type":"Feature","id":"cb2a1f1c1a","properties":{"flclr":"#000000","name":"Inolinan","level_id":"reg","layer_val":"0","parent_id":"0","gjsonid":"9"}},{"geometry":{"type":"Polygon","coordinates":[[[125.1760,10.2599],[125.1727,10.2616],[125.1785,10.2668],[125.1794,10.2663],[125.1760,10.2599]]]},"type":"Feature","id":"930d6b75ee","properties":{"flclr":"#000000","name":"Santa Cruz (Pob.)","level_id":"reg","layer_val":"0","parent_id":"0","gjsonid":"9"}},{"geometry":{"type":"Polygon","coordinates":[[[125.1712,10.2628],[125.1685,10.2649],[125.1755,10.2700],[125.1767,10.2680],[125.1712,10.2628]]]},"type":"Feature","id":"111541c313","properties":{"flclr":"#000000","name":"Santo Ni\u00f1o (Pob.)","level_id":"reg","layer_val":"0","parent_id":"0","gjsonid":"9"}},{"geometry":{"type":"Polygon","coordinates":[[[125.1776,10.2959],[125.1782,10.2810],[125.1559,10.2808],[125.1536,10.3091],[125.1776,10.2959]]]},"type":"Feature","id":"51a0ab7cd5","properties":{"flclr":"#000000","name":"Somoje","level_id":"reg","layer_val":"0","parent_id":"0","gjsonid":"9"}},{"geometry":{"type":"Polygon","coordinates":[[[125.2141,10.2764],[125.2172,10.2469],[125.2074,10.2466],[125.2072,10.2808],[125.2141,10.2764]]]},"type":"Feature","id":"be58fde718","properties":{"flclr":"#000000","name":"Sua","level_id":"reg","layer_val":"0","parent_id":"0","gjsonid":"9"}},{"geometry":{"type":"Polygon","coordinates":[[[125.2072,10.2808],[125.2075,10.2474],[125.2074,10.2466],[125.1993,10.2496],[125.2022,10.2831],[125.2072,10.2808]]]},"type":"Feature","id":"d4bb6fde42","properties":{"flclr":"#000000","name":"Timba","level_id":"reg","layer_val":"0","parent_id":"0","gjsonid":"9"}},{"geometry":{"type":"Polygon","coordinates":[[[125.1668,10.2807],[125.1782,10.2810],[125.1755,10.2700],[125.1685,10.2649],[125.1644,10.2652],[125.1668,10.2807]]]},"type":"Feature","id":"d8baf7bf28","properties":{"flclr":"#000000","name":"Osao","level_id":"reg","layer_val":"0","parent_id":"0","gjsonid":"9"}},{"geometry":{"type":"Polygon","coordinates":[[[125.1783,10.2777],[125.1829,10.2765],[125.1794,10.2663],[125.1755,10.2700],[125.1783,10.2777]]]},"type":"Feature","id":"976b2ce878","properties":{"flclr":"#000000","name":"San Roque","level_id":"reg","layer_val":"0","parent_id":"0","gjsonid":"9"}},{"geometry":{"type":"Polygon","coordinates":[[[125.2363,10.2518],[125.2312,10.2516],[125.2276,10.2697],[125.2338,10.2665],[125.2363,10.2518]]]},"type":"Feature","id":"d8be5faca6","properties":{"flclr":"#000000","name":"Bobon B","level_id":"reg","layer_val":"0","parent_id":"0","gjsonid":"9"}},{"geometry":{"type":"Polygon","coordinates":[[[125.1671,10.0495],[125.1602,10.0537],[125.1752,10.0605],[125.1905,10.0769],[125.2058,10.0625],[125.1990,10.0644],[125.1998,10.0602],[125.1876,10.0600],[125.1671,10.0495]]]},"type":"Feature","id":"3703cfa9e0","properties":{"flclr":"#000000","name":"Anislagon","level_id":"reg","layer_val":"0","parent_id":"0","gjsonid":"9"}},{"geometry":{"type":"Polygon","coordinates":[[[125.1602,10.0537],[125.1586,10.0568],[125.1905,10.0769],[125.1752,10.0605],[125.1602,10.0537]]]},"type":"Feature","id":"acfb64c94c","properties":{"flclr":"#000000","name":"Dakit (Pob.)","level_id":"reg","layer_val":"0","parent_id":"0","gjsonid":"9"}},{"geometry":{"type":"Polygon","coordinates":[[[125.1599,10.0616],[125.1497,10.0727],[125.1534,10.0754],[125.1591,10.0715],[125.1599,10.0616]]]},"type":"Feature","id":"fbd7c93617","properties":{"flclr":"#000000","name":"Habay","level_id":"reg","layer_val":"0","parent_id":"0","gjsonid":"9"}},{"geometry":{"type":"Polygon","coordinates":[[[125.1962,10.0164],[125.1914,10.0221],[125.2057,10.0284],[125.2185,10.0504],[125.2175,10.0307],[125.2056,10.0193],[125.1962,10.0164]]]},"type":"Feature","id":"2ddeac0782","properties":{"flclr":"#000000","name":"Marayag","level_id":"reg","layer_val":"0","parent_id":"0","gjsonid":"9"}},{"geometry":{"type":"Polygon","coordinates":[[[125.1914,10.0221],[125.1888,10.0337],[125.1950,10.0344],[125.1973,10.0437],[125.2076,10.0507],[125.2041,10.0525],[125.2087,10.0542],[125.2086,10.0593],[125.2185,10.0504],[125.2132,10.0452],[125.2148,10.0400],[125.2080,10.0367],[125.2025,10.0254],[125.1914,10.0221]]]},"type":"Feature","id":"8e7ce2010a","properties":{"flclr":"#000000","name":"Pinamudlan","level_id":"reg","layer_val":"0","parent_id":"0","gjsonid":"9"}},{"geometry":{"type":"Polygon","coordinates":[[[125.1454,10.0682],[125.1385,10.0767],[125.1583,10.0873],[125.1668,10.0975],[125.1733,10.0897],[125.1653,10.0868],[125.1611,10.0762],[125.1534,10.0754],[125.1454,10.0682]]]},"type":"Feature","id":"dfddc7a62f","properties":{"flclr":"#000000","name":"Tinaan","level_id":"reg","layer_val":"0","parent_id":"0","gjsonid":"9"}},{"geometry":{"type":"Polygon","coordinates":[[[125.1888,10.0337],[125.1809,10.0431],[125.1671,10.0495],[125.1876,10.0600],[125.1998,10.0602],[125.1990,10.0644],[125.2058,10.0625],[125.2094,10.0564],[125.2041,10.0525],[125.2076,10.0507],[125.1973,10.0437],[125.1950,10.0344],[125.1888,10.0337]]]},"type":"Feature","id":"926028bc2b","properties":{"flclr":"#000000","name":"Tuno","level_id":"reg","layer_val":"0","parent_id":"0","gjsonid":"9"}},{"geometry":{"type":"Polygon","coordinates":[[[125.1552,10.0569],[125.1491,10.0589],[125.1505,10.0638],[125.1573,10.0600],[125.1552,10.0569]]]},"type":"Feature","id":"0134c78a85","properties":{"flclr":"#000000","name":"Ubos (Pob.)","level_id":"reg","layer_val":"0","parent_id":"0","gjsonid":"9"}},{"geometry":{"type":"Polygon","coordinates":[[[125.2011,10.0080],[125.1962,10.0164],[125.2055,10.0187],[125.2075,10.0155],[125.2011,10.0080]]]},"type":"Feature","id":"4387035099","properties":{"flclr":"#000000","name":"Causi","level_id":"reg","layer_val":"0","parent_id":"0","gjsonid":"9"}},{"geometry":{"type":"Polygon","coordinates":[[[125.1283,10.0926],[125.1498,10.1061],[125.1563,10.1071],[125.1279,10.0870],[125.1283,10.0926]]]},"type":"Feature","id":"14e243a689","properties":{"flclr":"#000000","name":"Pasanon","level_id":"reg","layer_val":"0","parent_id":"0","gjsonid":"9"}},{"geometry":{"type":"Polygon","coordinates":[[[125.1814,10.0832],[125.1646,10.0645],[125.1547,10.0752],[125.1611,10.0762],[125.1653,10.0868],[125.1733,10.0912],[125.1814,10.0832]]]},"type":"Feature","id":"46f8ec706b","properties":{"flclr":"#000000","name":"Gabi","level_id":"reg","layer_val":"0","parent_id":"0","gjsonid":"9"}},{"geometry":{"type":"Polygon","coordinates":[[[125.1617,10.0642],[125.1814,10.0832],[125.1905,10.0769],[125.1614,10.0578],[125.1617,10.0642]]]},"type":"Feature","id":"e8709f3625","properties":{"flclr":"#000000","name":"Punta","level_id":"reg","layer_val":"0","parent_id":"0","gjsonid":"9"}},{"geometry":{"type":"Polygon","coordinates":[[[125.1353,10.0799],[125.1294,10.0783],[125.1278,10.0870],[125.1563,10.1071],[125.1626,10.0998],[125.1353,10.0799]]]},"type":"Feature","id":"48f7eff80b","properties":{"flclr":"#000000","name":"Santa Cruz","level_id":"reg","layer_val":"0","parent_id":"0","gjsonid":"9"}},{"geometry":{"type":"Polygon","coordinates":[[[125.1305,10.3530],[125.1322,10.3600],[125.1417,10.3658],[125.1660,10.3545],[125.1575,10.3416],[125.1305,10.3530]]]},"type":"Feature","id":"d0ad32cd9c","properties":{"flclr":"#000000","name":"Libas","level_id":"reg","layer_val":"0","parent_id":"0","gjsonid":"9"}},{"geometry":{"type":"Polygon","coordinates":[[[125.2657,9.9223],[125.2681,9.9118],[125.2653,9.9094],[125.2629,9.9143],[125.2657,9.9223]]]},"type":"Feature","id":"4484161048","properties":{"flclr":"#000000","name":"Lobo","level_id":"reg","layer_val":"0","parent_id":"0","gjsonid":"9"}},{"geometry":{"type":"Polygon","coordinates":[[[125.2722,9.9312],[125.2690,9.9269],[125.2622,9.9271],[125.2499,9.9290],[125.2486,9.9346],[125.2722,9.9312]]]},"type":"Feature","id":"5ee373d6e7","properties":{"flclr":"#000000","name":"Badiang","level_id":"reg","layer_val":"0","parent_id":"0","gjsonid":"9"}},{"geometry":{"type":"Polygon","coordinates":[[[125.2678,9.9252],[125.2632,9.9206],[125.2544,9.9164],[125.2519,9.9236],[125.2678,9.9252]]]},"type":"Feature","id":"5667273ee0","properties":{"flclr":"#000000","name":"Balongbalong","level_id":"reg","layer_val":"0","parent_id":"0","gjsonid":"9"}},{"geometry":{"type":"Polygon","coordinates":[[[125.2696,9.9592],[125.2781,9.9531],[125.2888,9.9390],[125.2769,9.9371],[125.2696,9.9592]]]},"type":"Feature","id":"b8ed695105","properties":{"flclr":"#000000","name":"Buenavista","level_id":"reg","layer_val":"0","parent_id":"0","gjsonid":"9"}},{"geometry":{"type":"Polygon","coordinates":[[[125.2631,9.9638],[125.2709,9.9576],[125.2752,9.9403],[125.2632,9.9400],[125.2597,9.9459],[125.2631,9.9638]]]},"type":"Feature","id":"44df0d44c4","properties":{"flclr":"#000000","name":"Bulawan","level_id":"reg","layer_val":"0","parent_id":"0","gjsonid":"9"}},{"geometry":{"type":"Polygon","coordinates":[[[125.2690,9.9269],[125.2519,9.9236],[125.2499,9.9290],[125.2595,9.9288],[125.2690,9.9269]]]},"type":"Feature","id":"5ebad251cb","properties":{"flclr":"#000000","name":"Mainit","level_id":"reg","layer_val":"0","parent_id":"0","gjsonid":"9"}},{"geometry":{"type":"Polygon","coordinates":[[[125.2734,9.9328],[125.2661,9.9316],[125.2476,9.9366],[125.2713,9.9358],[125.2734,9.9328]]]},"type":"Feature","id":"415bc366dc","properties":{"flclr":"#000000","name":"Canlawis","level_id":"reg","layer_val":"0","parent_id":"0","gjsonid":"9"}},{"geometry":{"type":"Polygon","coordinates":[[[125.2474,9.9930],[125.2506,9.9886],[125.2178,9.9766],[125.2105,9.9846],[125.2293,9.9869],[125.2375,9.9950],[125.2474,9.9930]]]},"type":"Feature","id":"708917427c","properties":{"flclr":"#000000","name":"Catbawan","level_id":"reg","layer_val":"0","parent_id":"0","gjsonid":"9"}},{"geometry":{"type":"Polygon","coordinates":[[[125.2549,9.9794],[125.2569,9.9745],[125.2451,9.9522],[125.2401,9.9604],[125.2549,9.9794]]]},"type":"Feature","id":"e6f69701b5","properties":{"flclr":"#000000","name":"Caubang","level_id":"reg","layer_val":"0","parent_id":"0","gjsonid":"9"}},{"geometry":{"type":"Polygon","coordinates":[[[125.2629,9.9099],[125.2544,9.9164],[125.2657,9.9223],[125.2649,9.9114],[125.2629,9.9099]]]},"type":"Feature","id":"f2fdad23af","properties":{"flclr":"#000000","name":"Cogon","level_id":"reg","layer_val":"0","parent_id":"0","gjsonid":"9"}},{"geometry":{"type":"Polygon","coordinates":[[[125.2422,10.0036],[125.2474,9.9930],[125.2375,9.9950],[125.2293,9.9869],[125.2101,9.9852],[125.2073,9.9936],[125.2422,10.0036]]]},"type":"Feature","id":"fbd6d93013","properties":{"flclr":"#000000","name":"Dan-an","level_id":"reg","layer_val":"0","parent_id":"0","gjsonid":"9"}},{"geometry":{"type":"Polygon","coordinates":[[[125.2506,9.9886],[125.2415,9.9782],[125.2230,9.9704],[125.2172,9.9765],[125.2506,9.9886]]]},"type":"Feature","id":"e51297edeb","properties":{"flclr":"#000000","name":"Manglit","level_id":"reg","layer_val":"0","parent_id":"0","gjsonid":"9"}},{"geometry":{"type":"Polygon","coordinates":[[[125.2338,10.0185],[125.2422,10.0036],[125.2073,9.9936],[125.2052,9.9994],[125.2086,10.0031],[125.2172,10.0064],[125.2176,10.0102],[125.2333,10.0139],[125.2338,10.0185]]]},"type":"Feature","id":"c3c7a8c459","properties":{"flclr":"#000000","name":"Nueva Estrella Sur","level_id":"reg","layer_val":"0","parent_id":"0","gjsonid":"9"}},{"geometry":{"type":"Polygon","coordinates":[[[125.2479,9.9443],[125.2498,9.9435],[125.2488,9.9418],[125.2475,9.9420],[125.2479,9.9443]]]},"type":"Feature","id":"466520e50f","properties":{"flclr":"#000000","name":"Poblacion Ibabao","level_id":"reg","layer_val":"0","parent_id":"0","gjsonid":"9"}},{"geometry":{"type":"Polygon","coordinates":[[[125.2496,9.9439],[125.2480,9.9455],[125.2527,9.9438],[125.2509,9.9437],[125.2496,9.9439]]]},"type":"Feature","id":"bedfe65bc8","properties":{"flclr":"#000000","name":"Poblacion Ubos","level_id":"reg","layer_val":"0","parent_id":"0","gjsonid":"9"}},{"geometry":{"type":"Polygon","coordinates":[[[125.2052,9.9994],[125.2011,10.0080],[125.2176,10.0227],[125.2185,10.0504],[125.2333,10.0139],[125.2176,10.0102],[125.2052,9.9994]]]},"type":"Feature","id":"c3b1e17301","properties":{"flclr":"#000000","name":"Nueva Estrella Norte","level_id":"reg","layer_val":"0","parent_id":"0","gjsonid":"9"}},{"geometry":{"type":"Polygon","coordinates":[[[125.2484,9.9474],[125.2451,9.9522],[125.2463,9.9553],[125.2557,9.9513],[125.2484,9.9474]]]},"type":"Feature","id":"501728408e","properties":{"flclr":"#000000","name":"Ponod","level_id":"reg","layer_val":"0","parent_id":"0","gjsonid":"9"}},{"geometry":{"type":"Polygon","coordinates":[[[125.2525,9.9836],[125.2549,9.9794],[125.2428,9.9628],[125.2401,9.9604],[125.2330,9.9646],[125.2525,9.9836]]]},"type":"Feature","id":"ca674cf411","properties":{"flclr":"#000000","name":"Son-ok I","level_id":"reg","layer_val":"0","parent_id":"0","gjsonid":"9"}},{"geometry":{"type":"Polygon","coordinates":[[[125.2567,9.9767],[125.2631,9.9638],[125.2557,9.9513],[125.2463,9.9553],[125.2567,9.9767]]]},"type":"Feature","id":"dea14590e0","properties":{"flclr":"#000000","name":"Tautag","level_id":"reg","layer_val":"0","parent_id":"0","gjsonid":"9"}},{"geometry":{"type":"Polygon","coordinates":[[[125.2632,9.9400],[125.2723,9.9419],[125.2769,9.9371],[125.2734,9.9328],[125.2476,9.9366],[125.2475,9.9420],[125.2632,9.9400]]]},"type":"Feature","id":"d04d898c37","properties":{"flclr":"#000000","name":"Pociano D. Equipilag","level_id":"reg","layer_val":"0","parent_id":"0","gjsonid":"9"}},{"geometry":{"type":"Polygon","coordinates":[[[125.2599,9.9481],[125.2632,9.9400],[125.2488,9.9418],[125.2533,9.9462],[125.2599,9.9481]]]},"type":"Feature","id":"163e981e24","properties":{"flclr":"#000000","name":"San Roque","level_id":"reg","layer_val":"0","parent_id":"0","gjsonid":"9"}},{"geometry":{"type":"Polygon","coordinates":[[[125.2524,9.9448],[125.2488,9.9481],[125.2553,9.9496],[125.2619,9.9612],[125.2614,9.9504],[125.2524,9.9448]]]},"type":"Feature","id":"4288260efa","properties":{"flclr":"#000000","name":"Santa Cruz","level_id":"reg","layer_val":"0","parent_id":"0","gjsonid":"9"}},{"geometry":{"type":"Polygon","coordinates":[[[125.2217,9.9713],[125.2415,9.9782],[125.2510,9.9861],[125.2525,9.9836],[125.2330,9.9646],[125.2233,9.9628],[125.2217,9.9713]]]},"type":"Feature","id":"fd7a9ea30f","properties":{"flclr":"#000000","name":"Son-ok II","level_id":"reg","layer_val":"0","parent_id":"0","gjsonid":"9"}},{"geometry":{"type":"Polygon","coordinates":[[[125.2503,10.2819],[125.2597,10.2741],[125.2392,10.2793],[125.2395,10.2897],[125.2503,10.2819]]]},"type":"Feature","id":"f9fda8934d","properties":{"flclr":"#000000","name":"Tagup-on","level_id":"reg","layer_val":"0","parent_id":"0","gjsonid":"9"}},{"geometry":{"type":"Polygon","coordinates":[[[125.2233,10.2758],[125.2532,10.2595],[125.2537,10.2591],[125.2485,10.2549],[125.2208,10.2734],[125.2233,10.2758]]]},"type":"Feature","id":"b1ee326d14","properties":{"flclr":"#000000","name":"Amagusan","level_id":"reg","layer_val":"0","parent_id":"0","gjsonid":"9"}},{"geometry":{"type":"Polygon","coordinates":[[[125.2317,10.2780],[125.2525,10.2736],[125.2508,10.2686],[125.2397,10.2695],[125.2267,10.2771],[125.2317,10.2780]]]},"type":"Feature","id":"a376cc5bc3","properties":{"flclr":"#000000","name":"Calintaan","level_id":"reg","layer_val":"0","parent_id":"0","gjsonid":"9"}},{"geometry":{"type":"Polygon","coordinates":[[[125.2549,10.2923],[125.2437,10.2926],[125.2325,10.2985],[125.2557,10.2995],[125.2549,10.2923]]]},"type":"Feature","id":"5f2645c8b5","properties":{"flclr":"#000000","name":"Mainit","level_id":"reg","layer_val":"0","parent_id":"0","gjsonid":"9"}},{"geometry":{"type":"Polygon","coordinates":[[[125.2325,10.2985],[125.2512,10.2911],[125.2503,10.2819],[125.2395,10.2897],[125.2269,10.2860],[125.1989,10.2899],[125.2022,10.3050],[125.2325,10.2985]]]},"type":"Feature","id":"2ab22a0d2f","properties":{"flclr":"#000000","name":"Capacuhan","level_id":"reg","layer_val":"0","parent_id":"0","gjsonid":"9"}},{"geometry":{"type":"Polygon","coordinates":[[[125.2045,10.3153],[125.2055,10.3213],[125.2222,10.3197],[125.2512,10.3048],[125.2514,10.2995],[125.2325,10.2985],[125.2022,10.3050],[125.2045,10.3153]]]},"type":"Feature","id":"b55957695c","properties":{"flclr":"#000000","name":"Manigawong","level_id":"reg","layer_val":"0","parent_id":"0","gjsonid":"9"}},{"geometry":{"type":"Polygon","coordinates":[[[125.2657,10.3177],[125.2667,10.3060],[125.2435,10.3081],[125.2468,10.3131],[125.2657,10.3177]]]},"type":"Feature","id":"b48a0e90b4","properties":{"flclr":"#000000","name":"Cat-iwing","level_id":"reg","layer_val":"0","parent_id":"0","gjsonid":"9"}},{"geometry":{"type":"Polygon","coordinates":[[[125.2526,10.3552],[125.2421,10.3538],[125.2456,10.3655],[125.2514,10.3612],[125.2526,10.3552]]]},"type":"Feature","id":"1a6638de53","properties":{"flclr":"#000000","name":"Lungsodaan","level_id":"reg","layer_val":"0","parent_id":"0","gjsonid":"9"}},{"geometry":{"type":"Polygon","coordinates":[[[125.2188,10.3526],[125.2349,10.3551],[125.2467,10.3500],[125.2403,10.3396],[125.2333,10.3402],[125.2225,10.3422],[125.2154,10.3522],[125.2188,10.3526]]]},"type":"Feature","id":"25dcfb0194","properties":{"flclr":"#000000","name":"Navalita","level_id":"reg","layer_val":"0","parent_id":"0","gjsonid":"9"}},{"geometry":{"type":"Polygon","coordinates":[[[125.2154,10.3522],[125.2225,10.3422],[125.2333,10.3402],[125.2251,10.3178],[125.2055,10.3213],[125.2154,10.3522]]]},"type":"Feature","id":"64023f698a","properties":{"flclr":"#000000","name":"Cabulisan","level_id":"reg","layer_val":"0","parent_id":"0","gjsonid":"9"}},{"geometry":{"type":"Polygon","coordinates":[[[125.2338,10.0806],[125.2393,10.0641],[125.2185,10.0504],[125.2125,10.0558],[125.2247,10.0680],[125.2244,10.0789],[125.2338,10.0806]]]},"type":"Feature","id":"61728cb448","properties":{"flclr":"#000000","name":"Bahay","level_id":"reg","layer_val":"0","parent_id":"0","gjsonid":"9"}},{"geometry":{"type":"Polygon","coordinates":[[[125.2001,10.1283],[125.2106,10.1283],[125.2010,10.1163],[125.2047,10.1038],[125.1814,10.0832],[125.1733,10.0912],[125.1867,10.1111],[125.1958,10.1173],[125.2001,10.1283]]]},"type":"Feature","id":"2780afde12","properties":{"flclr":"#000000","name":"Caligangan","level_id":"reg","layer_val":"0","parent_id":"0","gjsonid":"9"}},{"geometry":{"type":"Polygon","coordinates":[[[125.1500,10.1345],[125.1544,10.1408],[125.1604,10.1368],[125.1545,10.1257],[125.1493,10.1246],[125.1500,10.1345]]]},"type":"Feature","id":"766d9358a0","properties":{"flclr":"#000000","name":"Candayuman","level_id":"reg","layer_val":"0","parent_id":"0","gjsonid":"9"}},{"geometry":{"type":"Polygon","coordinates":[[[125.1626,10.0998],[125.1672,10.0951],[125.1472,10.0798],[125.1370,10.0770],[125.1353,10.0799],[125.1626,10.0998]]]},"type":"Feature","id":"a66ac254af","properties":{"flclr":"#000000","name":"Bongbong","level_id":"reg","layer_val":"0","parent_id":"0","gjsonid":"9"}},{"geometry":{"type":"Polygon","coordinates":[[[125.1651,10.0992],[125.1563,10.1071],[125.1597,10.1155],[125.1773,10.1294],[125.1761,10.1343],[125.1842,10.1345],[125.1880,10.1307],[125.1838,10.1175],[125.1651,10.0992]]]},"type":"Feature","id":"8446a9028d","properties":{"flclr":"#000000","name":"Estela","level_id":"reg","layer_val":"0","parent_id":"0","gjsonid":"9"}},{"geometry":{"type":"Polygon","coordinates":[[[125.1563,10.1071],[125.1434,10.1172],[125.1545,10.1257],[125.1592,10.1357],[125.1788,10.1322],[125.1597,10.1155],[125.1563,10.1071]]]},"type":"Feature","id":"4071ae1180","properties":{"flclr":"#000000","name":"Guintoylan","level_id":"reg","layer_val":"0","parent_id":"0","gjsonid":"9"}},{"geometry":{"type":"Polygon","coordinates":[[[125.2376,10.3195],[125.2484,10.3162],[125.2435,10.3081],[125.2323,10.3134],[125.2376,10.3195]]]},"type":"Feature","id":"c6b7ca3f38","properties":{"flclr":"#000000","name":"Plaridel","level_id":"reg","layer_val":"0","parent_id":"0","gjsonid":"9"}},{"geometry":{"type":"Polygon","coordinates":[[[125.1992,10.0680],[125.1875,10.0796],[125.2018,10.0895],[125.2113,10.1006],[125.2079,10.1069],[125.2178,10.1127],[125.2223,10.0995],[125.2193,10.0945],[125.2140,10.0950],[125.2131,10.0833],[125.2055,10.0798],[125.1992,10.0680]]]},"type":"Feature","id":"29b12d8442","properties":{"flclr":"#000000","name":"Malangsa","level_id":"reg","layer_val":"0","parent_id":"0","gjsonid":"9"}},{"geometry":{"type":"Polygon","coordinates":[[[125.2125,10.0558],[125.1992,10.0680],[125.2055,10.0798],[125.2131,10.0833],[125.2140,10.0950],[125.2193,10.0945],[125.2219,10.0996],[125.2338,10.0806],[125.2244,10.0789],[125.2247,10.0680],[125.2125,10.0558]]]},"type":"Feature","id":"34333ba370","properties":{"flclr":"#000000","name":"Pres. Quezon (Maugoc)","level_id":"reg","layer_val":"0","parent_id":"0","gjsonid":"9"}},{"geometry":{"type":"Polygon","coordinates":[[[125.2152,10.3724],[125.2182,10.3681],[125.2016,10.3406],[125.1935,10.3433],[125.2056,10.3644],[125.2152,10.3724]]]},"type":"Feature","id":"ca267058cc","properties":{"flclr":"#000000","name":"Otama","level_id":"reg","layer_val":"0","parent_id":"0","gjsonid":"9"}},{"geometry":{"type":"Polygon","coordinates":[[[125.1733,10.0912],[125.1651,10.0992],[125.1666,10.1033],[125.1838,10.1175],[125.1877,10.1306],[125.1973,10.1293],[125.1895,10.1116],[125.1733,10.0912]]]},"type":"Feature","id":"14cd540a45","properties":{"flclr":"#000000","name":"Pandan","level_id":"reg","layer_val":"0","parent_id":"0","gjsonid":"9"}},{"geometry":{"type":"Polygon","coordinates":[[[125.1818,10.4061],[125.1868,10.3929],[125.1672,10.3838],[125.1580,10.3989],[125.1818,10.4061]]]},"type":"Feature","id":"125ab429cc","properties":{"flclr":"#000000","name":"Palongpong","level_id":"reg","layer_val":"0","parent_id":"0","gjsonid":"9"}},{"geometry":{"type":"Polygon","coordinates":[[[125.1963,10.3911],[125.2028,10.3926],[125.2017,10.3855],[125.1958,10.3825],[125.1963,10.3911]]]},"type":"Feature","id":"3b71cedcb5","properties":{"flclr":"#000000","name":"Panalaron","level_id":"reg","layer_val":"0","parent_id":"0","gjsonid":"9"}},{"geometry":{"type":"Polygon","coordinates":[[[125.1875,10.0796],[125.1814,10.0832],[125.1876,10.0922],[125.1960,10.0950],[125.1948,10.0983],[125.2020,10.0991],[125.2057,10.1071],[125.2010,10.1163],[125.2123,10.1283],[125.2178,10.1127],[125.2079,10.1069],[125.2113,10.1006],[125.2018,10.0895],[125.1875,10.0796]]]},"type":"Feature","id":"cfa4d5a3c9","properties":{"flclr":"#000000","name":"Catig","level_id":"reg","layer_val":"0","parent_id":"0","gjsonid":"9"}},{"geometry":{"type":"Polygon","coordinates":[[[125.1907,10.1158],[125.1970,10.1290],[125.2001,10.1283],[125.1925,10.1128],[125.1907,10.1158]]]},"type":"Feature","id":"9acfb19c39","properties":{"flclr":"#000000","name":"Catig","level_id":"reg","layer_val":"0","parent_id":"0","gjsonid":"9"}},{"geometry":{"type":"Polygon","coordinates":[[[125.2513,10.3513],[125.2552,10.3525],[125.2579,10.3487],[125.2533,10.3453],[125.2513,10.3513]]]},"type":"Feature","id":"6f9707bb19","properties":{"flclr":"#000000","name":"District II (Pob.)","level_id":"reg","layer_val":"0","parent_id":"0","gjsonid":"9"}},{"geometry":{"type":"Polygon","coordinates":[[[125.2513,10.3513],[125.2533,10.3453],[125.2510,10.3432],[125.2449,10.3537],[125.2513,10.3513]]]},"type":"Feature","id":"844947352a","properties":{"flclr":"#000000","name":"District III (Pob.)","level_id":"reg","layer_val":"0","parent_id":"0","gjsonid":"9"}},{"geometry":{"type":"Polygon","coordinates":[[[125.2579,10.3487],[125.2650,10.3290],[125.2558,10.3275],[125.2517,10.3313],[125.2510,10.3432],[125.2579,10.3487]]]},"type":"Feature","id":"38d71f977e","properties":{"flclr":"#000000","name":"Ambao","level_id":"reg","layer_val":"0","parent_id":"0","gjsonid":"9"}},{"geometry":{"type":"Polygon","coordinates":[[[125.2517,10.3313],[125.2558,10.3275],[125.2484,10.3162],[125.2376,10.3195],[125.2416,10.3210],[125.2433,10.3304],[125.2517,10.3313]]]},"type":"Feature","id":"59a9070590","properties":{"flclr":"#000000","name":"Amaga","level_id":"reg","layer_val":"0","parent_id":"0","gjsonid":"9"}},{"geometry":{"type":"Polygon","coordinates":[[[125.2215,10.3815],[125.2363,10.3958],[125.2535,10.3760],[125.2456,10.3655],[125.2367,10.3683],[125.2264,10.3652],[125.2210,10.3683],[125.2215,10.3815]]]},"type":"Feature","id":"ad6c3a8604","properties":{"flclr":"#000000","name":"An-an","level_id":"reg","layer_val":"0","parent_id":"0","gjsonid":"9"}},{"geometry":{"type":"Polygon","coordinates":[[[125.2510,10.3432],[125.2517,10.3313],[125.2433,10.3304],[125.2403,10.3396],[125.2464,10.3485],[125.2510,10.3432]]]},"type":"Feature","id":"e724f3c5c8","properties":{"flclr":"#000000","name":"Biasong","level_id":"reg","layer_val":"0","parent_id":"0","gjsonid":"9"}},{"geometry":{"type":"Polygon","coordinates":[[[125.2228,10.3669],[125.2320,10.3671],[125.2349,10.3551],[125.2188,10.3526],[125.2228,10.3669]]]},"type":"Feature","id":"a7ce14d5fd","properties":{"flclr":"#000000","name":"Bugho","level_id":"reg","layer_val":"0","parent_id":"0","gjsonid":"9"}},{"geometry":{"type":"Polygon","coordinates":[[[125.2349,10.3551],[125.2320,10.3671],[125.2456,10.3655],[125.2421,10.3538],[125.2349,10.3551]]]},"type":"Feature","id":"0b7b4e6ff8","properties":{"flclr":"#000000","name":"Baculod","level_id":"reg","layer_val":"0","parent_id":"0","gjsonid":"9"}},{"geometry":{"type":"Polygon","coordinates":[[[125.2538,10.3565],[125.2552,10.3525],[125.2513,10.3513],[125.2502,10.3542],[125.2538,10.3565]]]},"type":"Feature","id":"a103938469","properties":{"flclr":"#000000","name":"District I (Pob.)","level_id":"reg","layer_val":"0","parent_id":"0","gjsonid":"9"}},{"geometry":{"type":"Polygon","coordinates":[[[125.2403,10.3396],[125.2439,10.3268],[125.2323,10.3134],[125.2251,10.3178],[125.2281,10.3306],[125.2333,10.3402],[125.2403,10.3396]]]},"type":"Feature","id":"2e840f15fc","properties":{"flclr":"#000000","name":"Hubasan","level_id":"reg","layer_val":"0","parent_id":"0","gjsonid":"9"}},{"geometry":{"type":"Polygon","coordinates":[[[125.2535,10.3760],[125.2607,10.3648],[125.2526,10.3552],[125.2456,10.3655],[125.2535,10.3760]]]},"type":"Feature","id":"b437ade454","properties":{"flclr":"#000000","name":"Sabang","level_id":"reg","layer_val":"0","parent_id":"0","gjsonid":"9"}},{"geometry":{"type":"Polygon","coordinates":[[[125.2484,10.3162],[125.2558,10.3275],[125.2650,10.3290],[125.2657,10.3177],[125.2468,10.3131],[125.2484,10.3162]]]},"type":"Feature","id":"a590e4ea28","properties":{"flclr":"#000000","name":"Sagbok","level_id":"reg","layer_val":"0","parent_id":"0","gjsonid":"9"}},{"geometry":{"type":"Polygon","coordinates":[[[125.1976,10.4039],[125.1995,10.4001],[125.1889,10.3969],[125.1855,10.4038],[125.1976,10.4039]]]},"type":"Feature","id":"9532cde0f3","properties":{"flclr":"#000000","name":"Bangcas A","level_id":"reg","layer_val":"0","parent_id":"0","gjsonid":"9"}},{"geometry":{"type":"Polygon","coordinates":[[[125.1855,10.4038],[125.1889,10.3969],[125.1856,10.3955],[125.1818,10.4061],[125.1855,10.4038]]]},"type":"Feature","id":"9e8857b5e7","properties":{"flclr":"#000000","name":"Ambacon","level_id":"reg","layer_val":"0","parent_id":"0","gjsonid":"9"}},{"geometry":{"type":"Polygon","coordinates":[[[125.1948,10.4096],[125.1976,10.4039],[125.1855,10.4038],[125.1843,10.4066],[125.1948,10.4096]]]},"type":"Feature","id":"5f9e5c1029","properties":{"flclr":"#000000","name":"Bangcas B","level_id":"reg","layer_val":"0","parent_id":"0","gjsonid":"9"}},{"geometry":{"type":"Polygon","coordinates":[[[125.1846,10.3773],[125.1944,10.3620],[125.1903,10.3559],[125.1777,10.3740],[125.1846,10.3773]]]},"type":"Feature","id":"b5acee273d","properties":{"flclr":"#000000","name":"Patong","level_id":"reg","layer_val":"0","parent_id":"0","gjsonid":"9"}},{"geometry":{"type":"Polygon","coordinates":[[[125.1997,10.4003],[125.2029,10.3967],[125.2007,10.3942],[125.1974,10.3986],[125.1997,10.4003]]]},"type":"Feature","id":"725742fe4d","properties":{"flclr":"#000000","name":"Poblacion","level_id":"reg","layer_val":"0","parent_id":"0","gjsonid":"9"}},{"geometry":{"type":"Polygon","coordinates":[[[125.1800,10.4284],[125.1865,10.4194],[125.1685,10.4142],[125.1646,10.4281],[125.1697,10.4253],[125.1800,10.4284]]]},"type":"Feature","id":"c75a29a972","properties":{"flclr":"#000000","name":"Pondol","level_id":"reg","layer_val":"0","parent_id":"0","gjsonid":"9"}},{"geometry":{"type":"Polygon","coordinates":[[[125.2007,10.3942],[125.2007,10.3951],[125.2029,10.3967],[125.2028,10.3926],[125.2007,10.3942]]]},"type":"Feature","id":"71ea9dda1f","properties":{"flclr":"#000000","name":"Salog","level_id":"reg","layer_val":"0","parent_id":"0","gjsonid":"9"}},{"geometry":{"type":"Polygon","coordinates":[[[125.2175,10.3835],[125.2217,10.3820],[125.2182,10.3681],[125.2127,10.3774],[125.2175,10.3835]]]},"type":"Feature","id":"6b9d6c6d4a","properties":{"flclr":"#000000","name":"Biasong","level_id":"reg","layer_val":"0","parent_id":"0","gjsonid":"9"}},{"geometry":{"type":"Polygon","coordinates":[[[125.2182,10.3681],[125.2204,10.3711],[125.2228,10.3669],[125.2114,10.3370],[125.2016,10.3406],[125.2182,10.3681]]]},"type":"Feature","id":"954fcd56c8","properties":{"flclr":"#000000","name":"Bugho","level_id":"reg","layer_val":"0","parent_id":"0","gjsonid":"9"}},{"geometry":{"type":"Polygon","coordinates":[[[125.1798,10.4368],[125.1800,10.4284],[125.1684,10.4255],[125.1525,10.4414],[125.1798,10.4368]]]},"type":"Feature","id":"c081e2656d","properties":{"flclr":"#000000","name":"Calag-itan","level_id":"reg","layer_val":"0","parent_id":"0","gjsonid":"9"}},{"geometry":{"type":"Polygon","coordinates":[[[125.1889,10.3969],[125.1920,10.3975],[125.1963,10.3911],[125.1898,10.3879],[125.1856,10.3955],[125.1889,10.3969]]]},"type":"Feature","id":"10c2ddfa36","properties":{"flclr":"#000000","name":"Calayugan","level_id":"reg","layer_val":"0","parent_id":"0","gjsonid":"9"}},{"geometry":{"type":"Polygon","coordinates":[[[125.1859,10.4193],[125.1928,10.4138],[125.1852,10.4105],[125.1793,10.4180],[125.1859,10.4193]]]},"type":"Feature","id":"6abe2e0e8c","properties":{"flclr":"#000000","name":"Canipaan","level_id":"reg","layer_val":"0","parent_id":"0","gjsonid":"9"}},{"geometry":{"type":"Polygon","coordinates":[[[125.2016,10.3406],[125.2114,10.3370],[125.2045,10.3153],[125.1481,10.3329],[125.1660,10.3545],[125.2016,10.3406]]]},"type":"Feature","id":"e6cec02333","properties":{"flclr":"#000000","name":"Ilaya","level_id":"reg","layer_val":"0","parent_id":"0","gjsonid":"9"}},{"geometry":{"type":"Polygon","coordinates":[[[125.1814,10.3906],[125.1866,10.3819],[125.1829,10.3738],[125.1764,10.3715],[125.1672,10.3838],[125.1814,10.3906]]]},"type":"Feature","id":"da0cd830d3","properties":{"flclr":"#000000","name":"Catublian","level_id":"reg","layer_val":"0","parent_id":"0","gjsonid":"9"}},{"geometry":{"type":"Polygon","coordinates":[[[125.1872,10.4595],[125.1854,10.4389],[125.1455,10.4427],[125.1703,10.4607],[125.1745,10.4579],[125.1821,10.4633],[125.1872,10.4595]]]},"type":"Feature","id":"4eb786e1b4","properties":{"flclr":"#000000","name":"Ingan","level_id":"reg","layer_val":"0","parent_id":"0","gjsonid":"9"}},{"geometry":{"type":"Polygon","coordinates":[[[125.1963,10.3911],[125.1920,10.3975],[125.1974,10.3986],[125.2006,10.3943],[125.1963,10.3911]]]},"type":"Feature","id":"2cf323f0ee","properties":{"flclr":"#000000","name":"Labrador","level_id":"reg","layer_val":"0","parent_id":"0","gjsonid":"9"}},{"geometry":{"type":"Polygon","coordinates":[[[125.1210,10.3782],[125.1284,10.3774],[125.1390,10.4055],[125.1580,10.3989],[125.1615,10.3913],[125.1417,10.3658],[125.1322,10.3600],[125.1206,10.3659],[125.1210,10.3782]]]},"type":"Feature","id":"9929d345b2","properties":{"flclr":"#000000","name":"Lumbog","level_id":"reg","layer_val":"0","parent_id":"0","gjsonid":"9"}},{"geometry":{"type":"Polygon","coordinates":[[[125.1478,10.3736],[125.1615,10.3913],[125.1764,10.3715],[125.1709,10.3633],[125.1645,10.3720],[125.1478,10.3736]]]},"type":"Feature","id":"d138d914c3","properties":{"flclr":"#000000","name":"Nueva Esperanza","level_id":"reg","layer_val":"0","parent_id":"0","gjsonid":"9"}},{"geometry":{"type":"Polygon","coordinates":[[[125.1986,10.3764],[125.1958,10.3825],[125.2025,10.3897],[125.2088,10.3832],[125.1986,10.3764]]]},"type":"Feature","id":"312e5eda79","properties":{"flclr":"#000000","name":"Badiangon","level_id":"reg","layer_val":"0","parent_id":"0","gjsonid":"9"}},{"geometry":{"type":"Polygon","coordinates":[[[125.1958,10.3825],[125.2028,10.3687],[125.1944,10.3620],[125.1846,10.3773],[125.1856,10.3816],[125.1958,10.3825]]]},"type":"Feature","id":"3eeef87ebd","properties":{"flclr":"#000000","name":"Manalog","level_id":"reg","layer_val":"0","parent_id":"0","gjsonid":"9"}},{"geometry":{"type":"Polygon","coordinates":[[[125.1456,10.3305],[125.1312,10.3335],[125.1305,10.3530],[125.1575,10.3416],[125.1456,10.3305]]]},"type":"Feature","id":"d5061475db","properties":{"flclr":"#000000","name":"Manlico","level_id":"reg","layer_val":"0","parent_id":"0","gjsonid":"9"}},{"geometry":{"type":"Polygon","coordinates":[[[125.1525,10.4414],[125.1646,10.4281],[125.1685,10.4142],[125.1788,10.4055],[125.1580,10.3989],[125.1390,10.4055],[125.1525,10.4414]]]},"type":"Feature","id":"f011a0de6e","properties":{"flclr":"#000000","name":"Matin-ao","level_id":"reg","layer_val":"0","parent_id":"0","gjsonid":"9"}},{"geometry":{"type":"Polygon","coordinates":[[[125.1481,10.3329],[125.2045,10.3153],[125.1978,10.2851],[125.1536,10.3091],[125.1456,10.3305],[125.1481,10.3329]]]},"type":"Feature","id":"9c92f19725","properties":{"flclr":"#000000","name":"Nava","level_id":"reg","layer_val":"0","parent_id":"0","gjsonid":"9"}},{"geometry":{"type":"Polygon","coordinates":[[[125.1903,10.3559],[125.1944,10.3620],[125.2127,10.3772],[125.2139,10.3770],[125.2152,10.3724],[125.2056,10.3644],[125.1935,10.3433],[125.1844,10.3470],[125.1903,10.3559]]]},"type":"Feature","id":"f6aa9a22cf","properties":{"flclr":"#000000","name":"Salvacion","level_id":"reg","layer_val":"0","parent_id":"0","gjsonid":"9"}},{"geometry":{"type":"Polygon","coordinates":[[[125.2127,10.3772],[125.2028,10.3687],[125.1986,10.3764],[125.2088,10.3832],[125.2127,10.3772]]]},"type":"Feature","id":"a0d1e0174d","properties":{"flclr":"#000000","name":"Santo Ni\u00f1o I","level_id":"reg","layer_val":"0","parent_id":"0","gjsonid":"9"}},{"geometry":{"type":"Polygon","coordinates":[[[125.1478,10.3736],[125.1645,10.3720],[125.1706,10.3634],[125.1660,10.3545],[125.1417,10.3658],[125.1478,10.3736]]]},"type":"Feature","id":"768e6e5dd6","properties":{"flclr":"#000000","name":"Santo Ni\u00f1o II","level_id":"reg","layer_val":"0","parent_id":"0","gjsonid":"9"}},{"geometry":{"type":"Polygon","coordinates":[[[125.2025,10.3899],[125.2046,10.3952],[125.2174,10.3809],[125.2127,10.3799],[125.2025,10.3899]]]},"type":"Feature","id":"7cd4651192","properties":{"flclr":"#000000","name":"Tahusan","level_id":"reg","layer_val":"0","parent_id":"0","gjsonid":"9"}},{"geometry":{"type":"Polygon","coordinates":[[[125.1928,10.4138],[125.1948,10.4096],[125.1862,10.4071],[125.1852,10.4105],[125.1928,10.4138]]]},"type":"Feature","id":"565b11ff0a","properties":{"flclr":"#000000","name":"Talisay","level_id":"reg","layer_val":"0","parent_id":"0","gjsonid":"9"}},{"geometry":{"type":"Polygon","coordinates":[[[125.1793,10.4180],[125.1852,10.4105],[125.1862,10.4071],[125.1788,10.4055],[125.1732,10.4133],[125.1793,10.4180]]]},"type":"Feature","id":"eefcf938dd","properties":{"flclr":"#000000","name":"Tawog","level_id":"reg","layer_val":"0","parent_id":"0","gjsonid":"9"}},{"geometry":{"type":"Polygon","coordinates":[[[125.1963,10.3911],[125.1958,10.3825],[125.1915,10.3838],[125.1898,10.3879],[125.1963,10.3911]]]},"type":"Feature","id":"e254e14ee1","properties":{"flclr":"#000000","name":"Toptop","level_id":"reg","layer_val":"0","parent_id":"0","gjsonid":"9"}},{"geometry":{"type":"Polygon","coordinates":[[[125.1706,10.3634],[125.1777,10.3740],[125.1903,10.3559],[125.1844,10.3470],[125.1660,10.3545],[125.1706,10.3634]]]},"type":"Feature","id":"8f7a10e836","properties":{"flclr":"#000000","name":"Tuburan","level_id":"reg","layer_val":"0","parent_id":"0","gjsonid":"9"}},{"geometry":{"type":"Polygon","coordinates":[[[125.1868,10.3929],[125.1915,10.3838],[125.1866,10.3819],[125.1814,10.3906],[125.1868,10.3929]]]},"type":"Feature","id":"90987e7bfb","properties":{"flclr":"#000000","name":"Union","level_id":"reg","layer_val":"0","parent_id":"0","gjsonid":"9"}},{"geometry":{"type":"Polygon","coordinates":[[[125.2485,10.2549],[125.2363,10.2518],[125.2338,10.2665],[125.2471,10.2561],[125.2485,10.2549]]]},"type":"Feature","id":"bc42860989","properties":{"flclr":"#000000","name":"Cogon","level_id":"reg","layer_val":"0","parent_id":"0","gjsonid":"9"}},{"geometry":{"type":"Polygon","coordinates":[[[125.2571,10.2661],[125.2537,10.2591],[125.2233,10.2758],[125.2267,10.2771],[125.2397,10.2695],[125.2571,10.2661]]]},"type":"Feature","id":"5073a5b9b8","properties":{"flclr":"#000000","name":"Canlabian","level_id":"reg","layer_val":"0","parent_id":"0","gjsonid":"9"}},{"geometry":{"type":"Polygon","coordinates":[[[125.2591,10.2710],[125.2571,10.2661],[125.2508,10.2686],[125.2525,10.2736],[125.2591,10.2710]]]},"type":"Feature","id":"f34380ed5a","properties":{"flclr":"#000000","name":"San Vicente","level_id":"reg","layer_val":"0","parent_id":"0","gjsonid":"9"}},{"geometry":{"type":"Polygon","coordinates":[[[125.2597,10.2741],[125.2591,10.2710],[125.2317,10.2780],[125.2455,10.2795],[125.2597,10.2741]]]},"type":"Feature","id":"7a1a630e68","properties":{"flclr":"#000000","name":"Poblacion","level_id":"reg","layer_val":"0","parent_id":"0","gjsonid":"9"}},{"geometry":{"type":"Polygon","coordinates":[[[125.2392,10.2793],[125.2208,10.2734],[125.1978,10.2851],[125.1989,10.2899],[125.2269,10.2860],[125.2395,10.2897],[125.2392,10.2793]]]},"type":"Feature","id":"7d52ad75ce","properties":{"flclr":"#000000","name":"Kagingkingan","level_id":"reg","layer_val":"0","parent_id":"0","gjsonid":"9"}},{"geometry":{"type":"Polygon","coordinates":[[[125.2636,10.2862],[125.2600,10.2771],[125.2503,10.2819],[125.2532,10.2918],[125.2636,10.2862]]]},"type":"Feature","id":"172e90fc9c","properties":{"flclr":"#000000","name":"Lo-ok","level_id":"reg","layer_val":"0","parent_id":"0","gjsonid":"9"}},{"geometry":{"type":"Polygon","coordinates":[[[125.2666,10.2955],[125.2636,10.2862],[125.2549,10.2923],[125.2557,10.2995],[125.2666,10.2955]]]},"type":"Feature","id":"3cce5b9b04","properties":{"flclr":"#000000","name":"Lewing","level_id":"reg","layer_val":"0","parent_id":"0","gjsonid":"9"}},{"geometry":{"type":"Polygon","coordinates":[[[125.2512,10.3048],[125.2667,10.3060],[125.2666,10.2955],[125.2514,10.2995],[125.2512,10.3048]]]},"type":"Feature","id":"47f52b43c5","properties":{"flclr":"#000000","name":"Mahalo","level_id":"reg","layer_val":"0","parent_id":"0","gjsonid":"9"}},{"geometry":{"type":"Polygon","coordinates":[[[125.7178,9.7879],[125.7305,9.7896],[125.7322,9.7834],[125.7408,9.7817],[125.7234,9.7641],[125.7268,9.7554],[125.7206,9.7552],[125.7151,9.7658],[125.7108,9.7663],[125.7119,9.7615],[125.7007,9.7647],[125.7024,9.7770],[125.6986,9.7790],[125.6962,9.7927],[125.6985,9.7968],[125.7021,9.7912],[125.7100,9.7919],[125.7155,9.8010],[125.7105,9.8107],[125.7144,9.8131],[125.7221,9.8070],[125.7163,9.7992],[125.7178,9.7879]]]},"type":"Feature","id":"dfe463688d","properties":{"flclr":"#000000","name":"San Jose","level_id":"reg","layer_val":"0","parent_id":"0","gjsonid":"14"}},{"geometry":{"type":"Polygon","coordinates":[[[125.5352,9.9807],[125.5356,9.9896],[125.5534,9.9757],[125.5592,9.9623],[125.5533,9.9613],[125.5510,9.9716],[125.5407,9.9729],[125.5352,9.9807]]]},"type":"Feature","id":"43b4c9808b","properties":{"flclr":"#000000","name":"Cabayawan","level_id":"reg","layer_val":"0","parent_id":"0","gjsonid":"14"}},{"geometry":{"type":"Polygon","coordinates":[[[125.5005,10.2002],[125.4982,10.2076],[125.5130,10.2101],[125.5221,10.1977],[125.5005,10.2002]]]},"type":"Feature","id":"40f42f9d9b","properties":{"flclr":"#000000","name":"Quezon","level_id":"reg","layer_val":"0","parent_id":"0","gjsonid":"14"}},{"geometry":{"type":"Polygon","coordinates":[[[125.5901,9.9607],[125.5900,9.9626],[125.5925,9.9624],[125.5920,9.9618],[125.5901,9.9607]]]},"type":"Feature","id":"b85fe9e841","properties":{"flclr":"#000000","name":"Mauswagon (Pob.)","level_id":"reg","layer_val":"0","parent_id":"0","gjsonid":"14"}},{"geometry":{"type":"Polygon","coordinates":[[[125.5816,9.8001],[125.5855,9.8021],[125.5886,9.7991],[125.5836,9.7968],[125.5816,9.8001]]]},"type":"Feature","id":"c638201bfc","properties":{"flclr":"#000000","name":"Talisay","level_id":"reg","layer_val":"0","parent_id":"0","gjsonid":"14"}},{"geometry":{"type":"Polygon","coordinates":[[[125.6496,9.7942],[125.6538,9.7965],[125.6549,9.7923],[125.6517,9.7920],[125.6496,9.7942]]]},"type":"Feature","id":"cbb40755be","properties":{"flclr":"#000000","name":"Sugbay","level_id":"reg","layer_val":"0","parent_id":"0","gjsonid":"14"}},{"geometry":{"type":"Polygon","coordinates":[[[125.4416,9.9148],[125.4476,9.9149],[125.4508,9.9080],[125.4433,9.9123],[125.4416,9.9148]]]},"type":"Feature","id":"58fc1688d7","properties":{"flclr":"#000000","name":"Danawan","level_id":"reg","layer_val":"0","parent_id":"0","gjsonid":"14"}},{"geometry":{"type":"Polygon","coordinates":[[[125.4922,9.9245],[125.4957,9.9296],[125.5014,9.9263],[125.4963,9.9206],[125.4922,9.9245]],[[125.4983,9.9254],[125.4989,9.9253],[125.4992,9.9263],[125.4989,9.9263],[125.4983,9.9254]]]},"type":"Feature","id":"a2472d47cb","properties":{"flclr":"#000000","name":"Danawan","level_id":"reg","layer_val":"0","parent_id":"0","gjsonid":"14"}},{"geometry":{"type":"Polygon","coordinates":[[[125.5175,9.9812],[125.5204,9.9857],[125.5238,9.9835],[125.5237,9.9723],[125.5187,9.9737],[125.5175,9.9812]]]},"type":"Feature","id":"73c23e0518","properties":{"flclr":"#000000","name":"Catadman","level_id":"reg","layer_val":"0","parent_id":"0","gjsonid":"14"}},{"geometry":{"type":"Polygon","coordinates":[[[125.5863,10.3759],[125.5913,10.3807],[125.5903,10.3680],[125.5865,10.3728],[125.5863,10.3759]]]},"type":"Feature","id":"313c2909d0","properties":{"flclr":"#000000","name":"Santiago (Pob.)","level_id":"reg","layer_val":"0","parent_id":"0","gjsonid":"14"}},{"geometry":{"type":"Polygon","coordinates":[[[125.4916,10.2005],[125.4918,10.2005],[125.4925,10.2001],[125.4919,10.1999],[125.4916,10.2005]]]},"type":"Feature","id":"50fac1bbd4","properties":{"flclr":"#000000","name":"Quezon","level_id":"reg","layer_val":"0","parent_id":"0","gjsonid":"14"}},{"geometry":{"type":"Polygon","coordinates":[[[125.4927,10.2012],[125.4928,10.2007],[125.4926,10.2006],[125.4925,10.2010],[125.4927,10.2012]]]},"type":"Feature","id":"4d7e83e1e8","properties":{"flclr":"#000000","name":"Quezon","level_id":"reg","layer_val":"0","parent_id":"0","gjsonid":"14"}},{"geometry":{"type":"Polygon","coordinates":[[[125.4923,10.2022],[125.4925,10.2019],[125.4922,10.2017],[125.4921,10.2022],[125.4923,10.2022]]]},"type":"Feature","id":"d1882b60c4","properties":{"flclr":"#000000","name":"Quezon","level_id":"reg","layer_val":"0","parent_id":"0","gjsonid":"14"}},{"geometry":{"type":"Polygon","coordinates":[[[125.4965,10.1993],[125.4968,10.1988],[125.4966,10.1987],[125.4964,10.1989],[125.4965,10.1993]]]},"type":"Feature","id":"3cfdd80312","properties":{"flclr":"#000000","name":"Quezon","level_id":"reg","layer_val":"0","parent_id":"0","gjsonid":"14"}},{"geometry":{"type":"Polygon","coordinates":[[[125.4958,10.2002],[125.4958,10.2000],[125.4957,10.1999],[125.4955,10.2003],[125.4958,10.2002]]]},"type":"Feature","id":"976515cdac","properties":{"flclr":"#000000","name":"Quezon","level_id":"reg","layer_val":"0","parent_id":"0","gjsonid":"14"}},{"geometry":{"type":"Polygon","coordinates":[[[125.4958,10.2017],[125.4962,10.2019],[125.4957,10.2013],[125.4955,10.2015],[125.4958,10.2017]]]},"type":"Feature","id":"4db963df81","properties":{"flclr":"#000000","name":"Quezon","level_id":"reg","layer_val":"0","parent_id":"0","gjsonid":"14"}},{"geometry":{"type":"Polygon","coordinates":[[[125.4609,10.1708],[125.4628,10.1753],[125.4664,10.1741],[125.4642,10.1691],[125.4609,10.1708]]]},"type":"Feature","id":"3afe9d203a","properties":{"flclr":"#000000","name":"Kanihaan","level_id":"reg","layer_val":"0","parent_id":"0","gjsonid":"14"}},{"geometry":{"type":"Polygon","coordinates":[[[125.5431,9.9470],[125.5525,9.9495],[125.5550,9.9448],[125.5460,9.9432],[125.5431,9.9470]]]},"type":"Feature","id":"782c9d03f6","properties":{"flclr":"#000000","name":"Cab-ilan","level_id":"reg","layer_val":"0","parent_id":"0","gjsonid":"14"}},{"geometry":{"type":"Polygon","coordinates":[[[125.6267,9.9356],[125.6321,9.9366],[125.6349,9.9278],[125.6276,9.9306],[125.6267,9.9356]]]},"type":"Feature","id":"898c546e79","properties":{"flclr":"#000000","name":"Ma-atas","level_id":"reg","layer_val":"0","parent_id":"0","gjsonid":"14"}},{"geometry":{"type":"Polygon","coordinates":[[[125.6380,9.9234],[125.6443,9.9255],[125.6432,9.9177],[125.6392,9.9186],[125.6380,9.9234]]]},"type":"Feature","id":"7bf1714c20","properties":{"flclr":"#000000","name":"Cabunga-an","level_id":"reg","layer_val":"0","parent_id":"0","gjsonid":"14"}},{"geometry":{"type":"Polygon","coordinates":[[[125.5236,9.9977],[125.5249,9.9973],[125.5248,9.9935],[125.5236,9.9956],[125.5236,9.9977]]]},"type":"Feature","id":"b3f036df72","properties":{"flclr":"#000000","name":"Poblacion","level_id":"reg","layer_val":"0","parent_id":"0","gjsonid":"14"}},{"geometry":{"type":"Polygon","coordinates":[[[125.5144,10.0000],[125.5152,9.9997],[125.5152,9.9989],[125.5144,9.9994],[125.5144,10.0000]]]},"type":"Feature","id":"d302fe097c","properties":{"flclr":"#000000","name":"Poblacion","level_id":"reg","layer_val":"0","parent_id":"0","gjsonid":"14"}},{"geometry":{"type":"Polygon","coordinates":[[[125.4688,10.4400],[125.4731,10.4414],[125.4727,10.4358],[125.4703,10.4367],[125.4688,10.4400]]]},"type":"Feature","id":"3b3b772c69","properties":{"flclr":"#000000","name":"Magsaysay","level_id":"reg","layer_val":"0","parent_id":"0","gjsonid":"14"}},{"geometry":{"type":"Polygon","coordinates":[[[125.5681,10.4227],[125.5684,10.4219],[125.5684,10.4212],[125.5675,10.4220],[125.5681,10.4227]]]},"type":"Feature","id":"9af4350e06","properties":{"flclr":"#000000","name":"Esperanza","level_id":"reg","layer_val":"0","parent_id":"0","gjsonid":"14"}},{"geometry":{"type":"Polygon","coordinates":[[[125.5667,10.4294],[125.5677,10.4290],[125.5669,10.4277],[125.5664,10.4290],[125.5667,10.4294]]]},"type":"Feature","id":"362188d209","properties":{"flclr":"#000000","name":"Esperanza","level_id":"reg","layer_val":"0","parent_id":"0","gjsonid":"14"}},{"geometry":{"type":"Polygon","coordinates":[[[125.5813,10.0761],[125.5831,10.0753],[125.5831,10.0731],[125.5813,10.0737],[125.5813,10.0761]]]},"type":"Feature","id":"b162f510ff","properties":{"flclr":"#000000","name":"Ferdinand","level_id":"reg","layer_val":"0","parent_id":"0","gjsonid":"14"}},{"geometry":{"type":"Polygon","coordinates":[[[125.4748,10.1055],[125.4793,10.1051],[125.4830,10.1011],[125.4801,10.0979],[125.4826,10.0998],[125.4851,10.0949],[125.4819,10.0955],[125.4794,10.0981],[125.4798,10.1006],[125.4748,10.1055]]]},"type":"Feature","id":"63fb50fc55","properties":{"flclr":"#000000","name":"Puerto Princesa","level_id":"reg","layer_val":"0","parent_id":"0","gjsonid":"14"}},{"geometry":{"type":"Polygon","coordinates":[[[125.4830,10.0933],[125.4846,10.0941],[125.4859,10.0911],[125.4845,10.0915],[125.4830,10.0933]]]},"type":"Feature","id":"ade8effa6e","properties":{"flclr":"#000000","name":"Puerto Princesa","level_id":"reg","layer_val":"0","parent_id":"0","gjsonid":"14"}},{"geometry":{"type":"Polygon","coordinates":[[[125.2164,10.4328],[125.2230,10.4339],[125.2279,10.4286],[125.2205,10.4254],[125.2164,10.4328]]]},"type":"Feature","id":"774db4ea3e","properties":{"flclr":"#000000","name":"San Pablo Island","level_id":"reg","layer_val":"0","parent_id":"0","gjsonid":"9"}},{"geometry":{"type":"Polygon","coordinates":[[[125.2215,10.4636],[125.2223,10.4724],[125.2279,10.4732],[125.2242,10.4624],[125.2327,10.4453],[125.2215,10.4636]]]},"type":"Feature","id":"82cc0f183e","properties":{"flclr":"#000000","name":"San Pedro Island","level_id":"reg","layer_val":"0","parent_id":"0","gjsonid":"9"}},{"geometry":{"type":"Polygon","coordinates":[[[125.5116,9.9112],[125.5095,9.9118],[125.5144,9.9223],[125.5157,9.9110],[125.5116,9.9112]]]},"type":"Feature","id":"c3630ed0ac","properties":{"flclr":"#000000","name":"Catadman","level_id":"reg","layer_val":"0","parent_id":"0","gjsonid":"14"}},{"geometry":{"type":"Polygon","coordinates":[[[125.4510,9.8184],[125.4591,9.8104],[125.4565,9.7973],[125.4474,9.7972],[125.4458,9.8118],[125.4510,9.8184]]]},"type":"Feature","id":"ca6075fbe7","properties":{"flclr":"#000000","name":"Lipata","level_id":"reg","layer_val":"0","parent_id":"0","gjsonid":"14"}},{"geometry":{"type":"Polygon","coordinates":[[[125.4264,9.7853],[125.4386,9.7917],[125.4396,9.8049],[125.4472,9.8056],[125.4457,9.7651],[125.4342,9.7644],[125.4310,9.7747],[125.4266,9.7758],[125.4264,9.7853]]]},"type":"Feature","id":"769f058604","properties":{"flclr":"#000000","name":"Ipil","level_id":"reg","layer_val":"0","parent_id":"0","gjsonid":"14"}},{"geometry":{"type":"Polygon","coordinates":[[[125.4457,9.7651],[125.4474,9.7972],[125.4565,9.7973],[125.4687,9.7904],[125.4803,9.7745],[125.4613,9.7646],[125.4457,9.7651]]]},"type":"Feature","id":"e6c78e6f96","properties":{"flclr":"#000000","name":"Rizal","level_id":"reg","layer_val":"0","parent_id":"0","gjsonid":"14"}},{"geometry":{"type":"Polygon","coordinates":[[[125.4458,9.8118],[125.4472,9.8056],[125.4396,9.8049],[125.4373,9.8172],[125.4423,9.8178],[125.4458,9.8118]]]},"type":"Feature","id":"580c194f2c","properties":{"flclr":"#000000","name":"Mabua","level_id":"reg","layer_val":"0","parent_id":"0","gjsonid":"14"}},{"geometry":{"type":"Polygon","coordinates":[[[125.5157,9.9110],[125.5201,9.8978],[125.5176,9.8938],[125.5116,9.9112],[125.5157,9.9110]]]},"type":"Feature","id":"6cc9df4cdf","properties":{"flclr":"#000000","name":"Sidlakan","level_id":"reg","layer_val":"0","parent_id":"0","gjsonid":"14"}},{"geometry":{"type":"Polygon","coordinates":[[[125.6412,9.7941],[125.6345,9.7840],[125.6291,9.7840],[125.6362,9.7983],[125.6412,9.7941]]]},"type":"Feature","id":"147e6a22ff","properties":{"flclr":"#000000","name":"Bitaugan","level_id":"reg","layer_val":"0","parent_id":"0","gjsonid":"14"}},{"geometry":{"type":"Polygon","coordinates":[[[125.4593,9.8020],[125.4771,9.7986],[125.4808,9.7944],[125.4761,9.7839],[125.4565,9.7973],[125.4593,9.8020]]]},"type":"Feature","id":"ff8250d966","properties":{"flclr":"#000000","name":"Sabang","level_id":"reg","layer_val":"0","parent_id":"0","gjsonid":"14"}},{"geometry":{"type":"Polygon","coordinates":[[[125.4458,9.8118],[125.4423,9.8178],[125.4373,9.8172],[125.4355,9.8227],[125.4449,9.8237],[125.4510,9.8184],[125.4458,9.8118]]]},"type":"Feature","id":"66b983aad7","properties":{"flclr":"#000000","name":"Punta Bilar","level_id":"reg","layer_val":"0","parent_id":"0","gjsonid":"14"}},{"geometry":{"type":"Polygon","coordinates":[[[125.5201,9.8978],[125.5329,9.8891],[125.5325,9.8834],[125.5245,9.8796],[125.5176,9.8938],[125.5201,9.8978]]]},"type":"Feature","id":"2d13dcd891","properties":{"flclr":"#000000","name":"Alegria","level_id":"reg","layer_val":"0","parent_id":"0","gjsonid":"14"}},{"geometry":{"type":"Polygon","coordinates":[[[125.5176,9.8938],[125.5212,9.8883],[125.5101,9.8876],[125.5133,9.8970],[125.5176,9.8938]]]},"type":"Feature","id":"b779150bff","properties":{"flclr":"#000000","name":"Libuac","level_id":"reg","layer_val":"0","parent_id":"0","gjsonid":"14"}},{"geometry":{"type":"Polygon","coordinates":[[[125.5161,9.8963],[125.5133,9.8970],[125.5091,9.9117],[125.5116,9.9112],[125.5161,9.8963]]]},"type":"Feature","id":"3e217fa2c0","properties":{"flclr":"#000000","name":"Bilabid","level_id":"reg","layer_val":"0","parent_id":"0","gjsonid":"14"}},{"geometry":{"type":"Polygon","coordinates":[[[125.5212,9.8883],[125.5245,9.8796],[125.5203,9.8765],[125.5101,9.8876],[125.5212,9.8883]]]},"type":"Feature","id":"86f26a50ea","properties":{"flclr":"#000000","name":"Alang-alang","level_id":"reg","layer_val":"0","parent_id":"0","gjsonid":"14"}},{"geometry":{"type":"Polygon","coordinates":[[[125.5245,9.8796],[125.5286,9.8815],[125.5504,9.8613],[125.5371,9.8621],[125.5331,9.8721],[125.5241,9.8709],[125.5203,9.8765],[125.5245,9.8796]]]},"type":"Feature","id":"f9d70c817f","properties":{"flclr":"#000000","name":"Buenavista","level_id":"reg","layer_val":"0","parent_id":"0","gjsonid":"14"}},{"geometry":{"type":"Polygon","coordinates":[[[125.5328,9.8837],[125.5336,9.8798],[125.5426,9.8770],[125.5556,9.8639],[125.5504,9.8613],[125.5328,9.8747],[125.5286,9.8815],[125.5328,9.8837]]]},"type":"Feature","id":"eb5c29cc63","properties":{"flclr":"#000000","name":"Baybay","level_id":"reg","layer_val":"0","parent_id":"0","gjsonid":"14"}},{"geometry":{"type":"Polygon","coordinates":[[[125.5626,9.8944],[125.5671,9.8939],[125.5828,9.8949],[125.5689,9.8857],[125.5668,9.8790],[125.5604,9.8893],[125.5626,9.8944]]]},"type":"Feature","id":"d6d3bf7f43","properties":{"flclr":"#000000","name":"Lisondra","level_id":"reg","layer_val":"0","parent_id":"0","gjsonid":"14"}},{"geometry":{"type":"Polygon","coordinates":[[[125.5828,9.8949],[125.5671,9.8939],[125.5626,9.8944],[125.5688,9.8983],[125.5718,9.9094],[125.5828,9.8949]]]},"type":"Feature","id":"b27b6c4ca6","properties":{"flclr":"#000000","name":"Zaragoza","level_id":"reg","layer_val":"0","parent_id":"0","gjsonid":"14"}},{"geometry":{"type":"Polygon","coordinates":[[[125.5930,9.8353],[125.5929,9.8407],[125.6191,9.8611],[125.6327,9.8818],[125.6373,9.8827],[125.6479,9.8753],[125.6447,9.8665],[125.6545,9.8646],[125.6583,9.8498],[125.6737,9.8509],[125.6790,9.8568],[125.6885,9.8513],[125.6700,9.8325],[125.6536,9.8263],[125.6469,9.8303],[125.6412,9.8251],[125.6363,9.8317],[125.6307,9.8251],[125.6218,9.8271],[125.6140,9.8162],[125.6035,9.8168],[125.6005,9.8095],[125.5924,9.8049],[125.5846,9.8155],[125.5867,9.8212],[125.5979,9.8258],[125.5930,9.8353]]]},"type":"Feature","id":"11b55c7672","properties":{"flclr":"#000000","name":"Talisay","level_id":"reg","layer_val":"0","parent_id":"0","gjsonid":"14"}},{"geometry":{"type":"Polygon","coordinates":[[[125.5929,9.8407],[125.5930,9.8353],[125.5877,9.8332],[125.5807,9.8198],[125.5777,9.8305],[125.5929,9.8407]]]},"type":"Feature","id":"fc4d0b7fe5","properties":{"flclr":"#000000","name":"Nonoc","level_id":"reg","layer_val":"0","parent_id":"0","gjsonid":"14"}},{"geometry":{"type":"Polygon","coordinates":[[[125.6217,9.8650],[125.6062,9.8502],[125.5777,9.8305],[125.5862,9.8521],[125.5952,9.8533],[125.6004,9.8803],[125.6100,9.8823],[125.6217,9.8774],[125.6217,9.8650]]]},"type":"Feature","id":"f4d7b93e41","properties":{"flclr":"#000000","name":"Cantiasay","level_id":"reg","layer_val":"0","parent_id":"0","gjsonid":"14"}},{"geometry":{"type":"Polygon","coordinates":[[[125.5806,9.8865],[125.5953,9.8883],[125.5958,9.8844],[125.5798,9.8519],[125.5763,9.8543],[125.5808,9.8658],[125.5740,9.8762],[125.5806,9.8865]]]},"type":"Feature","id":"374749794c","properties":{"flclr":"#000000","name":"San Pedro (Hanigad)","level_id":"reg","layer_val":"0","parent_id":"0","gjsonid":"14"}},{"geometry":{"type":"Polygon","coordinates":[[[125.5953,9.8883],[125.5806,9.8865],[125.5888,9.9047],[125.5935,9.9084],[125.6016,9.9028],[125.6104,9.9090],[125.6071,9.8977],[125.6116,9.8876],[125.5953,9.8883]]]},"type":"Feature","id":"cd3abf9a21","properties":{"flclr":"#000000","name":"Aurora","level_id":"reg","layer_val":"0","parent_id":"0","gjsonid":"14"}},{"geometry":{"type":"Polygon","coordinates":[[[125.6327,9.8818],[125.6278,9.8735],[125.6114,9.8863],[125.6220,9.8977],[125.6220,9.9091],[125.6397,9.9157],[125.6441,9.9126],[125.6426,9.8970],[125.6327,9.8818]]]},"type":"Feature","id":"73edf1c81d","properties":{"flclr":"#000000","name":"Aurora","level_id":"reg","layer_val":"0","parent_id":"0","gjsonid":"14"}},{"geometry":{"type":"Polygon","coordinates":[[[125.5221,10.1977],[125.5242,10.1945],[125.5324,10.1967],[125.5443,10.1822],[125.5190,10.1871],[125.5027,10.1947],[125.5005,10.2002],[125.5221,10.1977]]]},"type":"Feature","id":"1492de1c5d","properties":{"flclr":"#000000","name":"Albor (Pob.)","level_id":"reg","layer_val":"0","parent_id":"0","gjsonid":"14"}},{"geometry":{"type":"Polygon","coordinates":[[[125.5098,10.1864],[125.5443,10.1822],[125.5424,10.1675],[125.5090,10.1783],[125.5098,10.1864]]]},"type":"Feature","id":"a98e1467df","properties":{"flclr":"#000000","name":"Santo Ni\u00f1o","level_id":"reg","layer_val":"0","parent_id":"0","gjsonid":"14"}},{"geometry":{"type":"Polygon","coordinates":[[[125.5079,10.1678],[125.5090,10.1783],[125.5424,10.1675],[125.5403,10.1499],[125.5068,10.1576],[125.5079,10.1678]]]},"type":"Feature","id":"3f312b3177","properties":{"flclr":"#000000","name":"Do\u00f1a Helen","level_id":"reg","layer_val":"0","parent_id":"0","gjsonid":"14"}},{"geometry":{"type":"Polygon","coordinates":[[[125.5424,10.1675],[125.5443,10.1822],[125.5808,10.1681],[125.5735,10.1603],[125.5411,10.1588],[125.5424,10.1675]]]},"type":"Feature","id":"86827144f2","properties":{"flclr":"#000000","name":"Garcia","level_id":"reg","layer_val":"0","parent_id":"0","gjsonid":"14"}},{"geometry":{"type":"Polygon","coordinates":[[[125.5808,10.1681],[125.5443,10.1822],[125.5446,10.1842],[125.5579,10.1915],[125.5866,10.1940],[125.5984,10.1882],[125.5808,10.1681]]]},"type":"Feature","id":"7d046d4f02","properties":{"flclr":"#000000","name":"San Jose","level_id":"reg","layer_val":"0","parent_id":"0","gjsonid":"14"}},{"geometry":{"type":"Polygon","coordinates":[[[125.5455,10.2876],[125.5228,10.3242],[125.5568,10.3200],[125.5572,10.3235],[125.5731,10.3224],[125.5725,10.2962],[125.5455,10.2876]]]},"type":"Feature","id":"89c6224de6","properties":{"flclr":"#000000","name":"Santa Cruz (Pob.)","level_id":"reg","layer_val":"0","parent_id":"0","gjsonid":"14"}},{"geometry":{"type":"Polygon","coordinates":[[[125.5228,10.3242],[125.5455,10.2876],[125.5832,10.2527],[125.5420,10.2739],[125.5256,10.2765],[125.5311,10.2796],[125.5356,10.2884],[125.5310,10.2889],[125.5302,10.2820],[125.5266,10.2819],[125.5186,10.2858],[125.5219,10.2900],[125.5146,10.2927],[125.5136,10.2980],[125.5183,10.3078],[125.5133,10.3214],[125.5228,10.3242]]]},"type":"Feature","id":"905fe09be2","properties":{"flclr":"#000000","name":"Imelda","level_id":"reg","layer_val":"0","parent_id":"0","gjsonid":"14"}},{"geometry":{"type":"Polygon","coordinates":[[[125.5832,10.2527],[125.5455,10.2876],[125.5801,10.2985],[125.6068,10.2590],[125.5920,10.2467],[125.5832,10.2527]]]},"type":"Feature","id":"e68c95bab4","properties":{"flclr":"#000000","name":"Navarro","level_id":"reg","layer_val":"0","parent_id":"0","gjsonid":"14"}},{"geometry":{"type":"Polygon","coordinates":[[[125.5731,10.3224],[125.5572,10.3235],[125.5550,10.3279],[125.5732,10.3273],[125.5731,10.3224]]]},"type":"Feature","id":"1e3fa2005d","properties":{"flclr":"#000000","name":"San Roque (Pob.)","level_id":"reg","layer_val":"0","parent_id":"0","gjsonid":"14"}},{"geometry":{"type":"Polygon","coordinates":[[[125.5732,10.3273],[125.5550,10.3279],[125.5548,10.3314],[125.5869,10.3273],[125.5732,10.3273]]]},"type":"Feature","id":"74cd593e1d","properties":{"flclr":"#000000","name":"San Vicente (Pob.)","level_id":"reg","layer_val":"0","parent_id":"0","gjsonid":"14"}},{"geometry":{"type":"Polygon","coordinates":[[[125.5776,10.3308],[125.5552,10.3323],[125.5515,10.3485],[125.5548,10.3490],[125.5776,10.3308]]]},"type":"Feature","id":"7bdab6cd2d","properties":{"flclr":"#000000","name":"Roxas","level_id":"reg","layer_val":"0","parent_id":"0","gjsonid":"14"}},{"geometry":{"type":"Polygon","coordinates":[[[125.5731,10.3224],[125.5732,10.3273],[125.5869,10.3273],[125.5983,10.3195],[125.6021,10.3098],[125.5725,10.2962],[125.5731,10.3224]]]},"type":"Feature","id":"f8db163ec9","properties":{"flclr":"#000000","name":"Mabini","level_id":"reg","layer_val":"0","parent_id":"0","gjsonid":"14"}},{"geometry":{"type":"Polygon","coordinates":[[[125.6068,10.2590],[125.5801,10.2985],[125.6021,10.3098],[125.6053,10.2976],[125.6014,10.2887],[125.6205,10.2720],[125.6064,10.2720],[125.6195,10.2667],[125.6068,10.2590]]]},"type":"Feature","id":"b4c2a8caf6","properties":{"flclr":"#000000","name":"Diaz (Romualdez)","level_id":"reg","layer_val":"0","parent_id":"0","gjsonid":"14"}},{"geometry":{"type":"Polygon","coordinates":[[[125.6068,10.2590],[125.6193,10.2648],[125.6278,10.2572],[125.6261,10.2456],[125.6303,10.2525],[125.6442,10.2404],[125.6521,10.2248],[125.6535,10.2081],[125.5920,10.2467],[125.6068,10.2590]]]},"type":"Feature","id":"af1853d309","properties":{"flclr":"#000000","name":"Malinao","level_id":"reg","layer_val":"0","parent_id":"0","gjsonid":"14"}},{"geometry":{"type":"Polygon","coordinates":[[[125.5857,10.0057],[125.5839,10.0048],[125.5781,10.0081],[125.5874,10.0078],[125.5857,10.0057]]]},"type":"Feature","id":"ffe1ebc8bb","properties":{"flclr":"#000000","name":"Mahayahay","level_id":"reg","layer_val":"0","parent_id":"0","gjsonid":"14"}},{"geometry":{"type":"Polygon","coordinates":[[[125.5990,10.1184],[125.5988,10.1031],[125.5584,10.1028],[125.5574,10.1224],[125.5990,10.1184]]]},"type":"Feature","id":"bbf784847b","properties":{"flclr":"#000000","name":"Villa Ecleo","level_id":"reg","layer_val":"0","parent_id":"0","gjsonid":"14"}},{"geometry":{"type":"Polygon","coordinates":[[[125.5792,10.0071],[125.5899,10.0051],[125.5896,9.9966],[125.5753,9.9963],[125.5807,9.9982],[125.5740,10.0043],[125.5792,10.0071]]]},"type":"Feature","id":"5f09b63e72","properties":{"flclr":"#000000","name":"Matingbe","level_id":"reg","layer_val":"0","parent_id":"0","gjsonid":"14"}},{"geometry":{"type":"Polygon","coordinates":[[[125.5713,10.0136],[125.5788,10.0208],[125.5930,10.0181],[125.5888,10.0089],[125.5713,10.0136]]]},"type":"Feature","id":"8905c07cb3","properties":{"flclr":"#000000","name":"Don Ruben Ecleo (Baltazar)","level_id":"reg","layer_val":"0","parent_id":"0","gjsonid":"14"}},{"geometry":{"type":"Polygon","coordinates":[[[125.5740,10.0043],[125.5733,10.0054],[125.5701,10.0068],[125.5760,10.0062],[125.5740,10.0043]]]},"type":"Feature","id":"261a444f7e","properties":{"flclr":"#000000","name":"Jacquez","level_id":"reg","layer_val":"0","parent_id":"0","gjsonid":"14"}},{"geometry":{"type":"Polygon","coordinates":[[[125.5792,10.0071],[125.5746,10.0070],[125.5734,10.0118],[125.5792,10.0094],[125.5792,10.0071]]]},"type":"Feature","id":"ca4f75e30a","properties":{"flclr":"#000000","name":"Aurelio","level_id":"reg","layer_val":"0","parent_id":"0","gjsonid":"14"}},{"geometry":{"type":"Polygon","coordinates":[[[125.5734,10.0118],[125.5746,10.0070],[125.5696,10.0061],[125.5686,10.0092],[125.5734,10.0118]]]},"type":"Feature","id":"fe94c8890e","properties":{"flclr":"#000000","name":"San Jose (Pob.)","level_id":"reg","layer_val":"0","parent_id":"0","gjsonid":"14"}},{"geometry":{"type":"Polygon","coordinates":[[[125.5800,10.0137],[125.5854,10.0092],[125.5892,10.0085],[125.5785,10.0094],[125.5800,10.0137]]]},"type":"Feature","id":"0729fe8fdd","properties":{"flclr":"#000000","name":"Justiniana Edera","level_id":"reg","layer_val":"0","parent_id":"0","gjsonid":"14"}},{"geometry":{"type":"Polygon","coordinates":[[[125.5711,10.0111],[125.5685,10.0111],[125.5713,10.0136],[125.5725,10.0134],[125.5711,10.0111]]]},"type":"Feature","id":"4e84dc4bb3","properties":{"flclr":"#000000","name":"San Juan","level_id":"reg","layer_val":"0","parent_id":"0","gjsonid":"14"}},{"geometry":{"type":"Polygon","coordinates":[[[125.5734,10.0118],[125.5711,10.0111],[125.5748,10.0137],[125.5800,10.0137],[125.5777,10.0094],[125.5734,10.0118]]]},"type":"Feature","id":"4888080d48","properties":{"flclr":"#000000","name":"San Juan","level_id":"reg","layer_val":"0","parent_id":"0","gjsonid":"14"}},{"geometry":{"type":"Polygon","coordinates":[[[125.4760,10.4598],[125.4811,10.4481],[125.4905,10.4405],[125.4762,10.4316],[125.4757,10.4392],[125.4631,10.4569],[125.4717,10.4623],[125.4760,10.4598]]]},"type":"Feature","id":"e8c25172fa","properties":{"flclr":"#000000","name":"Magsaysay","level_id":"reg","layer_val":"0","parent_id":"0","gjsonid":"14"}},{"geometry":{"type":"Polygon","coordinates":[[[125.5930,10.0181],[125.5788,10.0208],[125.5768,10.0161],[125.5685,10.0182],[125.5753,10.0254],[125.5950,10.0216],[125.5930,10.0181]]]},"type":"Feature","id":"fd64f476db","properties":{"flclr":"#000000","name":"Santa Cruz","level_id":"reg","layer_val":"0","parent_id":"0","gjsonid":"14"}},{"geometry":{"type":"Polygon","coordinates":[[[125.5874,10.0078],[125.5993,10.0394],[125.6370,10.0393],[125.6375,9.9976],[125.6069,9.9966],[125.6041,10.0028],[125.5857,10.0057],[125.5874,10.0078]]]},"type":"Feature","id":"d8d172899b","properties":{"flclr":"#000000","name":"Cuarinta","level_id":"reg","layer_val":"0","parent_id":"0","gjsonid":"14"}},{"geometry":{"type":"Polygon","coordinates":[[[125.4905,10.4405],[125.4811,10.4481],[125.4760,10.4598],[125.5002,10.4467],[125.4905,10.4405]]]},"type":"Feature","id":"133e7974bd","properties":{"flclr":"#000000","name":"Helene","level_id":"reg","layer_val":"0","parent_id":"0","gjsonid":"14"}},{"geometry":{"type":"Polygon","coordinates":[[[125.4905,10.4405],[125.5014,10.4456],[125.4933,10.4327],[125.4974,10.4228],[125.4767,10.4278],[125.4762,10.4316],[125.4905,10.4405]]]},"type":"Feature","id":"9d1028a9a2","properties":{"flclr":"#000000","name":"Liberty","level_id":"reg","layer_val":"0","parent_id":"0","gjsonid":"14"}},{"geometry":{"type":"Polygon","coordinates":[[[125.5988,10.0367],[125.5950,10.0216],[125.5810,10.0230],[125.5737,10.0274],[125.5869,10.0238],[125.5891,10.0265],[125.5832,10.0382],[125.5755,10.0419],[125.5838,10.0506],[125.5988,10.0367]]]},"type":"Feature","id":"a5cd8f2791","properties":{"flclr":"#000000","name":"Wilson","level_id":"reg","layer_val":"0","parent_id":"0","gjsonid":"14"}},{"geometry":{"type":"Polygon","coordinates":[[[125.5896,9.9966],[125.5911,10.0055],[125.6041,10.0028],[125.6069,9.9977],[125.5896,9.9966]]]},"type":"Feature","id":"6027536891","properties":{"flclr":"#000000","name":"Luna","level_id":"reg","layer_val":"0","parent_id":"0","gjsonid":"14"}},{"geometry":{"type":"Polygon","coordinates":[[[125.6706,10.4076],[125.6114,10.4103],[125.6085,10.4319],[125.6127,10.4426],[125.6198,10.4471],[125.6211,10.4595],[125.6306,10.4611],[125.6405,10.4714],[125.6471,10.4712],[125.6555,10.4518],[125.6529,10.4404],[125.6659,10.4342],[125.6685,10.4227],[125.6736,10.4204],[125.6706,10.4076]]]},"type":"Feature","id":"069f7cc19e","properties":{"flclr":"#000000","name":"Panamaon","level_id":"reg","layer_val":"0","parent_id":"0","gjsonid":"14"}},{"geometry":{"type":"Polygon","coordinates":[[[125.5227,10.1232],[125.5574,10.1224],[125.5584,10.1028],[125.5426,10.1008],[125.5219,10.1128],[125.5227,10.1232]]]},"type":"Feature","id":"6af374340d","properties":{"flclr":"#000000","name":"Montag","level_id":"reg","layer_val":"0","parent_id":"0","gjsonid":"14"}},{"geometry":{"type":"Polygon","coordinates":[[[125.5553,10.3486],[125.5559,10.3532],[125.5477,10.3564],[125.5462,10.3630],[125.5519,10.3854],[125.5622,10.3819],[125.5695,10.3678],[125.5553,10.3486]]]},"type":"Feature","id":"efa5485ad2","properties":{"flclr":"#000000","name":"Ferdinand","level_id":"reg","layer_val":"0","parent_id":"0","gjsonid":"14"}},{"geometry":{"type":"Polygon","coordinates":[[[125.5778,10.3609],[125.5812,10.3589],[125.5748,10.3317],[125.5681,10.3367],[125.5778,10.3609]]]},"type":"Feature","id":"70f105374b","properties":{"flclr":"#000000","name":"Carmen (Pob.)","level_id":"reg","layer_val":"0","parent_id":"0","gjsonid":"14"}},{"geometry":{"type":"Polygon","coordinates":[[[125.5695,10.3678],[125.5778,10.3609],[125.5681,10.3367],[125.5553,10.3486],[125.5695,10.3678]]]},"type":"Feature","id":"4b8f20a47c","properties":{"flclr":"#000000","name":"San Juan (Pob.)","level_id":"reg","layer_val":"0","parent_id":"0","gjsonid":"14"}},{"geometry":{"type":"Polygon","coordinates":[[[125.5812,10.3589],[125.5838,10.3601],[125.5802,10.3300],[125.5748,10.3317],[125.5812,10.3589]]]},"type":"Feature","id":"d7bd3cff28","properties":{"flclr":"#000000","name":"Santa Cruz (Pob.)","level_id":"reg","layer_val":"0","parent_id":"0","gjsonid":"14"}},{"geometry":{"type":"Polygon","coordinates":[[[125.5079,10.1678],[125.5000,10.1686],[125.4964,10.1803],[125.5050,10.1715],[125.5032,10.1811],[125.5075,10.1872],[125.5079,10.1678]]]},"type":"Feature","id":"38647518a2","properties":{"flclr":"#000000","name":"Osme\u00f1a","level_id":"reg","layer_val":"0","parent_id":"0","gjsonid":"14"}},{"geometry":{"type":"Polygon","coordinates":[[[125.5000,10.1686],[125.5079,10.1678],[125.5068,10.1576],[125.4972,10.1600],[125.5000,10.1686]]]},"type":"Feature","id":"6a5251301c","properties":{"flclr":"#000000","name":"Magsaysay","level_id":"reg","layer_val":"0","parent_id":"0","gjsonid":"14"}},{"geometry":{"type":"Polygon","coordinates":[[[125.5690,10.2602],[125.6295,10.2222],[125.5984,10.1882],[125.5866,10.1940],[125.5579,10.1915],[125.5446,10.1842],[125.5377,10.1915],[125.5690,10.2602]]]},"type":"Feature","id":"4770deb263","properties":{"flclr":"#000000","name":"General Aguinaldo (Bolod-bolod)","level_id":"reg","layer_val":"0","parent_id":"0","gjsonid":"14"}},{"geometry":{"type":"Polygon","coordinates":[[[125.5219,10.1128],[125.5426,10.1008],[125.5270,10.0853],[125.5095,10.0954],[125.5219,10.1128]]]},"type":"Feature","id":"10a1fb8c9a","properties":{"flclr":"#000000","name":"Roma","level_id":"reg","layer_val":"0","parent_id":"0","gjsonid":"14"}},{"geometry":{"type":"Polygon","coordinates":[[[125.5838,10.3601],[125.5975,10.3678],[125.6650,10.3463],[125.6459,10.2974],[125.6544,10.2850],[125.6522,10.2499],[125.6292,10.2575],[125.6232,10.2733],[125.6014,10.2887],[125.6053,10.2991],[125.5983,10.3195],[125.5802,10.3300],[125.5838,10.3601]]]},"type":"Feature","id":"3857ae6ab4","properties":{"flclr":"#000000","name":"Santiago (Pob.)","level_id":"reg","layer_val":"0","parent_id":"0","gjsonid":"14"}},{"geometry":{"type":"Polygon","coordinates":[[[125.6114,10.4103],[125.6706,10.4076],[125.6745,10.4033],[125.6815,10.3918],[125.6702,10.3644],[125.6731,10.3554],[125.6655,10.3467],[125.5975,10.3678],[125.6072,10.3932],[125.6027,10.4136],[125.6075,10.4087],[125.6114,10.4103]]]},"type":"Feature","id":"9bb76ce805","properties":{"flclr":"#000000","name":"Esperanza","level_id":"reg","layer_val":"0","parent_id":"0","gjsonid":"14"}},{"geometry":{"type":"Polygon","coordinates":[[[125.5808,10.1681],[125.6295,10.2222],[125.6586,10.2040],[125.6481,10.1873],[125.6282,10.1862],[125.6227,10.1758],[125.6177,10.1744],[125.6151,10.1614],[125.5735,10.1603],[125.5808,10.1681]]]},"type":"Feature","id":"f5e8fef678","properties":{"flclr":"#000000","name":"Bayanihan","level_id":"reg","layer_val":"0","parent_id":"0","gjsonid":"14"}},{"geometry":{"type":"Polygon","coordinates":[[[125.5735,10.1603],[125.6151,10.1614],[125.5997,10.1388],[125.5455,10.1358],[125.5411,10.1588],[125.5735,10.1603]]]},"type":"Feature","id":"47d229eac7","properties":{"flclr":"#000000","name":"Llamera","level_id":"reg","layer_val":"0","parent_id":"0","gjsonid":"14"}},{"geometry":{"type":"Polygon","coordinates":[[[125.4972,10.1600],[125.5403,10.1499],[125.5506,10.1239],[125.5167,10.1231],[125.5075,10.1355],[125.4883,10.1370],[125.4866,10.1430],[125.4895,10.1480],[125.4931,10.1426],[125.4972,10.1600]]]},"type":"Feature","id":"efd7a52c57","properties":{"flclr":"#000000","name":"Arellano","level_id":"reg","layer_val":"0","parent_id":"0","gjsonid":"14"}},{"geometry":{"type":"Polygon","coordinates":[[[125.5506,10.1239],[125.5455,10.1358],[125.5997,10.1388],[125.5988,10.1321],[125.5879,10.1211],[125.5506,10.1239]]]},"type":"Feature","id":"2f0f4f4ca2","properties":{"flclr":"#000000","name":"Rosita","level_id":"reg","layer_val":"0","parent_id":"0","gjsonid":"14"}},{"geometry":{"type":"Polygon","coordinates":[[[125.5377,10.1915],[125.5324,10.1967],[125.5417,10.2090],[125.5300,10.2160],[125.5124,10.2397],[125.5145,10.2458],[125.5205,10.2455],[125.5143,10.2687],[125.5225,10.2763],[125.5420,10.2739],[125.5690,10.2602],[125.5377,10.1915]]]},"type":"Feature","id":"bb69bdc39c","properties":{"flclr":"#000000","name":"San Antonio (Pob.)","level_id":"reg","layer_val":"0","parent_id":"0","gjsonid":"14"}},{"geometry":{"type":"Polygon","coordinates":[[[125.5925,9.9624],[125.5991,9.9578],[125.5999,9.9563],[125.5942,9.9581],[125.5925,9.9624]]]},"type":"Feature","id":"4aa1fe1967","properties":{"flclr":"#000000","name":"Escolta (Pob.)","level_id":"reg","layer_val":"0","parent_id":"0","gjsonid":"14"}},{"geometry":{"type":"Polygon","coordinates":[[[125.5914,9.9614],[125.5999,9.9563],[125.5993,9.9510],[125.5920,9.9531],[125.5914,9.9614]]]},"type":"Feature","id":"784ea6284d","properties":{"flclr":"#000000","name":"White Beach (Pob.)","level_id":"reg","layer_val":"0","parent_id":"0","gjsonid":"14"}},{"geometry":{"type":"Polygon","coordinates":[[[125.5753,9.9963],[125.5971,9.9967],[125.6046,9.9922],[125.5977,9.9865],[125.5868,9.9882],[125.5767,9.9754],[125.5731,9.9862],[125.5642,9.9894],[125.5660,9.9932],[125.5758,9.9935],[125.5753,9.9963]]]},"type":"Feature","id":"9476468605","properties":{"flclr":"#000000","name":"Gomez","level_id":"reg","layer_val":"0","parent_id":"0","gjsonid":"14"}},{"geometry":{"type":"Polygon","coordinates":[[[125.6044,9.9654],[125.6036,9.9728],[125.5926,9.9775],[125.6377,9.9766],[125.6380,9.9666],[125.6044,9.9654]]]},"type":"Feature","id":"5ebc58c74b","properties":{"flclr":"#000000","name":"Wadas","level_id":"reg","layer_val":"0","parent_id":"0","gjsonid":"14"}},{"geometry":{"type":"Polygon","coordinates":[[[125.6325,9.9409],[125.6248,9.9381],[125.6241,9.9451],[125.6195,9.9467],[125.6204,9.9583],[125.6381,9.9571],[125.6382,9.9478],[125.6344,9.9486],[125.6325,9.9409]]]},"type":"Feature","id":"db26f2da32","properties":{"flclr":"#000000","name":"Bagumbayan","level_id":"reg","layer_val":"0","parent_id":"0","gjsonid":"14"}},{"geometry":{"type":"Polygon","coordinates":[[[125.6195,9.9467],[125.6007,9.9501],[125.5991,9.9578],[125.6113,9.9546],[125.6082,9.9621],[125.6208,9.9618],[125.6195,9.9467]]]},"type":"Feature","id":"b4d8b9b3da","properties":{"flclr":"#000000","name":"New Mabuhay","level_id":"reg","layer_val":"0","parent_id":"0","gjsonid":"14"}},{"geometry":{"type":"Polygon","coordinates":[[[125.6069,9.9966],[125.6375,9.9976],[125.6376,9.9883],[125.6077,9.9877],[125.5971,9.9967],[125.6069,9.9966]]]},"type":"Feature","id":"940621f37e","properties":{"flclr":"#000000","name":"Cayetano","level_id":"reg","layer_val":"0","parent_id":"0","gjsonid":"14"}},{"geometry":{"type":"Polygon","coordinates":[[[125.6077,9.9877],[125.6376,9.9883],[125.6377,9.9766],[125.5926,9.9775],[125.6035,9.9792],[125.6077,9.9877]]]},"type":"Feature","id":"c48a838b3e","properties":{"flclr":"#000000","name":"Magsaysay","level_id":"reg","layer_val":"0","parent_id":"0","gjsonid":"14"}},{"geometry":{"type":"Polygon","coordinates":[[[125.6381,9.9571],[125.6204,9.9583],[125.6208,9.9618],[125.6044,9.9654],[125.6380,9.9666],[125.6381,9.9571]]]},"type":"Feature","id":"eb96c56d83","properties":{"flclr":"#000000","name":"Justiniana Edera","level_id":"reg","layer_val":"0","parent_id":"0","gjsonid":"14"}},{"geometry":{"type":"Polygon","coordinates":[[[125.6402,9.9391],[125.6354,9.9369],[125.6325,9.9409],[125.6344,9.9486],[125.6450,9.9466],[125.6402,9.9391]]]},"type":"Feature","id":"028ea54dd1","properties":{"flclr":"#000000","name":"Ma-atas","level_id":"reg","layer_val":"0","parent_id":"0","gjsonid":"14"}},{"geometry":{"type":"Polygon","coordinates":[[[125.6455,9.9308],[125.6402,9.9391],[125.6450,9.9466],[125.6543,9.9449],[125.6522,9.9358],[125.6455,9.9308]]]},"type":"Feature","id":"9780e9a9a9","properties":{"flclr":"#000000","name":"R. Ecleo, Sr.","level_id":"reg","layer_val":"0","parent_id":"0","gjsonid":"14"}},{"geometry":{"type":"Polygon","coordinates":[[[125.6381,9.9571],[125.6377,9.9830],[125.6788,9.9822],[125.6793,9.9659],[125.6725,9.9689],[125.6790,9.9624],[125.6760,9.9581],[125.6381,9.9571]]]},"type":"Feature","id":"812c590939","properties":{"flclr":"#000000","name":"Nueva Estrella","level_id":"reg","layer_val":"0","parent_id":"0","gjsonid":"14"}},{"geometry":{"type":"Polygon","coordinates":[[[125.6760,9.9581],[125.6609,9.9529],[125.6382,9.9523],[125.6381,9.9571],[125.6760,9.9581]]]},"type":"Feature","id":"098dedad27","properties":{"flclr":"#000000","name":"Santa Rita","level_id":"reg","layer_val":"0","parent_id":"0","gjsonid":"14"}},{"geometry":{"type":"Polygon","coordinates":[[[125.5042,10.0106],[125.5104,9.9996],[125.5037,9.9979],[125.4995,10.0087],[125.5042,10.0106]]]},"type":"Feature","id":"101b41a0f6","properties":{"flclr":"#000000","name":"Imee (Bactasan)","level_id":"reg","layer_val":"0","parent_id":"0","gjsonid":"14"}},{"geometry":{"type":"Polygon","coordinates":[[[125.6609,9.9529],[125.6565,9.9483],[125.6620,9.9445],[125.6382,9.9478],[125.6382,9.9523],[125.6609,9.9529]]]},"type":"Feature","id":"cc1642ba49","properties":{"flclr":"#000000","name":"Laguna","level_id":"reg","layer_val":"0","parent_id":"0","gjsonid":"14"}},{"geometry":{"type":"Polygon","coordinates":[[[125.7055,9.9013],[125.7071,9.8916],[125.7015,9.8786],[125.7052,9.8733],[125.7006,9.8653],[125.6794,9.8681],[125.6782,9.9023],[125.7055,9.9013]]]},"type":"Feature","id":"77cd02c88b","properties":{"flclr":"#000000","name":"Mabini (Borja)","level_id":"reg","layer_val":"0","parent_id":"0","gjsonid":"14"}},{"geometry":{"type":"Polygon","coordinates":[[[125.7055,9.9013],[125.6592,9.9022],[125.6657,9.9328],[125.6756,9.9328],[125.6722,9.9194],[125.6806,9.9145],[125.6930,9.9155],[125.7055,9.9013]]]},"type":"Feature","id":"c163411778","properties":{"flclr":"#000000","name":"Poblacion","level_id":"reg","layer_val":"0","parent_id":"0","gjsonid":"14"}},{"geometry":{"type":"Polygon","coordinates":[[[125.5037,9.9979],[125.5113,9.9980],[125.5033,9.9811],[125.4991,9.9865],[125.5035,9.9877],[125.5037,9.9979]]]},"type":"Feature","id":"d4bcf48552","properties":{"flclr":"#000000","name":"Poblacion","level_id":"reg","layer_val":"0","parent_id":"0","gjsonid":"14"}},{"geometry":{"type":"Polygon","coordinates":[[[125.6592,9.9022],[125.6782,9.9023],[125.6794,9.8681],[125.6714,9.8527],[125.6596,9.8518],[125.6558,9.8650],[125.6423,9.8824],[125.6500,9.8955],[125.6456,9.9018],[125.6592,9.9022]]]},"type":"Feature","id":"5cce5422b2","properties":{"flclr":"#000000","name":"Tigbao","level_id":"reg","layer_val":"0","parent_id":"0","gjsonid":"14"}},{"geometry":{"type":"Polygon","coordinates":[[[125.6455,9.9308],[125.6522,9.9358],[125.6657,9.9328],[125.6592,9.9022],[125.6451,9.9023],[125.6455,9.9308]]]},"type":"Feature","id":"8edbfce6e0","properties":{"flclr":"#000000","name":"Cabunga-an","level_id":"reg","layer_val":"0","parent_id":"0","gjsonid":"14"}},{"geometry":{"type":"Polygon","coordinates":[[[125.6543,9.9449],[125.6620,9.9445],[125.6756,9.9328],[125.6522,9.9358],[125.6543,9.9449]]]},"type":"Feature","id":"69a6b41b3b","properties":{"flclr":"#000000","name":"San Jose","level_id":"reg","layer_val":"0","parent_id":"0","gjsonid":"14"}},{"geometry":{"type":"Polygon","coordinates":[[[125.6130,10.1577],[125.6177,10.1744],[125.6227,10.1758],[125.6282,10.1862],[125.6356,10.1870],[125.6380,10.1413],[125.6114,10.1409],[125.6130,10.1577]]]},"type":"Feature","id":"5962687e75","properties":{"flclr":"#000000","name":"Legaspi","level_id":"reg","layer_val":"0","parent_id":"0","gjsonid":"14"}},{"geometry":{"type":"Polygon","coordinates":[[[125.5042,10.0106],[125.4995,10.0087],[125.4949,10.0155],[125.5005,10.0171],[125.5042,10.0106]]]},"type":"Feature","id":"36de915b6f","properties":{"flclr":"#000000","name":"Roxas","level_id":"reg","layer_val":"0","parent_id":"0","gjsonid":"14"}},{"geometry":{"type":"Polygon","coordinates":[[[125.6159,10.1410],[125.6635,10.1410],[125.6620,10.1170],[125.6753,10.1103],[125.6925,10.0786],[125.6181,10.0785],[125.6159,10.1410]]]},"type":"Feature","id":"e7fa9c6de2","properties":{"flclr":"#000000","name":"Boa","level_id":"reg","layer_val":"0","parent_id":"0","gjsonid":"14"}},{"geometry":{"type":"Polygon","coordinates":[[[125.6635,10.1410],[125.6380,10.1413],[125.6380,10.1849],[125.6418,10.1759],[125.6502,10.1842],[125.6545,10.1645],[125.6654,10.1727],[125.6757,10.1686],[125.6758,10.1536],[125.6590,10.1507],[125.6635,10.1410]]]},"type":"Feature","id":"5caffcb3c1","properties":{"flclr":"#000000","name":"Valencia","level_id":"reg","layer_val":"0","parent_id":"0","gjsonid":"14"}},{"geometry":{"type":"Polygon","coordinates":[[[125.6788,9.9822],[125.6377,9.9830],[125.6370,10.0393],[125.6194,10.0396],[125.6181,10.0785],[125.6925,10.0786],[125.6952,10.0686],[125.6924,10.0631],[125.6979,10.0599],[125.6930,10.0530],[125.6955,10.0468],[125.6910,10.0364],[125.6851,10.0340],[125.6885,10.0241],[125.6786,10.0081],[125.6760,9.9938],[125.6722,9.9935],[125.6788,9.9822]],[[125.6594,10.0041],[125.6596,10.0016],[125.6538,10.0040],[125.6427,9.9976],[125.6538,9.9984],[125.6558,9.9922],[125.6609,9.9984],[125.6615,9.9937],[125.6665,10.0025],[125.6625,10.0062],[125.6578,10.0079],[125.6594,10.0041]]]},"type":"Feature","id":"55768db77f","properties":{"flclr":"#000000","name":"Del Pilar","level_id":"reg","layer_val":"0","parent_id":"0","gjsonid":"14"}},{"geometry":{"type":"Polygon","coordinates":[[[125.5988,10.1031],[125.6001,10.1274],[125.6158,10.1263],[125.6165,10.0942],[125.5993,10.0945],[125.5988,10.1031]]]},"type":"Feature","id":"a9d78cada5","properties":{"flclr":"#000000","name":"Rita Glenda","level_id":"reg","layer_val":"0","parent_id":"0","gjsonid":"14"}},{"geometry":{"type":"Polygon","coordinates":[[[125.5095,10.0954],[125.5245,10.0864],[125.5308,10.0683],[125.5281,10.0620],[125.5085,10.0630],[125.5048,10.0775],[125.5036,10.0771],[125.5045,10.0663],[125.5034,10.0654],[125.4971,10.0787],[125.5052,10.0794],[125.5095,10.0954]],[[125.5083,10.0740],[125.5096,10.0734],[125.5102,10.0749],[125.5082,10.0755],[125.5083,10.0740]]]},"type":"Feature","id":"d0cc626231","properties":{"flclr":"#000000","name":"Melgar","level_id":"reg","layer_val":"0","parent_id":"0","gjsonid":"14"}},{"geometry":{"type":"Polygon","coordinates":[[[125.5377,10.0785],[125.5394,10.0704],[125.5308,10.0683],[125.5245,10.0864],[125.5377,10.0785]]]},"type":"Feature","id":"9f7cd0b882","properties":{"flclr":"#000000","name":"Cortes","level_id":"reg","layer_val":"0","parent_id":"0","gjsonid":"14"}},{"geometry":{"type":"Polygon","coordinates":[[[125.5297,10.0198],[125.5122,10.0125],[125.5160,10.0215],[125.5132,10.0303],[125.5297,10.0198]]]},"type":"Feature","id":"843adda636","properties":{"flclr":"#000000","name":"Columbus","level_id":"reg","layer_val":"0","parent_id":"0","gjsonid":"14"}},{"geometry":{"type":"Polygon","coordinates":[[[125.5152,10.0129],[125.5297,10.0198],[125.5385,10.0108],[125.5288,10.0080],[125.5216,10.0115],[125.5136,10.0044],[125.5152,10.0129]]]},"type":"Feature","id":"2fc7efba11","properties":{"flclr":"#000000","name":"Coring","level_id":"reg","layer_val":"0","parent_id":"0","gjsonid":"14"}},{"geometry":{"type":"Polygon","coordinates":[[[125.5485,10.0844],[125.5377,10.0785],[125.5270,10.0853],[125.5426,10.1008],[125.5485,10.0844]]]},"type":"Feature","id":"b41aae7d18","properties":{"flclr":"#000000","name":"Sering","level_id":"reg","layer_val":"0","parent_id":"0","gjsonid":"14"}},{"geometry":{"type":"Polygon","coordinates":[[[125.5969,10.0616],[125.5973,10.0650],[125.5907,10.0608],[125.5885,10.0642],[125.5889,10.0710],[125.5964,10.0747],[125.6023,10.0643],[125.5969,10.0616]]]},"type":"Feature","id":"8863302722","properties":{"flclr":"#000000","name":"Ferdinand","level_id":"reg","layer_val":"0","parent_id":"0","gjsonid":"14"}},{"geometry":{"type":"Polygon","coordinates":[[[125.5990,10.1184],[125.5879,10.1211],[125.5883,10.1240],[125.5996,10.1282],[125.5990,10.1184]]]},"type":"Feature","id":"f9916e0b77","properties":{"flclr":"#000000","name":"Sombrado","level_id":"reg","layer_val":"0","parent_id":"0","gjsonid":"14"}},{"geometry":{"type":"Polygon","coordinates":[[[125.6165,10.0942],[125.6171,10.0845],[125.6036,10.0782],[125.5993,10.0945],[125.6165,10.0942]]]},"type":"Feature","id":"742805d0cb","properties":{"flclr":"#000000","name":"Diegas","level_id":"reg","layer_val":"0","parent_id":"0","gjsonid":"14"}},{"geometry":{"type":"Polygon","coordinates":[[[125.5997,10.1388],[125.6022,10.1470],[125.6130,10.1577],[125.6114,10.1409],[125.6159,10.1410],[125.6158,10.1263],[125.5958,10.1285],[125.5997,10.1388]]]},"type":"Feature","id":"55c7f09e3e","properties":{"flclr":"#000000","name":"Benglen","level_id":"reg","layer_val":"0","parent_id":"0","gjsonid":"14"}},{"geometry":{"type":"Polygon","coordinates":[[[125.6194,10.0470],[125.6194,10.0396],[125.5986,10.0406],[125.6039,10.0461],[125.6194,10.0470]]]},"type":"Feature","id":"c44fb3d9ac","properties":{"flclr":"#000000","name":"Do\u00f1a Helene","level_id":"reg","layer_val":"0","parent_id":"0","gjsonid":"14"}},{"geometry":{"type":"Polygon","coordinates":[[[125.5905,10.1033],[125.5988,10.1031],[125.6036,10.0782],[125.5889,10.0710],[125.5898,10.0770],[125.5853,10.0818],[125.5905,10.1033]]]},"type":"Feature","id":"b4c83b83e5","properties":{"flclr":"#000000","name":"Geotina","level_id":"reg","layer_val":"0","parent_id":"0","gjsonid":"14"}},{"geometry":{"type":"Polygon","coordinates":[[[125.5753,10.0884],[125.5668,10.0881],[125.5706,10.0859],[125.5668,10.0839],[125.5584,10.1028],[125.5701,10.1047],[125.5753,10.0884]]]},"type":"Feature","id":"7cc39e51a1","properties":{"flclr":"#000000","name":"Edera","level_id":"reg","layer_val":"0","parent_id":"0","gjsonid":"14"}},{"geometry":{"type":"Polygon","coordinates":[[[125.5793,10.0861],[125.5732,10.0940],[125.5791,10.0960],[125.5796,10.0908],[125.5793,10.0861]]]},"type":"Feature","id":"32a03ad213","properties":{"flclr":"#000000","name":"Santa Monica","level_id":"reg","layer_val":"0","parent_id":"0","gjsonid":"14"}},{"geometry":{"type":"Polygon","coordinates":[[[125.5969,10.0616],[125.6195,10.0705],[125.6194,10.0470],[125.5939,10.0484],[125.5905,10.0517],[125.5997,10.0592],[125.5969,10.0616]]]},"type":"Feature","id":"ce9e39c8b1","properties":{"flclr":"#000000","name":"Tag-abaca","level_id":"reg","layer_val":"0","parent_id":"0","gjsonid":"14"}},{"geometry":{"type":"Polygon","coordinates":[[[125.6036,10.0782],[125.6171,10.0845],[125.6195,10.0705],[125.6023,10.0643],[125.5964,10.0747],[125.6036,10.0782]]]},"type":"Feature","id":"4c386a5913","properties":{"flclr":"#000000","name":"Santo Ni\u00f1o","level_id":"reg","layer_val":"0","parent_id":"0","gjsonid":"14"}},{"geometry":{"type":"Polygon","coordinates":[[[125.5485,10.0844],[125.5426,10.1008],[125.5584,10.1028],[125.5682,10.0822],[125.5647,10.0811],[125.5760,10.0783],[125.5728,10.0707],[125.5775,10.0651],[125.5585,10.0731],[125.5485,10.0844]]]},"type":"Feature","id":"3df1c1442c","properties":{"flclr":"#000000","name":"Navarro","level_id":"reg","layer_val":"0","parent_id":"0","gjsonid":"14"}},{"geometry":{"type":"Polygon","coordinates":[[[125.5793,10.1050],[125.5905,10.1033],[125.5854,10.0827],[125.5794,10.0845],[125.5793,10.1050]]]},"type":"Feature","id":"1e4d24ba75","properties":{"flclr":"#000000","name":"New Nazareth","level_id":"reg","layer_val":"0","parent_id":"0","gjsonid":"14"}},{"geometry":{"type":"Polygon","coordinates":[[[125.5793,10.1050],[125.5791,10.0960],[125.5732,10.0940],[125.5701,10.1047],[125.5793,10.1050]]]},"type":"Feature","id":"19df641e68","properties":{"flclr":"#000000","name":"Villa Pantinople","level_id":"reg","layer_val":"0","parent_id":"0","gjsonid":"14"}},{"geometry":{"type":"Polygon","coordinates":[[[125.5167,10.1231],[125.4915,10.1226],[125.4930,10.1275],[125.4891,10.1223],[125.4835,10.1300],[125.4963,10.1315],[125.5026,10.1373],[125.5167,10.1231]]]},"type":"Feature","id":"f57c590a68","properties":{"flclr":"#000000","name":"Plaridel","level_id":"reg","layer_val":"0","parent_id":"0","gjsonid":"14"}},{"geometry":{"type":"Polygon","coordinates":[[[125.4915,10.1226],[125.5227,10.1232],[125.5219,10.1128],[125.5062,10.0843],[125.4977,10.0832],[125.4999,10.0960],[125.4953,10.1042],[125.4901,10.0950],[125.4902,10.1012],[125.4809,10.1043],[125.4790,10.1303],[125.4845,10.1269],[125.4810,10.1202],[125.4833,10.1173],[125.4829,10.1220],[125.4877,10.1167],[125.4915,10.1226]],[[125.5026,10.0991],[125.5035,10.0987],[125.5037,10.0996],[125.5031,10.1000],[125.5026,10.0991]]]},"type":"Feature","id":"c819f6dabd","properties":{"flclr":"#000000","name":"Puerto Princesa","level_id":"reg","layer_val":"0","parent_id":"0","gjsonid":"14"}}]}