{"type":"FeatureCollection","features":[{"geometry":{"type":"Polygon","coordinates":[[[125.6873,9.7437],[125.6783,9.7412],[125.6951,9.7531],[125.7052,9.7396],[125.7012,9.7352],[125.6907,9.7366],[125.6923,9.7447],[125.6873,9.7437]]]},"type":"Feature","id":"837999ec57","properties":{"flclr":"#000000","name":"Talavera","level_id":"reg","layer_val":"0","parent_id":"0","gjsonid":"14"}},{"geometry":{"type":"Polygon","coordinates":[[[125.5999,9.7399],[125.5966,9.7535],[125.6095,9.7550],[125.6080,9.7483],[125.6103,9.7543],[125.6188,9.7517],[125.6119,9.7315],[125.5999,9.7399]]]},"type":"Feature","id":"31bb6aae70","properties":{"flclr":"#000000","name":"Opong","level_id":"reg","layer_val":"0","parent_id":"0","gjsonid":"14"}},{"geometry":{"type":"Polygon","coordinates":[[[125.7178,9.7879],[125.7305,9.7896],[125.7322,9.7834],[125.7408,9.7817],[125.7234,9.7641],[125.7268,9.7554],[125.7206,9.7552],[125.7151,9.7658],[125.7108,9.7663],[125.7119,9.7615],[125.7007,9.7647],[125.7024,9.7770],[125.6986,9.7790],[125.6962,9.7927],[125.6985,9.7968],[125.7021,9.7912],[125.7100,9.7919],[125.7155,9.8010],[125.7105,9.8107],[125.7144,9.8131],[125.7221,9.8070],[125.7163,9.7992],[125.7178,9.7879]]]},"type":"Feature","id":"dfe463688d","properties":{"flclr":"#000000","name":"San Jose","level_id":"reg","layer_val":"0","parent_id":"0","gjsonid":"14"}},{"geometry":{"type":"Polygon","coordinates":[[[125.6402,9.7432],[125.6369,9.7457],[125.6255,9.7399],[125.6219,9.7432],[125.6222,9.7538],[125.6301,9.7687],[125.6321,9.7631],[125.6362,9.7692],[125.6432,9.7641],[125.6402,9.7432]]]},"type":"Feature","id":"a4eb079904","properties":{"flclr":"#000000","name":"Manyagao","level_id":"reg","layer_val":"0","parent_id":"0","gjsonid":"14"}},{"geometry":{"type":"Polygon","coordinates":[[[125.6680,9.7032],[125.6622,9.7036],[125.6632,9.7098],[125.6732,9.7003],[125.6723,9.6941],[125.6641,9.6906],[125.6643,9.6959],[125.6703,9.6969],[125.6691,9.7011],[125.6644,9.7007],[125.6680,9.7032]]]},"type":"Feature","id":"21eac21789","properties":{"flclr":"#000000","name":"Ellaperal (Nonok)","level_id":"reg","layer_val":"0","parent_id":"0","gjsonid":"14"}},{"geometry":{"type":"Polygon","coordinates":[[[125.6100,9.7101],[125.6017,9.7076],[125.5981,9.7009],[125.5885,9.7025],[125.5929,9.7144],[125.5832,9.7277],[125.5886,9.7258],[125.5835,9.7311],[125.5867,9.7400],[125.5932,9.7270],[125.6093,9.7295],[125.6100,9.7101]]]},"type":"Feature","id":"4373389011","properties":{"flclr":"#000000","name":"Opong","level_id":"reg","layer_val":"0","parent_id":"0","gjsonid":"14"}},{"geometry":{"type":"Polygon","coordinates":[[[125.5908,9.7344],[125.5897,9.7376],[125.5938,9.7351],[125.5955,9.7363],[125.5928,9.7518],[125.5996,9.7470],[125.5989,9.7403],[125.6056,9.7326],[125.5940,9.7275],[125.5908,9.7344]]]},"type":"Feature","id":"c53c9ee25a","properties":{"flclr":"#000000","name":"Opong","level_id":"reg","layer_val":"0","parent_id":"0","gjsonid":"14"}},{"geometry":{"type":"Polygon","coordinates":[[[125.6354,9.4694],[125.6787,9.4476],[125.7002,9.4297],[125.6331,9.4456],[125.6354,9.4694]]]},"type":"Feature","id":"db9e28e94f","properties":{"flclr":"#000000","name":"Ferlda","level_id":"reg","layer_val":"0","parent_id":"0","gjsonid":"14"}},{"geometry":{"type":"Polygon","coordinates":[[[125.9460,9.1896],[125.8662,9.0935],[125.8405,9.1396],[125.7755,9.2090],[125.8694,9.2117],[125.8836,9.2076],[125.9086,9.2122],[125.9168,9.2178],[125.9268,9.2078],[125.9284,9.1980],[125.9421,9.1954],[125.9460,9.1896]]]},"type":"Feature","id":"aa9f1fc8ec","properties":{"flclr":"#000000","name":"Hinapoyan","level_id":"reg","layer_val":"0","parent_id":"0","gjsonid":"14"}},{"geometry":{"type":"Polygon","coordinates":[[[125.5722,9.7451],[125.5829,9.7451],[125.5839,9.7334],[125.5753,9.7315],[125.5722,9.7451]]]},"type":"Feature","id":"f07db121cc","properties":{"flclr":"#000000","name":"Himamaug","level_id":"reg","layer_val":"0","parent_id":"0","gjsonid":"14"}},{"geometry":{"type":"Polygon","coordinates":[[[125.6461,9.7919],[125.6469,9.7927],[125.6476,9.7924],[125.6467,9.7910],[125.6461,9.7919]]]},"type":"Feature","id":"4fa35550fb","properties":{"flclr":"#000000","name":"Sugbay","level_id":"reg","layer_val":"0","parent_id":"0","gjsonid":"14"}},{"geometry":{"type":"Polygon","coordinates":[[[125.6018,9.6904],[125.6085,9.6938],[125.6108,9.6899],[125.6143,9.6924],[125.6069,9.6832],[125.6018,9.6904]]]},"type":"Feature","id":"5e3d4ce003","properties":{"flclr":"#000000","name":"Banban","level_id":"reg","layer_val":"0","parent_id":"0","gjsonid":"14"}},{"geometry":{"type":"Polygon","coordinates":[[[125.5667,9.7618],[125.5678,9.7625],[125.5683,9.7618],[125.5670,9.7610],[125.5667,9.7618]]]},"type":"Feature","id":"014bf42c5f","properties":{"flclr":"#000000","name":"San Isidro","level_id":"reg","layer_val":"0","parent_id":"0","gjsonid":"14"}},{"geometry":{"type":"Polygon","coordinates":[[[125.6084,9.6997],[125.6132,9.6998],[125.6120,9.7048],[125.6169,9.6999],[125.6084,9.6997]]]},"type":"Feature","id":"32a65e2cc1","properties":{"flclr":"#000000","name":"Fabio","level_id":"reg","layer_val":"0","parent_id":"0","gjsonid":"14"}},{"geometry":{"type":"Polygon","coordinates":[[[125.6375,9.7389],[125.6442,9.7408],[125.6489,9.7399],[125.6419,9.7326],[125.6375,9.7389]]]},"type":"Feature","id":"65a04ed0f7","properties":{"flclr":"#000000","name":"Fabio","level_id":"reg","layer_val":"0","parent_id":"0","gjsonid":"14"}},{"geometry":{"type":"Polygon","coordinates":[[[125.6908,9.7576],[125.6918,9.7581],[125.6943,9.7579],[125.6920,9.7569],[125.6908,9.7576]]]},"type":"Feature","id":"d8589f48cc","properties":{"flclr":"#000000","name":"Talavera","level_id":"reg","layer_val":"0","parent_id":"0","gjsonid":"14"}},{"geometry":{"type":"Polygon","coordinates":[[[125.5751,9.7621],[125.5769,9.7627],[125.5776,9.7600],[125.5762,9.7599],[125.5751,9.7621]]]},"type":"Feature","id":"01557ad1c3","properties":{"flclr":"#000000","name":"San Isidro","level_id":"reg","layer_val":"0","parent_id":"0","gjsonid":"14"}},{"geometry":{"type":"Polygon","coordinates":[[[125.5777,9.7625],[125.5787,9.7627],[125.5785,9.7615],[125.5780,9.7617],[125.5777,9.7625]]]},"type":"Feature","id":"23f8a09c77","properties":{"flclr":"#000000","name":"San Isidro","level_id":"reg","layer_val":"0","parent_id":"0","gjsonid":"14"}},{"geometry":{"type":"Polygon","coordinates":[[[125.5795,9.7683],[125.5805,9.7700],[125.5821,9.7692],[125.5808,9.7673],[125.5795,9.7683]]]},"type":"Feature","id":"8e0d065720","properties":{"flclr":"#000000","name":"San Isidro","level_id":"reg","layer_val":"0","parent_id":"0","gjsonid":"14"}},{"geometry":{"type":"Polygon","coordinates":[[[125.5650,9.7623],[125.5655,9.7624],[125.5665,9.7612],[125.5653,9.7612],[125.5650,9.7623]]]},"type":"Feature","id":"7f2aaf9e5d","properties":{"flclr":"#000000","name":"San Isidro","level_id":"reg","layer_val":"0","parent_id":"0","gjsonid":"14"}},{"geometry":{"type":"Polygon","coordinates":[[[125.6496,9.7942],[125.6538,9.7965],[125.6549,9.7923],[125.6517,9.7920],[125.6496,9.7942]]]},"type":"Feature","id":"cbb40755be","properties":{"flclr":"#000000","name":"Sugbay","level_id":"reg","layer_val":"0","parent_id":"0","gjsonid":"14"}},{"geometry":{"type":"Polygon","coordinates":[[[125.6719,9.7568],[125.6766,9.7545],[125.6761,9.7514],[125.6728,9.7549],[125.6719,9.7568]]]},"type":"Feature","id":"26f01dd1ba","properties":{"flclr":"#000000","name":"San Jose","level_id":"reg","layer_val":"0","parent_id":"0","gjsonid":"14"}},{"geometry":{"type":"Polygon","coordinates":[[[125.5385,9.7763],[125.5598,9.7769],[125.5614,9.7680],[125.5400,9.7719],[125.5385,9.7763]]]},"type":"Feature","id":"115cd8a72c","properties":{"flclr":"#000000","name":"Day-asan","level_id":"reg","layer_val":"0","parent_id":"0","gjsonid":"14"}},{"geometry":{"type":"Polygon","coordinates":[[[125.5390,9.7793],[125.5415,9.7789],[125.5411,9.7769],[125.5396,9.7776],[125.5390,9.7793]]]},"type":"Feature","id":"b627fcae6e","properties":{"flclr":"#000000","name":"Day-asan","level_id":"reg","layer_val":"0","parent_id":"0","gjsonid":"14"}},{"geometry":{"type":"Polygon","coordinates":[[[125.5419,9.7818],[125.5549,9.7881],[125.5586,9.7792],[125.5493,9.7770],[125.5419,9.7818]]]},"type":"Feature","id":"e6b6871cbb","properties":{"flclr":"#000000","name":"Day-asan","level_id":"reg","layer_val":"0","parent_id":"0","gjsonid":"14"}},{"geometry":{"type":"Polygon","coordinates":[[[125.5451,9.7890],[125.5468,9.7881],[125.5465,9.7874],[125.5455,9.7876],[125.5451,9.7890]]]},"type":"Feature","id":"41d021e0da","properties":{"flclr":"#000000","name":"Day-asan","level_id":"reg","layer_val":"0","parent_id":"0","gjsonid":"14"}},{"geometry":{"type":"Polygon","coordinates":[[[125.6668,9.6874],[125.6676,9.6882],[125.6683,9.6880],[125.6672,9.6863],[125.6668,9.6874]]]},"type":"Feature","id":"3186c023f2","properties":{"flclr":"#000000","name":"Ellaperal (Nonok)","level_id":"reg","layer_val":"0","parent_id":"0","gjsonid":"14"}},{"geometry":{"type":"Polygon","coordinates":[[[125.7110,9.6538],[125.7128,9.6557],[125.7112,9.6510],[125.7109,9.6528],[125.7110,9.6538]]]},"type":"Feature","id":"3bf7cc4735","properties":{"flclr":"#000000","name":"Ipil (Pob.)","level_id":"reg","layer_val":"0","parent_id":"0","gjsonid":"14"}},{"geometry":{"type":"Polygon","coordinates":[[[125.7143,9.6016],[125.7150,9.6060],[125.7182,9.6067],[125.7173,9.6042],[125.7143,9.6016]]]},"type":"Feature","id":"681e8fbe68","properties":{"flclr":"#000000","name":"Ipil (Pob.)","level_id":"reg","layer_val":"0","parent_id":"0","gjsonid":"14"}},{"geometry":{"type":"Polygon","coordinates":[[[125.7068,9.6672],[125.7079,9.6683],[125.7069,9.6641],[125.7065,9.6668],[125.7068,9.6672]]]},"type":"Feature","id":"1a85bb5d32","properties":{"flclr":"#000000","name":"Ipil (Pob.)","level_id":"reg","layer_val":"0","parent_id":"0","gjsonid":"14"}},{"geometry":{"type":"Polygon","coordinates":[[[125.7552,9.5794],[125.7568,9.5839],[125.7677,9.5779],[125.7635,9.5744],[125.7552,9.5794]]]},"type":"Feature","id":"8e420bdb79","properties":{"flclr":"#000000","name":"Lapinigan","level_id":"reg","layer_val":"0","parent_id":"0","gjsonid":"14"}},{"geometry":{"type":"Polygon","coordinates":[[[125.5947,9.7569],[125.6144,9.7656],[125.6183,9.7545],[125.6163,9.7532],[125.5947,9.7569]]]},"type":"Feature","id":"e0c4a97e79","properties":{"flclr":"#000000","name":"Opong","level_id":"reg","layer_val":"0","parent_id":"0","gjsonid":"14"}},{"geometry":{"type":"Polygon","coordinates":[[[125.8529,9.5379],[125.7444,9.3705],[125.7405,9.3911],[125.8322,9.5418],[125.8529,9.5379]]]},"type":"Feature","id":"fa2175427e","properties":{"flclr":"#000000","name":"Hayanggabon","level_id":"reg","layer_val":"0","parent_id":"0","gjsonid":"14"}},{"geometry":{"type":"Polygon","coordinates":[[[125.7444,9.3705],[125.8529,9.5379],[125.8622,9.5334],[125.8699,9.5169],[125.8752,9.5196],[125.8774,9.5145],[125.8721,9.5077],[125.8735,9.5005],[125.8838,9.4966],[125.8788,9.4901],[125.8791,9.4687],[125.8651,9.4672],[125.8658,9.4610],[125.7486,9.3260],[125.7444,9.3705]]]},"type":"Feature","id":"f0102e646c","properties":{"flclr":"#000000","name":"Cagdianao","level_id":"reg","layer_val":"0","parent_id":"0","gjsonid":"14"}},{"geometry":{"type":"Polygon","coordinates":[[[125.7486,9.3260],[125.8387,9.4335],[125.8806,9.3622],[125.8451,9.3359],[125.7434,9.3140],[125.7486,9.3260]]]},"type":"Feature","id":"1e9dff2013","properties":{"flclr":"#000000","name":"Pantukan","level_id":"reg","layer_val":"0","parent_id":"0","gjsonid":"14"}},{"geometry":{"type":"Polygon","coordinates":[[[125.8710,9.0817],[125.8850,9.0474],[125.7724,8.9616],[125.7554,8.9673],[125.7452,8.9600],[125.7426,8.9625],[125.7258,8.9573],[125.7375,8.9647],[125.7324,8.9688],[125.7336,8.9791],[125.7549,9.0033],[125.7824,9.1499],[125.7755,9.2090],[125.8405,9.1396],[125.8710,9.0817]]]},"type":"Feature","id":"6135b5ab51","properties":{"flclr":"#000000","name":"Padiay","level_id":"reg","layer_val":"0","parent_id":"0","gjsonid":"14"}},{"geometry":{"type":"Polygon","coordinates":[[[125.6245,9.2941],[125.7454,9.2954],[125.7449,9.2858],[125.7530,9.2683],[125.7388,9.2712],[125.7145,9.2890],[125.7050,9.2912],[125.6973,9.2807],[125.6787,9.2912],[125.6448,9.2775],[125.6288,9.2823],[125.6229,9.2652],[125.5964,9.2685],[125.5842,9.2632],[125.5648,9.2638],[125.6176,9.2844],[125.6245,9.2941]]]},"type":"Feature","id":"4e6980a646","properties":{"flclr":"#000000","name":"Pangaylan-IP","level_id":"reg","layer_val":"0","parent_id":"0","gjsonid":"14"}},{"geometry":{"type":"Polygon","coordinates":[[[125.7454,9.2954],[125.5772,9.2940],[125.5400,9.3035],[125.5431,9.3141],[125.5763,9.3112],[125.7435,9.3164],[125.7454,9.2954]]]},"type":"Feature","id":"95dd30a15d","properties":{"flclr":"#000000","name":"Libas","level_id":"reg","layer_val":"0","parent_id":"0","gjsonid":"14"}},{"geometry":{"type":"Polygon","coordinates":[[[125.7583,9.2164],[125.5489,9.2225],[125.5468,9.2288],[125.5713,9.2375],[125.7552,9.2351],[125.7583,9.2164]]]},"type":"Feature","id":"d36e399ea4","properties":{"flclr":"#000000","name":"San Isidro","level_id":"reg","layer_val":"0","parent_id":"0","gjsonid":"14"}},{"geometry":{"type":"Polygon","coordinates":[[[125.6269,9.2224],[125.7583,9.2164],[125.7622,9.1941],[125.6710,9.1922],[125.5661,9.1691],[125.5651,9.1806],[125.5698,9.1904],[125.6260,9.1919],[125.6269,9.2224]]]},"type":"Feature","id":"d0ac84d8ec","properties":{"flclr":"#000000","name":"Concepcion","level_id":"reg","layer_val":"0","parent_id":"0","gjsonid":"14"}},{"geometry":{"type":"Polygon","coordinates":[[[125.4016,9.6136],[125.4164,9.6165],[125.4485,9.6231],[125.4491,9.6192],[125.4028,9.6089],[125.4016,9.6136]]]},"type":"Feature","id":"5be6737bba","properties":{"flclr":"#000000","name":"Tinago","level_id":"reg","layer_val":"0","parent_id":"0","gjsonid":"14"}},{"geometry":{"type":"Polygon","coordinates":[[[125.4399,9.5579],[125.4586,9.5589],[125.4641,9.5187],[125.4415,9.5177],[125.4399,9.5579]]]},"type":"Feature","id":"b19a575897","properties":{"flclr":"#000000","name":"Villariza","level_id":"reg","layer_val":"0","parent_id":"0","gjsonid":"14"}},{"geometry":{"type":"Polygon","coordinates":[[[125.4586,9.5589],[125.4223,9.5523],[125.4128,9.5758],[125.4552,9.5819],[125.4586,9.5589]]]},"type":"Feature","id":"2a4aee6c83","properties":{"flclr":"#000000","name":"Masgad","level_id":"reg","layer_val":"0","parent_id":"0","gjsonid":"14"}},{"geometry":{"type":"Polygon","coordinates":[[[125.4173,9.7351],[125.3965,9.7424],[125.4009,9.7614],[125.4170,9.7493],[125.4173,9.7351]]]},"type":"Feature","id":"510288b4fc","properties":{"flclr":"#000000","name":"Oslao","level_id":"reg","layer_val":"0","parent_id":"0","gjsonid":"14"}},{"geometry":{"type":"Polygon","coordinates":[[[125.9235,9.2520],[125.9373,9.2368],[125.9299,9.2353],[125.9235,9.2278],[125.9255,9.2198],[125.9216,9.2135],[125.9168,9.2178],[125.9086,9.2122],[125.8836,9.2076],[125.8694,9.2117],[125.7755,9.2090],[125.7748,9.2231],[125.7561,9.2300],[125.7552,9.2351],[125.7552,9.2386],[125.8305,9.2589],[125.8356,9.2634],[125.8501,9.2640],[125.8543,9.2721],[125.8657,9.2795],[125.8812,9.2707],[125.8950,9.2717],[125.9082,9.2558],[125.9235,9.2520]]]},"type":"Feature","id":"9264a98b1f","properties":{"flclr":"#000000","name":"Bayogo","level_id":"reg","layer_val":"0","parent_id":"0","gjsonid":"14"}},{"geometry":{"type":"Polygon","coordinates":[[[125.4170,9.7493],[125.4009,9.7614],[125.4019,9.7687],[125.4110,9.7709],[125.4170,9.7493]]]},"type":"Feature","id":"6063db8bec","properties":{"flclr":"#000000","name":"Banbanon","level_id":"reg","layer_val":"0","parent_id":"0","gjsonid":"14"}},{"geometry":{"type":"Polygon","coordinates":[[[125.9036,9.3551],[125.9165,9.3384],[125.8787,9.3126],[125.8791,9.3172],[125.8716,9.3162],[125.8674,9.3312],[125.8452,9.3353],[125.8918,9.3699],[125.9036,9.3551]]]},"type":"Feature","id":"30c5422460","properties":{"flclr":"#000000","name":"Babuyan","level_id":"reg","layer_val":"0","parent_id":"0","gjsonid":"14"}},{"geometry":{"type":"Polygon","coordinates":[[[125.8838,9.4966],[125.8913,9.4910],[125.9135,9.4326],[125.9075,9.4342],[125.8969,9.4287],[125.8942,9.4139],[125.8983,9.4104],[125.8999,9.4137],[125.9192,9.3941],[125.9118,9.3806],[125.8806,9.3622],[125.8387,9.4335],[125.8658,9.4610],[125.8651,9.4672],[125.8791,9.4687],[125.8788,9.4901],[125.8838,9.4966]]]},"type":"Feature","id":"0072c9ccad","properties":{"flclr":"#000000","name":"Adlay","level_id":"reg","layer_val":"0","parent_id":"0","gjsonid":"14"}},{"geometry":{"type":"Polygon","coordinates":[[[125.9020,9.3055],[125.9040,9.3019],[125.9004,9.3022],[125.8766,9.2750],[125.8657,9.2795],[125.8543,9.2721],[125.8501,9.2640],[125.8356,9.2634],[125.8305,9.2589],[125.7552,9.2386],[125.7530,9.2683],[125.7449,9.2858],[125.7434,9.3140],[125.8418,9.3375],[125.8674,9.3312],[125.8716,9.3162],[125.8990,9.3126],[125.9020,9.3055]]]},"type":"Feature","id":"fb958d6fae","properties":{"flclr":"#000000","name":"Lobo","level_id":"reg","layer_val":"0","parent_id":"0","gjsonid":"14"}},{"geometry":{"type":"Polygon","coordinates":[[[125.5740,9.5445],[125.5756,9.5560],[125.5961,9.5621],[125.6045,9.5440],[125.5740,9.5445]]]},"type":"Feature","id":"c0c0c9c7dc","properties":{"flclr":"#000000","name":"Cawilan","level_id":"reg","layer_val":"0","parent_id":"0","gjsonid":"14"}},{"geometry":{"type":"Polygon","coordinates":[[[125.5747,9.5519],[125.5740,9.5445],[125.5631,9.5467],[125.5659,9.5551],[125.5747,9.5519]]]},"type":"Feature","id":"028b537fd4","properties":{"flclr":"#000000","name":"San Pablo","level_id":"reg","layer_val":"0","parent_id":"0","gjsonid":"14"}},{"geometry":{"type":"Polygon","coordinates":[[[125.5659,9.5551],[125.5626,9.5451],[125.5399,9.5648],[125.5712,9.5746],[125.5937,9.5724],[125.5961,9.5621],[125.5659,9.5551]]]},"type":"Feature","id":"c6d7c03baf","properties":{"flclr":"#000000","name":"Marga","level_id":"reg","layer_val":"0","parent_id":"0","gjsonid":"14"}},{"geometry":{"type":"Polygon","coordinates":[[[125.5631,9.5467],[125.5740,9.5445],[125.5743,9.5420],[125.5664,9.5409],[125.5631,9.5467]]]},"type":"Feature","id":"d18e30942e","properties":{"flclr":"#000000","name":"Del Rosario","level_id":"reg","layer_val":"0","parent_id":"0","gjsonid":"14"}},{"geometry":{"type":"Polygon","coordinates":[[[125.5368,9.5810],[125.5636,9.5885],[125.5687,9.5737],[125.5399,9.5648],[125.5350,9.5700],[125.5368,9.5810]]]},"type":"Feature","id":"dbec16aa0d","properties":{"flclr":"#000000","name":"Capayahan","level_id":"reg","layer_val":"0","parent_id":"0","gjsonid":"14"}},{"geometry":{"type":"Polygon","coordinates":[[[125.5636,9.5885],[125.5368,9.5810],[125.5376,9.5970],[125.5704,9.5942],[125.5636,9.5885]]]},"type":"Feature","id":"bcfb405cae","properties":{"flclr":"#000000","name":"San Isidro","level_id":"reg","layer_val":"0","parent_id":"0","gjsonid":"14"}},{"geometry":{"type":"Polygon","coordinates":[[[125.5747,9.5519],[125.5674,9.5543],[125.5659,9.5551],[125.5756,9.5560],[125.5747,9.5519]]]},"type":"Feature","id":"d0f718ca1e","properties":{"flclr":"#000000","name":"Poblacion (Tubod)","level_id":"reg","layer_val":"0","parent_id":"0","gjsonid":"14"}},{"geometry":{"type":"Polygon","coordinates":[[[125.5892,9.5931],[125.5376,9.5970],[125.5382,9.6070],[125.5881,9.5979],[125.5892,9.5931]]]},"type":"Feature","id":"a0a20a782e","properties":{"flclr":"#000000","name":"Timamana","level_id":"reg","layer_val":"0","parent_id":"0","gjsonid":"14"}},{"geometry":{"type":"Polygon","coordinates":[[[125.5704,9.5942],[125.5892,9.5931],[125.5937,9.5724],[125.5687,9.5737],[125.5636,9.5885],[125.5704,9.5942]]]},"type":"Feature","id":"bbe0c9cd89","properties":{"flclr":"#000000","name":"Motorpool","level_id":"reg","layer_val":"0","parent_id":"0","gjsonid":"14"}},{"geometry":{"type":"Polygon","coordinates":[[[125.5849,9.6941],[125.5802,9.6916],[125.5756,9.6975],[125.5791,9.6998],[125.5849,9.6941]]]},"type":"Feature","id":"103e1d1089","properties":{"flclr":"#000000","name":"Aurora (Pob.)","level_id":"reg","layer_val":"0","parent_id":"0","gjsonid":"14"}},{"geometry":{"type":"Polygon","coordinates":[[[125.4604,9.7569],[125.4613,9.7646],[125.4801,9.7735],[125.4790,9.7585],[125.4604,9.7569]]]},"type":"Feature","id":"d8dd1e8df9","properties":{"flclr":"#000000","name":"Togbongon","level_id":"reg","layer_val":"0","parent_id":"0","gjsonid":"14"}},{"geometry":{"type":"Polygon","coordinates":[[[125.4240,9.7738],[125.4187,9.7774],[125.4264,9.7853],[125.4266,9.7758],[125.4328,9.7681],[125.4240,9.7738]]]},"type":"Feature","id":"8d8645fd83","properties":{"flclr":"#000000","name":"Poblacion","level_id":"reg","layer_val":"0","parent_id":"0","gjsonid":"14"}},{"geometry":{"type":"Polygon","coordinates":[[[125.4187,9.7774],[125.4240,9.7738],[125.4237,9.7649],[125.4217,9.7592],[125.4163,9.7589],[125.4110,9.7709],[125.4187,9.7774]]]},"type":"Feature","id":"1e18345d9b","properties":{"flclr":"#000000","name":"Diaz","level_id":"reg","layer_val":"0","parent_id":"0","gjsonid":"14"}},{"geometry":{"type":"Polygon","coordinates":[[[125.4344,9.7509],[125.4357,9.7418],[125.4165,9.7460],[125.4163,9.7589],[125.4344,9.7509]]]},"type":"Feature","id":"80000f12fc","properties":{"flclr":"#000000","name":"Macopa","level_id":"reg","layer_val":"0","parent_id":"0","gjsonid":"14"}},{"geometry":{"type":"Polygon","coordinates":[[[125.4173,9.7351],[125.4165,9.7460],[125.4357,9.7418],[125.4377,9.7121],[125.4131,9.7164],[125.4173,9.7351]]]},"type":"Feature","id":"be90572e22","properties":{"flclr":"#000000","name":"Magtangale","level_id":"reg","layer_val":"0","parent_id":"0","gjsonid":"14"}},{"geometry":{"type":"Polygon","coordinates":[[[125.5802,9.6916],[125.5927,9.6985],[125.5915,9.6900],[125.6000,9.6806],[125.5812,9.6713],[125.5746,9.6820],[125.5802,9.6916]]]},"type":"Feature","id":"69c9e79362","properties":{"flclr":"#000000","name":"Banban","level_id":"reg","layer_val":"0","parent_id":"0","gjsonid":"14"}},{"geometry":{"type":"Polygon","coordinates":[[[125.5756,9.6975],[125.5802,9.6916],[125.5746,9.6820],[125.5812,9.6713],[125.5674,9.6649],[125.5527,9.6837],[125.5411,9.6838],[125.5334,9.6974],[125.5685,9.7034],[125.5756,9.6975]]]},"type":"Feature","id":"d4ad74dfaa","properties":{"flclr":"#000000","name":"Laurel","level_id":"reg","layer_val":"0","parent_id":"0","gjsonid":"14"}},{"geometry":{"type":"Polygon","coordinates":[[[125.5395,9.6568],[125.5545,9.6564],[125.5531,9.6495],[125.5393,9.6494],[125.5395,9.6568]]]},"type":"Feature","id":"0742df0438","properties":{"flclr":"#000000","name":"Upper Libas","level_id":"reg","layer_val":"0","parent_id":"0","gjsonid":"14"}},{"geometry":{"type":"Polygon","coordinates":[[[125.5545,9.6564],[125.5395,9.6568],[125.5411,9.6838],[125.5527,9.6592],[125.5545,9.6564]]]},"type":"Feature","id":"66333ac6fa","properties":{"flclr":"#000000","name":"Lower Libas","level_id":"reg","layer_val":"0","parent_id":"0","gjsonid":"14"}},{"geometry":{"type":"Polygon","coordinates":[[[125.5545,9.6564],[125.5411,9.6838],[125.5462,9.6859],[125.5527,9.6837],[125.5674,9.6649],[125.5545,9.6564]]]},"type":"Feature","id":"3acbebbab9","properties":{"flclr":"#000000","name":"Union","level_id":"reg","layer_val":"0","parent_id":"0","gjsonid":"14"}},{"geometry":{"type":"Polygon","coordinates":[[[125.5820,9.7268],[125.5838,9.7230],[125.5685,9.7034],[125.5334,9.6974],[125.5820,9.7268]]]},"type":"Feature","id":"b259481590","properties":{"flclr":"#000000","name":"Himamaug","level_id":"reg","layer_val":"0","parent_id":"0","gjsonid":"14"}},{"geometry":{"type":"Polygon","coordinates":[[[125.4902,9.7389],[125.4962,9.7367],[125.4937,9.7304],[125.5008,9.7274],[125.4966,9.7224],[125.4741,9.7258],[125.4693,9.7337],[125.4902,9.7389]]]},"type":"Feature","id":"34f6d62ea1","properties":{"flclr":"#000000","name":"Serna (Bad-asay)","level_id":"reg","layer_val":"0","parent_id":"0","gjsonid":"14"}},{"geometry":{"type":"Polygon","coordinates":[[[125.4240,9.7738],[125.4328,9.7681],[125.4344,9.7509],[125.4217,9.7592],[125.4240,9.7738]]]},"type":"Feature","id":"9b711c655f","properties":{"flclr":"#000000","name":"Honrado","level_id":"reg","layer_val":"0","parent_id":"0","gjsonid":"14"}},{"geometry":{"type":"Polygon","coordinates":[[[125.5838,9.7230],[125.5914,9.7158],[125.5856,9.7027],[125.5928,9.6996],[125.5849,9.6941],[125.5812,9.7016],[125.5756,9.6975],[125.5685,9.7034],[125.5838,9.7230]]]},"type":"Feature","id":"12b1088ee5","properties":{"flclr":"#000000","name":"Sampaguita (Pob.)","level_id":"reg","layer_val":"0","parent_id":"0","gjsonid":"14"}},{"geometry":{"type":"Polygon","coordinates":[[[125.5849,9.6941],[125.5791,9.6998],[125.5812,9.7016],[125.5843,9.6968],[125.5849,9.6941]]]},"type":"Feature","id":"8a9aa10fc3","properties":{"flclr":"#000000","name":"Azucena (Pob.)","level_id":"reg","layer_val":"0","parent_id":"0","gjsonid":"14"}},{"geometry":{"type":"Polygon","coordinates":[[[125.6582,9.7159],[125.6502,9.7109],[125.6536,9.7067],[125.6392,9.7008],[125.6350,9.7092],[125.6403,9.7149],[125.6582,9.7159]]]},"type":"Feature","id":"dd2df79fc8","properties":{"flclr":"#000000","name":"Patino","level_id":"reg","layer_val":"0","parent_id":"0","gjsonid":"14"}},{"geometry":{"type":"Polygon","coordinates":[[[125.6582,9.7159],[125.6403,9.7149],[125.6386,9.7193],[125.6429,9.7251],[125.6451,9.7219],[125.6490,9.7269],[125.6567,9.7223],[125.6590,9.7255],[125.6641,9.7213],[125.6582,9.7159]]]},"type":"Feature","id":"21b68cfdba","properties":{"flclr":"#000000","name":"Cawilan","level_id":"reg","layer_val":"0","parent_id":"0","gjsonid":"14"}},{"geometry":{"type":"Polygon","coordinates":[[[125.5008,9.7274],[125.4937,9.7304],[125.4961,9.7369],[125.4812,9.7437],[125.4959,9.7498],[125.5062,9.7298],[125.5008,9.7274]]]},"type":"Feature","id":"795de9e24b","properties":{"flclr":"#000000","name":"Bonifacio","level_id":"reg","layer_val":"0","parent_id":"0","gjsonid":"14"}},{"geometry":{"type":"Polygon","coordinates":[[[125.6386,9.7193],[125.6403,9.7149],[125.6313,9.7038],[125.6174,9.7042],[125.6225,9.7105],[125.6230,9.7249],[125.6348,9.7263],[125.6386,9.7193]]]},"type":"Feature","id":"299c7df89f","properties":{"flclr":"#000000","name":"Fabio","level_id":"reg","layer_val":"0","parent_id":"0","gjsonid":"14"}},{"geometry":{"type":"Polygon","coordinates":[[[125.4264,9.7853],[125.4386,9.7917],[125.4396,9.8049],[125.4472,9.8056],[125.4457,9.7651],[125.4342,9.7644],[125.4310,9.7747],[125.4266,9.7758],[125.4264,9.7853]]]},"type":"Feature","id":"769f058604","properties":{"flclr":"#000000","name":"Ipil","level_id":"reg","layer_val":"0","parent_id":"0","gjsonid":"14"}},{"geometry":{"type":"Polygon","coordinates":[[[125.4457,9.7651],[125.4474,9.7972],[125.4565,9.7973],[125.4687,9.7904],[125.4803,9.7745],[125.4613,9.7646],[125.4457,9.7651]]]},"type":"Feature","id":"e6c78e6f96","properties":{"flclr":"#000000","name":"Rizal","level_id":"reg","layer_val":"0","parent_id":"0","gjsonid":"14"}},{"geometry":{"type":"Polygon","coordinates":[[[125.4342,9.7644],[125.4613,9.7646],[125.4616,9.7442],[125.4693,9.7337],[125.4539,9.7304],[125.4501,9.7181],[125.4377,9.7188],[125.4342,9.7644]]]},"type":"Feature","id":"26a2b0feed","properties":{"flclr":"#000000","name":"Danao","level_id":"reg","layer_val":"0","parent_id":"0","gjsonid":"14"}},{"geometry":{"type":"Polygon","coordinates":[[[125.4808,9.7944],[125.4903,9.7909],[125.4764,9.7820],[125.4770,9.7869],[125.4808,9.7944]]]},"type":"Feature","id":"55d58a632c","properties":{"flclr":"#000000","name":"San Juan","level_id":"reg","layer_val":"0","parent_id":"0","gjsonid":"14"}},{"geometry":{"type":"Polygon","coordinates":[[[125.4693,9.7337],[125.4616,9.7442],[125.4794,9.7480],[125.4902,9.7389],[125.4693,9.7337]]]},"type":"Feature","id":"f373319dd6","properties":{"flclr":"#000000","name":"Poctoy","level_id":"reg","layer_val":"0","parent_id":"0","gjsonid":"14"}},{"geometry":{"type":"Polygon","coordinates":[[[125.5395,9.7673],[125.5426,9.7654],[125.5456,9.7696],[125.5565,9.7642],[125.5571,9.7551],[125.5279,9.7452],[125.5259,9.7563],[125.5395,9.7673]]]},"type":"Feature","id":"5022fd2514","properties":{"flclr":"#000000","name":"Orok","level_id":"reg","layer_val":"0","parent_id":"0","gjsonid":"14"}},{"geometry":{"type":"Polygon","coordinates":[[[125.4962,9.7915],[125.5023,9.7833],[125.4903,9.7789],[125.4917,9.7863],[125.4962,9.7915]]]},"type":"Feature","id":"a7ddcdc788","properties":{"flclr":"#000000","name":"Taft (Pob.)","level_id":"reg","layer_val":"0","parent_id":"0","gjsonid":"14"}},{"geometry":{"type":"Polygon","coordinates":[[[125.4903,9.7913],[125.4964,9.7924],[125.4903,9.7789],[125.4773,9.7819],[125.4903,9.7913]]]},"type":"Feature","id":"324797e8b0","properties":{"flclr":"#000000","name":"Washington (Pob.)","level_id":"reg","layer_val":"0","parent_id":"0","gjsonid":"14"}},{"geometry":{"type":"Polygon","coordinates":[[[125.5685,9.7373],[125.5820,9.7268],[125.5334,9.6974],[125.5290,9.7073],[125.5400,9.7181],[125.5407,9.7281],[125.5537,9.7293],[125.5685,9.7373]]]},"type":"Feature","id":"4dd7b404cf","properties":{"flclr":"#000000","name":"Cabongbongan","level_id":"reg","layer_val":"0","parent_id":"0","gjsonid":"14"}},{"geometry":{"type":"Polygon","coordinates":[[[125.5572,9.7553],[125.5639,9.7530],[125.5681,9.7448],[125.5642,9.7328],[125.5495,9.7502],[125.5572,9.7553]]]},"type":"Feature","id":"2bb483861c","properties":{"flclr":"#000000","name":"Nabago","level_id":"reg","layer_val":"0","parent_id":"0","gjsonid":"14"}},{"geometry":{"type":"Polygon","coordinates":[[[125.5681,9.7448],[125.5639,9.7530],[125.5730,9.7623],[125.5764,9.7574],[125.5681,9.7448]]]},"type":"Feature","id":"72eedad2d3","properties":{"flclr":"#000000","name":"San Isidro","level_id":"reg","layer_val":"0","parent_id":"0","gjsonid":"14"}},{"geometry":{"type":"Polygon","coordinates":[[[125.6412,9.7941],[125.6345,9.7840],[125.6291,9.7840],[125.6362,9.7983],[125.6412,9.7941]]]},"type":"Feature","id":"147e6a22ff","properties":{"flclr":"#000000","name":"Bitaugan","level_id":"reg","layer_val":"0","parent_id":"0","gjsonid":"14"}},{"geometry":{"type":"Polygon","coordinates":[[[125.6374,9.7865],[125.6412,9.7941],[125.6480,9.7871],[125.6454,9.7839],[125.6374,9.7865]]]},"type":"Feature","id":"1f112d89f0","properties":{"flclr":"#000000","name":"Sugbay","level_id":"reg","layer_val":"0","parent_id":"0","gjsonid":"14"}},{"geometry":{"type":"Polygon","coordinates":[[[125.4593,9.8020],[125.4771,9.7986],[125.4808,9.7944],[125.4761,9.7839],[125.4565,9.7973],[125.4593,9.8020]]]},"type":"Feature","id":"ff8250d966","properties":{"flclr":"#000000","name":"Sabang","level_id":"reg","layer_val":"0","parent_id":"0","gjsonid":"14"}},{"geometry":{"type":"Polygon","coordinates":[[[125.6473,9.7850],[125.6580,9.7722],[125.6435,9.7663],[125.6332,9.7695],[125.6405,9.7759],[125.6359,9.7759],[125.6358,9.7806],[125.6310,9.7705],[125.6241,9.7699],[125.6342,9.7818],[125.6473,9.7850]]]},"type":"Feature","id":"e962dd1b73","properties":{"flclr":"#000000","name":"Cagutsan","level_id":"reg","layer_val":"0","parent_id":"0","gjsonid":"14"}},{"geometry":{"type":"Polygon","coordinates":[[[125.6507,9.7697],[125.6580,9.7722],[125.6671,9.7675],[125.6672,9.7548],[125.6577,9.7576],[125.6531,9.7549],[125.6507,9.7697]]]},"type":"Feature","id":"c7169a20dc","properties":{"flclr":"#000000","name":"San Jose","level_id":"reg","layer_val":"0","parent_id":"0","gjsonid":"14"}},{"geometry":{"type":"Polygon","coordinates":[[[125.5337,9.7660],[125.5259,9.7563],[125.5235,9.7684],[125.5337,9.7660]]]},"type":"Feature","id":"026f90aafa","properties":{"flclr":"#000000","name":"Balibayon","level_id":"reg","layer_val":"0","parent_id":"0","gjsonid":"14"}},{"geometry":{"type":"Polygon","coordinates":[[[125.5008,9.7274],[125.5130,9.7329],[125.5248,9.7152],[125.5004,9.7119],[125.5056,9.7196],[125.4972,9.7241],[125.5008,9.7274]]]},"type":"Feature","id":"33152596f7","properties":{"flclr":"#000000","name":"Quezon","level_id":"reg","layer_val":"0","parent_id":"0","gjsonid":"14"}},{"geometry":{"type":"Polygon","coordinates":[[[125.5248,9.7152],[125.5130,9.7329],[125.5370,9.7346],[125.5400,9.7181],[125.5290,9.7073],[125.5248,9.7152]]]},"type":"Feature","id":"01d22dfdc0","properties":{"flclr":"#000000","name":"Mapawa","level_id":"reg","layer_val":"0","parent_id":"0","gjsonid":"14"}},{"geometry":{"type":"Polygon","coordinates":[[[125.5004,9.7119],[125.5248,9.7152],[125.5334,9.6974],[125.5112,9.6818],[125.4999,9.6969],[125.5039,9.7041],[125.5004,9.7119]]]},"type":"Feature","id":"65a65d0147","properties":{"flclr":"#000000","name":"Trinidad","level_id":"reg","layer_val":"0","parent_id":"0","gjsonid":"14"}},{"geometry":{"type":"Polygon","coordinates":[[[125.4995,9.7729],[125.5071,9.7665],[125.5209,9.7670],[125.5259,9.7563],[125.5055,9.7482],[125.4988,9.7513],[125.4902,9.7740],[125.4995,9.7729]]]},"type":"Feature","id":"98ffa7a400","properties":{"flclr":"#000000","name":"Cagniog","level_id":"reg","layer_val":"0","parent_id":"0","gjsonid":"14"}},{"geometry":{"type":"Polygon","coordinates":[[[125.4903,9.7789],[125.4969,9.7797],[125.5009,9.7757],[125.4902,9.7740],[125.4903,9.7789]]]},"type":"Feature","id":"f186d1f4bd","properties":{"flclr":"#000000","name":"Canlanipa","level_id":"reg","layer_val":"0","parent_id":"0","gjsonid":"14"}},{"geometry":{"type":"Polygon","coordinates":[[[125.5495,9.7502],[125.5629,9.7326],[125.5407,9.7281],[125.5279,9.7452],[125.5495,9.7502]]]},"type":"Feature","id":"47c7762578","properties":{"flclr":"#000000","name":"Capalayan","level_id":"reg","layer_val":"0","parent_id":"0","gjsonid":"14"}},{"geometry":{"type":"Polygon","coordinates":[[[125.4993,9.7509],[125.5055,9.7482],[125.5259,9.7563],[125.5279,9.7452],[125.5370,9.7346],[125.5194,9.7353],[125.5062,9.7298],[125.4959,9.7498],[125.4993,9.7509]]]},"type":"Feature","id":"378192d92a","properties":{"flclr":"#000000","name":"Silop","level_id":"reg","layer_val":"0","parent_id":"0","gjsonid":"14"}},{"geometry":{"type":"Polygon","coordinates":[[[125.5047,9.6889],[125.5112,9.6818],[125.5084,9.6754],[125.4989,9.6756],[125.4882,9.6661],[125.4361,9.6652],[125.4353,9.6685],[125.4755,9.6861],[125.4848,9.6834],[125.5047,9.6889]]]},"type":"Feature","id":"38f1e78ba2","properties":{"flclr":"#000000","name":"Anomar","level_id":"reg","layer_val":"0","parent_id":"0","gjsonid":"14"}},{"geometry":{"type":"Polygon","coordinates":[[[125.5084,9.6754],[125.5112,9.6818],[125.5334,9.6974],[125.5405,9.6901],[125.5411,9.6838],[125.5336,9.6774],[125.5084,9.6754]]]},"type":"Feature","id":"c6f882d6cc","properties":{"flclr":"#000000","name":"Mabuhay","level_id":"reg","layer_val":"0","parent_id":"0","gjsonid":"14"}},{"geometry":{"type":"Polygon","coordinates":[[[125.4361,9.6652],[125.5038,9.6659],[125.5040,9.6611],[125.4400,9.6533],[125.4361,9.6652]]]},"type":"Feature","id":"d82fe8ea9c","properties":{"flclr":"#000000","name":"Ima","level_id":"reg","layer_val":"0","parent_id":"0","gjsonid":"14"}},{"geometry":{"type":"Polygon","coordinates":[[[125.4693,9.7337],[125.4741,9.7258],[125.4893,9.7208],[125.4857,9.7083],[125.4767,9.6980],[125.4755,9.6861],[125.4353,9.6685],[125.4377,9.7188],[125.4501,9.7181],[125.4539,9.7304],[125.4693,9.7337]]]},"type":"Feature","id":"ff26a79c82","properties":{"flclr":"#000000","name":"Mat-i","level_id":"reg","layer_val":"0","parent_id":"0","gjsonid":"14"}},{"geometry":{"type":"Polygon","coordinates":[[[125.4399,9.5579],[125.4415,9.5177],[125.4296,9.5175],[125.4223,9.5523],[125.4399,9.5579]]]},"type":"Feature","id":"e15688a107","properties":{"flclr":"#000000","name":"Cantapoy","level_id":"reg","layer_val":"0","parent_id":"0","gjsonid":"14"}},{"geometry":{"type":"Polygon","coordinates":[[[125.4891,9.7221],[125.5012,9.7247],[125.5053,9.7211],[125.5000,9.7156],[125.5039,9.7041],[125.4999,9.6969],[125.5047,9.6889],[125.4807,9.6834],[125.4748,9.6915],[125.4857,9.7083],[125.4891,9.7221]]]},"type":"Feature","id":"0f5c39b5a3","properties":{"flclr":"#000000","name":"Mabini","level_id":"reg","layer_val":"0","parent_id":"0","gjsonid":"14"}},{"geometry":{"type":"Polygon","coordinates":[[[125.4759,9.7479],[125.4616,9.7442],[125.4604,9.7569],[125.4790,9.7585],[125.4759,9.7479]]]},"type":"Feature","id":"cf082e710e","properties":{"flclr":"#000000","name":"San Roque","level_id":"reg","layer_val":"0","parent_id":"0","gjsonid":"14"}},{"geometry":{"type":"Polygon","coordinates":[[[125.4790,9.7585],[125.4803,9.7745],[125.4764,9.7820],[125.4903,9.7789],[125.4993,9.7509],[125.4812,9.7437],[125.4751,9.7492],[125.4790,9.7585]]]},"type":"Feature","id":"3a3da3549a","properties":{"flclr":"#000000","name":"Luna","level_id":"reg","layer_val":"0","parent_id":"0","gjsonid":"14"}},{"geometry":{"type":"Polygon","coordinates":[[[125.5395,9.7673],[125.5285,9.7690],[125.5338,9.7793],[125.5389,9.7778],[125.5395,9.7673]]]},"type":"Feature","id":"84cb01955b","properties":{"flclr":"#000000","name":"Day-asan","level_id":"reg","layer_val":"0","parent_id":"0","gjsonid":"14"}},{"geometry":{"type":"Polygon","coordinates":[[[125.5464,9.5598],[125.5491,9.5578],[125.5350,9.5308],[125.5281,9.5343],[125.5259,9.5418],[125.5464,9.5598]]]},"type":"Feature","id":"6f601cbebf","properties":{"flclr":"#000000","name":"Mabini","level_id":"reg","layer_val":"0","parent_id":"0","gjsonid":"14"}},{"geometry":{"type":"Polygon","coordinates":[[[125.3955,9.7189],[125.4377,9.7121],[125.4374,9.7082],[125.3952,9.7119],[125.3955,9.7189]]]},"type":"Feature","id":"3a6a42fcdf","properties":{"flclr":"#000000","name":"Linongganan","level_id":"reg","layer_val":"0","parent_id":"0","gjsonid":"14"}},{"geometry":{"type":"Polygon","coordinates":[[[125.5352,9.6294],[125.5391,9.6458],[125.5644,9.6378],[125.5601,9.6228],[125.5352,9.6294]]]},"type":"Feature","id":"e69ef17db4","properties":{"flclr":"#000000","name":"Santa Cruz","level_id":"reg","layer_val":"0","parent_id":"0","gjsonid":"14"}},{"geometry":{"type":"Polygon","coordinates":[[[125.5375,9.6395],[125.5338,9.6176],[125.5035,9.6180],[125.5090,9.6427],[125.5375,9.6395]]]},"type":"Feature","id":"095a49e4a9","properties":{"flclr":"#000000","name":"Biyabid","level_id":"reg","layer_val":"0","parent_id":"0","gjsonid":"14"}},{"geometry":{"type":"Polygon","coordinates":[[[125.5398,9.6672],[125.5395,9.6625],[125.5040,9.6611],[125.5038,9.6659],[125.5398,9.6672]]]},"type":"Feature","id":"5391205ad0","properties":{"flclr":"#000000","name":"San Pablo","level_id":"reg","layer_val":"0","parent_id":"0","gjsonid":"14"}},{"geometry":{"type":"Polygon","coordinates":[[[125.5087,9.6660],[125.5038,9.6659],[125.4882,9.6661],[125.5001,9.6756],[125.5084,9.6754],[125.5087,9.6660]]]},"type":"Feature","id":"83c1e2d06e","properties":{"flclr":"#000000","name":"Sukailang","level_id":"reg","layer_val":"0","parent_id":"0","gjsonid":"14"}},{"geometry":{"type":"Polygon","coordinates":[[[125.5375,9.6395],[125.5054,9.6436],[125.5047,9.6515],[125.5173,9.6513],[125.5157,9.6472],[125.5381,9.6423],[125.5375,9.6395]]]},"type":"Feature","id":"6662b6c8a7","properties":{"flclr":"#000000","name":"Upper Patag","level_id":"reg","layer_val":"0","parent_id":"0","gjsonid":"14"}},{"geometry":{"type":"Polygon","coordinates":[[[125.5054,9.6436],[125.5090,9.6427],[125.5035,9.6180],[125.4500,9.6132],[125.4475,9.6300],[125.5054,9.6436]]]},"type":"Feature","id":"59138fc1c9","properties":{"flclr":"#000000","name":"Gacepan","level_id":"reg","layer_val":"0","parent_id":"0","gjsonid":"14"}},{"geometry":{"type":"Polygon","coordinates":[[[125.5047,9.6515],[125.5054,9.6436],[125.4475,9.6300],[125.4465,9.6365],[125.5047,9.6515]]]},"type":"Feature","id":"a6db10e473","properties":{"flclr":"#000000","name":"Mayag","level_id":"reg","layer_val":"0","parent_id":"0","gjsonid":"14"}},{"geometry":{"type":"Polygon","coordinates":[[[125.5395,9.6568],[125.5381,9.6423],[125.5157,9.6472],[125.5190,9.6553],[125.5395,9.6568]]]},"type":"Feature","id":"b0855dc340","properties":{"flclr":"#000000","name":"Lower Patag","level_id":"reg","layer_val":"0","parent_id":"0","gjsonid":"14"}},{"geometry":{"type":"Polygon","coordinates":[[[125.5190,9.6553],[125.5173,9.6513],[125.5047,9.6515],[125.5045,9.6552],[125.5190,9.6553]]]},"type":"Feature","id":"be262534f1","properties":{"flclr":"#000000","name":"San Isidro","level_id":"reg","layer_val":"0","parent_id":"0","gjsonid":"14"}},{"geometry":{"type":"Polygon","coordinates":[[[125.5045,9.6552],[125.5047,9.6515],[125.4465,9.6365],[125.4400,9.6533],[125.5040,9.6611],[125.5045,9.6552]]]},"type":"Feature","id":"617f90de11","properties":{"flclr":"#000000","name":"Tagbayani","level_id":"reg","layer_val":"0","parent_id":"0","gjsonid":"14"}},{"geometry":{"type":"Polygon","coordinates":[[[125.5411,9.6838],[125.5398,9.6672],[125.5087,9.6660],[125.5084,9.6754],[125.5336,9.6774],[125.5411,9.6838]]]},"type":"Feature","id":"1275215e15","properties":{"flclr":"#000000","name":"Tinogpahan","level_id":"reg","layer_val":"0","parent_id":"0","gjsonid":"14"}},{"geometry":{"type":"Polygon","coordinates":[[[125.5395,9.6568],[125.5045,9.6552],[125.5040,9.6611],[125.5395,9.6625],[125.5395,9.6568]]]},"type":"Feature","id":"9c213e3f6c","properties":{"flclr":"#000000","name":"Poblacion (San Pedro)","level_id":"reg","layer_val":"0","parent_id":"0","gjsonid":"14"}},{"geometry":{"type":"Polygon","coordinates":[[[125.4353,9.6685],[125.4379,9.6585],[125.3915,9.6568],[125.3950,9.6610],[125.3928,9.6761],[125.3963,9.6917],[125.4354,9.6992],[125.4353,9.6685]]]},"type":"Feature","id":"8af4fbf3f2","properties":{"flclr":"#000000","name":"Jubgan","level_id":"reg","layer_val":"0","parent_id":"0","gjsonid":"14"}},{"geometry":{"type":"Polygon","coordinates":[[[125.4374,9.7082],[125.4354,9.6992],[125.3963,9.6917],[125.3952,9.7119],[125.4374,9.7082]]]},"type":"Feature","id":"ca28832ee5","properties":{"flclr":"#000000","name":"Amontay","level_id":"reg","layer_val":"0","parent_id":"0","gjsonid":"14"}},{"geometry":{"type":"Polygon","coordinates":[[[125.3955,9.7189],[125.3965,9.7424],[125.4173,9.7351],[125.4131,9.7164],[125.3955,9.7189]]]},"type":"Feature","id":"c07700b8e0","properties":{"flclr":"#000000","name":"Balite","level_id":"reg","layer_val":"0","parent_id":"0","gjsonid":"14"}},{"geometry":{"type":"Polygon","coordinates":[[[125.5393,9.6494],[125.5532,9.6501],[125.5594,9.6487],[125.5525,9.6430],[125.5391,9.6458],[125.5393,9.6494]]]},"type":"Feature","id":"b2614e96d7","properties":{"flclr":"#000000","name":"San Isidro","level_id":"reg","layer_val":"0","parent_id":"0","gjsonid":"14"}},{"geometry":{"type":"Polygon","coordinates":[[[125.5563,9.6431],[125.5638,9.6571],[125.5842,9.6589],[125.5839,9.6424],[125.5644,9.6378],[125.5563,9.6431]]]},"type":"Feature","id":"0117cf69fa","properties":{"flclr":"#000000","name":"Bugas-bugas","level_id":"reg","layer_val":"0","parent_id":"0","gjsonid":"14"}},{"geometry":{"type":"Polygon","coordinates":[[[125.5674,9.6649],[125.6000,9.6806],[125.6063,9.6774],[125.5994,9.6728],[125.5984,9.6581],[125.5597,9.6598],[125.5674,9.6649]],[[125.5894,9.6715],[125.5905,9.6700],[125.5957,9.6726],[125.5920,9.6751],[125.5894,9.6715]]]},"type":"Feature","id":"9ca3606ee5","properties":{"flclr":"#000000","name":"Suyoc","level_id":"reg","layer_val":"0","parent_id":"0","gjsonid":"14"}},{"geometry":{"type":"Polygon","coordinates":[[[125.6044,9.6486],[125.6107,9.6320],[125.5951,9.6309],[125.5765,9.6388],[125.6044,9.6486]]]},"type":"Feature","id":"2b4acad25c","properties":{"flclr":"#000000","name":"Amoslog","level_id":"reg","layer_val":"0","parent_id":"0","gjsonid":"14"}},{"geometry":{"type":"Polygon","coordinates":[[[125.6044,9.6486],[125.5972,9.6482],[125.5980,9.6526],[125.6043,9.6550],[125.6044,9.6486]]]},"type":"Feature","id":"db37e5c930","properties":{"flclr":"#000000","name":"Ipil (Pob.)","level_id":"reg","layer_val":"0","parent_id":"0","gjsonid":"14"}},{"geometry":{"type":"Polygon","coordinates":[[[125.6028,9.6593],[125.6043,9.6550],[125.5980,9.6526],[125.5990,9.6558],[125.6028,9.6593]]]},"type":"Feature","id":"258e201e42","properties":{"flclr":"#000000","name":"Central (Pob.)","level_id":"reg","layer_val":"0","parent_id":"0","gjsonid":"14"}},{"geometry":{"type":"Polygon","coordinates":[[[125.5892,9.5931],[125.5919,9.6075],[125.6116,9.6290],[125.6249,9.6188],[125.6182,9.6198],[125.6051,9.6016],[125.5892,9.5931]]]},"type":"Feature","id":"2ce79eb697","properties":{"flclr":"#000000","name":"Pananay-an","level_id":"reg","layer_val":"0","parent_id":"0","gjsonid":"14"}},{"geometry":{"type":"Polygon","coordinates":[[[125.5951,9.6309],[125.6100,9.6318],[125.6116,9.6290],[125.6024,9.6200],[125.5938,9.6241],[125.5951,9.6309]]]},"type":"Feature","id":"9ff3a33b52","properties":{"flclr":"#000000","name":"Tagbongabong","level_id":"reg","layer_val":"0","parent_id":"0","gjsonid":"14"}},{"geometry":{"type":"Polygon","coordinates":[[[125.6392,9.7008],[125.6536,9.7067],[125.6589,9.7041],[125.6549,9.7014],[125.6607,9.6993],[125.6571,9.6870],[125.6415,9.6945],[125.6439,9.6976],[125.6392,9.7008]]]},"type":"Feature","id":"35e90bf3da","properties":{"flclr":"#000000","name":"Ellaperal (Nonok)","level_id":"reg","layer_val":"0","parent_id":"0","gjsonid":"14"}},{"geometry":{"type":"Polygon","coordinates":[[[125.6571,9.6870],[125.6565,9.6787],[125.6432,9.6793],[125.6417,9.6944],[125.6571,9.6870]]]},"type":"Feature","id":"859c06fcaf","properties":{"flclr":"#000000","name":"Sani-sani","level_id":"reg","layer_val":"0","parent_id":"0","gjsonid":"14"}},{"geometry":{"type":"Polygon","coordinates":[[[125.6565,9.6787],[125.6622,9.6690],[125.6560,9.6678],[125.6583,9.6640],[125.6442,9.6690],[125.6432,9.6793],[125.6565,9.6787]]]},"type":"Feature","id":"14ed77cc05","properties":{"flclr":"#000000","name":"Lakandula","level_id":"reg","layer_val":"0","parent_id":"0","gjsonid":"14"}},{"geometry":{"type":"Polygon","coordinates":[[[125.5338,9.6176],[125.5352,9.6294],[125.5601,9.6228],[125.5382,9.6070],[125.5338,9.6176]]]},"type":"Feature","id":"0e7702880b","properties":{"flclr":"#000000","name":"Anislagan","level_id":"reg","layer_val":"0","parent_id":"0","gjsonid":"14"}},{"geometry":{"type":"Polygon","coordinates":[[[125.5986,9.6583],[125.6032,9.6599],[125.5972,9.6482],[125.5839,9.6424],[125.5842,9.6589],[125.5986,9.6583]]]},"type":"Feature","id":"1f012c84e4","properties":{"flclr":"#000000","name":"Magsaysay (Pob.)","level_id":"reg","layer_val":"0","parent_id":"0","gjsonid":"14"}},{"geometry":{"type":"Polygon","coordinates":[[[125.5545,9.6564],[125.5597,9.6598],[125.5638,9.6571],[125.5594,9.6487],[125.5532,9.6501],[125.5545,9.6564]]]},"type":"Feature","id":"7fd52dc206","properties":{"flclr":"#000000","name":"Magupange","level_id":"reg","layer_val":"0","parent_id":"0","gjsonid":"14"}},{"geometry":{"type":"Polygon","coordinates":[[[125.6249,9.6188],[125.6169,9.6234],[125.6093,9.6303],[125.6142,9.6339],[125.6204,9.6260],[125.6252,9.6265],[125.6286,9.6204],[125.6249,9.6188]]]},"type":"Feature","id":"caca3fb975","properties":{"flclr":"#000000","name":"Panhutongan","level_id":"reg","layer_val":"0","parent_id":"0","gjsonid":"14"}},{"geometry":{"type":"Polygon","coordinates":[[[125.5644,9.6378],[125.5765,9.6388],[125.5951,9.6309],[125.5938,9.6241],[125.5644,9.6284],[125.5644,9.6378]]]},"type":"Feature","id":"9eb194946e","properties":{"flclr":"#000000","name":"Bad-as","level_id":"reg","layer_val":"0","parent_id":"0","gjsonid":"14"}},{"geometry":{"type":"Polygon","coordinates":[[[125.5919,9.6075],[125.5881,9.5979],[125.5382,9.6070],[125.5511,9.6167],[125.5919,9.6075]]]},"type":"Feature","id":"0d8266dfde","properties":{"flclr":"#000000","name":"Boyongan","level_id":"reg","layer_val":"0","parent_id":"0","gjsonid":"14"}},{"geometry":{"type":"Polygon","coordinates":[[[125.5601,9.6228],[125.5618,9.6249],[125.5747,9.6159],[125.5951,9.6114],[125.5919,9.6075],[125.5799,9.6076],[125.5511,9.6167],[125.5601,9.6228]]]},"type":"Feature","id":"7f81d0d95b","properties":{"flclr":"#000000","name":"Macalaya","level_id":"reg","layer_val":"0","parent_id":"0","gjsonid":"14"}},{"geometry":{"type":"Polygon","coordinates":[[[125.5644,9.6284],[125.5802,9.6275],[125.6024,9.6200],[125.5951,9.6114],[125.5747,9.6159],[125.5618,9.6249],[125.5644,9.6284]]]},"type":"Feature","id":"c56edcd0a7","properties":{"flclr":"#000000","name":"Mabini","level_id":"reg","layer_val":"0","parent_id":"0","gjsonid":"14"}},{"geometry":{"type":"Polygon","coordinates":[[[125.4400,9.6533],[125.4440,9.6435],[125.3979,9.6270],[125.3915,9.6568],[125.4379,9.6585],[125.4400,9.6533]]]},"type":"Feature","id":"a2beb26e9b","properties":{"flclr":"#000000","name":"Cagtinae","level_id":"reg","layer_val":"0","parent_id":"0","gjsonid":"14"}},{"geometry":{"type":"Polygon","coordinates":[[[125.4440,9.6435],[125.4475,9.6300],[125.4000,9.6201],[125.3979,9.6270],[125.4440,9.6435]]]},"type":"Feature","id":"678650e119","properties":{"flclr":"#000000","name":"Doro (Binocaran)","level_id":"reg","layer_val":"0","parent_id":"0","gjsonid":"14"}},{"geometry":{"type":"Polygon","coordinates":[[[125.4128,9.5758],[125.4108,9.5808],[125.4538,9.5928],[125.4552,9.5819],[125.4128,9.5758]]]},"type":"Feature","id":"4fe04fe074","properties":{"flclr":"#000000","name":"Cansayong","level_id":"reg","layer_val":"0","parent_id":"0","gjsonid":"14"}},{"geometry":{"type":"Polygon","coordinates":[[[125.4108,9.5808],[125.4088,9.5864],[125.4529,9.5992],[125.4538,9.5928],[125.4108,9.5808]]]},"type":"Feature","id":"cd5e13b386","properties":{"flclr":"#000000","name":"Bunyasan","level_id":"reg","layer_val":"0","parent_id":"0","gjsonid":"14"}},{"geometry":{"type":"Polygon","coordinates":[[[125.4475,9.6300],[125.4485,9.6231],[125.4016,9.6136],[125.4000,9.6201],[125.4475,9.6300]]]},"type":"Feature","id":"efb224ff15","properties":{"flclr":"#000000","name":"San Isidro (Pob.)","level_id":"reg","layer_val":"0","parent_id":"0","gjsonid":"14"}},{"geometry":{"type":"Polygon","coordinates":[[[125.4491,9.6192],[125.4514,9.6079],[125.4076,9.5934],[125.4028,9.6089],[125.4491,9.6192]]]},"type":"Feature","id":"d5b9a15dee","properties":{"flclr":"#000000","name":"Cayawan","level_id":"reg","layer_val":"0","parent_id":"0","gjsonid":"14"}},{"geometry":{"type":"Polygon","coordinates":[[[125.4088,9.5864],[125.4076,9.5934],[125.4514,9.6079],[125.4529,9.5992],[125.4088,9.5864]]]},"type":"Feature","id":"c5160d62d7","properties":{"flclr":"#000000","name":"Hanagdong","level_id":"reg","layer_val":"0","parent_id":"0","gjsonid":"14"}},{"geometry":{"type":"Polygon","coordinates":[[[125.4300,9.5176],[125.4641,9.5187],[125.4660,9.5049],[125.4341,9.5045],[125.4300,9.5176]]]},"type":"Feature","id":"f79fe6ef55","properties":{"flclr":"#000000","name":"Can-aga","level_id":"reg","layer_val":"0","parent_id":"0","gjsonid":"14"}},{"geometry":{"type":"Polygon","coordinates":[[[125.4477,9.4740],[125.4694,9.4785],[125.4726,9.4479],[125.4533,9.4394],[125.4472,9.4566],[125.4477,9.4740]]]},"type":"Feature","id":"8299fd0710","properties":{"flclr":"#000000","name":"Karihatag","level_id":"reg","layer_val":"0","parent_id":"0","gjsonid":"14"}},{"geometry":{"type":"Polygon","coordinates":[[[125.4694,9.4785],[125.4477,9.4740],[125.4370,9.4837],[125.4341,9.5045],[125.4660,9.5049],[125.4694,9.4785]]]},"type":"Feature","id":"1b5af15f1d","properties":{"flclr":"#000000","name":"Pili","level_id":"reg","layer_val":"0","parent_id":"0","gjsonid":"14"}},{"geometry":{"type":"Polygon","coordinates":[[[125.5368,9.5849],[125.5350,9.5700],[125.5399,9.5648],[125.5160,9.5614],[125.5093,9.5692],[125.5102,9.5849],[125.5368,9.5849]]]},"type":"Feature","id":"18c734f0cd","properties":{"flclr":"#000000","name":"Marayag","level_id":"reg","layer_val":"0","parent_id":"0","gjsonid":"14"}},{"geometry":{"type":"Polygon","coordinates":[[[125.4552,9.5819],[125.4529,9.5992],[125.4739,9.6002],[125.4785,9.5587],[125.4586,9.5589],[125.4552,9.5819]]]},"type":"Feature","id":"7211b633a3","properties":{"flclr":"#000000","name":"Cantugas","level_id":"reg","layer_val":"0","parent_id":"0","gjsonid":"14"}},{"geometry":{"type":"Polygon","coordinates":[[[125.5399,9.5648],[125.5464,9.5598],[125.5259,9.5418],[125.5160,9.5614],[125.5399,9.5648]]]},"type":"Feature","id":"334bd66952","properties":{"flclr":"#000000","name":"San Jose","level_id":"reg","layer_val":"0","parent_id":"0","gjsonid":"14"}},{"geometry":{"type":"Polygon","coordinates":[[[125.5541,9.5543],[125.5664,9.5409],[125.5682,9.5328],[125.5515,9.5220],[125.5458,9.5272],[125.5518,9.5329],[125.5541,9.5543]]]},"type":"Feature","id":"84995be6e9","properties":{"flclr":"#000000","name":"Magpayang","level_id":"reg","layer_val":"0","parent_id":"0","gjsonid":"14"}},{"geometry":{"type":"Polygon","coordinates":[[[125.6626,9.5641],[125.6720,9.5815],[125.6923,9.5808],[125.6853,9.5674],[125.6626,9.5641]]]},"type":"Feature","id":"f65e46f6a0","properties":{"flclr":"#000000","name":"Poniente","level_id":"reg","layer_val":"0","parent_id":"0","gjsonid":"14"}},{"geometry":{"type":"Polygon","coordinates":[[[125.4796,9.4832],[125.4772,9.4770],[125.4897,9.4560],[125.4726,9.4479],[125.4687,9.4844],[125.4796,9.4832]]]},"type":"Feature","id":"4de1c49d19","properties":{"flclr":"#000000","name":"Tapi-an","level_id":"reg","layer_val":"0","parent_id":"0","gjsonid":"14"}},{"geometry":{"type":"Polygon","coordinates":[[[125.4918,9.5384],[125.4849,9.5302],[125.4905,9.5272],[125.4793,9.5306],[125.4791,9.5377],[125.4711,9.5426],[125.4785,9.5587],[125.4942,9.5559],[125.4918,9.5384]]]},"type":"Feature","id":"b1e5794a1b","properties":{"flclr":"#000000","name":"Matin-ao","level_id":"reg","layer_val":"0","parent_id":"0","gjsonid":"14"}},{"geometry":{"type":"Polygon","coordinates":[[[125.5206,9.5415],[125.5264,9.5396],[125.5281,9.5343],[125.5173,9.5347],[125.5206,9.5415]]]},"type":"Feature","id":"8f5930ab5e","properties":{"flclr":"#000000","name":"Quezon (Pob.)","level_id":"reg","layer_val":"0","parent_id":"0","gjsonid":"14"}},{"geometry":{"type":"Polygon","coordinates":[[[125.5743,9.5420],[125.5767,9.5423],[125.5788,9.5271],[125.5682,9.5328],[125.5664,9.5409],[125.5743,9.5420]]]},"type":"Feature","id":"66b9d9b595","properties":{"flclr":"#000000","name":"Siana","level_id":"reg","layer_val":"0","parent_id":"0","gjsonid":"14"}},{"geometry":{"type":"Polygon","coordinates":[[[125.4897,9.5273],[125.4634,9.5238],[125.4603,9.5478],[125.4744,9.5477],[125.4710,9.5427],[125.4791,9.5377],[125.4793,9.5306],[125.4897,9.5273]]]},"type":"Feature","id":"5e1f12cc50","properties":{"flclr":"#000000","name":"San Francisco","level_id":"reg","layer_val":"0","parent_id":"0","gjsonid":"14"}},{"geometry":{"type":"Polygon","coordinates":[[[125.5491,9.5578],[125.5541,9.5543],[125.5518,9.5329],[125.5458,9.5272],[125.5350,9.5308],[125.5491,9.5578]]]},"type":"Feature","id":"b5974b724d","properties":{"flclr":"#000000","name":"Roxas","level_id":"reg","layer_val":"0","parent_id":"0","gjsonid":"14"}},{"geometry":{"type":"Polygon","coordinates":[[[125.5093,9.5692],[125.5191,9.5530],[125.5173,9.5347],[125.4930,9.5374],[125.4954,9.5666],[125.5093,9.5692]]]},"type":"Feature","id":"f5c63eb10c","properties":{"flclr":"#000000","name":"San Isidro","level_id":"reg","layer_val":"0","parent_id":"0","gjsonid":"14"}},{"geometry":{"type":"Polygon","coordinates":[[[125.5206,9.5415],[125.5206,9.5441],[125.5191,9.5530],[125.5264,9.5396],[125.5206,9.5415]]]},"type":"Feature","id":"d2510532c2","properties":{"flclr":"#000000","name":"Magsaysay (Pob.)","level_id":"reg","layer_val":"0","parent_id":"0","gjsonid":"14"}},{"geometry":{"type":"Polygon","coordinates":[[[125.4785,9.5587],[125.4736,9.5481],[125.4603,9.5478],[125.4586,9.5589],[125.4785,9.5587]]]},"type":"Feature","id":"a8219061f3","properties":{"flclr":"#000000","name":"Tolingon","level_id":"reg","layer_val":"0","parent_id":"0","gjsonid":"14"}},{"geometry":{"type":"Polygon","coordinates":[[[125.5370,9.5914],[125.5368,9.5849],[125.5102,9.5849],[125.5109,9.5941],[125.5370,9.5914]]]},"type":"Feature","id":"5b332cfc6c","properties":{"flclr":"#000000","name":"Paco","level_id":"reg","layer_val":"0","parent_id":"0","gjsonid":"14"}},{"geometry":{"type":"Polygon","coordinates":[[[125.4529,9.5992],[125.4500,9.6132],[125.5035,9.6180],[125.5022,9.5949],[125.4739,9.6002],[125.4529,9.5992]]]},"type":"Feature","id":"c78fca37f4","properties":{"flclr":"#000000","name":"Bobona-on","level_id":"reg","layer_val":"0","parent_id":"0","gjsonid":"14"}},{"geometry":{"type":"Polygon","coordinates":[[[125.5338,9.6176],[125.5382,9.6070],[125.5370,9.5914],[125.5022,9.5949],[125.5035,9.6180],[125.5338,9.6176]],[[125.5194,9.6058],[125.5202,9.6051],[125.5206,9.6061],[125.5197,9.6065],[125.5194,9.6058]]]},"type":"Feature","id":"592a9da2c7","properties":{"flclr":"#000000","name":"Silop","level_id":"reg","layer_val":"0","parent_id":"0","gjsonid":"14"}},{"geometry":{"type":"Polygon","coordinates":[[[125.5788,9.5271],[125.5767,9.5423],[125.5790,9.5431],[125.6045,9.5440],[125.6064,9.5409],[125.5788,9.5271]],[[125.5774,9.5395],[125.5806,9.5381],[125.5817,9.5420],[125.5790,9.5427],[125.5774,9.5395]]]},"type":"Feature","id":"5bedec34eb","properties":{"flclr":"#000000","name":"Dayano","level_id":"reg","layer_val":"0","parent_id":"0","gjsonid":"14"}},{"geometry":{"type":"Polygon","coordinates":[[[125.4748,9.5985],[125.5109,9.5941],[125.5093,9.5692],[125.4954,9.5666],[125.4942,9.5559],[125.4785,9.5587],[125.4748,9.5985]]]},"type":"Feature","id":"4f78010ae7","properties":{"flclr":"#000000","name":"Binga","level_id":"reg","layer_val":"0","parent_id":"0","gjsonid":"14"}},{"geometry":{"type":"Polygon","coordinates":[[[125.4799,9.5244],[125.4756,9.5155],[125.4790,9.4990],[125.4669,9.4978],[125.4634,9.5238],[125.4799,9.5244]]]},"type":"Feature","id":"d05f19e75f","properties":{"flclr":"#000000","name":"Mansayao","level_id":"reg","layer_val":"0","parent_id":"0","gjsonid":"14"}},{"geometry":{"type":"Polygon","coordinates":[[[125.4781,9.4973],[125.4755,9.4880],[125.4796,9.4832],[125.4687,9.4844],[125.4669,9.4978],[125.4781,9.4973]]]},"type":"Feature","id":"94351b95f0","properties":{"flclr":"#000000","name":"Tagbuyawan","level_id":"reg","layer_val":"0","parent_id":"0","gjsonid":"14"}},{"geometry":{"type":"Polygon","coordinates":[[[125.6624,9.5470],[125.6465,9.5412],[125.6435,9.5543],[125.6486,9.5662],[125.6642,9.5631],[125.6624,9.5470]]]},"type":"Feature","id":"12c2cac07c","properties":{"flclr":"#000000","name":"Cam-boayon","level_id":"reg","layer_val":"0","parent_id":"0","gjsonid":"14"}},{"geometry":{"type":"Polygon","coordinates":[[[125.6465,9.5412],[125.6624,9.5470],[125.6886,9.5478],[125.7089,9.5560],[125.7114,9.5520],[125.7069,9.5439],[125.6433,9.5365],[125.6465,9.5412]]]},"type":"Feature","id":"fc11f281f6","properties":{"flclr":"#000000","name":"Lahi","level_id":"reg","layer_val":"0","parent_id":"0","gjsonid":"14"}},{"geometry":{"type":"Polygon","coordinates":[[[125.6768,9.5458],[125.6624,9.5470],[125.6626,9.5641],[125.6727,9.5679],[125.6768,9.5458]]]},"type":"Feature","id":"be961d5fcb","properties":{"flclr":"#000000","name":"San Antonio (Bonot)","level_id":"reg","layer_val":"0","parent_id":"0","gjsonid":"14"}},{"geometry":{"type":"Polygon","coordinates":[[[125.6923,9.5808],[125.6720,9.5815],[125.6654,9.5883],[125.6741,9.5889],[125.6852,9.6021],[125.6971,9.5947],[125.6923,9.5808]]]},"type":"Feature","id":"a8f0fb020f","properties":{"flclr":"#000000","name":"Anibongan","level_id":"reg","layer_val":"0","parent_id":"0","gjsonid":"14"}},{"geometry":{"type":"Polygon","coordinates":[[[125.6971,9.5947],[125.6880,9.5991],[125.6852,9.6021],[125.6977,9.5979],[125.6971,9.5947]]]},"type":"Feature","id":"f7b9cf1c48","properties":{"flclr":"#000000","name":"Alambique (Pob.)","level_id":"reg","layer_val":"0","parent_id":"0","gjsonid":"14"}},{"geometry":{"type":"Polygon","coordinates":[[[125.6971,9.5947],[125.6977,9.5979],[125.7100,9.5966],[125.7187,9.5883],[125.6949,9.5859],[125.6971,9.5947]]]},"type":"Feature","id":"0f457e4726","properties":{"flclr":"#000000","name":"Ipil (Pob.)","level_id":"reg","layer_val":"0","parent_id":"0","gjsonid":"14"}},{"geometry":{"type":"Polygon","coordinates":[[[125.6923,9.5808],[125.6949,9.5859],[125.7259,9.5863],[125.7097,9.5855],[125.7125,9.5803],[125.6892,9.5749],[125.6923,9.5808]]]},"type":"Feature","id":"a173e7ef2d","properties":{"flclr":"#000000","name":"Villafranca","level_id":"reg","layer_val":"0","parent_id":"0","gjsonid":"14"}},{"geometry":{"type":"Polygon","coordinates":[[[125.6892,9.5749],[125.7125,9.5803],[125.7083,9.5737],[125.7137,9.5732],[125.7074,9.5675],[125.6853,9.5674],[125.6892,9.5749]]]},"type":"Feature","id":"b248101281","properties":{"flclr":"#000000","name":"Villaflor","level_id":"reg","layer_val":"0","parent_id":"0","gjsonid":"14"}},{"geometry":{"type":"Polygon","coordinates":[[[125.6853,9.5674],[125.7055,9.5674],[125.6978,9.5609],[125.7089,9.5560],[125.6992,9.5528],[125.6744,9.5563],[125.6727,9.5679],[125.6853,9.5674]]]},"type":"Feature","id":"466449dc1d","properties":{"flclr":"#000000","name":"San Isidro","level_id":"reg","layer_val":"0","parent_id":"0","gjsonid":"14"}},{"geometry":{"type":"Polygon","coordinates":[[[125.6992,9.5528],[125.6768,9.5458],[125.6744,9.5563],[125.6992,9.5528]]]},"type":"Feature","id":"18da500449","properties":{"flclr":"#000000","name":"Mahanub","level_id":"reg","layer_val":"0","parent_id":"0","gjsonid":"14"}},{"geometry":{"type":"Polygon","coordinates":[[[125.7309,9.4290],[125.7327,9.4755],[125.7743,9.5553],[125.7828,9.5527],[125.7899,9.5583],[125.8023,9.5531],[125.7309,9.4290]]]},"type":"Feature","id":"c02cb80576","properties":{"flclr":"#000000","name":"Urbiztondo","level_id":"reg","layer_val":"0","parent_id":"0","gjsonid":"14"}},{"geometry":{"type":"Polygon","coordinates":[[[125.7327,9.4755],[125.7310,9.4051],[125.6787,9.4476],[125.6354,9.4694],[125.6437,9.4839],[125.7327,9.4755]]]},"type":"Feature","id":"13fa2fcf20","properties":{"flclr":"#000000","name":"Camam-onan","level_id":"reg","layer_val":"0","parent_id":"0","gjsonid":"14"}},{"geometry":{"type":"Polygon","coordinates":[[[125.8027,9.5521],[125.8320,9.5412],[125.7405,9.3911],[125.7310,9.4051],[125.7309,9.4290],[125.8027,9.5521]]]},"type":"Feature","id":"b5e68b1ffd","properties":{"flclr":"#000000","name":"Taganito","level_id":"reg","layer_val":"0","parent_id":"0","gjsonid":"14"}},{"geometry":{"type":"Polygon","coordinates":[[[125.7242,9.5546],[125.7364,9.5549],[125.7591,9.5470],[125.7279,9.4912],[125.7109,9.5476],[125.7242,9.5546]]]},"type":"Feature","id":"379575d0a3","properties":{"flclr":"#000000","name":"Sapa","level_id":"reg","layer_val":"0","parent_id":"0","gjsonid":"14"}},{"geometry":{"type":"Polygon","coordinates":[[[125.7637,9.5567],[125.7671,9.5531],[125.7743,9.5553],[125.7327,9.4755],[125.7279,9.4912],[125.7637,9.5567]]]},"type":"Feature","id":"1a996a45ff","properties":{"flclr":"#000000","name":"Cabugo","level_id":"reg","layer_val":"0","parent_id":"0","gjsonid":"14"}},{"geometry":{"type":"Polygon","coordinates":[[[125.7279,9.4912],[125.7327,9.4755],[125.6437,9.4839],[125.6348,9.5058],[125.6433,9.5365],[125.7069,9.5439],[125.7109,9.5476],[125.7279,9.4912]]]},"type":"Feature","id":"d5a5e09acb","properties":{"flclr":"#000000","name":"Sico-sico","level_id":"reg","layer_val":"0","parent_id":"0","gjsonid":"14"}},{"geometry":{"type":"Polygon","coordinates":[[[125.7548,9.5625],[125.7637,9.5567],[125.7591,9.5470],[125.7489,9.5511],[125.7548,9.5625]]]},"type":"Feature","id":"6cc56c1d69","properties":{"flclr":"#000000","name":"Wangke","level_id":"reg","layer_val":"0","parent_id":"0","gjsonid":"14"}},{"geometry":{"type":"Polygon","coordinates":[[[125.7403,9.5710],[125.7412,9.5652],[125.7548,9.5625],[125.7489,9.5511],[125.7294,9.5557],[125.7291,9.5639],[125.7403,9.5710]]]},"type":"Feature","id":"a830e647d1","properties":{"flclr":"#000000","name":"Panatao","level_id":"reg","layer_val":"0","parent_id":"0","gjsonid":"14"}},{"geometry":{"type":"Polygon","coordinates":[[[125.7294,9.5557],[125.7242,9.5546],[125.7125,9.5675],[125.7249,9.5740],[125.7234,9.5774],[125.7279,9.5805],[125.7301,9.5707],[125.7364,9.5706],[125.7288,9.5634],[125.7294,9.5557]]]},"type":"Feature","id":"54fffacf6d","properties":{"flclr":"#000000","name":"Ladgaron (Pob.)","level_id":"reg","layer_val":"0","parent_id":"0","gjsonid":"14"}},{"geometry":{"type":"Polygon","coordinates":[[[125.7055,9.5674],[125.7108,9.5690],[125.7242,9.5546],[125.7115,9.5505],[125.7087,9.5561],[125.6980,9.5602],[125.7055,9.5674]]]},"type":"Feature","id":"a15a94cebc","properties":{"flclr":"#000000","name":"Daywan","level_id":"reg","layer_val":"0","parent_id":"0","gjsonid":"14"}},{"geometry":{"type":"Polygon","coordinates":[[[125.7330,9.5822],[125.7403,9.5914],[125.7403,9.5710],[125.7318,9.5717],[125.7330,9.5822]]]},"type":"Feature","id":"905830c10a","properties":{"flclr":"#000000","name":"Tayaga (Pob. East)","level_id":"reg","layer_val":"0","parent_id":"0","gjsonid":"14"}},{"geometry":{"type":"Polygon","coordinates":[[[125.7312,9.5798],[125.7318,9.5717],[125.7301,9.5707],[125.7289,9.5800],[125.7312,9.5798]]]},"type":"Feature","id":"30bf526fe8","properties":{"flclr":"#000000","name":"Bagakay (Pob. West)","level_id":"reg","layer_val":"0","parent_id":"0","gjsonid":"14"}},{"geometry":{"type":"Polygon","coordinates":[[[125.7125,9.5803],[125.7093,9.5853],[125.7330,9.5833],[125.7125,9.5675],[125.7135,9.5737],[125.7083,9.5737],[125.7125,9.5803]]]},"type":"Feature","id":"012f6caae2","properties":{"flclr":"#000000","name":"Magallanes","level_id":"reg","layer_val":"0","parent_id":"0","gjsonid":"14"}},{"geometry":{"type":"Polygon","coordinates":[[[125.5881,9.4937],[125.5832,9.4772],[125.5779,9.4743],[125.5596,9.4854],[125.5659,9.4935],[125.5637,9.4993],[125.5675,9.5025],[125.5781,9.4875],[125.5881,9.4937]]]},"type":"Feature","id":"882c983e78","properties":{"flclr":"#000000","name":"San Pedro","level_id":"reg","layer_val":"0","parent_id":"0","gjsonid":"14"}},{"geometry":{"type":"Polygon","coordinates":[[[125.7455,9.3535],[125.7476,9.3349],[125.5952,9.3339],[125.5847,9.3302],[125.5450,9.3305],[125.5230,9.3491],[125.5335,9.3499],[125.5349,9.3575],[125.5391,9.3587],[125.5450,9.3510],[125.5846,9.3468],[125.7455,9.3535]]]},"type":"Feature","id":"82623adaaa","properties":{"flclr":"#000000","name":"Cuyago","level_id":"reg","layer_val":"0","parent_id":"0","gjsonid":"14"}},{"geometry":{"type":"Polygon","coordinates":[[[125.5832,9.4772],[125.5881,9.4937],[125.6348,9.5058],[125.6437,9.4839],[125.6354,9.4694],[125.6150,9.4742],[125.6106,9.4607],[125.5862,9.4661],[125.5832,9.4772]]]},"type":"Feature","id":"1decab8205","properties":{"flclr":"#000000","name":"Budlingin","level_id":"reg","layer_val":"0","parent_id":"0","gjsonid":"14"}},{"geometry":{"type":"Polygon","coordinates":[[[125.7438,9.3650],[125.7455,9.3535],[125.5846,9.3468],[125.5450,9.3510],[125.5391,9.3587],[125.5459,9.3589],[125.5480,9.3694],[125.5577,9.3686],[125.5620,9.3608],[125.7438,9.3650]]]},"type":"Feature","id":"1e0871fae3","properties":{"flclr":"#000000","name":"Baleguian","level_id":"reg","layer_val":"0","parent_id":"0","gjsonid":"14"}},{"geometry":{"type":"Polygon","coordinates":[[[125.5573,9.4676],[125.5586,9.4736],[125.5769,9.4681],[125.5765,9.4654],[125.5573,9.4676]]]},"type":"Feature","id":"8cf41c26d5","properties":{"flclr":"#000000","name":"Poblacion (Alegria)","level_id":"reg","layer_val":"0","parent_id":"0","gjsonid":"14"}},{"geometry":{"type":"Polygon","coordinates":[[[125.5769,9.4681],[125.5586,9.4736],[125.5596,9.4854],[125.5779,9.4743],[125.5769,9.4681]]]},"type":"Feature","id":"4ca715273f","properties":{"flclr":"#000000","name":"Anahaw","level_id":"reg","layer_val":"0","parent_id":"0","gjsonid":"14"}},{"geometry":{"type":"Polygon","coordinates":[[[125.5677,9.5024],[125.5789,9.4977],[125.6228,9.5190],[125.6348,9.5058],[125.5881,9.4937],[125.5787,9.4874],[125.5677,9.5024]]]},"type":"Feature","id":"71c107b18f","properties":{"flclr":"#000000","name":"Alipao","level_id":"reg","layer_val":"0","parent_id":"0","gjsonid":"14"}},{"geometry":{"type":"Polygon","coordinates":[[[125.6228,9.5190],[125.5789,9.4977],[125.5693,9.5025],[125.5710,9.5094],[125.6134,9.5297],[125.6228,9.5190]]]},"type":"Feature","id":"e264b3f35c","properties":{"flclr":"#000000","name":"San Juan","level_id":"reg","layer_val":"0","parent_id":"0","gjsonid":"14"}},{"geometry":{"type":"Polygon","coordinates":[[[125.5862,9.4661],[125.6062,9.4617],[125.6035,9.4530],[125.5863,9.4583],[125.5862,9.4661]]]},"type":"Feature","id":"73b0ba79ae","properties":{"flclr":"#000000","name":"Ombong","level_id":"reg","layer_val":"0","parent_id":"0","gjsonid":"14"}},{"geometry":{"type":"Polygon","coordinates":[[[125.5682,9.5328],[125.5788,9.5271],[125.6064,9.5409],[125.6134,9.5297],[125.5710,9.5094],[125.5548,9.5141],[125.5515,9.5220],[125.5682,9.5328]]]},"type":"Feature","id":"f1efd45dbb","properties":{"flclr":"#000000","name":"Pongtud","level_id":"reg","layer_val":"0","parent_id":"0","gjsonid":"14"}},{"geometry":{"type":"Polygon","coordinates":[[[125.5535,9.4658],[125.5573,9.4676],[125.5765,9.4654],[125.5757,9.4600],[125.5535,9.4658]]]},"type":"Feature","id":"90ff067a6b","properties":{"flclr":"#000000","name":"Gamuton","level_id":"reg","layer_val":"0","parent_id":"0","gjsonid":"14"}},{"geometry":{"type":"Polygon","coordinates":[[[125.6062,9.4617],[125.6106,9.4607],[125.6150,9.4742],[125.6354,9.4694],[125.6331,9.4456],[125.6035,9.4530],[125.6062,9.4617]]]},"type":"Feature","id":"a0873fdcc0","properties":{"flclr":"#000000","name":"Camp Eduard (Geotina)","level_id":"reg","layer_val":"0","parent_id":"0","gjsonid":"14"}},{"geometry":{"type":"Polygon","coordinates":[[[125.5832,9.4772],[125.5862,9.4661],[125.5863,9.4583],[125.5757,9.4600],[125.5784,9.4774],[125.5832,9.4772]]]},"type":"Feature","id":"8a61e2488a","properties":{"flclr":"#000000","name":"Julio Ouano (Pob.)","level_id":"reg","layer_val":"0","parent_id":"0","gjsonid":"14"}},{"geometry":{"type":"Polygon","coordinates":[[[125.7014,8.9914],[125.7356,9.0483],[125.7451,9.0722],[125.7656,9.1524],[125.7675,9.1636],[125.7561,9.2300],[125.7748,9.2231],[125.7824,9.1499],[125.7549,9.0033],[125.7336,8.9791],[125.7324,8.9688],[125.7375,8.9647],[125.7258,8.9573],[125.6945,8.9737],[125.6959,8.9851],[125.7014,8.9914]]]},"type":"Feature","id":"bab6e74cc8","properties":{"flclr":"#000000","name":"Kolambugan","level_id":"reg","layer_val":"0","parent_id":"0","gjsonid":"14"}},{"geometry":{"type":"Polygon","coordinates":[[[125.7574,9.1191],[125.7491,9.0861],[125.6176,9.0860],[125.6118,9.1116],[125.6119,9.1154],[125.6204,9.1178],[125.6260,9.1142],[125.6415,9.1234],[125.6645,9.1159],[125.7574,9.1191]]]},"type":"Feature","id":"a648c22908","properties":{"flclr":"#000000","name":"Mahaba","level_id":"reg","layer_val":"0","parent_id":"0","gjsonid":"14"}},{"geometry":{"type":"Polygon","coordinates":[[[125.7634,9.1439],[125.7574,9.1191],[125.6645,9.1159],[125.6415,9.1234],[125.6260,9.1142],[125.6204,9.1178],[125.6136,9.1148],[125.6044,9.1220],[125.6007,9.1325],[125.6191,9.1468],[125.7634,9.1439]]]},"type":"Feature","id":"14da295f6c","properties":{"flclr":"#000000","name":"Puting Bato","level_id":"reg","layer_val":"0","parent_id":"0","gjsonid":"14"}},{"geometry":{"type":"Polygon","coordinates":[[[125.7675,9.1636],[125.7634,9.1439],[125.6191,9.1468],[125.6007,9.1325],[125.5812,9.1433],[125.6035,9.1547],[125.6408,9.1659],[125.7675,9.1636]]]},"type":"Feature","id":"11efb02acc","properties":{"flclr":"#000000","name":"Bayabas","level_id":"reg","layer_val":"0","parent_id":"0","gjsonid":"14"}},{"geometry":{"type":"Polygon","coordinates":[[[125.7622,9.1941],[125.7675,9.1636],[125.6408,9.1659],[125.6035,9.1547],[125.5840,9.1439],[125.5743,9.1422],[125.5696,9.1455],[125.5661,9.1691],[125.5888,9.1752],[125.6710,9.1922],[125.7622,9.1941]]]},"type":"Feature","id":"19c69c1182","properties":{"flclr":"#000000","name":"Del Pilar","level_id":"reg","layer_val":"0","parent_id":"0","gjsonid":"14"}},{"geometry":{"type":"Polygon","coordinates":[[[125.5148,9.2231],[125.5489,9.2225],[125.5491,9.2083],[125.5226,9.2082],[125.5229,9.2175],[125.5148,9.2231]]]},"type":"Feature","id":"3e2217ad37","properties":{"flclr":"#000000","name":"Binuangan","level_id":"reg","layer_val":"0","parent_id":"0","gjsonid":"14"}},{"geometry":{"type":"Polygon","coordinates":[[[125.6264,9.2086],[125.6260,9.1919],[125.5698,9.1904],[125.5693,9.2040],[125.6264,9.2086]]]},"type":"Feature","id":"d10c2f121c","properties":{"flclr":"#000000","name":"Do\u00f1a Telesfora","level_id":"reg","layer_val":"0","parent_id":"0","gjsonid":"14"}},{"geometry":{"type":"Polygon","coordinates":[[[125.5489,9.2225],[125.5131,9.2237],[125.5142,9.2376],[125.5046,9.2454],[125.5071,9.2585],[125.5367,9.2608],[125.5489,9.2225]]]},"type":"Feature","id":"1db0d6c157","properties":{"flclr":"#000000","name":"Tagpangahoy","level_id":"reg","layer_val":"0","parent_id":"0","gjsonid":"14"}},{"geometry":{"type":"Polygon","coordinates":[[[125.5059,9.2857],[125.5296,9.2872],[125.5367,9.2608],[125.5071,9.2585],[125.5059,9.2857]]]},"type":"Feature","id":"c0a4a964e6","properties":{"flclr":"#000000","name":"Tinigbasan","level_id":"reg","layer_val":"0","parent_id":"0","gjsonid":"14"}},{"geometry":{"type":"Polygon","coordinates":[[[125.5296,9.2872],[125.5059,9.2857],[125.5035,9.3020],[125.4973,9.3061],[125.4963,9.3130],[125.5240,9.3075],[125.5296,9.2872]]]},"type":"Feature","id":"99dfdd427b","properties":{"flclr":"#000000","name":"Lawigan","level_id":"reg","layer_val":"0","parent_id":"0","gjsonid":"14"}},{"geometry":{"type":"Polygon","coordinates":[[[125.5509,9.1643],[125.5251,9.1647],[125.5209,9.1657],[125.5254,9.1750],[125.5504,9.1717],[125.5509,9.1643]]]},"type":"Feature","id":"cee8a5b3cc","properties":{"flclr":"#000000","name":"Poblacion 2","level_id":"reg","layer_val":"0","parent_id":"0","gjsonid":"14"}},{"geometry":{"type":"Polygon","coordinates":[[[125.5209,9.1657],[125.5509,9.1643],[125.5532,9.1547],[125.5451,9.1495],[125.5351,9.1543],[125.5199,9.1519],[125.5209,9.1657]]]},"type":"Feature","id":"3ded0182f9","properties":{"flclr":"#000000","name":"Poblacion 1","level_id":"reg","layer_val":"0","parent_id":"0","gjsonid":"14"}},{"geometry":{"type":"Polygon","coordinates":[[[125.5451,9.1495],[125.5468,9.1447],[125.5192,9.1399],[125.5199,9.1519],[125.5351,9.1543],[125.5451,9.1495]]]},"type":"Feature","id":"2a0807e5f9","properties":{"flclr":"#000000","name":"Cabayawa","level_id":"reg","layer_val":"0","parent_id":"0","gjsonid":"14"}},{"geometry":{"type":"Polygon","coordinates":[[[125.5468,9.1447],[125.5451,9.1495],[125.5532,9.1547],[125.5697,9.1539],[125.5696,9.1455],[125.5468,9.1447]]]},"type":"Feature","id":"fb3471ae9c","properties":{"flclr":"#000000","name":"Victory","level_id":"reg","layer_val":"0","parent_id":"0","gjsonid":"14"}},{"geometry":{"type":"Polygon","coordinates":[[[125.5697,9.1539],[125.5532,9.1547],[125.5492,9.1673],[125.5519,9.1746],[125.5654,9.1765],[125.5697,9.1539]]]},"type":"Feature","id":"35a1cb76f6","properties":{"flclr":"#000000","name":"Do\u00f1a Rosario","level_id":"reg","layer_val":"0","parent_id":"0","gjsonid":"14"}},{"geometry":{"type":"Polygon","coordinates":[[[125.5226,9.2082],[125.5491,9.2083],[125.5487,9.1719],[125.5254,9.1750],[125.5301,9.1929],[125.5233,9.1990],[125.5226,9.2082]]]},"type":"Feature","id":"717f993b26","properties":{"flclr":"#000000","name":"La Fraternidad","level_id":"reg","layer_val":"0","parent_id":"0","gjsonid":"14"}},{"geometry":{"type":"Polygon","coordinates":[[[125.6269,9.2224],[125.6264,9.2086],[125.5491,9.2035],[125.5489,9.2225],[125.6269,9.2224]]]},"type":"Feature","id":"4dc4253bdb","properties":{"flclr":"#000000","name":"Tagmamarkay","level_id":"reg","layer_val":"0","parent_id":"0","gjsonid":"14"}},{"geometry":{"type":"Polygon","coordinates":[[[125.5654,9.1765],[125.5548,9.1767],[125.5487,9.1719],[125.5491,9.2035],[125.5693,9.2040],[125.5654,9.1765]]]},"type":"Feature","id":"3d9147a414","properties":{"flclr":"#000000","name":"Santa Ana","level_id":"reg","layer_val":"0","parent_id":"0","gjsonid":"14"}},{"geometry":{"type":"Polygon","coordinates":[[[125.5339,9.2710],[125.5288,9.2903],[125.5240,9.3075],[125.5351,9.2971],[125.5338,9.2870],[125.5435,9.2765],[125.5339,9.2710]]]},"type":"Feature","id":"717009a6ca","properties":{"flclr":"#000000","name":"Estanislao Morgado","level_id":"reg","layer_val":"0","parent_id":"0","gjsonid":"14"}},{"geometry":{"type":"Polygon","coordinates":[[[125.5494,9.2734],[125.5422,9.2729],[125.5434,9.2767],[125.5369,9.2800],[125.5338,9.2870],[125.5369,9.2936],[125.5286,9.3063],[125.5772,9.2940],[125.6245,9.2941],[125.6176,9.2844],[125.5983,9.2749],[125.5494,9.2734]]]},"type":"Feature","id":"88ad844905","properties":{"flclr":"#000000","name":"Tagbuyacan","level_id":"reg","layer_val":"0","parent_id":"0","gjsonid":"14"}},{"geometry":{"type":"Polygon","coordinates":[[[125.5422,9.2729],[125.5494,9.2734],[125.5511,9.2584],[125.5380,9.2560],[125.5339,9.2710],[125.5422,9.2729]]]},"type":"Feature","id":"574cdd0e28","properties":{"flclr":"#000000","name":"La Paz","level_id":"reg","layer_val":"0","parent_id":"0","gjsonid":"14"}},{"geometry":{"type":"Polygon","coordinates":[[[125.7541,9.2445],[125.7552,9.2351],[125.5713,9.2375],[125.5468,9.2288],[125.5425,9.2421],[125.5699,9.2498],[125.7541,9.2445]]]},"type":"Feature","id":"f2b63a3521","properties":{"flclr":"#000000","name":"Jagupit","level_id":"reg","layer_val":"0","parent_id":"0","gjsonid":"14"}},{"geometry":{"type":"Polygon","coordinates":[[[125.7530,9.2683],[125.7533,9.2543],[125.5632,9.2610],[125.5542,9.2576],[125.5505,9.2637],[125.5842,9.2632],[125.5964,9.2685],[125.6229,9.2652],[125.6288,9.2823],[125.6448,9.2775],[125.6787,9.2912],[125.6973,9.2807],[125.7050,9.2912],[125.7145,9.2890],[125.7388,9.2712],[125.7530,9.2683]]]},"type":"Feature","id":"3a818b9bd3","properties":{"flclr":"#000000","name":"Poblacion I","level_id":"reg","layer_val":"0","parent_id":"0","gjsonid":"14"}},{"geometry":{"type":"Polygon","coordinates":[[[125.5425,9.2421],[125.5380,9.2560],[125.5608,9.2610],[125.7533,9.2543],[125.7541,9.2445],[125.5699,9.2498],[125.5425,9.2421]]]},"type":"Feature","id":"4c065944e0","properties":{"flclr":"#000000","name":"Curva","level_id":"reg","layer_val":"0","parent_id":"0","gjsonid":"14"}},{"geometry":{"type":"Polygon","coordinates":[[[125.5505,9.2637],[125.5494,9.2734],[125.5983,9.2749],[125.5772,9.2659],[125.5505,9.2637]]]},"type":"Feature","id":"fb8098eb07","properties":{"flclr":"#000000","name":"Poblacion II","level_id":"reg","layer_val":"0","parent_id":"0","gjsonid":"14"}},{"geometry":{"type":"Polygon","coordinates":[[[125.7276,9.4094],[125.7376,9.3957],[125.5495,9.3931],[125.5455,9.4027],[125.6071,9.4021],[125.6078,9.4094],[125.6163,9.4099],[125.7276,9.4094]]]},"type":"Feature","id":"1e2cbbdac3","properties":{"flclr":"#000000","name":"Jaliobong","level_id":"reg","layer_val":"0","parent_id":"0","gjsonid":"14"}},{"geometry":{"type":"Polygon","coordinates":[[[125.7376,9.3957],[125.7444,9.3790],[125.5565,9.3772],[125.5608,9.3908],[125.5504,9.3933],[125.7376,9.3957]]]},"type":"Feature","id":"1dd1d0d197","properties":{"flclr":"#000000","name":"Bangayan","level_id":"reg","layer_val":"0","parent_id":"0","gjsonid":"14"}},{"geometry":{"type":"Polygon","coordinates":[[[125.6163,9.4099],[125.6160,9.4280],[125.6039,9.4281],[125.5786,9.4470],[125.5846,9.4510],[125.6105,9.4467],[125.6278,9.4200],[125.6261,9.4100],[125.6163,9.4099]]]},"type":"Feature","id":"88bc413182","properties":{"flclr":"#000000","name":"Mahayahay","level_id":"reg","layer_val":"0","parent_id":"0","gjsonid":"14"}},{"geometry":{"type":"Polygon","coordinates":[[[125.6039,9.4281],[125.6160,9.4280],[125.6163,9.4099],[125.6078,9.4094],[125.6071,9.4021],[125.5677,9.4032],[125.5683,9.4137],[125.5753,9.4139],[125.5788,9.4263],[125.5844,9.4299],[125.6039,9.4281]]]},"type":"Feature","id":"67d9165110","properties":{"flclr":"#000000","name":"San Isidro","level_id":"reg","layer_val":"0","parent_id":"0","gjsonid":"14"}},{"geometry":{"type":"Polygon","coordinates":[[[125.7002,9.4297],[125.7276,9.4094],[125.6261,9.4100],[125.6278,9.4200],[125.6105,9.4467],[125.6129,9.4504],[125.7002,9.4297]]]},"type":"Feature","id":"f04b4baa16","properties":{"flclr":"#000000","name":"Hinimbangan","level_id":"reg","layer_val":"0","parent_id":"0","gjsonid":"14"}},{"geometry":{"type":"Polygon","coordinates":[[[125.5786,9.4470],[125.6016,9.4298],[125.6039,9.4281],[125.5870,9.4283],[125.5737,9.4365],[125.5718,9.4452],[125.5786,9.4470]]]},"type":"Feature","id":"ee63596e43","properties":{"flclr":"#000000","name":"Sangay","level_id":"reg","layer_val":"0","parent_id":"0","gjsonid":"14"}},{"geometry":{"type":"Polygon","coordinates":[[[125.5780,9.4596],[125.5889,9.4579],[125.6129,9.4504],[125.6066,9.4464],[125.5745,9.4524],[125.5780,9.4596]]]},"type":"Feature","id":"89c2216e3a","properties":{"flclr":"#000000","name":"Poblacion","level_id":"reg","layer_val":"0","parent_id":"0","gjsonid":"14"}},{"geometry":{"type":"Polygon","coordinates":[[[125.5535,9.4658],[125.5757,9.4600],[125.5780,9.4596],[125.5745,9.4524],[125.5515,9.4567],[125.5558,9.4632],[125.5535,9.4658]]]},"type":"Feature","id":"c13c7563a0","properties":{"flclr":"#000000","name":"Songkoy","level_id":"reg","layer_val":"0","parent_id":"0","gjsonid":"14"}},{"geometry":{"type":"Polygon","coordinates":[[[125.4613,9.3901],[125.4847,9.3915],[125.4914,9.3681],[125.4700,9.3665],[125.4613,9.3901]]]},"type":"Feature","id":"eca3f2171d","properties":{"flclr":"#000000","name":"San Jose","level_id":"reg","layer_val":"0","parent_id":"0","gjsonid":"14"}},{"geometry":{"type":"Polygon","coordinates":[[[125.5515,9.4567],[125.5818,9.4537],[125.5836,9.4508],[125.5718,9.4452],[125.5737,9.4365],[125.5501,9.4363],[125.5515,9.4567]]]},"type":"Feature","id":"2ecd674f1e","properties":{"flclr":"#000000","name":"Crossing","level_id":"reg","layer_val":"0","parent_id":"0","gjsonid":"14"}},{"geometry":{"type":"Polygon","coordinates":[[[125.5737,9.4365],[125.5844,9.4299],[125.5788,9.4263],[125.5753,9.4139],[125.5513,9.4132],[125.5575,9.4260],[125.5501,9.4363],[125.5737,9.4365]]]},"type":"Feature","id":"6da1fa8435","properties":{"flclr":"#000000","name":"San Roque","level_id":"reg","layer_val":"0","parent_id":"0","gjsonid":"14"}},{"geometry":{"type":"Polygon","coordinates":[[[125.5513,9.4132],[125.5683,9.4137],[125.5677,9.4032],[125.5455,9.4034],[125.5513,9.4132]]]},"type":"Feature","id":"9b12e25f03","properties":{"flclr":"#000000","name":"Canaway","level_id":"reg","layer_val":"0","parent_id":"0","gjsonid":"14"}},{"geometry":{"type":"Polygon","coordinates":[[[125.4726,9.4479],[125.4871,9.4533],[125.4919,9.4354],[125.4897,9.4298],[125.5005,9.4069],[125.4818,9.4013],[125.4726,9.4479]]]},"type":"Feature","id":"12bcef5dab","properties":{"flclr":"#000000","name":"Bunga","level_id":"reg","layer_val":"0","parent_id":"0","gjsonid":"14"}},{"geometry":{"type":"Polygon","coordinates":[[[125.4533,9.4394],[125.4701,9.4467],[125.4847,9.3915],[125.4613,9.3901],[125.4617,9.4147],[125.4503,9.4214],[125.4533,9.4394]]]},"type":"Feature","id":"04ac112b05","properties":{"flclr":"#000000","name":"San Vicente","level_id":"reg","layer_val":"0","parent_id":"0","gjsonid":"14"}},{"geometry":{"type":"Polygon","coordinates":[[[125.4700,9.3665],[125.4914,9.3681],[125.5011,9.3464],[125.4863,9.3410],[125.4821,9.3541],[125.4699,9.3612],[125.4700,9.3665]]]},"type":"Feature","id":"e8aedfa8fb","properties":{"flclr":"#000000","name":"Magdagooc","level_id":"reg","layer_val":"0","parent_id":"0","gjsonid":"14"}},{"geometry":{"type":"Polygon","coordinates":[[[125.5126,9.3100],[125.4963,9.3130],[125.4863,9.3410],[125.5011,9.3464],[125.5092,9.3303],[125.5126,9.3100]]]},"type":"Feature","id":"a3bd6b575e","properties":{"flclr":"#000000","name":"Santo Ni\u00f1o","level_id":"reg","layer_val":"0","parent_id":"0","gjsonid":"14"}},{"geometry":{"type":"Polygon","coordinates":[[[125.5005,9.4069],[125.5026,9.3875],[125.5156,9.3530],[125.4999,9.3517],[125.4829,9.3970],[125.4818,9.4013],[125.5005,9.4069]]]},"type":"Feature","id":"93b6fb4cc4","properties":{"flclr":"#000000","name":"San Pablo","level_id":"reg","layer_val":"0","parent_id":"0","gjsonid":"14"}},{"geometry":{"type":"Polygon","coordinates":[[[125.4999,9.3517],[125.5157,9.3529],[125.5225,9.3216],[125.5110,9.3195],[125.4999,9.3517]]]},"type":"Feature","id":"4f3b1fa490","properties":{"flclr":"#000000","name":"Poblacion (Jabonga)","level_id":"reg","layer_val":"0","parent_id":"0","gjsonid":"14"}},{"geometry":{"type":"Polygon","coordinates":[[[125.5400,9.3035],[125.5126,9.3100],[125.5110,9.3195],[125.5229,9.3245],[125.5368,9.3231],[125.5431,9.3141],[125.5400,9.3035]]]},"type":"Feature","id":"1edd8d8b7d","properties":{"flclr":"#000000","name":"Colorado","level_id":"reg","layer_val":"0","parent_id":"0","gjsonid":"14"}},{"geometry":{"type":"Polygon","coordinates":[[[125.7476,9.3349],[125.7486,9.3260],[125.7435,9.3164],[125.5763,9.3112],[125.5423,9.3142],[125.5450,9.3305],[125.7476,9.3349]]]},"type":"Feature","id":"40144a9360","properties":{"flclr":"#000000","name":"Bangonay","level_id":"reg","layer_val":"0","parent_id":"0","gjsonid":"14"}},{"geometry":{"type":"Polygon","coordinates":[[[125.5565,9.3772],[125.5791,9.3768],[125.5620,9.3608],[125.5577,9.3686],[125.5517,9.3685],[125.5565,9.3772]]]},"type":"Feature","id":"17829e329b","properties":{"flclr":"#000000","name":"A. Beltran (Camalig)","level_id":"reg","layer_val":"0","parent_id":"0","gjsonid":"14"}},{"geometry":{"type":"Polygon","coordinates":[[[125.7444,9.3790],[125.7438,9.3650],[125.5620,9.3608],[125.5791,9.3768],[125.7444,9.3790]]]},"type":"Feature","id":"ea5ea7d09f","properties":{"flclr":"#000000","name":"Maraiging","level_id":"reg","layer_val":"0","parent_id":"0","gjsonid":"14"}},{"geometry":{"type":"Polygon","coordinates":[[[125.5236,9.3278],[125.5303,9.3268],[125.5301,9.3420],[125.5450,9.3305],[125.5423,9.3142],[125.5368,9.3231],[125.5229,9.3245],[125.5236,9.3278]]]},"type":"Feature","id":"39e66f527a","properties":{"flclr":"#000000","name":"Magsaysay","level_id":"reg","layer_val":"0","parent_id":"0","gjsonid":"14"}},{"geometry":{"type":"Polygon","coordinates":[[[125.5452,9.1191],[125.5548,9.1236],[125.5724,9.1185],[125.5880,9.1201],[125.5695,9.1076],[125.5551,9.1036],[125.5419,9.1100],[125.5452,9.1191]]]},"type":"Feature","id":"82958cb1c4","properties":{"flclr":"#000000","name":"Mabini","level_id":"reg","layer_val":"0","parent_id":"0","gjsonid":"14"}},{"geometry":{"type":"Polygon","coordinates":[[[125.5327,9.1239],[125.5342,9.1230],[125.5282,9.1212],[125.5310,9.1236],[125.5327,9.1239]]]},"type":"Feature","id":"de4a210f8f","properties":{"flclr":"#000000","name":"Poblacion 1","level_id":"reg","layer_val":"0","parent_id":"0","gjsonid":"14"}},{"geometry":{"type":"Polygon","coordinates":[[[125.5337,9.1243],[125.5317,9.1261],[125.5326,9.1270],[125.5329,9.1263],[125.5337,9.1243]]]},"type":"Feature","id":"46c331b214","properties":{"flclr":"#000000","name":"Poblacion 2","level_id":"reg","layer_val":"0","parent_id":"0","gjsonid":"14"}},{"geometry":{"type":"Polygon","coordinates":[[[125.5317,9.1261],[125.5327,9.1239],[125.5263,9.1218],[125.5289,9.1233],[125.5317,9.1261]]]},"type":"Feature","id":"cd2ace2758","properties":{"flclr":"#000000","name":"Poblacion 3","level_id":"reg","layer_val":"0","parent_id":"0","gjsonid":"14"}},{"geometry":{"type":"Polygon","coordinates":[[[125.5342,9.1230],[125.5326,9.1270],[125.5351,9.1275],[125.5358,9.1235],[125.5342,9.1230]]]},"type":"Feature","id":"deb0e5be76","properties":{"flclr":"#000000","name":"Poblacion 6","level_id":"reg","layer_val":"0","parent_id":"0","gjsonid":"14"}},{"geometry":{"type":"Polygon","coordinates":[[[125.5358,9.1235],[125.5366,9.1237],[125.5384,9.1242],[125.5345,9.1221],[125.5358,9.1235]]]},"type":"Feature","id":"a79ad50013","properties":{"flclr":"#000000","name":"Poblacion 8","level_id":"reg","layer_val":"0","parent_id":"0","gjsonid":"14"}},{"geometry":{"type":"Polygon","coordinates":[[[125.5384,9.1242],[125.5358,9.1235],[125.5351,9.1275],[125.5400,9.1263],[125.5384,9.1242]]]},"type":"Feature","id":"6fd302e267","properties":{"flclr":"#000000","name":"Poblacion 7","level_id":"reg","layer_val":"0","parent_id":"0","gjsonid":"14"}},{"geometry":{"type":"Polygon","coordinates":[[[125.5384,9.1242],[125.5458,9.1256],[125.5488,9.1219],[125.5384,9.1200],[125.5384,9.1242]]]},"type":"Feature","id":"105b6c96f8","properties":{"flclr":"#000000","name":"Poblacion 9","level_id":"reg","layer_val":"0","parent_id":"0","gjsonid":"14"}},{"geometry":{"type":"Polygon","coordinates":[[[125.5300,9.1127],[125.5551,9.1036],[125.5541,9.0998],[125.5314,9.0954],[125.5250,9.1125],[125.5300,9.1127]]]},"type":"Feature","id":"488211370c","properties":{"flclr":"#000000","name":"Calibunan","level_id":"reg","layer_val":"0","parent_id":"0","gjsonid":"14"}},{"geometry":{"type":"Polygon","coordinates":[[[125.5261,9.1222],[125.5321,9.1208],[125.5300,9.1127],[125.5250,9.1125],[125.5224,9.1182],[125.5261,9.1222]]]},"type":"Feature","id":"90abe2cd2a","properties":{"flclr":"#000000","name":"Tolosa","level_id":"reg","layer_val":"0","parent_id":"0","gjsonid":"14"}},{"geometry":{"type":"Polygon","coordinates":[[[125.5345,9.1221],[125.5371,9.1194],[125.5341,9.1103],[125.5319,9.1117],[125.5345,9.1221]]]},"type":"Feature","id":"f396fe5ad1","properties":{"flclr":"#000000","name":"Poblacion 11","level_id":"reg","layer_val":"0","parent_id":"0","gjsonid":"14"}},{"geometry":{"type":"Polygon","coordinates":[[[125.5376,9.1222],[125.5388,9.1188],[125.5391,9.1185],[125.5360,9.1198],[125.5376,9.1222]]]},"type":"Feature","id":"3da58ff651","properties":{"flclr":"#000000","name":"Poblacion 10","level_id":"reg","layer_val":"0","parent_id":"0","gjsonid":"14"}},{"geometry":{"type":"Polygon","coordinates":[[[125.5371,9.1194],[125.5452,9.1191],[125.5419,9.1100],[125.5341,9.1103],[125.5371,9.1194]]]},"type":"Feature","id":"c70729b83b","properties":{"flclr":"#000000","name":"Poblacion 12","level_id":"reg","layer_val":"0","parent_id":"0","gjsonid":"14"}},{"geometry":{"type":"Polygon","coordinates":[[[125.5331,9.1227],[125.5352,9.1202],[125.5319,9.1117],[125.5338,9.1208],[125.5331,9.1227]]]},"type":"Feature","id":"726b7f979f","properties":{"flclr":"#000000","name":"Poblacion 5","level_id":"reg","layer_val":"0","parent_id":"0","gjsonid":"14"}},{"geometry":{"type":"Polygon","coordinates":[[[125.5300,9.1127],[125.5321,9.1208],[125.5293,9.1208],[125.5331,9.1227],[125.5300,9.1127]]]},"type":"Feature","id":"e7283fa395","properties":{"flclr":"#000000","name":"Poblacion 4","level_id":"reg","layer_val":"0","parent_id":"0","gjsonid":"14"}},{"geometry":{"type":"Polygon","coordinates":[[[125.5319,9.1431],[125.5446,9.1448],[125.5418,9.1282],[125.5294,9.1237],[125.5243,9.1333],[125.5337,9.1385],[125.5319,9.1431]]]},"type":"Feature","id":"139e961080","properties":{"flclr":"#000000","name":"Kauswagan","level_id":"reg","layer_val":"0","parent_id":"0","gjsonid":"14"}},{"geometry":{"type":"Polygon","coordinates":[[[125.5243,9.1333],[125.5294,9.1237],[125.5219,9.1198],[125.5243,9.1258],[125.5243,9.1333]]]},"type":"Feature","id":"f53deaf442","properties":{"flclr":"#000000","name":"Cabinet","level_id":"reg","layer_val":"0","parent_id":"0","gjsonid":"14"}},{"geometry":{"type":"Polygon","coordinates":[[[125.5446,9.1448],[125.5743,9.1454],[125.5636,9.1217],[125.5512,9.1209],[125.5400,9.1263],[125.5446,9.1448]]]},"type":"Feature","id":"67accea712","properties":{"flclr":"#000000","name":"Comagascas","level_id":"reg","layer_val":"0","parent_id":"0","gjsonid":"14"}},{"geometry":{"type":"Polygon","coordinates":[[[125.5243,9.1333],[125.5198,9.1395],[125.5319,9.1431],[125.5337,9.1385],[125.5243,9.1333]]]},"type":"Feature","id":"1742d055be","properties":{"flclr":"#000000","name":"Caasinan","level_id":"reg","layer_val":"0","parent_id":"0","gjsonid":"14"}},{"geometry":{"type":"Polygon","coordinates":[[[125.5541,9.0998],[125.5551,9.1036],[125.5712,9.1092],[125.5772,9.0924],[125.5681,9.0932],[125.5609,9.0800],[125.5541,9.0998]]]},"type":"Feature","id":"5ed3a61302","properties":{"flclr":"#000000","name":"Soriano","level_id":"reg","layer_val":"0","parent_id":"0","gjsonid":"14"}},{"geometry":{"type":"Polygon","coordinates":[[[125.5826,9.0913],[125.5772,9.0924],[125.5712,9.1092],[125.5880,9.1201],[125.5910,9.0891],[125.5826,9.0913]]]},"type":"Feature","id":"fa34a7b6d0","properties":{"flclr":"#000000","name":"Bay-ang","level_id":"reg","layer_val":"0","parent_id":"0","gjsonid":"14"}},{"geometry":{"type":"Polygon","coordinates":[[[125.6176,9.0860],[125.6020,9.0814],[125.5910,9.0891],[125.5880,9.1201],[125.6007,9.1239],[125.6119,9.1154],[125.6176,9.0860]]]},"type":"Feature","id":"8aae5b59e7","properties":{"flclr":"#000000","name":"Calamba","level_id":"reg","layer_val":"0","parent_id":"0","gjsonid":"14"}},{"geometry":{"type":"Polygon","coordinates":[[[125.5743,9.1422],[125.5812,9.1433],[125.6007,9.1325],[125.6044,9.1220],[125.5674,9.1197],[125.5655,9.1264],[125.5743,9.1422]]]},"type":"Feature","id":"e7024e8561","properties":{"flclr":"#000000","name":"Katugasan","level_id":"reg","layer_val":"0","parent_id":"0","gjsonid":"14"}},{"geometry":{"type":"Polygon","coordinates":[[[125.5963,9.5606],[125.5937,9.5724],[125.6462,9.5965],[125.6306,9.5621],[125.5963,9.5606]]]},"type":"Feature","id":"dcc274669d","properties":{"flclr":"#000000","name":"Dugsangon","level_id":"reg","layer_val":"0","parent_id":"0","gjsonid":"14"}},{"geometry":{"type":"Polygon","coordinates":[[[125.5937,9.5724],[125.5892,9.5931],[125.6051,9.6016],[125.6154,9.6177],[125.6462,9.5965],[125.5937,9.5724]]]},"type":"Feature","id":"c6490455f8","properties":{"flclr":"#000000","name":"Santo Rosario","level_id":"reg","layer_val":"0","parent_id":"0","gjsonid":"14"}},{"geometry":{"type":"Polygon","coordinates":[[[125.6465,9.5412],[125.6348,9.5058],[125.6045,9.5440],[125.6246,9.5476],[125.6312,9.5534],[125.6465,9.5412]]]},"type":"Feature","id":"351872c519","properties":{"flclr":"#000000","name":"Pungtod","level_id":"reg","layer_val":"0","parent_id":"0","gjsonid":"14"}},{"geometry":{"type":"Polygon","coordinates":[[[125.6621,9.6013],[125.6852,9.6021],[125.6741,9.5889],[125.6654,9.5883],[125.6720,9.5815],[125.6644,9.5659],[125.6486,9.5662],[125.6442,9.5718],[125.6621,9.6013]]]},"type":"Feature","id":"42b357ce0d","properties":{"flclr":"#000000","name":"Cabugao","level_id":"reg","layer_val":"0","parent_id":"0","gjsonid":"14"}},{"geometry":{"type":"Polygon","coordinates":[[[125.6045,9.5440],[125.5963,9.5606],[125.6306,9.5621],[125.6323,9.5534],[125.6246,9.5476],[125.6045,9.5440]]]},"type":"Feature","id":"6dff364bc6","properties":{"flclr":"#000000","name":"Payapag","level_id":"reg","layer_val":"0","parent_id":"0","gjsonid":"14"}},{"geometry":{"type":"Polygon","coordinates":[[[125.6462,9.5965],[125.6509,9.6050],[125.6621,9.6013],[125.6442,9.5718],[125.6325,9.5692],[125.6462,9.5965]]]},"type":"Feature","id":"ec2d0979d7","properties":{"flclr":"#000000","name":"Campo","level_id":"reg","layer_val":"0","parent_id":"0","gjsonid":"14"}},{"geometry":{"type":"Polygon","coordinates":[[[125.6509,9.6050],[125.6462,9.5965],[125.6154,9.6177],[125.6286,9.6204],[125.6509,9.6050]]]},"type":"Feature","id":"f9c9a14e1b","properties":{"flclr":"#000000","name":"Poblacion","level_id":"reg","layer_val":"0","parent_id":"0","gjsonid":"14"}},{"geometry":{"type":"Polygon","coordinates":[[[125.6416,9.5449],[125.6312,9.5534],[125.6320,9.5553],[125.6396,9.5524],[125.6416,9.5449]]]},"type":"Feature","id":"543aef8170","properties":{"flclr":"#000000","name":"Pautao","level_id":"reg","layer_val":"0","parent_id":"0","gjsonid":"14"}},{"geometry":{"type":"Polygon","coordinates":[[[125.6306,9.5621],[125.6325,9.5692],[125.6442,9.5718],[125.6486,9.5662],[125.6435,9.5543],[125.6465,9.5412],[125.6374,9.5546],[125.6289,9.5568],[125.6306,9.5621]]]},"type":"Feature","id":"3e413fef8a","properties":{"flclr":"#000000","name":"Cambuayon","level_id":"reg","layer_val":"0","parent_id":"0","gjsonid":"14"}}]}