{"type":"FeatureCollection","features":[{"geometry":{"type":"Polygon","coordinates":[[[125.3255,5.5910],[125.3255,5.5909],[125.3255,5.5895],[125.3255,5.5909],[125.3255,5.5910]]]},"type":"Feature","id":"7ec36b6b9b","properties":{"flclr":"#000000","name":"Kitayo","level_id":"reg","layer_val":"0","parent_id":"0","gjsonid":"12"}},{"geometry":{"type":"Polygon","coordinates":[[[125.3255,5.5910],[125.3255,5.5909],[125.3255,5.5895],[125.3255,5.5909],[125.3255,5.5910]]]},"type":"Feature","id":"7ec36b6b9b","properties":{"flclr":"#000000","name":"Batulaki","level_id":"reg","layer_val":"0","parent_id":"0","gjsonid":"13"}},{"geometry":{"type":"Polygon","coordinates":[[[125.3460,5.5768],[125.3321,5.5547],[125.3276,5.5564],[125.3282,5.5679],[125.3184,5.5657],[125.3281,5.5857],[125.3257,5.5974],[125.3294,5.5975],[125.3312,5.6042],[125.3338,5.5880],[125.3460,5.5768]]]},"type":"Feature","id":"f6dc70fed9","properties":{"flclr":"#000000","name":"Kitayo","level_id":"reg","layer_val":"0","parent_id":"0","gjsonid":"12"}},{"geometry":{"type":"Polygon","coordinates":[[[125.3174,5.5689],[125.3044,5.5797],[125.3186,5.5976],[125.3318,5.6067],[125.3294,5.5975],[125.3257,5.5974],[125.3281,5.5857],[125.3242,5.5750],[125.3174,5.5689]]]},"type":"Feature","id":"ec535a4e0c","properties":{"flclr":"#000000","name":"Batulaki","level_id":"reg","layer_val":"0","parent_id":"0","gjsonid":"13"}},{"geometry":{"type":"Polygon","coordinates":[[[125.3228,5.5749],[125.3227,5.5746],[125.3227,5.5735],[125.3227,5.5725],[125.3228,5.5749]]]},"type":"Feature","id":"8755cd9953","properties":{"flclr":"#000000","name":"Kitayo","level_id":"reg","layer_val":"0","parent_id":"0","gjsonid":"12"}},{"geometry":{"type":"Polygon","coordinates":[[[125.3228,5.5749],[125.3227,5.5746],[125.3227,5.5735],[125.3227,5.5725],[125.3228,5.5749]]]},"type":"Feature","id":"8755cd9953","properties":{"flclr":"#000000","name":"Batulaki","level_id":"reg","layer_val":"0","parent_id":"0","gjsonid":"13"}},{"geometry":{"type":"Polygon","coordinates":[[[125.4144,5.5729],[125.3863,5.5602],[125.3717,5.5605],[125.3615,5.6233],[125.3659,5.6253],[125.3810,5.6027],[125.4144,5.5729]]]},"type":"Feature","id":"0d25e51c07","properties":{"flclr":"#000000","name":"Bukid","level_id":"reg","layer_val":"0","parent_id":"0","gjsonid":"12"}},{"geometry":{"type":"Polygon","coordinates":[[[125.3188,5.6344],[125.3318,5.6147],[125.3283,5.6059],[125.3196,5.5985],[125.2967,5.6022],[125.3087,5.6299],[125.3044,5.6506],[125.3499,5.6644],[125.3491,5.6555],[125.3563,5.6496],[125.3544,5.6465],[125.3235,5.6456],[125.3188,5.6344]]]},"type":"Feature","id":"c5ef0cc7ea","properties":{"flclr":"#000000","name":"Big Margus","level_id":"reg","layer_val":"0","parent_id":"0","gjsonid":"13"}},{"geometry":{"type":"Polygon","coordinates":[[[125.3314,5.6152],[125.3188,5.6344],[125.3235,5.6456],[125.3540,5.6463],[125.3563,5.6496],[125.3631,5.6319],[125.3314,5.6152]]]},"type":"Feature","id":"5e53289913","properties":{"flclr":"#000000","name":"Cross","level_id":"reg","layer_val":"0","parent_id":"0","gjsonid":"13"}},{"geometry":{"type":"Polygon","coordinates":[[[125.3132,5.5912],[125.3044,5.5797],[125.2939,5.5820],[125.2923,5.5951],[125.2967,5.6022],[125.3164,5.6016],[125.3196,5.5985],[125.3132,5.5912]]]},"type":"Feature","id":"8c71a589a7","properties":{"flclr":"#000000","name":"San Jose","level_id":"reg","layer_val":"0","parent_id":"0","gjsonid":"13"}},{"geometry":{"type":"Polygon","coordinates":[[[125.4216,5.4024],[125.4267,5.3941],[125.4276,5.3758],[125.4200,5.3655],[125.4121,5.3673],[125.3977,5.3898],[125.3984,5.4030],[125.4216,5.4024]]]},"type":"Feature","id":"ae1e46041f","properties":{"flclr":"#000000","name":"Batuganding","level_id":"reg","layer_val":"0","parent_id":"0","gjsonid":"12"}},{"geometry":{"type":"Polygon","coordinates":[[[125.4555,5.6406],[125.4487,5.6298],[125.4418,5.6286],[125.4447,5.6185],[125.4364,5.6114],[125.4035,5.6397],[125.4147,5.6459],[125.4124,5.6520],[125.4221,5.6684],[125.4555,5.6406]]]},"type":"Feature","id":"ca92a3234a","properties":{"flclr":"#000000","name":"Nuing","level_id":"reg","layer_val":"0","parent_id":"0","gjsonid":"12"}},{"geometry":{"type":"Polygon","coordinates":[[[125.3789,5.3916],[125.3722,5.3991],[125.3722,5.4073],[125.3820,5.4149],[125.3966,5.4129],[125.4001,5.3991],[125.3977,5.3898],[125.3789,5.3916]]]},"type":"Feature","id":"f784ebf9f8","properties":{"flclr":"#000000","name":"Gomtago","level_id":"reg","layer_val":"0","parent_id":"0","gjsonid":"12"}},{"geometry":{"type":"Polygon","coordinates":[[[125.3766,5.3939],[125.3779,5.3845],[125.3873,5.3747],[125.3739,5.3668],[125.3608,5.3656],[125.3543,5.3686],[125.3483,5.3868],[125.3390,5.3835],[125.3286,5.3904],[125.3404,5.3906],[125.3491,5.3971],[125.3596,5.3924],[125.3766,5.3939]]]},"type":"Feature","id":"2cf8fb7425","properties":{"flclr":"#000000","name":"Tagen","level_id":"reg","layer_val":"0","parent_id":"0","gjsonid":"12"}},{"geometry":{"type":"Polygon","coordinates":[[[125.4077,5.3776],[125.3873,5.3747],[125.3779,5.3845],[125.3789,5.3916],[125.3977,5.3898],[125.4077,5.3776]]]},"type":"Feature","id":"7451c100bb","properties":{"flclr":"#000000","name":"Tinina","level_id":"reg","layer_val":"0","parent_id":"0","gjsonid":"12"}},{"geometry":{"type":"Polygon","coordinates":[[[125.4216,5.4024],[125.4037,5.4011],[125.3984,5.4030],[125.3989,5.4087],[125.4193,5.4240],[125.4250,5.4240],[125.4238,5.4212],[125.4296,5.4194],[125.4216,5.4024]]]},"type":"Feature","id":"b341e5dc3f","properties":{"flclr":"#000000","name":"Mabila (Pob.)","level_id":"reg","layer_val":"0","parent_id":"0","gjsonid":"12"}},{"geometry":{"type":"Polygon","coordinates":[[[125.4193,5.4240],[125.3999,5.4089],[125.3926,5.4154],[125.3989,5.4340],[125.4100,5.4329],[125.4093,5.4290],[125.4193,5.4240]]]},"type":"Feature","id":"6951dcb53a","properties":{"flclr":"#000000","name":"Tucal","level_id":"reg","layer_val":"0","parent_id":"0","gjsonid":"12"}},{"geometry":{"type":"Polygon","coordinates":[[[125.3937,5.6525],[125.3561,5.6169],[125.3283,5.6059],[125.3314,5.6152],[125.3937,5.6525]]]},"type":"Feature","id":"ea85ff5cc0","properties":{"flclr":"#000000","name":"Rio Del Pilar","level_id":"reg","layer_val":"0","parent_id":"0","gjsonid":"13"}},{"geometry":{"type":"Polygon","coordinates":[[[125.3984,5.4330],[125.3926,5.4154],[125.3820,5.4149],[125.3762,5.4097],[125.3642,5.4234],[125.3832,5.4351],[125.3901,5.4326],[125.3969,5.4379],[125.3984,5.4330]]]},"type":"Feature","id":"f50f4a74a7","properties":{"flclr":"#000000","name":"Konel","level_id":"reg","layer_val":"0","parent_id":"0","gjsonid":"12"}},{"geometry":{"type":"Polygon","coordinates":[[[125.3762,5.4097],[125.3710,5.4026],[125.3766,5.3939],[125.3710,5.3915],[125.3541,5.3941],[125.3467,5.4002],[125.3639,5.4234],[125.3762,5.4097]]]},"type":"Feature","id":"7dc950f296","properties":{"flclr":"#000000","name":"Lipol","level_id":"reg","layer_val":"0","parent_id":"0","gjsonid":"12"}},{"geometry":{"type":"Polygon","coordinates":[[[125.4944,5.4426],[125.4547,5.4431],[125.4615,5.4453],[125.4547,5.4470],[125.4554,5.4499],[125.4737,5.4546],[125.4685,5.4608],[125.4671,5.4571],[125.4582,5.4563],[125.4556,5.4623],[125.4975,5.4625],[125.4944,5.4426]]]},"type":"Feature","id":"24f3b89269","properties":{"flclr":"#000000","name":"Camahual","level_id":"reg","layer_val":"0","parent_id":"0","gjsonid":"12"}},{"geometry":{"type":"Polygon","coordinates":[[[125.4244,5.5920],[125.4152,5.5820],[125.4144,5.5729],[125.4073,5.5767],[125.3810,5.6027],[125.3659,5.6253],[125.3784,5.6374],[125.4164,5.5950],[125.4244,5.5920]]]},"type":"Feature","id":"4b5d90f4c5","properties":{"flclr":"#000000","name":"Camalian","level_id":"reg","layer_val":"0","parent_id":"0","gjsonid":"12"}},{"geometry":{"type":"Polygon","coordinates":[[[125.4575,5.4426],[125.4944,5.4426],[125.4875,5.4281],[125.4923,5.4301],[125.4928,5.4226],[125.4554,5.4233],[125.4556,5.4286],[125.4643,5.4249],[125.4610,5.4280],[125.4646,5.4292],[125.4529,5.4303],[125.4516,5.4354],[125.4600,5.4372],[125.4575,5.4426]]]},"type":"Feature","id":"c2043787aa","properties":{"flclr":"#000000","name":"Laker (Sarangani Sur)","level_id":"reg","layer_val":"0","parent_id":"0","gjsonid":"12"}},{"geometry":{"type":"Polygon","coordinates":[[[125.4354,5.6120],[125.4311,5.6107],[125.4304,5.6002],[125.4244,5.5920],[125.4164,5.5950],[125.3784,5.6374],[125.3930,5.6485],[125.4354,5.6120]]]},"type":"Feature","id":"1efba6a593","properties":{"flclr":"#000000","name":"Butulan","level_id":"reg","layer_val":"0","parent_id":"0","gjsonid":"12"}},{"geometry":{"type":"Polygon","coordinates":[[[125.4641,5.4226],[125.4928,5.4225],[125.4801,5.3952],[125.4717,5.3894],[125.4632,5.3965],[125.4642,5.4084],[125.4688,5.4122],[125.4639,5.4140],[125.4641,5.4226]]]},"type":"Feature","id":"4019ffdbb8","properties":{"flclr":"#000000","name":"Camalig","level_id":"reg","layer_val":"0","parent_id":"0","gjsonid":"12"}},{"geometry":{"type":"Polygon","coordinates":[[[125.4975,5.4625],[125.4556,5.4623],[125.4538,5.4644],[125.4671,5.4764],[125.4738,5.4747],[125.4751,5.4672],[125.4713,5.4640],[125.4836,5.4689],[125.4764,5.4703],[125.4778,5.4760],[125.4678,5.4803],[125.4768,5.4956],[125.4968,5.4824],[125.4975,5.4625]]]},"type":"Feature","id":"a225a10516","properties":{"flclr":"#000000","name":"Patuco (Sarangani Norte)","level_id":"reg","layer_val":"0","parent_id":"0","gjsonid":"12"}},{"geometry":{"type":"Polygon","coordinates":[[[125.3691,5.5648],[125.3517,5.5670],[125.3534,5.5718],[125.3419,5.5770],[125.3330,5.5895],[125.3318,5.6067],[125.3472,5.6113],[125.3615,5.6233],[125.3691,5.5648]]]},"type":"Feature","id":"4b98194e4a","properties":{"flclr":"#000000","name":"Balangonan","level_id":"reg","layer_val":"0","parent_id":"0","gjsonid":"12"}}]}