{"type":"FeatureCollection","features":[{"geometry":{"type":"Polygon","coordinates":[[[122.2146,7.3043],[122.1743,7.3413],[122.1781,7.3715],[122.2636,7.3492],[122.2444,7.3348],[122.2422,7.3135],[122.2146,7.3043]]]},"type":"Feature","id":"ecf187af65","properties":{"flclr":"#000000","name":"Sibulao (Caruan)","level_id":"reg","layer_val":"0","parent_id":"0","gjsonid":"10"}},{"geometry":{"type":"Polygon","coordinates":[[[121.9662,7.2411],[121.9911,7.2579],[122.0337,7.2219],[121.9974,7.1971],[121.9662,7.2411]]]},"type":"Feature","id":"07808e67b2","properties":{"flclr":"#000000","name":"Paniran","level_id":"reg","layer_val":"0","parent_id":"0","gjsonid":"10"}},{"geometry":{"type":"Polygon","coordinates":[[[122.1735,7.0177],[122.1768,7.0386],[122.1963,7.0371],[122.2052,7.0276],[122.1925,7.0042],[122.1735,7.0177]]]},"type":"Feature","id":"4c4251e564","properties":{"flclr":"#000000","name":"Manicahan","level_id":"reg","layer_val":"0","parent_id":"0","gjsonid":"10"}},{"geometry":{"type":"Polygon","coordinates":[[[122.1922,7.2685],[122.2041,7.2892],[122.2160,7.2949],[122.2284,7.2897],[122.2559,7.2590],[122.2469,7.2309],[122.2341,7.2280],[122.1947,7.2513],[122.1922,7.2685]]]},"type":"Feature","id":"ce0f6b02b4","properties":{"flclr":"#000000","name":"Calabasa","level_id":"reg","layer_val":"0","parent_id":"0","gjsonid":"10"}},{"geometry":{"type":"Polygon","coordinates":[[[122.2337,7.2197],[122.2325,7.2284],[122.2469,7.2309],[122.2465,7.2475],[122.2566,7.2583],[122.2800,7.2484],[122.2789,7.2349],[122.2588,7.2145],[122.2618,7.2038],[122.2337,7.2197]]]},"type":"Feature","id":"6aefbcc53a","properties":{"flclr":"#000000","name":"Buenavista","level_id":"reg","layer_val":"0","parent_id":"0","gjsonid":"10"}},{"geometry":{"type":"Polygon","coordinates":[[[121.9013,7.1161],[121.9017,7.1449],[121.9096,7.1538],[121.9175,7.1416],[121.9345,7.1432],[121.9514,7.1189],[121.9382,7.1070],[121.9295,7.1177],[121.9013,7.1161]]]},"type":"Feature","id":"2038ef9d9a","properties":{"flclr":"#000000","name":"Limpapa","level_id":"reg","layer_val":"0","parent_id":"0","gjsonid":"10"}},{"geometry":{"type":"Polygon","coordinates":[[[122.2874,7.9402],[122.2993,7.9406],[122.2857,7.9242],[122.2775,7.9376],[122.2874,7.9402]]]},"type":"Feature","id":"977f36ce05","properties":{"flclr":"#000000","name":"New Dapitan","level_id":"reg","layer_val":"0","parent_id":"0","gjsonid":"10"}},{"geometry":{"type":"Polygon","coordinates":[[[122.2872,7.1710],[122.2883,7.1716],[122.2890,7.1710],[122.2868,7.1694],[122.2872,7.1710]]]},"type":"Feature","id":"c34db860e9","properties":{"flclr":"#000000","name":"Dita","level_id":"reg","layer_val":"0","parent_id":"0","gjsonid":"10"}},{"geometry":{"type":"Polygon","coordinates":[[[122.2886,7.1749],[122.2891,7.1748],[122.2892,7.1741],[122.2885,7.1745],[122.2886,7.1749]]]},"type":"Feature","id":"4fe640541f","properties":{"flclr":"#000000","name":"Dita","level_id":"reg","layer_val":"0","parent_id":"0","gjsonid":"10"}},{"geometry":{"type":"Polygon","coordinates":[[[122.2541,7.0987],[122.2506,7.1000],[122.2528,7.1045],[122.2544,7.1041],[122.2541,7.0987]]]},"type":"Feature","id":"089ca59a89","properties":{"flclr":"#000000","name":"Bolong","level_id":"reg","layer_val":"0","parent_id":"0","gjsonid":"10"}},{"geometry":{"type":"Polygon","coordinates":[[[122.2549,7.1352],[122.2560,7.1371],[122.2576,7.1367],[122.2564,7.1327],[122.2549,7.1352]]]},"type":"Feature","id":"bbd9dfb45c","properties":{"flclr":"#000000","name":"Panubigan","level_id":"reg","layer_val":"0","parent_id":"0","gjsonid":"10"}},{"geometry":{"type":"Polygon","coordinates":[[[122.2560,7.1394],[122.2571,7.1405],[122.2589,7.1376],[122.2558,7.1379],[122.2560,7.1394]]]},"type":"Feature","id":"dc29d0aa49","properties":{"flclr":"#000000","name":"Panubigan","level_id":"reg","layer_val":"0","parent_id":"0","gjsonid":"10"}},{"geometry":{"type":"Polygon","coordinates":[[[122.2538,7.1390],[122.2547,7.1391],[122.2549,7.1382],[122.2539,7.1381],[122.2538,7.1390]]]},"type":"Feature","id":"6847749a19","properties":{"flclr":"#000000","name":"Panubigan","level_id":"reg","layer_val":"0","parent_id":"0","gjsonid":"10"}},{"geometry":{"type":"Polygon","coordinates":[[[122.2614,7.1319],[122.2629,7.1316],[122.2625,7.1289],[122.2614,7.1298],[122.2614,7.1319]]]},"type":"Feature","id":"7728122b2f","properties":{"flclr":"#000000","name":"Panubigan","level_id":"reg","layer_val":"0","parent_id":"0","gjsonid":"10"}},{"geometry":{"type":"Polygon","coordinates":[[[122.2586,7.1368],[122.2587,7.1364],[122.2581,7.1369],[122.2586,7.1368]]]},"type":"Feature","id":"7891ac6e31","properties":{"flclr":"#000000","name":"Panubigan","level_id":"reg","layer_val":"0","parent_id":"0","gjsonid":"10"}},{"geometry":{"type":"Polygon","coordinates":[[[122.2661,7.1329],[122.2698,7.1346],[122.2698,7.1280],[122.2683,7.1276],[122.2661,7.1329]]]},"type":"Feature","id":"e787d376b4","properties":{"flclr":"#000000","name":"Panubigan","level_id":"reg","layer_val":"0","parent_id":"0","gjsonid":"10"}},{"geometry":{"type":"Polygon","coordinates":[[[122.2714,7.1199],[122.2717,7.1199],[122.2725,7.1191],[122.2719,7.1191],[122.2714,7.1199]]]},"type":"Feature","id":"d2cc87cec0","properties":{"flclr":"#000000","name":"Panubigan","level_id":"reg","layer_val":"0","parent_id":"0","gjsonid":"10"}},{"geometry":{"type":"Polygon","coordinates":[[[122.2721,7.1259],[122.2750,7.1252],[122.2752,7.1241],[122.2718,7.1245],[122.2721,7.1259]]]},"type":"Feature","id":"2f11e75298","properties":{"flclr":"#000000","name":"Panubigan","level_id":"reg","layer_val":"0","parent_id":"0","gjsonid":"10"}},{"geometry":{"type":"Polygon","coordinates":[[[122.2698,7.1186],[122.2709,7.1187],[122.2700,7.1171],[122.2694,7.1173],[122.2698,7.1186]]]},"type":"Feature","id":"d4500dee0f","properties":{"flclr":"#000000","name":"Panubigan","level_id":"reg","layer_val":"0","parent_id":"0","gjsonid":"10"}},{"geometry":{"type":"Polygon","coordinates":[[[122.2709,7.1211],[122.2713,7.1208],[122.2712,7.1203],[122.2706,7.1208],[122.2709,7.1211]]]},"type":"Feature","id":"816ddc5bd4","properties":{"flclr":"#000000","name":"Panubigan","level_id":"reg","layer_val":"0","parent_id":"0","gjsonid":"10"}},{"geometry":{"type":"Polygon","coordinates":[[[122.2664,7.1673],[122.2712,7.1726],[122.2781,7.1680],[122.2749,7.1624],[122.2664,7.1673]]]},"type":"Feature","id":"9074f61750","properties":{"flclr":"#000000","name":"Dita","level_id":"reg","layer_val":"0","parent_id":"0","gjsonid":"10"}},{"geometry":{"type":"Polygon","coordinates":[[[122.2671,7.1787],[122.2695,7.1808],[122.2714,7.1797],[122.2676,7.1763],[122.2671,7.1787]]]},"type":"Feature","id":"167beae138","properties":{"flclr":"#000000","name":"Dita","level_id":"reg","layer_val":"0","parent_id":"0","gjsonid":"10"}},{"geometry":{"type":"Polygon","coordinates":[[[122.2616,7.1489],[122.2638,7.1499],[122.2665,7.1524],[122.2626,7.1446],[122.2616,7.1489]]]},"type":"Feature","id":"876b5aab50","properties":{"flclr":"#000000","name":"Dita","level_id":"reg","layer_val":"0","parent_id":"0","gjsonid":"10"}},{"geometry":{"type":"Polygon","coordinates":[[[122.2825,7.1754],[122.2866,7.1767],[122.2880,7.1741],[122.2856,7.1715],[122.2825,7.1754]]]},"type":"Feature","id":"5e861ca3c6","properties":{"flclr":"#000000","name":"Dita","level_id":"reg","layer_val":"0","parent_id":"0","gjsonid":"10"}},{"geometry":{"type":"Polygon","coordinates":[[[122.2724,7.1552],[122.2743,7.1551],[122.2740,7.1505],[122.2710,7.1546],[122.2724,7.1552]]]},"type":"Feature","id":"6051301bda","properties":{"flclr":"#000000","name":"Dita","level_id":"reg","layer_val":"0","parent_id":"0","gjsonid":"10"}},{"geometry":{"type":"Polygon","coordinates":[[[122.3083,7.3106],[122.3149,7.3156],[122.3189,7.3130],[122.3145,7.3077],[122.3083,7.3106]]]},"type":"Feature","id":"7466f855c5","properties":{"flclr":"#000000","name":"Taguiti","level_id":"reg","layer_val":"0","parent_id":"0","gjsonid":"10"}},{"geometry":{"type":"Polygon","coordinates":[[[122.3462,7.4248],[122.3394,7.4367],[122.3459,7.4409],[122.3473,7.4406],[122.3462,7.4248]]]},"type":"Feature","id":"0d03e992bd","properties":{"flclr":"#000000","name":"Licomo","level_id":"reg","layer_val":"0","parent_id":"0","gjsonid":"10"}},{"geometry":{"type":"Polygon","coordinates":[[[122.4001,7.8555],[122.3746,7.8046],[122.3428,7.8364],[122.3709,7.9259],[122.4021,7.9274],[122.4194,7.9000],[122.4206,7.8706],[122.4055,7.8693],[122.4001,7.8555]]]},"type":"Feature","id":"19652ffee4","properties":{"flclr":"#000000","name":"Immaculada Concepcion","level_id":"reg","layer_val":"0","parent_id":"0","gjsonid":"10"}},{"geometry":{"type":"Polygon","coordinates":[[[122.3428,7.8364],[122.4103,7.7686],[122.3603,7.7476],[122.3332,7.7608],[122.3008,7.7426],[122.2749,7.7529],[122.2715,7.7699],[122.2033,7.7729],[122.1897,7.7862],[122.1898,7.8184],[122.2405,7.8656],[122.2535,7.8689],[122.2593,7.8945],[122.2747,7.9066],[122.3428,7.8364]]]},"type":"Feature","id":"bf56a582a5","properties":{"flclr":"#000000","name":"Linay","level_id":"reg","layer_val":"0","parent_id":"0","gjsonid":"10"}},{"geometry":{"type":"Polygon","coordinates":[[[122.3709,7.9259],[122.3428,7.8364],[122.3022,7.8778],[122.3316,7.9123],[122.3270,7.9317],[122.3583,7.9657],[122.3827,7.9523],[122.3709,7.9259]]]},"type":"Feature","id":"424eae86b4","properties":{"flclr":"#000000","name":"Bagong Silang","level_id":"reg","layer_val":"0","parent_id":"0","gjsonid":"10"}},{"geometry":{"type":"Polygon","coordinates":[[[122.0927,7.5302],[122.0939,7.5317],[122.0949,7.5307],[122.0938,7.5296],[122.0927,7.5302]]]},"type":"Feature","id":"a469e3749e","properties":{"flclr":"#000000","name":"Piacan","level_id":"reg","layer_val":"0","parent_id":"0","gjsonid":"10"}},{"geometry":{"type":"Polygon","coordinates":[[[122.0256,7.1512],[121.9896,7.1504],[121.9264,7.1930],[121.9289,7.1988],[121.9460,7.2124],[122.0256,7.1512]]]},"type":"Feature","id":"baabab9b94","properties":{"flclr":"#000000","name":"Malayal","level_id":"reg","layer_val":"0","parent_id":"0","gjsonid":"10"}},{"geometry":{"type":"Polygon","coordinates":[[[122.0948,7.1645],[122.0764,7.1500],[122.0620,7.1500],[122.0460,7.2060],[122.0627,7.2124],[122.0692,7.2407],[122.1101,7.1942],[122.0950,7.1813],[122.0948,7.1645]]]},"type":"Feature","id":"c8563261e3","properties":{"flclr":"#000000","name":"Tangarak","level_id":"reg","layer_val":"0","parent_id":"0","gjsonid":"10"}},{"geometry":{"type":"Polygon","coordinates":[[[122.1278,7.4212],[122.1168,7.3789],[122.0561,7.3980],[122.0590,7.4345],[122.1278,7.4212]]]},"type":"Feature","id":"f2539587a5","properties":{"flclr":"#000000","name":"Mantivo","level_id":"reg","layer_val":"0","parent_id":"0","gjsonid":"10"}},{"geometry":{"type":"Polygon","coordinates":[[[122.1168,7.3789],[122.1278,7.4212],[122.1792,7.4153],[122.1606,7.3662],[122.1168,7.3789]]]},"type":"Feature","id":"97e59452e6","properties":{"flclr":"#000000","name":"Litawan","level_id":"reg","layer_val":"0","parent_id":"0","gjsonid":"10"}},{"geometry":{"type":"Polygon","coordinates":[[[122.1524,7.7144],[122.1496,7.7288],[122.1584,7.7322],[122.1578,7.7229],[122.1683,7.7221],[122.1524,7.7144]]]},"type":"Feature","id":"c20efec378","properties":{"flclr":"#000000","name":"Datu Sailila","level_id":"reg","layer_val":"0","parent_id":"0","gjsonid":"10"}},{"geometry":{"type":"Polygon","coordinates":[[[122.3249,8.0234],[122.3442,8.0405],[122.3526,8.0187],[122.3639,8.0190],[122.3354,7.9763],[122.3101,7.9984],[122.3306,8.0131],[122.3249,8.0234]]]},"type":"Feature","id":"115142fc5b","properties":{"flclr":"#000000","name":"Panganuran","level_id":"reg","layer_val":"0","parent_id":"0","gjsonid":"10"}},{"geometry":{"type":"Polygon","coordinates":[[[122.1923,7.2509],[122.1862,7.2683],[122.1970,7.2650],[122.1947,7.2513],[122.2330,7.2285],[122.2337,7.2197],[122.1845,7.2265],[122.1923,7.2509]]]},"type":"Feature","id":"d41085f49c","properties":{"flclr":"#000000","name":"Latuan (Curuan)","level_id":"reg","layer_val":"0","parent_id":"0","gjsonid":"10"}},{"geometry":{"type":"Polygon","coordinates":[[[122.0182,6.9733],[122.0074,6.9606],[121.9834,6.9611],[121.9742,6.9794],[121.9767,6.9879],[122.0048,6.9991],[122.0001,7.0228],[122.0106,7.0478],[122.0326,7.0471],[122.0325,7.0046],[122.0182,6.9733]]]},"type":"Feature","id":"f8a270bace","properties":{"flclr":"#000000","name":"Baluno","level_id":"reg","layer_val":"0","parent_id":"0","gjsonid":"10"}},{"geometry":{"type":"Polygon","coordinates":[[[121.9557,6.9736],[121.9492,6.9831],[121.9667,7.0176],[121.9759,7.0268],[121.9908,7.0262],[121.9741,7.0388],[122.0067,7.1218],[122.0213,7.1350],[122.0406,7.1317],[122.0291,7.1088],[122.0410,7.1031],[122.0166,7.0802],[122.0115,7.0371],[122.0001,7.0228],[122.0048,6.9991],[121.9944,6.9899],[121.9696,6.9886],[121.9557,6.9736]]]},"type":"Feature","id":"cd0853a2ee","properties":{"flclr":"#000000","name":"La Paz","level_id":"reg","layer_val":"0","parent_id":"0","gjsonid":"10"}},{"geometry":{"type":"Polygon","coordinates":[[[121.9377,6.9661],[121.9200,7.0090],[121.9532,7.0236],[121.9421,7.0099],[121.9377,6.9661]]]},"type":"Feature","id":"fe9c763f3e","properties":{"flclr":"#000000","name":"Talisayan","level_id":"reg","layer_val":"0","parent_id":"0","gjsonid":"10"}},{"geometry":{"type":"Polygon","coordinates":[[[121.9352,7.0493],[121.9564,7.0497],[121.9642,7.0337],[121.9200,7.0090],[121.9129,7.0307],[121.9352,7.0493]]]},"type":"Feature","id":"e783e913cc","properties":{"flclr":"#000000","name":"Sinubung","level_id":"reg","layer_val":"0","parent_id":"0","gjsonid":"10"}},{"geometry":{"type":"Polygon","coordinates":[[[122.3131,7.5182],[122.3619,7.4956],[122.3397,7.4843],[122.2946,7.4948],[122.2883,7.5131],[122.2712,7.4999],[122.2594,7.5049],[122.2701,7.5268],[122.3131,7.5182]]]},"type":"Feature","id":"07f0009fb4","properties":{"flclr":"#000000","name":"Tigpalay","level_id":"reg","layer_val":"0","parent_id":"0","gjsonid":"10"}},{"geometry":{"type":"Polygon","coordinates":[[[122.3179,7.5723],[122.3462,7.5482],[122.3425,7.5275],[122.3196,7.5350],[122.3131,7.5182],[122.2701,7.5268],[122.2956,7.5793],[122.3179,7.5723]]]},"type":"Feature","id":"8972e66a04","properties":{"flclr":"#000000","name":"Batungan","level_id":"reg","layer_val":"0","parent_id":"0","gjsonid":"10"}},{"geometry":{"type":"Polygon","coordinates":[[[122.3425,7.5275],[122.3462,7.5482],[122.3179,7.5723],[122.3353,7.5831],[122.3668,7.5396],[122.3665,7.5202],[122.3425,7.5275]]]},"type":"Feature","id":"4a6abb9a99","properties":{"flclr":"#000000","name":"Cayamcam","level_id":"reg","layer_val":"0","parent_id":"0","gjsonid":"10"}},{"geometry":{"type":"Polygon","coordinates":[[[121.9613,7.0393],[121.9728,7.0571],[121.9836,7.0485],[121.9741,7.0388],[121.9908,7.0262],[121.9759,7.0268],[121.9667,7.0176],[121.9625,6.9979],[121.9474,6.9826],[121.9421,7.0099],[121.9642,7.0337],[121.9613,7.0393]]]},"type":"Feature","id":"5d1ef8b214","properties":{"flclr":"#000000","name":"Pamucutan","level_id":"reg","layer_val":"0","parent_id":"0","gjsonid":"10"}},{"geometry":{"type":"Polygon","coordinates":[[[121.9327,7.0827],[121.9335,7.0425],[121.9129,7.0307],[121.8975,7.0798],[121.9327,7.0827]]]},"type":"Feature","id":"72887cb9ab","properties":{"flclr":"#000000","name":"Patalon","level_id":"reg","layer_val":"0","parent_id":"0","gjsonid":"10"}},{"geometry":{"type":"Polygon","coordinates":[[[121.9382,7.1070],[121.9327,7.0827],[121.8975,7.0798],[121.9013,7.1161],[121.9295,7.1177],[121.9382,7.1070]]]},"type":"Feature","id":"baa61958ea","properties":{"flclr":"#000000","name":"Labuan","level_id":"reg","layer_val":"0","parent_id":"0","gjsonid":"10"}},{"geometry":{"type":"Polygon","coordinates":[[[122.3353,7.5831],[122.3179,7.5723],[122.2956,7.5793],[122.3158,7.6317],[122.3611,7.6309],[122.3528,7.6174],[122.3542,7.5901],[122.3353,7.5831]]]},"type":"Feature","id":"a320e905d6","properties":{"flclr":"#000000","name":"Datu Tumanggong","level_id":"reg","layer_val":"0","parent_id":"0","gjsonid":"10"}},{"geometry":{"type":"Polygon","coordinates":[[[122.0861,7.0096],[122.0942,7.0201],[122.1013,7.0166],[122.1074,6.9825],[122.0834,6.9768],[122.0905,6.9848],[122.0861,7.0096]]]},"type":"Feature","id":"3e3256b6b9","properties":{"flclr":"#000000","name":"Lumayang","level_id":"reg","layer_val":"0","parent_id":"0","gjsonid":"10"}},{"geometry":{"type":"Polygon","coordinates":[[[122.1368,6.9780],[122.1236,6.9854],[122.1148,7.0063],[122.1381,7.0206],[122.1475,6.9976],[122.1353,6.9939],[122.1368,6.9780]]]},"type":"Feature","id":"63a3e011f8","properties":{"flclr":"#000000","name":"Lanzones","level_id":"reg","layer_val":"0","parent_id":"0","gjsonid":"10"}},{"geometry":{"type":"Polygon","coordinates":[[[122.1250,6.9687],[122.1056,6.9814],[122.0998,6.9991],[122.1016,7.0161],[122.0935,7.0236],[122.0992,7.0455],[122.0845,7.0606],[122.0939,7.0685],[122.1189,7.0417],[122.1114,7.0233],[122.1250,6.9687]]]},"type":"Feature","id":"50558f7f07","properties":{"flclr":"#000000","name":"Salaan","level_id":"reg","layer_val":"0","parent_id":"0","gjsonid":"10"}},{"geometry":{"type":"Polygon","coordinates":[[[122.3331,7.6318],[122.3158,7.6317],[122.3362,7.6880],[122.3464,7.6582],[122.3331,7.6318]]]},"type":"Feature","id":"03c2ce0b42","properties":{"flclr":"#000000","name":"Malungon","level_id":"reg","layer_val":"0","parent_id":"0","gjsonid":"10"}},{"geometry":{"type":"Polygon","coordinates":[[[122.1952,7.0644],[122.2127,7.0579],[122.2024,7.0490],[122.2117,7.0454],[122.1963,7.0400],[122.2008,7.0331],[122.2123,7.0391],[122.2052,7.0276],[122.1963,7.0371],[122.1677,7.0395],[122.1720,7.0545],[122.1899,7.0529],[122.1952,7.0644]]]},"type":"Feature","id":"f4453c4b82","properties":{"flclr":"#000000","name":"Victoria","level_id":"reg","layer_val":"0","parent_id":"0","gjsonid":"10"}},{"geometry":{"type":"Polygon","coordinates":[[[122.1925,7.0042],[122.1856,6.9806],[122.1625,6.9751],[122.1610,6.9894],[122.1507,6.9864],[122.1650,6.9912],[122.1578,7.0049],[122.1735,7.0177],[122.1925,7.0042]]]},"type":"Feature","id":"c762801fb5","properties":{"flclr":"#000000","name":"Cabaluay","level_id":"reg","layer_val":"0","parent_id":"0","gjsonid":"10"}},{"geometry":{"type":"Polygon","coordinates":[[[122.2127,7.0579],[122.1873,7.0699],[122.1794,7.0856],[122.2204,7.0867],[122.2147,7.0702],[122.2035,7.0665],[122.2127,7.0579]]]},"type":"Feature","id":"d715913ed8","properties":{"flclr":"#000000","name":"Sangali","level_id":"reg","layer_val":"0","parent_id":"0","gjsonid":"10"}},{"geometry":{"type":"Polygon","coordinates":[[[122.1735,7.0177],[122.1680,7.0123],[122.1512,7.0303],[122.1530,7.0395],[122.1397,7.0649],[122.1387,7.0685],[122.1409,7.0712],[122.1720,7.0547],[122.1735,7.0177]]]},"type":"Feature","id":"58facb4775","properties":{"flclr":"#000000","name":"Lapakan","level_id":"reg","layer_val":"0","parent_id":"0","gjsonid":"10"}},{"geometry":{"type":"Polygon","coordinates":[[[122.3464,7.6582],[122.3716,7.6613],[122.3749,7.6458],[122.3847,7.6428],[122.3788,7.6342],[122.3331,7.6318],[122.3464,7.6582]]]},"type":"Feature","id":"46e9d63061","properties":{"flclr":"#000000","name":"Loboc","level_id":"reg","layer_val":"0","parent_id":"0","gjsonid":"10"}},{"geometry":{"type":"Polygon","coordinates":[[[122.1497,7.0415],[122.1680,7.0139],[122.1638,7.0053],[122.1383,7.0174],[122.1338,7.0393],[122.1497,7.0415]]]},"type":"Feature","id":"74efaf44c4","properties":{"flclr":"#000000","name":"Cacao","level_id":"reg","layer_val":"0","parent_id":"0","gjsonid":"10"}},{"geometry":{"type":"Polygon","coordinates":[[[122.1720,7.0545],[122.1419,7.0656],[122.1403,7.0819],[122.1757,7.0823],[122.1953,7.0655],[122.1899,7.0529],[122.1720,7.0545]]]},"type":"Feature","id":"e5b1ec0897","properties":{"flclr":"#000000","name":"Lamisahan","level_id":"reg","layer_val":"0","parent_id":"0","gjsonid":"10"}},{"geometry":{"type":"Polygon","coordinates":[[[122.1403,7.0819],[122.1508,7.0423],[122.1344,7.0400],[122.1381,7.0206],[122.1148,7.0063],[122.1114,7.0257],[122.1189,7.0417],[122.0939,7.0685],[122.1161,7.1040],[122.1115,7.1223],[122.1252,7.1229],[122.1233,7.1157],[122.1408,7.1044],[122.1333,7.1018],[122.1403,7.0819]]]},"type":"Feature","id":"42b900f425","properties":{"flclr":"#000000","name":"Tolosa","level_id":"reg","layer_val":"0","parent_id":"0","gjsonid":"10"}},{"geometry":{"type":"Polygon","coordinates":[[[122.2237,7.0827],[122.2134,7.0912],[122.2060,7.1428],[122.2242,7.1422],[122.2250,7.1242],[122.2569,7.1114],[122.2351,7.0844],[122.2237,7.0827]]]},"type":"Feature","id":"3210c4382b","properties":{"flclr":"#000000","name":"Bolong","level_id":"reg","layer_val":"0","parent_id":"0","gjsonid":"10"}},{"geometry":{"type":"Polygon","coordinates":[[[122.2483,7.1411],[122.2433,7.1318],[122.2531,7.1325],[122.2587,7.1207],[122.2448,7.1146],[122.2331,7.1363],[122.2483,7.1411]]]},"type":"Feature","id":"8c42a59813","properties":{"flclr":"#000000","name":"Panubigan","level_id":"reg","layer_val":"0","parent_id":"0","gjsonid":"10"}},{"geometry":{"type":"Polygon","coordinates":[[[122.2483,7.1411],[122.2228,7.1654],[122.2329,7.1709],[122.2363,7.1909],[122.2478,7.1875],[122.2489,7.1709],[122.2603,7.1594],[122.2483,7.1411]]]},"type":"Feature","id":"28c966cc42","properties":{"flclr":"#000000","name":"Dita","level_id":"reg","layer_val":"0","parent_id":"0","gjsonid":"10"}},{"geometry":{"type":"Polygon","coordinates":[[[122.2060,7.1428],[122.1956,7.1268],[122.1782,7.1207],[122.1591,7.1340],[122.1534,7.1531],[122.1212,7.1681],[122.1409,7.1825],[122.1661,7.1731],[122.1861,7.1816],[122.1850,7.1660],[122.1986,7.1669],[122.2060,7.1428]]]},"type":"Feature","id":"f510d9fda9","properties":{"flclr":"#000000","name":"Dulian (Upper Bunguiao)","level_id":"reg","layer_val":"0","parent_id":"0","gjsonid":"10"}},{"geometry":{"type":"Polygon","coordinates":[[[122.2284,7.2897],[122.2895,7.2888],[122.2820,7.2521],[122.2562,7.2578],[122.2284,7.2897]]]},"type":"Feature","id":"55cf1f75a0","properties":{"flclr":"#000000","name":"Muti","level_id":"reg","layer_val":"0","parent_id":"0","gjsonid":"10"}},{"geometry":{"type":"Polygon","coordinates":[[[122.1170,7.1237],[122.1093,7.1572],[122.0948,7.1645],[122.1046,7.1771],[122.1534,7.1531],[122.1682,7.1240],[122.1912,7.1242],[122.2072,7.1367],[122.2171,7.0985],[122.1783,7.0814],[122.1387,7.0815],[122.1333,7.1018],[122.1408,7.1044],[122.1170,7.1237]]]},"type":"Feature","id":"76e072687c","properties":{"flclr":"#000000","name":"Bunguiao","level_id":"reg","layer_val":"0","parent_id":"0","gjsonid":"10"}},{"geometry":{"type":"Polygon","coordinates":[[[122.1986,7.1669],[122.2228,7.1675],[122.2464,7.1499],[122.2442,7.1391],[122.2331,7.1363],[122.2360,7.1232],[122.2250,7.1242],[122.2242,7.1422],[122.2060,7.1428],[122.1986,7.1669]]]},"type":"Feature","id":"4332d373fb","properties":{"flclr":"#000000","name":"Lubigan","level_id":"reg","layer_val":"0","parent_id":"0","gjsonid":"10"}},{"geometry":{"type":"Polygon","coordinates":[[[122.2228,7.1675],[122.1850,7.1660],[122.1861,7.1816],[122.2256,7.1999],[122.2351,7.1928],[122.2329,7.1709],[122.2228,7.1675]]]},"type":"Feature","id":"06c0b2ea1b","properties":{"flclr":"#000000","name":"Quiniput","level_id":"reg","layer_val":"0","parent_id":"0","gjsonid":"10"}},{"geometry":{"type":"Polygon","coordinates":[[[122.1610,7.2614],[122.1725,7.2509],[122.1923,7.2509],[122.1845,7.2265],[122.2337,7.2197],[122.2649,7.1935],[122.2342,7.1892],[122.2212,7.1995],[122.1661,7.1731],[122.1531,7.1833],[122.1548,7.2190],[122.1420,7.2559],[122.1464,7.2663],[122.1610,7.2614]]]},"type":"Feature","id":"d422e714c5","properties":{"flclr":"#000000","name":"Curuan","level_id":"reg","layer_val":"0","parent_id":"0","gjsonid":"10"}},{"geometry":{"type":"Polygon","coordinates":[[[122.2747,7.2880],[122.2497,7.2854],[122.2131,7.3000],[122.2393,7.3109],[122.2476,7.3244],[122.2693,7.3138],[122.2747,7.2880]]]},"type":"Feature","id":"fb48a6017b","properties":{"flclr":"#000000","name":"Tagasilay","level_id":"reg","layer_val":"0","parent_id":"0","gjsonid":"10"}},{"geometry":{"type":"Polygon","coordinates":[[[122.2693,7.3138],[122.2435,7.3245],[122.2456,7.3362],[122.2591,7.3441],[122.2701,7.3347],[122.2859,7.3403],[122.2984,7.3314],[122.2693,7.3138]]]},"type":"Feature","id":"182a6a4893","properties":{"flclr":"#000000","name":"Tigbalabag","level_id":"reg","layer_val":"0","parent_id":"0","gjsonid":"10"}},{"geometry":{"type":"Polygon","coordinates":[[[122.2923,7.3218],[122.2895,7.2888],[122.2747,7.2880],[122.2693,7.3138],[122.2923,7.3218]]]},"type":"Feature","id":"82e128e7ce","properties":{"flclr":"#000000","name":"Taguiti","level_id":"reg","layer_val":"0","parent_id":"0","gjsonid":"10"}},{"geometry":{"type":"Polygon","coordinates":[[[122.3247,7.3523],[122.3116,7.3303],[122.2859,7.3403],[122.2701,7.3347],[122.2709,7.3590],[122.2818,7.3633],[122.3247,7.3523]]]},"type":"Feature","id":"33c6c1f68f","properties":{"flclr":"#000000","name":"Mangusu","level_id":"reg","layer_val":"0","parent_id":"0","gjsonid":"10"}},{"geometry":{"type":"Polygon","coordinates":[[[122.2172,7.4439],[122.1888,7.4306],[122.1792,7.4153],[122.0590,7.4345],[122.0537,7.4426],[122.0723,7.4834],[122.2172,7.4439]]]},"type":"Feature","id":"bcd28a6fdd","properties":{"flclr":"#000000","name":"Anongan","level_id":"reg","layer_val":"0","parent_id":"0","gjsonid":"10"}},{"geometry":{"type":"Polygon","coordinates":[[[122.1792,7.4153],[122.1888,7.4306],[122.2264,7.4533],[122.2435,7.4330],[122.2886,7.4147],[122.2963,7.3981],[122.3101,7.3932],[122.3136,7.3766],[122.3253,7.3764],[122.3203,7.3641],[122.3289,7.3580],[122.3247,7.3523],[122.3057,7.3554],[122.3017,7.3634],[122.2789,7.3622],[122.2709,7.3590],[122.2701,7.3347],[122.2581,7.3529],[122.1781,7.3715],[122.1792,7.4153]]]},"type":"Feature","id":"1483913508","properties":{"flclr":"#000000","name":"Vitali","level_id":"reg","layer_val":"0","parent_id":"0","gjsonid":"10"}},{"geometry":{"type":"Polygon","coordinates":[[[122.1504,6.9873],[122.1464,7.0031],[122.1394,7.0163],[122.1533,7.0113],[122.1650,6.9912],[122.1504,6.9873]]]},"type":"Feature","id":"e3304790dc","properties":{"flclr":"#000000","name":"Guisao","level_id":"reg","layer_val":"0","parent_id":"0","gjsonid":"10"}},{"geometry":{"type":"Polygon","coordinates":[[[122.3535,7.4170],[122.3442,7.3932],[122.3574,7.3709],[122.3789,7.3605],[122.3412,7.3139],[122.3273,7.3172],[122.3349,7.3265],[122.3285,7.3296],[122.3108,7.3185],[122.3289,7.3580],[122.3203,7.3641],[122.3253,7.3764],[122.3158,7.3748],[122.3114,7.3853],[122.3231,7.3850],[122.3393,7.4140],[122.3535,7.4170]]]},"type":"Feature","id":"71a8416ef9","properties":{"flclr":"#000000","name":"Limaong","level_id":"reg","layer_val":"0","parent_id":"0","gjsonid":"10"}},{"geometry":{"type":"Polygon","coordinates":[[[122.3273,7.3172],[122.3349,7.3143],[122.3278,7.3060],[122.3253,7.3075],[122.3273,7.3172]]]},"type":"Feature","id":"62cdf7ab8c","properties":{"flclr":"#000000","name":"Taguiti","level_id":"reg","layer_val":"0","parent_id":"0","gjsonid":"10"}},{"geometry":{"type":"Polygon","coordinates":[[[122.3312,7.4196],[122.3535,7.4170],[122.3393,7.4140],[122.3240,7.3857],[122.3132,7.3855],[122.2816,7.4207],[122.2435,7.4330],[122.2264,7.4533],[122.2373,7.4772],[122.2650,7.4571],[122.2775,7.4273],[122.3312,7.4196]]]},"type":"Feature","id":"6de5546853","properties":{"flclr":"#000000","name":"Tictapul","level_id":"reg","layer_val":"0","parent_id":"0","gjsonid":"10"}},{"geometry":{"type":"Polygon","coordinates":[[[122.3939,7.5400],[122.3764,7.5180],[122.3665,7.5202],[122.3668,7.5396],[122.3353,7.5831],[122.3542,7.5901],[122.3593,7.5731],[122.3939,7.5400]]]},"type":"Feature","id":"407a4b6981","properties":{"flclr":"#000000","name":"Upper Tungawan","level_id":"reg","layer_val":"0","parent_id":"0","gjsonid":"10"}},{"geometry":{"type":"Polygon","coordinates":[[[122.3665,7.5202],[122.3764,7.5180],[122.3619,7.4956],[122.3131,7.5182],[122.3196,7.5350],[122.3665,7.5202]]]},"type":"Feature","id":"021eecee11","properties":{"flclr":"#000000","name":"Lower Tungawan","level_id":"reg","layer_val":"0","parent_id":"0","gjsonid":"10"}},{"geometry":{"type":"Polygon","coordinates":[[[122.3550,7.4669],[122.3528,7.4575],[122.3100,7.4748],[122.2946,7.4948],[122.3519,7.4839],[122.3567,7.4782],[122.3478,7.4733],[122.3550,7.4669]]]},"type":"Feature","id":"a944f6668b","properties":{"flclr":"#000000","name":"San Pedro","level_id":"reg","layer_val":"0","parent_id":"0","gjsonid":"10"}},{"geometry":{"type":"Polygon","coordinates":[[[122.3464,7.6582],[122.3362,7.6880],[122.3559,7.6984],[122.3606,7.6803],[122.3786,7.6800],[122.3716,7.6613],[122.3464,7.6582]]]},"type":"Feature","id":"5bec0324e1","properties":{"flclr":"#000000","name":"San Isidro","level_id":"reg","layer_val":"0","parent_id":"0","gjsonid":"10"}},{"geometry":{"type":"Polygon","coordinates":[[[122.0337,7.2219],[122.0460,7.2792],[122.0652,7.2874],[122.0753,7.2735],[122.0669,7.2609],[122.0627,7.2124],[121.9978,7.1972],[122.0337,7.2219]]]},"type":"Feature","id":"65dd08413b","properties":{"flclr":"#000000","name":"Santo Ni\u00f1o (Culabog)","level_id":"reg","layer_val":"0","parent_id":"0","gjsonid":"10"}},{"geometry":{"type":"Polygon","coordinates":[[[122.3354,7.9763],[122.3395,7.9905],[122.3507,7.9941],[122.3465,7.9837],[122.3659,7.9727],[122.3396,7.9397],[122.3301,7.9501],[122.3397,7.9580],[122.3354,7.9763]]]},"type":"Feature","id":"4a52e4c24e","properties":{"flclr":"#000000","name":"Cocob","level_id":"reg","layer_val":"0","parent_id":"0","gjsonid":"10"}},{"geometry":{"type":"Polygon","coordinates":[[[122.1524,7.7144],[122.1596,7.7161],[122.1608,7.6979],[122.1480,7.6958],[122.1437,7.7119],[122.1524,7.7144]]]},"type":"Feature","id":"4a0ce662c0","properties":{"flclr":"#000000","name":"Jose P. Brillantes, Sr. (Old Lituban)","level_id":"reg","layer_val":"0","parent_id":"0","gjsonid":"10"}},{"geometry":{"type":"Polygon","coordinates":[[[122.1519,7.6806],[122.1352,7.6787],[122.1345,7.7036],[122.1452,7.7066],[122.1519,7.6806]]]},"type":"Feature","id":"548aaec48b","properties":{"flclr":"#000000","name":"Manaol","level_id":"reg","layer_val":"0","parent_id":"0","gjsonid":"10"}},{"geometry":{"type":"Polygon","coordinates":[[[122.1360,7.6977],[122.1389,7.6862],[122.1295,7.6839],[122.1220,7.7006],[122.1360,7.6977]]]},"type":"Feature","id":"1ea42ca5cd","properties":{"flclr":"#000000","name":"Bucana","level_id":"reg","layer_val":"0","parent_id":"0","gjsonid":"10"}},{"geometry":{"type":"Polygon","coordinates":[[[122.1618,7.6755],[122.1519,7.6806],[122.1497,7.6970],[122.1670,7.6956],[122.1618,7.6755]]]},"type":"Feature","id":"a72d8967af","properties":{"flclr":"#000000","name":"Pangian","level_id":"reg","layer_val":"0","parent_id":"0","gjsonid":"10"}},{"geometry":{"type":"Polygon","coordinates":[[[122.1345,7.7036],[122.1360,7.6977],[122.1239,7.6984],[122.1284,7.7124],[122.1354,7.7122],[122.1345,7.7036]]]},"type":"Feature","id":"572016a586","properties":{"flclr":"#000000","name":"Suhaile Arabi","level_id":"reg","layer_val":"0","parent_id":"0","gjsonid":"10"}},{"geometry":{"type":"Polygon","coordinates":[[[122.1354,7.7122],[122.1425,7.7126],[122.1452,7.7066],[122.1316,7.7044],[122.1354,7.7122]]]},"type":"Feature","id":"875cc3554b","properties":{"flclr":"#000000","name":"Poblacion","level_id":"reg","layer_val":"0","parent_id":"0","gjsonid":"10"}},{"geometry":{"type":"Polygon","coordinates":[[[122.1670,7.6956],[122.1596,7.7161],[122.1683,7.7221],[122.1752,7.7105],[122.1670,7.6956]]]},"type":"Feature","id":"23ed27d5db","properties":{"flclr":"#000000","name":"New Lituban","level_id":"reg","layer_val":"0","parent_id":"0","gjsonid":"10"}},{"geometry":{"type":"Polygon","coordinates":[[[122.1444,7.7779],[122.1224,7.7842],[122.1229,7.8028],[122.1268,7.7976],[122.1416,7.8062],[122.1594,7.7906],[122.1444,7.7779]]]},"type":"Feature","id":"a9c58f30b0","properties":{"flclr":"#000000","name":"Kauswagan","level_id":"reg","layer_val":"0","parent_id":"0","gjsonid":"10"}},{"geometry":{"type":"Polygon","coordinates":[[[122.2072,7.6790],[122.1618,7.6755],[122.1679,7.6939],[122.1936,7.7139],[122.2072,7.6790]]]},"type":"Feature","id":"60c68288a0","properties":{"flclr":"#000000","name":"Dionisio Riconalla","level_id":"reg","layer_val":"0","parent_id":"0","gjsonid":"10"}},{"geometry":{"type":"Polygon","coordinates":[[[122.1224,7.7842],[122.1444,7.7779],[122.1377,7.7590],[122.1012,7.7795],[122.1053,7.7891],[122.1123,7.7747],[122.1224,7.7842]]]},"type":"Feature","id":"181c62b183","properties":{"flclr":"#000000","name":"Nonoyan","level_id":"reg","layer_val":"0","parent_id":"0","gjsonid":"10"}},{"geometry":{"type":"Polygon","coordinates":[[[122.2479,7.9412],[122.2380,7.9208],[122.2321,7.9229],[122.2220,7.9536],[122.2479,7.9412]]]},"type":"Feature","id":"a0f6764b6d","properties":{"flclr":"#000000","name":"Malinao","level_id":"reg","layer_val":"0","parent_id":"0","gjsonid":"10"}},{"geometry":{"type":"Polygon","coordinates":[[[122.2321,7.9229],[122.2424,7.9294],[122.2606,7.9241],[122.2511,7.9062],[122.2286,7.9135],[122.2321,7.9229]]]},"type":"Feature","id":"8a0212a1d7","properties":{"flclr":"#000000","name":"Diculom","level_id":"reg","layer_val":"0","parent_id":"0","gjsonid":"10"}},{"geometry":{"type":"Polygon","coordinates":[[[122.2405,7.8656],[122.2248,7.8444],[122.2066,7.8365],[122.1699,7.8682],[122.2122,7.8921],[122.2405,7.8656]]]},"type":"Feature","id":"394370ddfb","properties":{"flclr":"#000000","name":"Tamao","level_id":"reg","layer_val":"0","parent_id":"0","gjsonid":"10"}},{"geometry":{"type":"Polygon","coordinates":[[[122.1863,7.7087],[122.1717,7.6960],[122.1679,7.6939],[122.1709,7.7201],[122.1863,7.7087]]]},"type":"Feature","id":"a5ed90cfda","properties":{"flclr":"#000000","name":"Makiang","level_id":"reg","layer_val":"0","parent_id":"0","gjsonid":"10"}},{"geometry":{"type":"Polygon","coordinates":[[[122.1430,7.8047],[122.1381,7.8179],[122.1477,7.8281],[122.1493,7.8043],[122.1430,7.8047]]]},"type":"Feature","id":"1c6ebb2a6f","properties":{"flclr":"#000000","name":"Poblacion","level_id":"reg","layer_val":"0","parent_id":"0","gjsonid":"10"}},{"geometry":{"type":"Polygon","coordinates":[[[122.1507,7.8262],[122.1507,7.8407],[122.1667,7.8296],[122.1925,7.8486],[122.2066,7.8365],[122.2006,7.8215],[122.1898,7.8184],[122.1507,7.8262]]]},"type":"Feature","id":"a81ad3da64","properties":{"flclr":"#000000","name":"Mamad","level_id":"reg","layer_val":"0","parent_id":"0","gjsonid":"10"}},{"geometry":{"type":"Polygon","coordinates":[[[122.1511,7.7835],[122.1750,7.7954],[122.1856,7.7686],[122.1986,7.7625],[122.1932,7.7548],[122.1511,7.7835]]]},"type":"Feature","id":"b7709b14a6","properties":{"flclr":"#000000","name":"Diangas","level_id":"reg","layer_val":"0","parent_id":"0","gjsonid":"10"}},{"geometry":{"type":"Polygon","coordinates":[[[122.1444,7.7779],[122.1511,7.7835],[122.2051,7.7508],[122.1841,7.7469],[122.1377,7.7590],[122.1444,7.7779]]]},"type":"Feature","id":"6905ec1610","properties":{"flclr":"#000000","name":"San Jose","level_id":"reg","layer_val":"0","parent_id":"0","gjsonid":"10"}},{"geometry":{"type":"Polygon","coordinates":[[[122.1750,7.7954],[122.1561,7.7914],[122.1430,7.8047],[122.1493,7.8043],[122.1482,7.8163],[122.1643,7.8132],[122.1750,7.7954]]]},"type":"Feature","id":"eedf2a6da4","properties":{"flclr":"#000000","name":"Lumay","level_id":"reg","layer_val":"0","parent_id":"0","gjsonid":"10"}},{"geometry":{"type":"Polygon","coordinates":[[[122.1750,7.7954],[122.1643,7.8132],[122.1482,7.8163],[122.1507,7.8262],[122.1898,7.8184],[122.1890,7.7939],[122.1750,7.7954]]]},"type":"Feature","id":"01580712cb","properties":{"flclr":"#000000","name":"Tan-awan","level_id":"reg","layer_val":"0","parent_id":"0","gjsonid":"10"}},{"geometry":{"type":"Polygon","coordinates":[[[122.2747,7.9066],[122.2593,7.8945],[122.2463,7.8971],[122.2606,7.9241],[122.2424,7.9294],[122.2479,7.9412],[122.2617,7.9391],[122.2694,7.9563],[122.2874,7.9402],[122.2775,7.9376],[122.2857,7.9242],[122.2747,7.9066]]]},"type":"Feature","id":"bc3bffc12f","properties":{"flclr":"#000000","name":"Mamawan","level_id":"reg","layer_val":"0","parent_id":"0","gjsonid":"10"}},{"geometry":{"type":"Polygon","coordinates":[[[122.2051,7.7508],[122.1932,7.7548],[122.2033,7.7729],[122.2329,7.7768],[122.2715,7.7699],[122.2749,7.7529],[122.2324,7.7435],[122.2051,7.7508]]]},"type":"Feature","id":"343c753e8e","properties":{"flclr":"#000000","name":"Kilalaban","level_id":"reg","layer_val":"0","parent_id":"0","gjsonid":"10"}},{"geometry":{"type":"Polygon","coordinates":[[[122.2033,7.7729],[122.1986,7.7625],[122.1856,7.7686],[122.1750,7.7954],[122.1890,7.7939],[122.2033,7.7729]]]},"type":"Feature","id":"a5ab1f346a","properties":{"flclr":"#000000","name":"Guimotan","level_id":"reg","layer_val":"0","parent_id":"0","gjsonid":"10"}},{"geometry":{"type":"Polygon","coordinates":[[[122.1699,7.8682],[122.1925,7.8486],[122.1667,7.8296],[122.1507,7.8407],[122.1699,7.8682]]]},"type":"Feature","id":"0bd26445ac","properties":{"flclr":"#000000","name":"Alegria","level_id":"reg","layer_val":"0","parent_id":"0","gjsonid":"10"}},{"geometry":{"type":"Polygon","coordinates":[[[122.2511,7.9062],[122.2463,7.8971],[122.2593,7.8945],[122.2535,7.8689],[122.2405,7.8656],[122.2122,7.8921],[122.2286,7.9135],[122.2511,7.9062]]]},"type":"Feature","id":"d5e54be84b","properties":{"flclr":"#000000","name":"Milidan","level_id":"reg","layer_val":"0","parent_id":"0","gjsonid":"10"}},{"geometry":{"type":"Polygon","coordinates":[[[122.3022,7.8778],[122.2747,7.9066],[122.2993,7.9408],[122.2874,7.9402],[122.2694,7.9563],[122.2940,7.9692],[122.3070,7.9578],[122.3092,7.9387],[122.3270,7.9317],[122.3316,7.9123],[122.3022,7.8778]]]},"type":"Feature","id":"f9e25dcb1c","properties":{"flclr":"#000000","name":"Mamawan","level_id":"reg","layer_val":"0","parent_id":"0","gjsonid":"10"}},{"geometry":{"type":"Polygon","coordinates":[[[122.2661,7.9494],[122.2617,7.9391],[122.2479,7.9412],[122.2244,7.9582],[122.2510,7.9817],[122.2661,7.9494]]]},"type":"Feature","id":"2d3ae2d1c8","properties":{"flclr":"#000000","name":"Pitawe","level_id":"reg","layer_val":"0","parent_id":"0","gjsonid":"10"}},{"geometry":{"type":"Polygon","coordinates":[[[122.2940,7.9692],[122.2830,7.9663],[122.2774,8.0019],[122.2993,8.0157],[122.3068,7.9938],[122.2940,7.9692]]]},"type":"Feature","id":"2c28109623","properties":{"flclr":"#000000","name":"Bayanihan","level_id":"reg","layer_val":"0","parent_id":"0","gjsonid":"10"}},{"geometry":{"type":"Polygon","coordinates":[[[122.3101,7.9984],[122.3068,7.9938],[122.2993,8.0157],[122.3249,8.0234],[122.3306,8.0131],[122.3101,7.9984]]]},"type":"Feature","id":"d8a9876ba7","properties":{"flclr":"#000000","name":"Tipan","level_id":"reg","layer_val":"0","parent_id":"0","gjsonid":"10"}},{"geometry":{"type":"Polygon","coordinates":[[[122.3068,7.9938],[122.3249,7.9919],[122.3354,7.9763],[122.3244,7.9725],[122.3206,7.9522],[122.3067,7.9520],[122.2940,7.9692],[122.3068,7.9938]]]},"type":"Feature","id":"f84458e649","properties":{"flclr":"#000000","name":"Canupong","level_id":"reg","layer_val":"0","parent_id":"0","gjsonid":"10"}},{"geometry":{"type":"Polygon","coordinates":[[[122.3396,7.9397],[122.3270,7.9317],[122.3052,7.9459],[122.3206,7.9522],[122.3244,7.9725],[122.3354,7.9763],[122.3397,7.9580],[122.3301,7.9501],[122.3396,7.9397]]]},"type":"Feature","id":"b22f219f22","properties":{"flclr":"#000000","name":"Map","level_id":"reg","layer_val":"0","parent_id":"0","gjsonid":"10"}},{"geometry":{"type":"Polygon","coordinates":[[[122.2694,7.9563],[122.2661,7.9494],[122.2509,7.9851],[122.2773,7.9993],[122.2830,7.9663],[122.2694,7.9563]]]},"type":"Feature","id":"337903dce3","properties":{"flclr":"#000000","name":"Bacong","level_id":"reg","layer_val":"0","parent_id":"0","gjsonid":"10"}},{"geometry":{"type":"Polygon","coordinates":[[[122.0873,7.5110],[122.0857,7.5273],[122.1036,7.5166],[122.0990,7.5127],[122.0873,7.5110]]]},"type":"Feature","id":"0e6a246ad3","properties":{"flclr":"#000000","name":"Minanga","level_id":"reg","layer_val":"0","parent_id":"0","gjsonid":"10"}},{"geometry":{"type":"Polygon","coordinates":[[[122.1724,7.7198],[122.1578,7.7229],[122.1584,7.7322],[122.1768,7.7337],[122.1724,7.7198]]]},"type":"Feature","id":"3b4d20a1a1","properties":{"flclr":"#000000","name":"Malipot","level_id":"reg","layer_val":"0","parent_id":"0","gjsonid":"10"}},{"geometry":{"type":"Polygon","coordinates":[[[122.1881,7.7472],[122.2051,7.7508],[122.2324,7.7435],[122.2180,7.7172],[122.1886,7.7377],[122.1881,7.7472]]]},"type":"Feature","id":"7a8874fbab","properties":{"flclr":"#000000","name":"Pisawak","level_id":"reg","layer_val":"0","parent_id":"0","gjsonid":"10"}},{"geometry":{"type":"Polygon","coordinates":[[[122.1098,7.5151],[122.1160,7.5246],[122.1369,7.5221],[122.1346,7.5162],[122.1098,7.5151]]]},"type":"Feature","id":"d1869ab5d3","properties":{"flclr":"#000000","name":"Lubok","level_id":"reg","layer_val":"0","parent_id":"0","gjsonid":"10"}},{"geometry":{"type":"Polygon","coordinates":[[[122.1085,7.5194],[122.1132,7.5113],[122.1114,7.4940],[122.0873,7.5110],[122.1085,7.5194]]]},"type":"Feature","id":"d623eccd01","properties":{"flclr":"#000000","name":"Napulan","level_id":"reg","layer_val":"0","parent_id":"0","gjsonid":"10"}},{"geometry":{"type":"Polygon","coordinates":[[[122.0857,7.5273],[122.0873,7.5110],[122.0831,7.5035],[122.0714,7.5152],[122.0857,7.5273]]]},"type":"Feature","id":"66acd1f12a","properties":{"flclr":"#000000","name":"Danganon","level_id":"reg","layer_val":"0","parent_id":"0","gjsonid":"10"}},{"geometry":{"type":"Polygon","coordinates":[[[122.1047,7.5383],[122.1127,7.5334],[122.1131,7.5236],[122.1050,7.5284],[122.1047,7.5383]]]},"type":"Feature","id":"04d2b7baca","properties":{"flclr":"#000000","name":"Bongon","level_id":"reg","layer_val":"0","parent_id":"0","gjsonid":"10"}},{"geometry":{"type":"Polygon","coordinates":[[[122.1127,7.5334],[122.1047,7.5383],[122.1125,7.5467],[122.1351,7.5383],[122.1127,7.5334]]]},"type":"Feature","id":"8b60fd6ea4","properties":{"flclr":"#000000","name":"Talabiga","level_id":"reg","layer_val":"0","parent_id":"0","gjsonid":"10"}},{"geometry":{"type":"Polygon","coordinates":[[[122.1125,7.5467],[122.1162,7.5527],[122.1321,7.5421],[122.1297,7.5436],[122.1125,7.5467]]]},"type":"Feature","id":"aeb88c5ea4","properties":{"flclr":"#000000","name":"Pugos","level_id":"reg","layer_val":"0","parent_id":"0","gjsonid":"10"}},{"geometry":{"type":"Polygon","coordinates":[[[122.1259,7.5836],[122.1167,7.5894],[122.1266,7.5997],[122.1293,7.5978],[122.1259,7.5836]]]},"type":"Feature","id":"2fbbd80710","properties":{"flclr":"#000000","name":"Lagundi","level_id":"reg","layer_val":"0","parent_id":"0","gjsonid":"10"}},{"geometry":{"type":"Polygon","coordinates":[[[122.1351,7.5383],[122.1312,7.5456],[122.1162,7.5527],[122.1364,7.5610],[122.1503,7.5513],[122.1351,7.5383]]]},"type":"Feature","id":"3e3020a465","properties":{"flclr":"#000000","name":"Tapanayan","level_id":"reg","layer_val":"0","parent_id":"0","gjsonid":"10"}},{"geometry":{"type":"Polygon","coordinates":[[[122.1740,7.5798],[122.1660,7.5723],[122.1487,7.5762],[122.1679,7.5868],[122.1740,7.5798]]]},"type":"Feature","id":"8210f1dfd3","properties":{"flclr":"#000000","name":"Pisa Puti","level_id":"reg","layer_val":"0","parent_id":"0","gjsonid":"10"}},{"geometry":{"type":"Polygon","coordinates":[[[122.1401,7.5386],[122.1503,7.5513],[122.1727,7.5422],[122.1402,7.5298],[122.1401,7.5386]]]},"type":"Feature","id":"98cd3a9237","properties":{"flclr":"#000000","name":"Culasian","level_id":"reg","layer_val":"0","parent_id":"0","gjsonid":"10"}},{"geometry":{"type":"Polygon","coordinates":[[[122.1098,7.5151],[122.1419,7.5201],[122.1330,7.5027],[122.1469,7.4829],[122.1114,7.4940],[122.1098,7.5151]]]},"type":"Feature","id":"c5b77ce937","properties":{"flclr":"#000000","name":"Balonkan","level_id":"reg","layer_val":"0","parent_id":"0","gjsonid":"10"}},{"geometry":{"type":"Polygon","coordinates":[[[122.1318,7.5915],[122.1258,7.5892],[122.1259,7.5836],[122.1238,7.5908],[122.1293,7.5978],[122.1318,7.5915]]]},"type":"Feature","id":"b328970c17","properties":{"flclr":"#000000","name":"Macuyon","level_id":"reg","layer_val":"0","parent_id":"0","gjsonid":"10"}},{"geometry":{"type":"Polygon","coordinates":[[[122.1352,7.5891],[122.1416,7.6027],[122.1628,7.6076],[122.1499,7.5919],[122.1352,7.5891]]]},"type":"Feature","id":"8ba3c1939c","properties":{"flclr":"#000000","name":"San Nicolas (Pob.)","level_id":"reg","layer_val":"0","parent_id":"0","gjsonid":"10"}},{"geometry":{"type":"Polygon","coordinates":[[[122.1597,7.5726],[122.1715,7.5767],[122.1825,7.5409],[122.1571,7.5500],[122.1597,7.5726]]]},"type":"Feature","id":"438e24f1fc","properties":{"flclr":"#000000","name":"Pisa Itom","level_id":"reg","layer_val":"0","parent_id":"0","gjsonid":"10"}},{"geometry":{"type":"Polygon","coordinates":[[[122.1880,7.7384],[122.2046,7.7253],[122.1863,7.7087],[122.1714,7.7272],[122.1880,7.7384]]]},"type":"Feature","id":"fe328850e1","properties":{"flclr":"#000000","name":"Bulacan","level_id":"reg","layer_val":"0","parent_id":"0","gjsonid":"10"}},{"geometry":{"type":"Polygon","coordinates":[[[122.1351,7.5383],[122.1358,7.5207],[122.1131,7.5236],[122.1127,7.5334],[122.1351,7.5383]]]},"type":"Feature","id":"6835428ab5","properties":{"flclr":"#000000","name":"Pula Bato","level_id":"reg","layer_val":"0","parent_id":"0","gjsonid":"10"}},{"geometry":{"type":"Polygon","coordinates":[[[122.2373,7.4772],[122.2883,7.5131],[122.3100,7.4748],[122.3547,7.4551],[122.3515,7.4439],[122.3384,7.4449],[122.3377,7.4209],[122.2983,7.4216],[122.2775,7.4273],[122.2650,7.4571],[122.2373,7.4772]]]},"type":"Feature","id":"616ebd5efe","properties":{"flclr":"#000000","name":"Licomo","level_id":"reg","layer_val":"0","parent_id":"0","gjsonid":"10"}},{"geometry":{"type":"Polygon","coordinates":[[[122.3066,7.6010],[122.2594,7.5049],[122.2712,7.4999],[122.2561,7.4844],[122.2201,7.5276],[122.1958,7.5318],[122.1922,7.5413],[122.2058,7.5730],[122.2241,7.5740],[122.2247,7.6058],[122.3066,7.6010]]]},"type":"Feature","id":"953f1e5373","properties":{"flclr":"#000000","name":"Guban","level_id":"reg","layer_val":"0","parent_id":"0","gjsonid":"10"}},{"geometry":{"type":"Polygon","coordinates":[[[122.1727,7.5422],[122.1825,7.5409],[122.1879,7.5201],[122.1629,7.5186],[122.1635,7.5206],[122.1591,7.5288],[122.1539,7.5191],[122.1475,7.5270],[122.1356,7.5228],[122.1418,7.5339],[122.1571,7.5320],[122.1727,7.5422]]]},"type":"Feature","id":"302c7bc698","properties":{"flclr":"#000000","name":"Motong","level_id":"reg","layer_val":"0","parent_id":"0","gjsonid":"10"}},{"geometry":{"type":"Polygon","coordinates":[[[122.2561,7.4844],[122.2373,7.4772],[122.2264,7.4533],[122.1469,7.4829],[122.1330,7.5027],[122.1455,7.5264],[122.1534,7.5190],[122.1591,7.5288],[122.1629,7.5186],[122.1863,7.5195],[122.1958,7.5318],[122.2201,7.5276],[122.2561,7.4844]]]},"type":"Feature","id":"11b194a422","properties":{"flclr":"#000000","name":"Sipawa","level_id":"reg","layer_val":"0","parent_id":"0","gjsonid":"10"}},{"geometry":{"type":"Polygon","coordinates":[[[122.1869,7.5867],[122.1764,7.5815],[122.1650,7.5915],[122.1787,7.6039],[122.1869,7.5867]]]},"type":"Feature","id":"175b2ad2d1","properties":{"flclr":"#000000","name":"Pulang Lupa","level_id":"reg","layer_val":"0","parent_id":"0","gjsonid":"10"}},{"geometry":{"type":"Polygon","coordinates":[[[122.1377,7.7590],[122.1881,7.7472],[122.1912,7.7412],[122.1811,7.7337],[122.1561,7.7454],[122.1462,7.7409],[122.1263,7.7631],[122.1377,7.7590]]]},"type":"Feature","id":"9fc1676c21","properties":{"flclr":"#000000","name":"Siay","level_id":"reg","layer_val":"0","parent_id":"0","gjsonid":"10"}},{"geometry":{"type":"Polygon","coordinates":[[[122.1351,7.7531],[122.1462,7.7409],[122.1561,7.7454],[122.1686,7.7337],[122.1427,7.7260],[122.1280,7.7495],[122.1351,7.7531]]]},"type":"Feature","id":"5d2c3ae155","properties":{"flclr":"#000000","name":"S. Cabral","level_id":"reg","layer_val":"0","parent_id":"0","gjsonid":"10"}},{"geometry":{"type":"Polygon","coordinates":[[[122.1936,7.7139],[122.2046,7.7253],[122.2180,7.7172],[122.2324,7.7435],[122.2749,7.7529],[122.3218,7.7325],[122.2072,7.6790],[122.1936,7.7139]]]},"type":"Feature","id":"0c031d2180","properties":{"flclr":"#000000","name":"Tabayo","level_id":"reg","layer_val":"0","parent_id":"0","gjsonid":"10"}},{"geometry":{"type":"Polygon","coordinates":[[[122.1958,7.5318],[122.1887,7.5274],[122.1709,7.5718],[122.1877,7.5876],[122.2058,7.5730],[122.1922,7.5413],[122.1958,7.5318]]]},"type":"Feature","id":"9145bea8f6","properties":{"flclr":"#000000","name":"Libucon","level_id":"reg","layer_val":"0","parent_id":"0","gjsonid":"10"}},{"geometry":{"type":"Polygon","coordinates":[[[122.1406,7.5850],[122.1446,7.5917],[122.1478,7.5913],[122.1433,7.5850],[122.1406,7.5850]]]},"type":"Feature","id":"0a25c938d9","properties":{"flclr":"#000000","name":"Saint Mary (Pob.)","level_id":"reg","layer_val":"0","parent_id":"0","gjsonid":"10"}},{"geometry":{"type":"Polygon","coordinates":[[[122.1393,7.5868],[122.1406,7.5850],[122.1395,7.5843],[122.1375,7.5867],[122.1393,7.5868]]]},"type":"Feature","id":"9b13eba4e0","properties":{"flclr":"#000000","name":"San Roque (Pob.)","level_id":"reg","layer_val":"0","parent_id":"0","gjsonid":"10"}},{"geometry":{"type":"Polygon","coordinates":[[[122.1571,7.5500],[122.1364,7.5610],[122.1487,7.5762],[122.1597,7.5726],[122.1571,7.5500]]]},"type":"Feature","id":"a3923e1ece","properties":{"flclr":"#000000","name":"Bitugan","level_id":"reg","layer_val":"0","parent_id":"0","gjsonid":"10"}},{"geometry":{"type":"Polygon","coordinates":[[[122.1311,7.5966],[122.1180,7.6049],[122.1163,7.6070],[122.1362,7.6090],[122.1311,7.5966]]]},"type":"Feature","id":"24a2b89732","properties":{"flclr":"#000000","name":"Balubuan","level_id":"reg","layer_val":"0","parent_id":"0","gjsonid":"10"}},{"geometry":{"type":"Polygon","coordinates":[[[122.1478,7.5913],[122.1536,7.5899],[122.1548,7.5858],[122.1433,7.5850],[122.1478,7.5913]]]},"type":"Feature","id":"54b6116e7b","properties":{"flclr":"#000000","name":"San Vicente (Pob.)","level_id":"reg","layer_val":"0","parent_id":"0","gjsonid":"10"}},{"geometry":{"type":"Polygon","coordinates":[[[122.1163,7.6070],[122.1266,7.5997],[122.1159,7.5891],[122.1052,7.5970],[122.1163,7.6070]]]},"type":"Feature","id":"37d6213ce6","properties":{"flclr":"#000000","name":"Balatakan","level_id":"reg","layer_val":"0","parent_id":"0","gjsonid":"10"}},{"geometry":{"type":"Polygon","coordinates":[[[122.1311,7.5966],[122.1362,7.6090],[122.1522,7.6086],[122.1365,7.5898],[122.1311,7.5966]]]},"type":"Feature","id":"83a34f0b8e","properties":{"flclr":"#000000","name":"Pi\u00f1a","level_id":"reg","layer_val":"0","parent_id":"0","gjsonid":"10"}},{"geometry":{"type":"Polygon","coordinates":[[[122.1395,7.5843],[122.1548,7.5858],[122.1557,7.5829],[122.1402,7.5683],[122.1395,7.5843]]]},"type":"Feature","id":"738a81fc3d","properties":{"flclr":"#000000","name":"Sirawai Proper (Pob.)","level_id":"reg","layer_val":"0","parent_id":"0","gjsonid":"10"}},{"geometry":{"type":"Polygon","coordinates":[[[122.3158,7.6317],[122.3066,7.6010],[122.1794,7.6165],[122.1585,7.6084],[122.1618,7.6755],[122.2072,7.6790],[122.2562,7.6968],[122.3218,7.7325],[122.2989,7.7391],[122.3336,7.7608],[122.3603,7.7476],[122.3158,7.6317]]]},"type":"Feature","id":"28d05f46c9","properties":{"flclr":"#000000","name":"Candiz","level_id":"reg","layer_val":"0","parent_id":"0","gjsonid":"10"}},{"geometry":{"type":"Polygon","coordinates":[[[122.1618,7.6755],[122.1612,7.6593],[122.1371,7.6651],[122.1352,7.6787],[122.1618,7.6755]]]},"type":"Feature","id":"8a4e3a5ae9","properties":{"flclr":"#000000","name":"Andres Micubo Jr. (Balili)","level_id":"reg","layer_val":"0","parent_id":"0","gjsonid":"10"}},{"geometry":{"type":"Polygon","coordinates":[[[122.2241,7.5757],[122.2004,7.5731],[122.1817,7.5939],[122.1944,7.5925],[122.2241,7.5757]]]},"type":"Feature","id":"59f4c2f832","properties":{"flclr":"#000000","name":"Catuyan","level_id":"reg","layer_val":"0","parent_id":"0","gjsonid":"10"}},{"geometry":{"type":"Polygon","coordinates":[[[122.1722,7.6013],[122.1650,7.5915],[122.1475,7.5965],[122.1575,7.6057],[122.1722,7.6013]]]},"type":"Feature","id":"9b145bd60d","properties":{"flclr":"#000000","name":"Panabutan","level_id":"reg","layer_val":"0","parent_id":"0","gjsonid":"10"}},{"geometry":{"type":"Polygon","coordinates":[[[122.1650,7.5915],[122.1749,7.5880],[122.1740,7.5798],[122.1681,7.5868],[122.1555,7.5842],[122.1536,7.5899],[122.1650,7.5915]]]},"type":"Feature","id":"3bdb9ecd9b","properties":{"flclr":"#000000","name":"Do\u00f1a Cecilia","level_id":"reg","layer_val":"0","parent_id":"0","gjsonid":"10"}},{"geometry":{"type":"Polygon","coordinates":[[[122.2247,7.6058],[122.2241,7.5757],[122.1817,7.5939],[122.1787,7.6039],[122.1609,7.6055],[122.1794,7.6165],[122.2247,7.6058]]]},"type":"Feature","id":"c7f3cea308","properties":{"flclr":"#000000","name":"Sipakit","level_id":"reg","layer_val":"0","parent_id":"0","gjsonid":"10"}},{"geometry":{"type":"Polygon","coordinates":[[[122.1050,7.5284],[122.1128,7.5225],[122.0979,7.5193],[122.0968,7.5224],[122.1050,7.5284]]]},"type":"Feature","id":"96cefb8b79","properties":{"flclr":"#000000","name":"Piacan","level_id":"reg","layer_val":"0","parent_id":"0","gjsonid":"10"}},{"geometry":{"type":"Polygon","coordinates":[[[122.1585,7.6084],[122.1214,7.6076],[122.1279,7.6358],[122.1599,7.6319],[122.1585,7.6084]]]},"type":"Feature","id":"8efa39ac9e","properties":{"flclr":"#000000","name":"Malambuhangin","level_id":"reg","layer_val":"0","parent_id":"0","gjsonid":"10"}},{"geometry":{"type":"Polygon","coordinates":[[[122.1220,7.7006],[122.1186,7.7156],[122.1443,7.7235],[122.1403,7.7106],[122.1284,7.7124],[122.1220,7.7006]]]},"type":"Feature","id":"5107626404","properties":{"flclr":"#000000","name":"Mateo Francisco","level_id":"reg","layer_val":"0","parent_id":"0","gjsonid":"10"}},{"geometry":{"type":"Polygon","coordinates":[[[122.1443,7.7235],[122.1257,7.7187],[122.1202,7.7294],[122.1351,7.7392],[122.1443,7.7235]]]},"type":"Feature","id":"53dc6805d0","properties":{"flclr":"#000000","name":"Tibangao","level_id":"reg","layer_val":"0","parent_id":"0","gjsonid":"10"}},{"geometry":{"type":"Polygon","coordinates":[[[122.1443,7.7235],[122.1496,7.7288],[122.1524,7.7144],[122.1420,7.7126],[122.1443,7.7235]]]},"type":"Feature","id":"d97d4ff2ab","properties":{"flclr":"#000000","name":"Tagaytay","level_id":"reg","layer_val":"0","parent_id":"0","gjsonid":"10"}},{"geometry":{"type":"Polygon","coordinates":[[[122.1280,7.7495],[122.1063,7.7419],[122.1033,7.7590],[122.1111,7.7591],[122.1126,7.7485],[122.1246,7.7576],[122.1012,7.7795],[122.1351,7.7531],[122.1280,7.7495]]]},"type":"Feature","id":"8a675fcf98","properties":{"flclr":"#000000","name":"Santa Maria","level_id":"reg","layer_val":"0","parent_id":"0","gjsonid":"10"}},{"geometry":{"type":"Polygon","coordinates":[[[122.1169,7.7452],[122.1280,7.7495],[122.1351,7.7392],[122.1202,7.7294],[122.1257,7.7187],[122.1186,7.7156],[122.1083,7.7297],[122.1169,7.7452]]]},"type":"Feature","id":"e7880e2ac4","properties":{"flclr":"#000000","name":"Matiag","level_id":"reg","layer_val":"0","parent_id":"0","gjsonid":"10"}},{"geometry":{"type":"Polygon","coordinates":[[[122.1169,7.7452],[122.1008,7.7240],[122.0857,7.7360],[122.1032,7.7625],[122.1101,7.7598],[122.1033,7.7590],[122.1063,7.7419],[122.1169,7.7452]]]},"type":"Feature","id":"75d06c1b6e","properties":{"flclr":"#000000","name":"Balagunan","level_id":"reg","layer_val":"0","parent_id":"0","gjsonid":"10"}},{"geometry":{"type":"Polygon","coordinates":[[[122.1599,7.6319],[122.1292,7.6345],[122.1361,7.6531],[122.1295,7.6839],[122.1371,7.6651],[122.1612,7.6593],[122.1599,7.6319]]]},"type":"Feature","id":"489bedc770","properties":{"flclr":"#000000","name":"Latabon","level_id":"reg","layer_val":"0","parent_id":"0","gjsonid":"10"}},{"geometry":{"type":"Polygon","coordinates":[[[121.9896,7.1504],[121.9725,7.1498],[121.9220,7.1742],[121.9233,7.1889],[121.9896,7.1504]]]},"type":"Feature","id":"b0134d66fa","properties":{"flclr":"#000000","name":"Bongalao","level_id":"reg","layer_val":"0","parent_id":"0","gjsonid":"10"}},{"geometry":{"type":"Polygon","coordinates":[[[121.9474,7.1501],[121.9175,7.1416],[121.9096,7.1538],[121.9141,7.1702],[121.9474,7.1501]]]},"type":"Feature","id":"f804d3feb6","properties":{"flclr":"#000000","name":"Limpapa","level_id":"reg","layer_val":"0","parent_id":"0","gjsonid":"10"}},{"geometry":{"type":"Polygon","coordinates":[[[121.9180,7.1769],[121.9381,7.1687],[121.9725,7.1498],[121.9474,7.1501],[121.9151,7.1713],[121.9180,7.1769]]]},"type":"Feature","id":"d02e3c5146","properties":{"flclr":"#000000","name":"Lingayon","level_id":"reg","layer_val":"0","parent_id":"0","gjsonid":"10"}},{"geometry":{"type":"Polygon","coordinates":[[[121.9978,7.1972],[122.0460,7.2060],[122.0620,7.1500],[122.0256,7.1512],[121.9888,7.1861],[121.9426,7.2136],[121.9662,7.2411],[121.9978,7.1972]]]},"type":"Feature","id":"d3483be59f","properties":{"flclr":"#000000","name":"Lintangan","level_id":"reg","layer_val":"0","parent_id":"0","gjsonid":"10"}},{"geometry":{"type":"Polygon","coordinates":[[[122.0426,7.2463],[122.0137,7.2696],[122.0120,7.2787],[122.0481,7.2838],[122.0426,7.2463]]]},"type":"Feature","id":"d25b2ba2a5","properties":{"flclr":"#000000","name":"Nala (Pob.)","level_id":"reg","layer_val":"0","parent_id":"0","gjsonid":"10"}},{"geometry":{"type":"Polygon","coordinates":[[[122.0137,7.2696],[122.0426,7.2463],[122.0404,7.2409],[122.0143,7.2561],[122.0137,7.2696]]]},"type":"Feature","id":"f99d49e1a2","properties":{"flclr":"#000000","name":"Cusipan","level_id":"reg","layer_val":"0","parent_id":"0","gjsonid":"10"}},{"geometry":{"type":"Polygon","coordinates":[[[122.1420,7.2559],[122.1459,7.2419],[122.1364,7.2193],[122.0937,7.2627],[122.0952,7.2818],[122.0822,7.2916],[122.0892,7.3096],[122.1229,7.2977],[122.1420,7.2559]]]},"type":"Feature","id":"dabe4ff97d","properties":{"flclr":"#000000","name":"Culaguan","level_id":"reg","layer_val":"0","parent_id":"0","gjsonid":"10"}},{"geometry":{"type":"Polygon","coordinates":[[[122.0404,7.2409],[122.0337,7.2219],[121.9905,7.2586],[122.0097,7.2641],[122.0404,7.2409]]]},"type":"Feature","id":"7f9ba5414c","properties":{"flclr":"#000000","name":"Pangian","level_id":"reg","layer_val":"0","parent_id":"0","gjsonid":"10"}},{"geometry":{"type":"Polygon","coordinates":[[[122.0625,7.2868],[122.0502,7.2798],[122.0481,7.2838],[122.0622,7.2916],[122.0625,7.2868]]]},"type":"Feature","id":"1c4f261131","properties":{"flclr":"#000000","name":"Pasilnahut","level_id":"reg","layer_val":"0","parent_id":"0","gjsonid":"10"}},{"geometry":{"type":"Polygon","coordinates":[[[122.0754,7.2796],[122.0652,7.2874],[122.0715,7.2955],[122.0822,7.2916],[122.0754,7.2796]]]},"type":"Feature","id":"95ad3668de","properties":{"flclr":"#000000","name":"Jatian","level_id":"reg","layer_val":"0","parent_id":"0","gjsonid":"10"}},{"geometry":{"type":"Polygon","coordinates":[[[122.0754,7.2796],[122.0822,7.2916],[122.0952,7.2818],[122.0859,7.2445],[122.1205,7.2046],[122.1101,7.1942],[122.0692,7.2407],[122.0754,7.2796]]]},"type":"Feature","id":"e6502ca364","properties":{"flclr":"#000000","name":"Cabbunan","level_id":"reg","layer_val":"0","parent_id":"0","gjsonid":"10"}},{"geometry":{"type":"Polygon","coordinates":[[[122.0937,7.2627],[122.1364,7.2193],[122.1205,7.2046],[122.0859,7.2445],[122.0937,7.2627]]]},"type":"Feature","id":"31e4c5b900","properties":{"flclr":"#000000","name":"Lakiki","level_id":"reg","layer_val":"0","parent_id":"0","gjsonid":"10"}},{"geometry":{"type":"Polygon","coordinates":[[[122.0822,7.2916],[122.0709,7.2964],[122.0724,7.3160],[122.0892,7.3096],[122.0822,7.2916]]]},"type":"Feature","id":"8c5e04e49a","properties":{"flclr":"#000000","name":"Puliran","level_id":"reg","layer_val":"0","parent_id":"0","gjsonid":"10"}},{"geometry":{"type":"Polygon","coordinates":[[[122.0736,7.3918],[122.0614,7.3748],[122.0434,7.3800],[122.0561,7.3980],[122.0736,7.3918]]]},"type":"Feature","id":"ed9e1862e9","properties":{"flclr":"#000000","name":"Panganuran","level_id":"reg","layer_val":"0","parent_id":"0","gjsonid":"10"}},{"geometry":{"type":"Polygon","coordinates":[[[122.0614,7.3748],[122.0736,7.3918],[122.1469,7.3693],[122.1285,7.3158],[122.1213,7.3243],[122.1155,7.3187],[122.0497,7.3400],[122.0614,7.3748]]]},"type":"Feature","id":"89ef28381d","properties":{"flclr":"#000000","name":"Dinulan","level_id":"reg","layer_val":"0","parent_id":"0","gjsonid":"10"}},{"geometry":{"type":"Polygon","coordinates":[[[122.0724,7.3160],[122.0667,7.3074],[122.0500,7.3157],[122.0369,7.3263],[122.0355,7.3436],[122.0773,7.3305],[122.0724,7.3160]]]},"type":"Feature","id":"b39a9dbc31","properties":{"flclr":"#000000","name":"Kamarangan","level_id":"reg","layer_val":"0","parent_id":"0","gjsonid":"10"}},{"geometry":{"type":"Polygon","coordinates":[[[122.0622,7.2916],[122.0659,7.3077],[122.0702,7.3082],[122.0715,7.2955],[122.0622,7.2916]]]},"type":"Feature","id":"408dcc0a42","properties":{"flclr":"#000000","name":"Poblacion","level_id":"reg","layer_val":"0","parent_id":"0","gjsonid":"10"}},{"geometry":{"type":"Polygon","coordinates":[[[122.1229,7.2977],[122.1469,7.3693],[122.1606,7.3662],[122.1808,7.2818],[122.1766,7.2712],[122.1610,7.2614],[122.1464,7.2663],[122.1420,7.2559],[122.1229,7.2977]]]},"type":"Feature","id":"4cb4449844","properties":{"flclr":"#000000","name":"Lunday","level_id":"reg","layer_val":"0","parent_id":"0","gjsonid":"10"}},{"geometry":{"type":"Polygon","coordinates":[[[122.0497,7.3400],[122.0355,7.3436],[122.0298,7.3580],[122.0472,7.3689],[122.0488,7.3813],[122.0614,7.3748],[122.0497,7.3400]]]},"type":"Feature","id":"5ac48cf63b","properties":{"flclr":"#000000","name":"Lambagoan","level_id":"reg","layer_val":"0","parent_id":"0","gjsonid":"10"}},{"geometry":{"type":"Polygon","coordinates":[[[122.1285,7.3158],[122.1229,7.2977],[122.0724,7.3160],[122.0773,7.3305],[122.1155,7.3187],[122.1213,7.3243],[122.1285,7.3158]]]},"type":"Feature","id":"a4713ef5bf","properties":{"flclr":"#000000","name":"Basak","level_id":"reg","layer_val":"0","parent_id":"0","gjsonid":"10"}},{"geometry":{"type":"Polygon","coordinates":[[[122.0831,7.5035],[122.0873,7.5110],[122.1114,7.4940],[122.2264,7.4533],[122.2172,7.4439],[122.0723,7.4834],[122.0899,7.4953],[122.0831,7.5035]]]},"type":"Feature","id":"833983908c","properties":{"flclr":"#000000","name":"Cawit-cawit","level_id":"reg","layer_val":"0","parent_id":"0","gjsonid":"10"}}]}