{"type":"FeatureCollection","features":[{"geometry":{"type":"Polygon","coordinates":[[[117.732,8.885],[117.696,8.829],[117.548,8.957],[117.623,9.006],[117.732,8.885]]]},"type":"Feature","id":"23ee93f9a9","properties":{"flclr":"#000000","name":"Campong Ulay","level_id":"reg","layer_val":"0","parent_id":"0","gjsonid":"5"}},{"geometry":{"type":"Polygon","coordinates":[[[118.129,9.149],[118.122,9.140],[118.037,9.184],[118.064,9.189],[118.129,9.149]]]},"type":"Feature","id":"74d48a7a0e","properties":{"flclr":"#000000","name":"Abo-abo","level_id":"reg","layer_val":"0","parent_id":"0","gjsonid":"5"}},{"geometry":{"type":"Polygon","coordinates":[[[118.122,9.140],[118.110,9.113],[118.008,9.179],[118.037,9.184],[118.122,9.140]]]},"type":"Feature","id":"43d7c01daa","properties":{"flclr":"#000000","name":"Isumbo","level_id":"reg","layer_val":"0","parent_id":"0","gjsonid":"5"}},{"geometry":{"type":"Polygon","coordinates":[[[118.028,8.942],[118.006,8.982],[117.999,9.014],[118.005,9.027],[118.056,8.979],[118.028,8.942]]]},"type":"Feature","id":"901e3cd505","properties":{"flclr":"#000000","name":"Iraray","level_id":"reg","layer_val":"0","parent_id":"0","gjsonid":"5"}},{"geometry":{"type":"Polygon","coordinates":[[[118.023,8.954],[118.024,8.921],[118.005,8.902],[117.980,8.939],[118.023,8.954]]]},"type":"Feature","id":"994287028a","properties":{"flclr":"#000000","name":"Pulot Shore (Pulot I)","level_id":"reg","layer_val":"0","parent_id":"0","gjsonid":"5"}},{"geometry":{"type":"Polygon","coordinates":[[[117.795,8.942],[117.816,8.960],[117.910,8.880],[117.896,8.831],[117.795,8.942]]]},"type":"Feature","id":"cb6900ad4e","properties":{"flclr":"#000000","name":"Ipilan","level_id":"reg","layer_val":"0","parent_id":"0","gjsonid":"5"}},{"geometry":{"type":"Polygon","coordinates":[[[117.540,8.726],[117.579,8.674],[117.556,8.663],[117.549,8.675],[117.540,8.726]]]},"type":"Feature","id":"8e0ea275a3","properties":{"flclr":"#000000","name":"Malihud","level_id":"reg","layer_val":"0","parent_id":"0","gjsonid":"5"}},{"geometry":{"type":"Polygon","coordinates":[[[117.816,8.960],[117.773,8.924],[117.662,9.073],[117.724,9.071],[117.816,8.960]]]},"type":"Feature","id":"728ad689d0","properties":{"flclr":"#000000","name":"Iraan","level_id":"reg","layer_val":"0","parent_id":"0","gjsonid":"5"}},{"geometry":{"type":"Polygon","coordinates":[[[117.773,8.924],[117.795,8.942],[117.857,8.883],[117.856,8.815],[117.773,8.924]]]},"type":"Feature","id":"feb04bc197","properties":{"flclr":"#000000","name":"Aribungos","level_id":"reg","layer_val":"0","parent_id":"0","gjsonid":"5"}},{"geometry":{"type":"Polygon","coordinates":[[[117.727,8.865],[117.732,8.885],[117.862,8.791],[117.794,8.792],[117.727,8.865]]]},"type":"Feature","id":"903a3e5bc9","properties":{"flclr":"#000000","name":"Pangobilian","level_id":"reg","layer_val":"0","parent_id":"0","gjsonid":"5"}},{"geometry":{"type":"Polygon","coordinates":[[[117.696,8.829],[117.712,8.848],[117.779,8.715],[117.727,8.753],[117.696,8.829]]]},"type":"Feature","id":"78f42e9600","properties":{"flclr":"#000000","name":"Saraza","level_id":"reg","layer_val":"0","parent_id":"0","gjsonid":"5"}},{"geometry":{"type":"Polygon","coordinates":[[[117.683,8.806],[117.696,8.829],[117.759,8.724],[117.745,8.691],[117.683,8.806]]]},"type":"Feature","id":"930c365464","properties":{"flclr":"#000000","name":"Samare\u00f1ana","level_id":"reg","layer_val":"0","parent_id":"0","gjsonid":"5"}},{"geometry":{"type":"Polygon","coordinates":[[[117.696,8.829],[117.623,8.770],[117.511,8.906],[117.548,8.957],[117.696,8.829]]]},"type":"Feature","id":"b3fabbbf81","properties":{"flclr":"#000000","name":"Ransang","level_id":"reg","layer_val":"0","parent_id":"0","gjsonid":"5"}},{"geometry":{"type":"Polygon","coordinates":[[[117.556,8.736],[117.455,8.812],[117.467,8.855],[117.576,8.746],[117.556,8.736]]]},"type":"Feature","id":"349dc8318a","properties":{"flclr":"#000000","name":"Culasian","level_id":"reg","layer_val":"0","parent_id":"0","gjsonid":"5"}},{"geometry":{"type":"Polygon","coordinates":[[[117.332,8.565],[117.369,8.601],[117.434,8.495],[117.393,8.493],[117.332,8.565]]]},"type":"Feature","id":"00029fe6b6","properties":{"flclr":"#000000","name":"Taratak","level_id":"reg","layer_val":"0","parent_id":"0","gjsonid":"5"}},{"geometry":{"type":"Polygon","coordinates":[[[117.369,8.601],[117.332,8.565],[117.268,8.600],[117.337,8.695],[117.392,8.623],[117.369,8.601]]]},"type":"Feature","id":"36423c2385","properties":{"flclr":"#000000","name":"Latud","level_id":"reg","layer_val":"0","parent_id":"0","gjsonid":"5"}},{"geometry":{"type":"Polygon","coordinates":[[[117.262,8.502],[117.309,8.439],[117.284,8.417],[117.254,8.451],[117.262,8.502]]]},"type":"Feature","id":"e8572e7854","properties":{"flclr":"#000000","name":"Malitub","level_id":"reg","layer_val":"0","parent_id":"0","gjsonid":"5"}},{"geometry":{"type":"Polygon","coordinates":[[[117.274,8.512],[117.211,8.488],[117.260,8.615],[117.332,8.565],[117.274,8.512]]]},"type":"Feature","id":"7f737eb5fe","properties":{"flclr":"#000000","name":"Canipaan","level_id":"reg","layer_val":"0","parent_id":"0","gjsonid":"5"}},{"geometry":{"type":"Polygon","coordinates":[[[117.977,9.252],[118.006,9.233],[118.008,9.179],[117.961,9.238],[117.977,9.252]]]},"type":"Feature","id":"b4b1a7c894","properties":{"flclr":"#000000","name":"Alfonso XIII (Pob.)","level_id":"reg","layer_val":"0","parent_id":"0","gjsonid":"5"}},{"geometry":{"type":"Polygon","coordinates":[[[118.041,9.277],[118.074,9.307],[118.111,9.282],[118.082,9.245],[118.041,9.277]]]},"type":"Feature","id":"0d5bf63bc2","properties":{"flclr":"#000000","name":"Maasin","level_id":"reg","layer_val":"0","parent_id":"0","gjsonid":"5"}},{"geometry":{"type":"Polygon","coordinates":[[[117.802,9.180],[117.923,9.092],[117.909,9.044],[117.808,9.141],[117.802,9.180]]]},"type":"Feature","id":"b1259a8393","properties":{"flclr":"#000000","name":"Tagusao","level_id":"reg","layer_val":"0","parent_id":"0","gjsonid":"5"}},{"geometry":{"type":"Polygon","coordinates":[[[117.949,9.129],[117.983,9.160],[118.094,9.060],[118.080,9.035],[117.949,9.129]]]},"type":"Feature","id":"754f41a695","properties":{"flclr":"#000000","name":"Labog","level_id":"reg","layer_val":"0","parent_id":"0","gjsonid":"5"}},{"geometry":{"type":"Polygon","coordinates":[[[117.983,9.160],[117.949,9.129],[117.885,9.235],[117.932,9.220],[117.983,9.160]]]},"type":"Feature","id":"9645ebd4ca","properties":{"flclr":"#000000","name":"Malatgao","level_id":"reg","layer_val":"0","parent_id":"0","gjsonid":"5"}},{"geometry":{"type":"Polygon","coordinates":[[[118.037,9.184],[118.008,9.179],[118.031,9.227],[118.081,9.224],[118.037,9.184]]]},"type":"Feature","id":"7bb5239453","properties":{"flclr":"#000000","name":"Pinaglabanan","level_id":"reg","layer_val":"0","parent_id":"0","gjsonid":"5"}},{"geometry":{"type":"Polygon","coordinates":[[[118.166,9.297],[118.135,9.263],[118.073,9.312],[118.145,9.363],[118.186,9.307],[118.166,9.297]]]},"type":"Feature","id":"4b7fa4f042","properties":{"flclr":"#000000","name":"Isugod","level_id":"reg","layer_val":"0","parent_id":"0","gjsonid":"5"}},{"geometry":{"type":"Polygon","coordinates":[[[118.111,9.282],[118.135,9.263],[118.116,9.207],[118.081,9.209],[118.111,9.282]]]},"type":"Feature","id":"43a5ab998b","properties":{"flclr":"#000000","name":"Calatagbak","level_id":"reg","layer_val":"0","parent_id":"0","gjsonid":"5"}},{"geometry":{"type":"Polygon","coordinates":[[[118.200,9.313],[118.119,9.363],[118.127,9.398],[118.188,9.409],[118.255,9.347],[118.200,9.313]]]},"type":"Feature","id":"adf163f3f4","properties":{"flclr":"#000000","name":"Aramaywan","level_id":"reg","layer_val":"0","parent_id":"0","gjsonid":"5"}},{"geometry":{"type":"Polygon","coordinates":[[[118.175,9.155],[118.116,9.207],[118.135,9.263],[118.167,9.171],[118.175,9.155]]]},"type":"Feature","id":"6cceb88c3d","properties":{"flclr":"#000000","name":"Tacras","level_id":"reg","layer_val":"0","parent_id":"0","gjsonid":"5"}},{"geometry":{"type":"Polygon","coordinates":[[[118.153,9.143],[118.148,9.135],[118.064,9.189],[118.081,9.209],[118.153,9.143]]]},"type":"Feature","id":"391d858487","properties":{"flclr":"#000000","name":"Ipilan","level_id":"reg","layer_val":"0","parent_id":"0","gjsonid":"5"}},{"geometry":{"type":"Polygon","coordinates":[[[118.156,9.148],[118.137,9.151],[118.081,9.209],[118.116,9.207],[118.156,9.148]]]},"type":"Feature","id":"c56ace1487","properties":{"flclr":"#000000","name":"Burirao","level_id":"reg","layer_val":"0","parent_id":"0","gjsonid":"5"}},{"geometry":{"type":"Polygon","coordinates":[[[117.051,7.992],[117.061,7.982],[117.015,7.958],[117.006,7.997],[117.051,7.992]]]},"type":"Feature","id":"8917bf6fbe","properties":{"flclr":"#000000","name":"Poblacion VI","level_id":"reg","layer_val":"0","parent_id":"0","gjsonid":"5"}},{"geometry":{"type":"Polygon","coordinates":[[[117.970,8.874],[117.931,8.856],[117.841,8.979],[117.861,8.996],[117.925,8.948],[117.970,8.874]]]},"type":"Feature","id":"d8b63a3db3","properties":{"flclr":"#000000","name":"Maasin","level_id":"reg","layer_val":"0","parent_id":"0","gjsonid":"5"}},{"geometry":{"type":"Polygon","coordinates":[[[117.861,8.996],[117.816,8.960],[117.745,9.038],[117.756,9.111],[117.861,8.996]]]},"type":"Feature","id":"2823dd3fe2","properties":{"flclr":"#000000","name":"Bunog","level_id":"reg","layer_val":"0","parent_id":"0","gjsonid":"5"}},{"geometry":{"type":"Polygon","coordinates":[[[117.901,9.012],[117.861,8.996],[117.766,9.135],[117.799,9.146],[117.901,9.012]]]},"type":"Feature","id":"0f7c5eec8f","properties":{"flclr":"#000000","name":"Quinlogan","level_id":"reg","layer_val":"0","parent_id":"0","gjsonid":"5"}},{"geometry":{"type":"Polygon","coordinates":[[[117.816,8.960],[117.841,8.979],[117.940,8.854],[117.905,8.841],[117.910,8.880],[117.816,8.960]]]},"type":"Feature","id":"0cec05a2cc","properties":{"flclr":"#000000","name":"Mambalot","level_id":"reg","layer_val":"0","parent_id":"0","gjsonid":"5"}},{"geometry":{"type":"Polygon","coordinates":[[[117.861,8.996],[117.969,8.989],[118.003,8.881],[117.968,8.870],[117.861,8.996]]]},"type":"Feature","id":"a56e046ea2","properties":{"flclr":"#000000","name":"Calasaguen","level_id":"reg","layer_val":"0","parent_id":"0","gjsonid":"5"}},{"geometry":{"type":"Polygon","coordinates":[[[117.477,8.558],[117.459,8.585],[117.485,8.625],[117.512,8.605],[117.477,8.558]]]},"type":"Feature","id":"d905a64009","properties":{"flclr":"#000000","name":"Iwahig","level_id":"reg","layer_val":"0","parent_id":"0","gjsonid":"5"}},{"geometry":{"type":"Polygon","coordinates":[[[117.868,8.810],[117.853,8.813],[117.858,8.884],[117.893,8.831],[117.868,8.810]]]},"type":"Feature","id":"c28aa90460","properties":{"flclr":"#000000","name":"Barong-barong","level_id":"reg","layer_val":"0","parent_id":"0","gjsonid":"5"}},{"geometry":{"type":"Polygon","coordinates":[[[116.980,7.857],[117.020,7.882],[117.029,7.862],[116.991,7.849],[116.980,7.857]]]},"type":"Feature","id":"00e1878aed","properties":{"flclr":"#000000","name":"Pasig","level_id":"reg","layer_val":"0","parent_id":"0","gjsonid":"5"}},{"geometry":{"type":"Polygon","coordinates":[[[117.745,8.691],[117.714,8.694],[117.683,8.806],[117.718,8.729],[117.745,8.691]]]},"type":"Feature","id":"f6bc89f1eb","properties":{"flclr":"#000000","name":"Salogon","level_id":"reg","layer_val":"0","parent_id":"0","gjsonid":"5"}},{"geometry":{"type":"Polygon","coordinates":[[[117.794,8.792],[117.824,8.790],[117.827,8.774],[117.794,8.771],[117.794,8.792]]]},"type":"Feature","id":"d2356c7533","properties":{"flclr":"#000000","name":"Tubtub","level_id":"reg","layer_val":"0","parent_id":"0","gjsonid":"5"}},{"geometry":{"type":"Polygon","coordinates":[[[117.841,8.773],[117.836,8.768],[117.827,8.780],[117.835,8.773],[117.841,8.773]]]},"type":"Feature","id":"14a092687e","properties":{"flclr":"#000000","name":"Poblacion I","level_id":"reg","layer_val":"0","parent_id":"0","gjsonid":"5"}},{"geometry":{"type":"Polygon","coordinates":[[[117.843,8.777],[117.835,8.773],[117.827,8.784],[117.842,8.781],[117.843,8.777]]]},"type":"Feature","id":"8fbb7c7802","properties":{"flclr":"#000000","name":"Poblacion II","level_id":"reg","layer_val":"0","parent_id":"0","gjsonid":"5"}},{"geometry":{"type":"Polygon","coordinates":[[[117.793,8.771],[117.808,8.768],[117.787,8.730],[117.766,8.765],[117.793,8.771]]]},"type":"Feature","id":"43440bf1e6","properties":{"flclr":"#000000","name":"Oring-oring","level_id":"reg","layer_val":"0","parent_id":"0","gjsonid":"5"}},{"geometry":{"type":"Polygon","coordinates":[[[117.633,8.661],[117.576,8.746],[117.623,8.770],[117.636,8.672],[117.633,8.661]]]},"type":"Feature","id":"0e77058c62","properties":{"flclr":"#000000","name":"Marangas (Pob.)","level_id":"reg","layer_val":"0","parent_id":"0","gjsonid":"5"}},{"geometry":{"type":"Polygon","coordinates":[[[117.684,8.681],[117.633,8.661],[117.623,8.770],[117.678,8.697],[117.684,8.681]]]},"type":"Feature","id":"181a3870dc","properties":{"flclr":"#000000","name":"Inogbong","level_id":"reg","layer_val":"0","parent_id":"0","gjsonid":"5"}},{"geometry":{"type":"Polygon","coordinates":[[[117.020,7.882],[116.980,7.857],[116.967,7.896],[117.013,7.915],[117.020,7.882]]]},"type":"Feature","id":"97f1e6f4a2","properties":{"flclr":"#000000","name":"Rabor","level_id":"reg","layer_val":"0","parent_id":"0","gjsonid":"5"}},{"geometry":{"type":"Polygon","coordinates":[[[116.999,7.851],[117.029,7.862],[117.068,7.863],[117.018,7.803],[116.999,7.851]]]},"type":"Feature","id":"47590d1a65","properties":{"flclr":"#000000","name":"Melville","level_id":"reg","layer_val":"0","parent_id":"0","gjsonid":"5"}},{"geometry":{"type":"Polygon","coordinates":[[[117.015,7.958],[116.948,7.934],[116.967,8.056],[116.969,8.012],[117.002,8.017],[117.015,7.958]]]},"type":"Feature","id":"f607df23f7","properties":{"flclr":"#000000","name":"Catagupan","level_id":"reg","layer_val":"0","parent_id":"0","gjsonid":"5"}},{"geometry":{"type":"Polygon","coordinates":[[[117.611,8.661],[117.579,8.674],[117.556,8.736],[117.576,8.746],[117.611,8.661]]]},"type":"Feature","id":"569caca66d","properties":{"flclr":"#000000","name":"Bono-bono","level_id":"reg","layer_val":"0","parent_id":"0","gjsonid":"5"}},{"geometry":{"type":"Polygon","coordinates":[[[117.540,8.726],[117.556,8.663],[117.538,8.635],[117.512,8.688],[117.540,8.726]]]},"type":"Feature","id":"17f5d7af0c","properties":{"flclr":"#000000","name":"Bulalacao","level_id":"reg","layer_val":"0","parent_id":"0","gjsonid":"5"}},{"geometry":{"type":"Polygon","coordinates":[[[117.540,8.726],[117.495,8.679],[117.419,8.786],[117.459,8.810],[117.540,8.726]]]},"type":"Feature","id":"bc6931299c","properties":{"flclr":"#000000","name":"Panalingaan","level_id":"reg","layer_val":"0","parent_id":"0","gjsonid":"5"}},{"geometry":{"type":"Polygon","coordinates":[[[117.369,8.601],[117.392,8.623],[117.474,8.539],[117.452,8.504],[117.369,8.601]]]},"type":"Feature","id":"eff6a5c590","properties":{"flclr":"#000000","name":"Rio Tuba","level_id":"reg","layer_val":"0","parent_id":"0","gjsonid":"5"}},{"geometry":{"type":"Polygon","coordinates":[[[117.459,8.585],[117.474,8.539],[117.392,8.623],[117.406,8.636],[117.459,8.585]]]},"type":"Feature","id":"b2b58d3ac7","properties":{"flclr":"#000000","name":"Ocayan","level_id":"reg","layer_val":"0","parent_id":"0","gjsonid":"5"}},{"geometry":{"type":"Polygon","coordinates":[[[117.463,8.517],[117.477,8.558],[117.521,8.545],[117.493,8.496],[117.463,8.517]]]},"type":"Feature","id":"5c836a2fe3","properties":{"flclr":"#000000","name":"Sarong","level_id":"reg","layer_val":"0","parent_id":"0","gjsonid":"5"}},{"geometry":{"type":"Polygon","coordinates":[[[117.208,8.376],[117.234,8.414],[117.255,8.395],[117.221,8.357],[117.208,8.376]]]},"type":"Feature","id":"76a28f21c9","properties":{"flclr":"#000000","name":"Puring","level_id":"reg","layer_val":"0","parent_id":"0","gjsonid":"5"}},{"geometry":{"type":"Polygon","coordinates":[[[117.234,8.414],[117.208,8.376],[117.180,8.376],[117.214,8.461],[117.254,8.451],[117.234,8.414]]]},"type":"Feature","id":"6e4aef0e98","properties":{"flclr":"#000000","name":"Tabud","level_id":"reg","layer_val":"0","parent_id":"0","gjsonid":"5"}},{"geometry":{"type":"Polygon","coordinates":[[[117.180,8.376],[117.208,8.376],[117.206,8.333],[117.174,8.340],[117.180,8.376]]]},"type":"Feature","id":"e1aed22135","properties":{"flclr":"#000000","name":"Buliluyan","level_id":"reg","layer_val":"0","parent_id":"0","gjsonid":"5"}},{"geometry":{"type":"Polygon","coordinates":[[[117.284,8.417],[117.255,8.395],[117.234,8.415],[117.254,8.451],[117.284,8.417]]]},"type":"Feature","id":"ceaddfdb57","properties":{"flclr":"#000000","name":"Tagnato","level_id":"reg","layer_val":"0","parent_id":"0","gjsonid":"5"}},{"geometry":{"type":"Polygon","coordinates":[[[117.413,8.619],[117.419,8.649],[117.475,8.670],[117.480,8.628],[117.413,8.619]]]},"type":"Feature","id":"89fc9c71bc","properties":{"flclr":"#000000","name":"Culandanum","level_id":"reg","layer_val":"0","parent_id":"0","gjsonid":"5"}},{"geometry":{"type":"Polygon","coordinates":[[[117.521,8.545],[117.477,8.558],[117.541,8.608],[117.541,8.573],[117.521,8.545]]]},"type":"Feature","id":"c588492d7e","properties":{"flclr":"#000000","name":"Igang-igang","level_id":"reg","layer_val":"0","parent_id":"0","gjsonid":"5"}},{"geometry":{"type":"Polygon","coordinates":[[[117.495,8.679],[117.532,8.657],[117.537,8.605],[117.481,8.628],[117.495,8.679]]]},"type":"Feature","id":"01b848c78a","properties":{"flclr":"#000000","name":"Tarusan","level_id":"reg","layer_val":"0","parent_id":"0","gjsonid":"5"}},{"geometry":{"type":"Polygon","coordinates":[[[117.481,8.629],[117.459,8.585],[117.413,8.619],[117.452,8.634],[117.481,8.629]]]},"type":"Feature","id":"e1c0c47424","properties":{"flclr":"#000000","name":"Sandoval","level_id":"reg","layer_val":"0","parent_id":"0","gjsonid":"5"}},{"geometry":{"type":"Polygon","coordinates":[[[117.309,8.439],[117.274,8.512],[117.302,8.538],[117.362,8.478],[117.309,8.439]]]},"type":"Feature","id":"3eae596d57","properties":{"flclr":"#000000","name":"Sapa","level_id":"reg","layer_val":"0","parent_id":"0","gjsonid":"5"}},{"geometry":{"type":"Polygon","coordinates":[[[117.067,7.989],[117.074,7.992],[117.076,7.975],[117.066,7.984],[117.067,7.989]]]},"type":"Feature","id":"9a4055f6d2","properties":{"flclr":"#000000","name":"Poblacion V","level_id":"reg","layer_val":"0","parent_id":"0","gjsonid":"5"}},{"geometry":{"type":"Polygon","coordinates":[[[117.262,8.502],[117.254,8.451],[117.209,8.463],[117.217,8.486],[117.262,8.502]]]},"type":"Feature","id":"0511058aa2","properties":{"flclr":"#000000","name":"Tagolango","level_id":"reg","layer_val":"0","parent_id":"0","gjsonid":"5"}},{"geometry":{"type":"Polygon","coordinates":[[[117.066,7.984],[117.064,7.987],[117.066,7.987],[117.066,7.984]]]},"type":"Feature","id":"7579be3455","properties":{"flclr":"#000000","name":"Poblacion I","level_id":"reg","layer_val":"0","parent_id":"0","gjsonid":"5"}},{"geometry":{"type":"Polygon","coordinates":[[[117.065,7.986],[117.065,7.984],[117.061,7.982],[117.060,7.985],[117.065,7.986]]]},"type":"Feature","id":"48118aaaf8","properties":{"flclr":"#000000","name":"Poblacion II","level_id":"reg","layer_val":"0","parent_id":"0","gjsonid":"5"}},{"geometry":{"type":"Polygon","coordinates":[[[117.061,7.988],[117.065,7.986],[117.060,7.985],[117.061,7.988]]]},"type":"Feature","id":"a0811e1c43","properties":{"flclr":"#000000","name":"Poblacion III","level_id":"reg","layer_val":"0","parent_id":"0","gjsonid":"5"}},{"geometry":{"type":"Polygon","coordinates":[[[117.064,7.987],[117.067,7.989],[117.065,7.987],[117.064,7.987]]]},"type":"Feature","id":"36f68b9916","properties":{"flclr":"#000000","name":"Poblacion IV","level_id":"reg","layer_val":"0","parent_id":"0","gjsonid":"5"}},{"geometry":{"type":"Polygon","coordinates":[[[117.013,7.927],[117.015,7.958],[117.079,7.973],[117.086,7.908],[117.013,7.927]]]},"type":"Feature","id":"3bbde0805f","properties":{"flclr":"#000000","name":"Malaking Ilog","level_id":"reg","layer_val":"0","parent_id":"0","gjsonid":"5"}},{"geometry":{"type":"Polygon","coordinates":[[[117.015,7.954],[117.013,7.915],[116.934,7.915],[116.932,7.941],[117.015,7.954]]]},"type":"Feature","id":"35a5832f64","properties":{"flclr":"#000000","name":"Agutayan","level_id":"reg","layer_val":"0","parent_id":"0","gjsonid":"5"}},{"geometry":{"type":"Polygon","coordinates":[[[117.623,9.006],[117.658,9.065],[117.773,8.924],[117.732,8.885],[117.623,9.006]]]},"type":"Feature","id":"44ff3a02f2","properties":{"flclr":"#000000","name":"Punta Baja","level_id":"reg","layer_val":"0","parent_id":"0","gjsonid":"5"}},{"geometry":{"type":"Polygon","coordinates":[[[117.508,8.895],[117.623,8.770],[117.576,8.746],[117.476,8.854],[117.508,8.895]]]},"type":"Feature","id":"5f8dd9e63f","properties":{"flclr":"#000000","name":"Candawaga","level_id":"reg","layer_val":"0","parent_id":"0","gjsonid":"5"}},{"geometry":{"type":"Polygon","coordinates":[[[117.337,8.695],[117.359,8.745],[117.421,8.759],[117.495,8.679],[117.392,8.623],[117.337,8.695]]]},"type":"Feature","id":"1427678046","properties":{"flclr":"#000000","name":"Taburi","level_id":"reg","layer_val":"0","parent_id":"0","gjsonid":"5"}},{"geometry":{"type":"Polygon","coordinates":[[[118.008,9.179],[118.110,9.113],[118.096,9.045],[117.983,9.160],[118.008,9.179]]]},"type":"Feature","id":"287ce1c228","properties":{"flclr":"#000000","name":"Panitian","level_id":"reg","layer_val":"0","parent_id":"0","gjsonid":"5"}},{"geometry":{"type":"Polygon","coordinates":[[[117.998,9.240],[118.040,9.277],[118.083,9.228],[118.031,9.227],[118.008,9.179],[117.998,9.240]]]},"type":"Feature","id":"59605134fb","properties":{"flclr":"#000000","name":"Tabon","level_id":"reg","layer_val":"0","parent_id":"0","gjsonid":"5"}},{"geometry":{"type":"Polygon","coordinates":[[[117.885,9.235],[117.981,9.281],[117.961,9.238],[118.008,9.179],[117.957,9.163],[117.932,9.220],[117.885,9.235]]]},"type":"Feature","id":"0671ee8336","properties":{"flclr":"#000000","name":"Panitian","level_id":"reg","layer_val":"0","parent_id":"0","gjsonid":"5"}},{"geometry":{"type":"Polygon","coordinates":[[[117.204,8.165],[117.148,8.152],[117.131,8.176],[117.188,8.179],[117.204,8.165]]]},"type":"Feature","id":"26705c70d3","properties":{"flclr":"#000000","name":"Bancalaan","level_id":"reg","layer_val":"0","parent_id":"0","gjsonid":"5"}},{"geometry":{"type":"Polygon","coordinates":[[[117.124,8.215],[117.085,8.216],[117.081,8.247],[117.114,8.242],[117.124,8.215]]]},"type":"Feature","id":"41d0601d20","properties":{"flclr":"#000000","name":"Bancalaan","level_id":"reg","layer_val":"0","parent_id":"0","gjsonid":"5"}},{"geometry":{"type":"Polygon","coordinates":[[[117.219,8.318],[117.231,8.339],[117.257,8.289],[117.176,8.255],[117.163,8.287],[117.219,8.318]]]},"type":"Feature","id":"576db936a3","properties":{"flclr":"#000000","name":"Pandanan","level_id":"reg","layer_val":"0","parent_id":"0","gjsonid":"5"}},{"geometry":{"type":"Polygon","coordinates":[[[117.727,8.865],[117.793,8.794],[117.795,8.767],[117.747,8.770],[117.727,8.865]]]},"type":"Feature","id":"d3e3fdece8","properties":{"flclr":"#000000","name":"Amas","level_id":"reg","layer_val":"0","parent_id":"0","gjsonid":"5"}},{"geometry":{"type":"Polygon","coordinates":[[[117.271,8.201],[117.270,8.313],[117.308,8.313],[117.288,8.274],[117.306,8.303],[117.312,8.331],[117.352,8.291],[117.346,8.209],[117.271,8.201]]]},"type":"Feature","id":"1e007f1b4a","properties":{"flclr":"#000000","name":"Bugsuk (New Cagayancillo)","level_id":"reg","layer_val":"0","parent_id":"0","gjsonid":"5"}},{"geometry":{"type":"Polygon","coordinates":[[[117.051,8.118],[117.061,8.083],[116.990,8.090],[117.025,8.129],[117.051,8.118]]]},"type":"Feature","id":"967f35494e","properties":{"flclr":"#000000","name":"Ramos","level_id":"reg","layer_val":"0","parent_id":"0","gjsonid":"5"}},{"geometry":{"type":"Polygon","coordinates":[[[117.329,8.190],[117.294,8.178],[117.271,8.201],[117.305,8.200],[117.329,8.190]]]},"type":"Feature","id":"43d56bdddb","properties":{"flclr":"#000000","name":"Sebaring","level_id":"reg","layer_val":"0","parent_id":"0","gjsonid":"5"}},{"geometry":{"type":"Polygon","coordinates":[[[116.985,8.026],[116.999,8.064],[117.073,8.075],[117.076,8.003],[117.006,7.997],[116.985,8.026]]]},"type":"Feature","id":"6b2f8875b2","properties":{"flclr":"#000000","name":"Salang","level_id":"reg","layer_val":"0","parent_id":"0","gjsonid":"5"}},{"geometry":{"type":"Polygon","coordinates":[[[117.969,8.989],[118.002,9.015],[118.023,8.954],[117.965,8.938],[117.969,8.989]]]},"type":"Feature","id":"a94c669261","properties":{"flclr":"#000000","name":"Pulot Center","level_id":"reg","layer_val":"0","parent_id":"0","gjsonid":"5"}},{"geometry":{"type":"Polygon","coordinates":[[[117.752,8.909],[117.773,8.924],[117.849,8.818],[117.814,8.832],[117.752,8.909]]]},"type":"Feature","id":"b052b2fae1","properties":{"flclr":"#000000","name":"Mainit","level_id":"reg","layer_val":"0","parent_id":"0","gjsonid":"5"}},{"geometry":{"type":"Polygon","coordinates":[[[117.732,8.885],[117.752,8.909],[117.814,8.832],[117.787,8.824],[117.732,8.885]]]},"type":"Feature","id":"82d3791ffe","properties":{"flclr":"#000000","name":"Imulnod","level_id":"reg","layer_val":"0","parent_id":"0","gjsonid":"5"}},{"geometry":{"type":"Polygon","coordinates":[[[117.623,8.770],[117.683,8.806],[117.720,8.685],[117.684,8.681],[117.623,8.770]]]},"type":"Feature","id":"7a7e6fef90","properties":{"flclr":"#000000","name":"Malis","level_id":"reg","layer_val":"0","parent_id":"0","gjsonid":"5"}},{"geometry":{"type":"Polygon","coordinates":[[[117.302,8.538],[117.332,8.565],[117.393,8.491],[117.365,8.475],[117.302,8.538]]]},"type":"Feature","id":"999a9ef8b1","properties":{"flclr":"#000000","name":"Sumbiling","level_id":"reg","layer_val":"0","parent_id":"0","gjsonid":"5"}},{"geometry":{"type":"Polygon","coordinates":[[[118.109,6.167],[118.111,6.168],[118.112,6.166],[118.110,6.165],[118.109,6.167]]]},"type":"Feature","id":"6b2dfeae69","properties":{"flclr":"#000000","name":"Taganak Poblacion","level_id":"reg","layer_val":"0","parent_id":"0","gjsonid":"17"}},{"geometry":{"type":"Polygon","coordinates":[[[118.064,6.228],[118.068,6.234],[118.071,6.236],[118.072,6.232],[118.064,6.228]]]},"type":"Feature","id":"85385bd44a","properties":{"flclr":"#000000","name":"Taganak Poblacion","level_id":"reg","layer_val":"0","parent_id":"0","gjsonid":"17"}},{"geometry":{"type":"Polygon","coordinates":[[[118.115,6.186],[118.121,6.191],[118.124,6.190],[118.118,6.184],[118.115,6.186]]]},"type":"Feature","id":"f2f8e7780d","properties":{"flclr":"#000000","name":"Taganak Poblacion","level_id":"reg","layer_val":"0","parent_id":"0","gjsonid":"17"}},{"geometry":{"type":"Polygon","coordinates":[[[118.070,6.282],[118.078,6.290],[118.082,6.289],[118.081,6.283],[118.070,6.282]]]},"type":"Feature","id":"2ae106ece7","properties":{"flclr":"#000000","name":"Taganak Poblacion","level_id":"reg","layer_val":"0","parent_id":"0","gjsonid":"17"}},{"geometry":{"type":"Polygon","coordinates":[[[117.380,8.758],[117.383,8.760],[117.380,8.757],[117.380,8.758]]]},"type":"Feature","id":"d83a134148","properties":{"flclr":"#000000","name":"Taburi","level_id":"reg","layer_val":"0","parent_id":"0","gjsonid":"5"}},{"geometry":{"type":"Polygon","coordinates":[[[117.374,8.756],[117.376,8.757],[117.376,8.755],[117.374,8.756]]]},"type":"Feature","id":"24ebd6d239","properties":{"flclr":"#000000","name":"Taburi","level_id":"reg","layer_val":"0","parent_id":"0","gjsonid":"5"}},{"geometry":{"type":"Polygon","coordinates":[[[118.117,9.046],[118.117,9.049],[118.120,9.050],[118.119,9.046],[118.117,9.046]]]},"type":"Feature","id":"623711d4e0","properties":{"flclr":"#000000","name":"Panitian","level_id":"reg","layer_val":"0","parent_id":"0","gjsonid":"5"}},{"geometry":{"type":"Polygon","coordinates":[[[118.122,9.095],[118.126,9.097],[118.131,9.093],[118.126,9.089],[118.122,9.095]]]},"type":"Feature","id":"1410558e78","properties":{"flclr":"#000000","name":"Panitian","level_id":"reg","layer_val":"0","parent_id":"0","gjsonid":"5"}},{"geometry":{"type":"Polygon","coordinates":[[[114.278,11.052],[114.285,11.056],[114.290,11.051],[114.278,11.051],[114.278,11.052]]]},"type":"Feature","id":"5211909df7","properties":{"flclr":"#000000","name":"Pag-Asa (Pob.)","level_id":"reg","layer_val":"0","parent_id":"0","gjsonid":"5"}},{"geometry":{"type":"Polygon","coordinates":[[[117.901,9.012],[117.918,9.072],[118.005,9.027],[117.973,8.989],[117.901,9.012]]]},"type":"Feature","id":"fb06932558","properties":{"flclr":"#000000","name":"Pulot Interior (Pulot II)","level_id":"reg","layer_val":"0","parent_id":"0","gjsonid":"5"}},{"geometry":{"type":"Polygon","coordinates":[[[117.909,9.044],[117.901,9.012],[117.776,9.166],[117.802,9.180],[117.909,9.044]]]},"type":"Feature","id":"744686c916","properties":{"flclr":"#000000","name":"Calumpang","level_id":"reg","layer_val":"0","parent_id":"0","gjsonid":"5"}},{"geometry":{"type":"Polygon","coordinates":[[[118.083,9.358],[118.087,9.359],[118.087,9.354],[118.085,9.355],[118.083,9.358]]]},"type":"Feature","id":"f39ef4b4ec","properties":{"flclr":"#000000","name":"Isugod","level_id":"reg","layer_val":"0","parent_id":"0","gjsonid":"5"}},{"geometry":{"type":"Polygon","coordinates":[[[118.089,9.354],[118.094,9.354],[118.090,9.352],[118.089,9.354]]]},"type":"Feature","id":"bb9c5ab88d","properties":{"flclr":"#000000","name":"Isugod","level_id":"reg","layer_val":"0","parent_id":"0","gjsonid":"5"}},{"geometry":{"type":"Polygon","coordinates":[[[118.053,9.362],[118.057,9.363],[118.056,9.360],[118.053,9.362]]]},"type":"Feature","id":"f60724be3b","properties":{"flclr":"#000000","name":"Isugod","level_id":"reg","layer_val":"0","parent_id":"0","gjsonid":"5"}},{"geometry":{"type":"Polygon","coordinates":[[[118.062,9.365],[118.065,9.366],[118.063,9.364],[118.062,9.365]]]},"type":"Feature","id":"56d3097ca0","properties":{"flclr":"#000000","name":"Isugod","level_id":"reg","layer_val":"0","parent_id":"0","gjsonid":"5"}},{"geometry":{"type":"Polygon","coordinates":[[[118.045,9.374],[118.047,9.376],[118.047,9.374],[118.045,9.374]]]},"type":"Feature","id":"6b549a9ad9","properties":{"flclr":"#000000","name":"Isugod","level_id":"reg","layer_val":"0","parent_id":"0","gjsonid":"5"}},{"geometry":{"type":"Polygon","coordinates":[[[117.885,9.260],[117.889,9.262],[117.892,9.259],[117.889,9.258],[117.885,9.260]]]},"type":"Feature","id":"f79c2e6ad7","properties":{"flclr":"#000000","name":"Panitian","level_id":"reg","layer_val":"0","parent_id":"0","gjsonid":"5"}},{"geometry":{"type":"Polygon","coordinates":[[[117.934,9.272],[117.943,9.273],[117.946,9.268],[117.943,9.265],[117.934,9.272]]]},"type":"Feature","id":"c22bfd4efa","properties":{"flclr":"#000000","name":"Panitian","level_id":"reg","layer_val":"0","parent_id":"0","gjsonid":"5"}},{"geometry":{"type":"Polygon","coordinates":[[[117.957,9.300],[117.963,9.300],[117.967,9.290],[117.961,9.294],[117.957,9.300]]]},"type":"Feature","id":"b4e75abaa3","properties":{"flclr":"#000000","name":"Panitian","level_id":"reg","layer_val":"0","parent_id":"0","gjsonid":"5"}},{"geometry":{"type":"Polygon","coordinates":[[[117.930,9.283],[117.938,9.286],[117.947,9.295],[117.939,9.274],[117.930,9.283]]]},"type":"Feature","id":"236bd85059","properties":{"flclr":"#000000","name":"Panitian","level_id":"reg","layer_val":"0","parent_id":"0","gjsonid":"5"}},{"geometry":{"type":"Polygon","coordinates":[[[117.944,9.315],[117.948,9.311],[117.946,9.311],[117.944,9.315]]]},"type":"Feature","id":"5fca0fa3ee","properties":{"flclr":"#000000","name":"Panitian","level_id":"reg","layer_val":"0","parent_id":"0","gjsonid":"5"}},{"geometry":{"type":"Polygon","coordinates":[[[117.997,9.297],[118.005,9.293],[118.003,9.287],[117.999,9.289],[117.997,9.297]]]},"type":"Feature","id":"7ad3272b7d","properties":{"flclr":"#000000","name":"Panitian","level_id":"reg","layer_val":"0","parent_id":"0","gjsonid":"5"}},{"geometry":{"type":"Polygon","coordinates":[[[117.923,9.092],[117.949,9.129],[118.081,9.015],[118.040,8.985],[117.923,9.092]]]},"type":"Feature","id":"7af70ec2e8","properties":{"flclr":"#000000","name":"Punang","level_id":"reg","layer_val":"0","parent_id":"0","gjsonid":"5"}},{"geometry":{"type":"Polygon","coordinates":[[[117.949,9.129],[117.923,9.092],[117.816,9.191],[117.885,9.235],[117.949,9.129]]]},"type":"Feature","id":"caf49ddba8","properties":{"flclr":"#000000","name":"Sowangan","level_id":"reg","layer_val":"0","parent_id":"0","gjsonid":"5"}},{"geometry":{"type":"Polygon","coordinates":[[[117.849,9.245],[117.858,9.248],[117.860,9.248],[117.856,9.243],[117.849,9.245]]]},"type":"Feature","id":"f05a5b5130","properties":{"flclr":"#000000","name":"Sowangan","level_id":"reg","layer_val":"0","parent_id":"0","gjsonid":"5"}},{"geometry":{"type":"Polygon","coordinates":[[[117.220,7.916],[117.221,7.917],[117.222,7.915],[117.220,7.915],[117.220,7.916]]]},"type":"Feature","id":"9bfa9cefe1","properties":{"flclr":"#000000","name":"Malaking Ilog","level_id":"reg","layer_val":"0","parent_id":"0","gjsonid":"5"}},{"geometry":{"type":"Polygon","coordinates":[[[117.222,8.357],[117.223,8.358],[117.223,8.357],[117.222,8.357]]]},"type":"Feature","id":"cab548e089","properties":{"flclr":"#000000","name":"Puring","level_id":"reg","layer_val":"0","parent_id":"0","gjsonid":"5"}},{"geometry":{"type":"Polygon","coordinates":[[[117.229,8.361],[117.236,8.367],[117.240,8.366],[117.231,8.359],[117.229,8.361]]]},"type":"Feature","id":"443350d6b9","properties":{"flclr":"#000000","name":"Puring","level_id":"reg","layer_val":"0","parent_id":"0","gjsonid":"5"}},{"geometry":{"type":"Polygon","coordinates":[[[117.241,8.371],[117.248,8.379],[117.244,8.369],[117.241,8.371]]]},"type":"Feature","id":"ba41589974","properties":{"flclr":"#000000","name":"Puring","level_id":"reg","layer_val":"0","parent_id":"0","gjsonid":"5"}},{"geometry":{"type":"Polygon","coordinates":[[[117.224,8.359],[117.225,8.361],[117.225,8.359],[117.224,8.359]]]},"type":"Feature","id":"b5daa04520","properties":{"flclr":"#000000","name":"Puring","level_id":"reg","layer_val":"0","parent_id":"0","gjsonid":"5"}},{"geometry":{"type":"Polygon","coordinates":[[[117.275,8.397],[117.279,8.398],[117.276,8.396],[117.275,8.397]]]},"type":"Feature","id":"81c91bd548","properties":{"flclr":"#000000","name":"Tagnato","level_id":"reg","layer_val":"0","parent_id":"0","gjsonid":"5"}},{"geometry":{"type":"Polygon","coordinates":[[[117.261,8.392],[117.266,8.393],[117.263,8.390],[117.261,8.392]]]},"type":"Feature","id":"29ffba40b7","properties":{"flclr":"#000000","name":"Tagnato","level_id":"reg","layer_val":"0","parent_id":"0","gjsonid":"5"}},{"geometry":{"type":"Polygon","coordinates":[[[117.430,8.440],[117.433,8.441],[117.436,8.440],[117.433,8.438],[117.430,8.440]]]},"type":"Feature","id":"e6c662106c","properties":{"flclr":"#000000","name":"Taratak","level_id":"reg","layer_val":"0","parent_id":"0","gjsonid":"5"}},{"geometry":{"type":"Polygon","coordinates":[[[117.507,8.343],[117.522,8.350],[117.513,8.337],[117.507,8.343]]]},"type":"Feature","id":"fe30c2ab88","properties":{"flclr":"#000000","name":"Bugsuk (New Cagayancillo)","level_id":"reg","layer_val":"0","parent_id":"0","gjsonid":"5"}},{"geometry":{"type":"Polygon","coordinates":[[[117.338,8.310],[117.340,8.312],[117.341,8.311],[117.339,8.309],[117.338,8.310]]]},"type":"Feature","id":"b503545b6d","properties":{"flclr":"#000000","name":"Bugsuk (New Cagayancillo)","level_id":"reg","layer_val":"0","parent_id":"0","gjsonid":"5"}},{"geometry":{"type":"Polygon","coordinates":[[[117.310,8.347],[117.315,8.352],[117.317,8.350],[117.311,8.345],[117.310,8.347]]]},"type":"Feature","id":"e916fa2feb","properties":{"flclr":"#000000","name":"Bugsuk (New Cagayancillo)","level_id":"reg","layer_val":"0","parent_id":"0","gjsonid":"5"}},{"geometry":{"type":"Polygon","coordinates":[[[117.086,7.908],[117.072,7.863],[117.029,7.862],[117.013,7.927],[117.086,7.908]]]},"type":"Feature","id":"cefdd2cf3b","properties":{"flclr":"#000000","name":"Indalawan","level_id":"reg","layer_val":"0","parent_id":"0","gjsonid":"5"}},{"geometry":{"type":"Polygon","coordinates":[[[116.983,8.089],[116.989,8.090],[116.992,8.087],[116.986,8.082],[116.983,8.089]]]},"type":"Feature","id":"bd7a7a1f67","properties":{"flclr":"#000000","name":"Ramos","level_id":"reg","layer_val":"0","parent_id":"0","gjsonid":"5"}},{"geometry":{"type":"Polygon","coordinates":[[[117.010,8.179],[117.015,8.178],[117.029,8.171],[117.019,8.173],[117.010,8.179]]]},"type":"Feature","id":"dcc614f16e","properties":{"flclr":"#000000","name":"Ramos","level_id":"reg","layer_val":"0","parent_id":"0","gjsonid":"5"}},{"geometry":{"type":"Polygon","coordinates":[[[116.986,8.092],[116.989,8.094],[116.989,8.091],[116.986,8.092]]]},"type":"Feature","id":"45ee4b7458","properties":{"flclr":"#000000","name":"Ramos","level_id":"reg","layer_val":"0","parent_id":"0","gjsonid":"5"}},{"geometry":{"type":"Polygon","coordinates":[[[117.131,8.135],[117.136,8.126],[117.156,8.113],[117.143,8.115],[117.135,8.123],[117.131,8.135]]]},"type":"Feature","id":"20e1b23eb9","properties":{"flclr":"#000000","name":"Bancalaan","level_id":"reg","layer_val":"0","parent_id":"0","gjsonid":"5"}},{"geometry":{"type":"Polygon","coordinates":[[[117.187,8.201],[117.190,8.202],[117.198,8.196],[117.187,8.201]]]},"type":"Feature","id":"412dc94442","properties":{"flclr":"#000000","name":"Bancalaan","level_id":"reg","layer_val":"0","parent_id":"0","gjsonid":"5"}},{"geometry":{"type":"Polygon","coordinates":[[[117.212,7.824],[117.215,7.831],[117.226,7.823],[117.220,7.824],[117.212,7.824]]]},"type":"Feature","id":"e629ab87e9","properties":{"flclr":"#000000","name":"Mangsee","level_id":"reg","layer_val":"0","parent_id":"0","gjsonid":"5"}},{"geometry":{"type":"Polygon","coordinates":[[[117.296,7.524],[117.308,7.522],[117.301,7.521],[117.296,7.524]]]},"type":"Feature","id":"b867d33733","properties":{"flclr":"#000000","name":"Mangsee","level_id":"reg","layer_val":"0","parent_id":"0","gjsonid":"5"}},{"geometry":{"type":"Polygon","coordinates":[[[117.307,7.510],[117.313,7.514],[117.315,7.509],[117.312,7.506],[117.307,7.510]]]},"type":"Feature","id":"3eabb0bff2","properties":{"flclr":"#000000","name":"Mangsee","level_id":"reg","layer_val":"0","parent_id":"0","gjsonid":"5"}},{"geometry":{"type":"Polygon","coordinates":[[[117.291,7.561],[117.300,7.559],[117.291,7.560],[117.291,7.561]]]},"type":"Feature","id":"9fbed2e2fa","properties":{"flclr":"#000000","name":"Mangsee","level_id":"reg","layer_val":"0","parent_id":"0","gjsonid":"5"}},{"geometry":{"type":"Polygon","coordinates":[[[117.120,8.281],[117.123,8.286],[117.126,8.287],[117.127,8.279],[117.120,8.281]]]},"type":"Feature","id":"4245170c63","properties":{"flclr":"#000000","name":"Pandanan","level_id":"reg","layer_val":"0","parent_id":"0","gjsonid":"5"}},{"geometry":{"type":"Polygon","coordinates":[[[117.182,8.304],[117.183,8.308],[117.184,8.304],[117.182,8.304]]]},"type":"Feature","id":"cda205cf12","properties":{"flclr":"#000000","name":"Pandanan","level_id":"reg","layer_val":"0","parent_id":"0","gjsonid":"5"}},{"geometry":{"type":"Polygon","coordinates":[[[117.219,8.156],[117.224,8.164],[117.232,8.156],[117.231,8.152],[117.219,8.156]]]},"type":"Feature","id":"92b6569d82","properties":{"flclr":"#000000","name":"Sebaring","level_id":"reg","layer_val":"0","parent_id":"0","gjsonid":"5"}},{"geometry":{"type":"Polygon","coordinates":[[[117.098,8.074],[117.102,8.090],[117.107,8.093],[117.109,8.074],[117.098,8.074]]]},"type":"Feature","id":"517b72f2b6","properties":{"flclr":"#000000","name":"Salang","level_id":"reg","layer_val":"0","parent_id":"0","gjsonid":"5"}},{"geometry":{"type":"Polygon","coordinates":[[[117.237,8.174],[117.249,8.176],[117.257,8.167],[117.242,8.169],[117.237,8.174]]]},"type":"Feature","id":"d5541fa68c","properties":{"flclr":"#000000","name":"Sebaring","level_id":"reg","layer_val":"0","parent_id":"0","gjsonid":"5"}},{"geometry":{"type":"Polygon","coordinates":[[[117.277,8.182],[117.280,8.183],[117.281,8.178],[117.277,8.182]]]},"type":"Feature","id":"cbd31979d4","properties":{"flclr":"#000000","name":"Sebaring","level_id":"reg","layer_val":"0","parent_id":"0","gjsonid":"5"}},{"geometry":{"type":"Polygon","coordinates":[[[117.282,8.183],[117.287,8.181],[117.283,8.181],[117.282,8.183]]]},"type":"Feature","id":"0115137ac1","properties":{"flclr":"#000000","name":"Sebaring","level_id":"reg","layer_val":"0","parent_id":"0","gjsonid":"5"}},{"geometry":{"type":"Polygon","coordinates":[[[117.001,8.069],[117.010,8.071],[117.016,8.067],[117.013,8.065],[117.001,8.069]]]},"type":"Feature","id":"9378a5c7d4","properties":{"flclr":"#000000","name":"Salang","level_id":"reg","layer_val":"0","parent_id":"0","gjsonid":"5"}},{"geometry":{"type":"Polygon","coordinates":[[[117.040,8.074],[117.042,8.074],[117.042,8.072],[117.040,8.074]]]},"type":"Feature","id":"c13721b11f","properties":{"flclr":"#000000","name":"Salang","level_id":"reg","layer_val":"0","parent_id":"0","gjsonid":"5"}},{"geometry":{"type":"Polygon","coordinates":[[[117.073,8.090],[117.079,8.085],[117.079,8.082],[117.074,8.085],[117.073,8.090]]]},"type":"Feature","id":"7c98aac950","properties":{"flclr":"#000000","name":"Salang","level_id":"reg","layer_val":"0","parent_id":"0","gjsonid":"5"}}]}