{"type":"FeatureCollection","features":[{"geometry":{"type":"Polygon","coordinates":[[[122.6877,12.3720],[122.6920,12.3651],[122.6874,12.3639],[122.6839,12.3701],[122.6877,12.3720]]]},"type":"Feature","id":"8d67841c93","properties":{"flclr":"#000000","name":"Poblacion","level_id":"reg","layer_val":"0","parent_id":"0","gjsonid":"5"}},{"geometry":{"type":"Polygon","coordinates":[[[122.6180,12.2882],[122.6109,12.2952],[122.6172,12.3044],[122.6328,12.3142],[122.6386,12.3039],[122.6180,12.2882]]]},"type":"Feature","id":"ee3538b5f3","properties":{"flclr":"#000000","name":"Campalingo","level_id":"reg","layer_val":"0","parent_id":"0","gjsonid":"5"}},{"geometry":{"type":"Polygon","coordinates":[[[122.6695,12.3112],[122.6597,12.3024],[122.6501,12.3072],[122.6238,12.3408],[122.6435,12.3546],[122.6696,12.3304],[122.6695,12.3112]]]},"type":"Feature","id":"c5df739f24","properties":{"flclr":"#000000","name":"Canjalon","level_id":"reg","layer_val":"0","parent_id":"0","gjsonid":"5"}},{"geometry":{"type":"Polygon","coordinates":[[[122.6017,12.3009],[122.5970,12.3039],[122.6011,12.3065],[122.6032,12.3031],[122.6017,12.3009]]]},"type":"Feature","id":"0ab9487d78","properties":{"flclr":"#000000","name":"Poblacion","level_id":"reg","layer_val":"0","parent_id":"0","gjsonid":"5"}},{"geometry":{"type":"Polygon","coordinates":[[[122.6026,12.3051],[122.6197,12.3266],[122.6328,12.3142],[122.6172,12.3044],[122.6109,12.2952],[122.6029,12.2992],[122.6026,12.3051]]]},"type":"Feature","id":"b7378c4001","properties":{"flclr":"#000000","name":"Panangcalan","level_id":"reg","layer_val":"0","parent_id":"0","gjsonid":"5"}},{"geometry":{"type":"Polygon","coordinates":[[[122.6197,12.3266],[122.6026,12.3051],[122.5871,12.3034],[122.5956,12.3212],[122.6128,12.3332],[122.6197,12.3266]]]},"type":"Feature","id":"f8e8486df2","properties":{"flclr":"#000000","name":"Pili","level_id":"reg","layer_val":"0","parent_id":"0","gjsonid":"5"}},{"geometry":{"type":"Polygon","coordinates":[[[122.6435,12.3546],[122.5956,12.3212],[122.5923,12.3095],[122.5871,12.3034],[122.5807,12.3028],[122.5637,12.3109],[122.5515,12.3495],[122.5307,12.3667],[122.5920,12.4315],[122.6081,12.4162],[122.6435,12.3546]]]},"type":"Feature","id":"78d9dcf6da","properties":{"flclr":"#000000","name":"Taclobo","level_id":"reg","layer_val":"0","parent_id":"0","gjsonid":"5"}},{"geometry":{"type":"Polygon","coordinates":[[[122.6597,12.3024],[122.6463,12.2928],[122.6328,12.3142],[122.6128,12.3332],[122.6238,12.3408],[122.6487,12.3086],[122.6597,12.3024]]]},"type":"Feature","id":"d27411c541","properties":{"flclr":"#000000","name":"Otod","level_id":"reg","layer_val":"0","parent_id":"0","gjsonid":"5"}},{"geometry":{"type":"Polygon","coordinates":[[[122.5044,12.4966],[122.5009,12.4842],[122.4863,12.4839],[122.4851,12.4944],[122.4917,12.4982],[122.5044,12.4966]]]},"type":"Feature","id":"cfd73f8bb0","properties":{"flclr":"#000000","name":"Ambulong","level_id":"reg","layer_val":"0","parent_id":"0","gjsonid":"5"}},{"geometry":{"type":"Polygon","coordinates":[[[122.5050,12.4890],[122.5044,12.4966],[122.5162,12.4942],[122.5154,12.4868],[122.5050,12.4890]]]},"type":"Feature","id":"c2ab78b18c","properties":{"flclr":"#000000","name":"Poblacion","level_id":"reg","layer_val":"0","parent_id":"0","gjsonid":"5"}},{"geometry":{"type":"Polygon","coordinates":[[[122.4616,12.4511],[122.4827,12.4536],[122.4756,12.4195],[122.4760,12.3904],[122.4554,12.3941],[122.4374,12.4093],[122.4542,12.4154],[122.4600,12.4217],[122.4616,12.4511]]]},"type":"Feature","id":"bda03b0735","properties":{"flclr":"#000000","name":"Mabini","level_id":"reg","layer_val":"0","parent_id":"0","gjsonid":"5"}},{"geometry":{"type":"Polygon","coordinates":[[[122.4756,12.4532],[122.4616,12.4511],[122.4583,12.4635],[122.4498,12.4706],[122.4600,12.4849],[122.4756,12.4532]]]},"type":"Feature","id":"ca9083513b","properties":{"flclr":"#000000","name":"Agsao","level_id":"reg","layer_val":"0","parent_id":"0","gjsonid":"5"}},{"geometry":{"type":"Polygon","coordinates":[[[122.4835,12.4932],[122.4851,12.4746],[122.4787,12.4675],[122.4827,12.4536],[122.4756,12.4532],[122.4600,12.4849],[122.4835,12.4932]]]},"type":"Feature","id":"c9f5175ffc","properties":{"flclr":"#000000","name":"Ipil","level_id":"reg","layer_val":"0","parent_id":"0","gjsonid":"5"}},{"geometry":{"type":"Polygon","coordinates":[[[122.4863,12.4839],[122.5130,12.4827],[122.5027,12.4765],[122.5034,12.4545],[122.4827,12.4536],[122.4787,12.4675],[122.4841,12.4722],[122.4863,12.4839]]]},"type":"Feature","id":"88e7cdc02b","properties":{"flclr":"#000000","name":"Dulangan","level_id":"reg","layer_val":"0","parent_id":"0","gjsonid":"5"}},{"geometry":{"type":"Polygon","coordinates":[[[122.4827,12.4536],[122.5034,12.4545],[122.4942,12.4250],[122.4891,12.3857],[122.4760,12.3908],[122.4756,12.4195],[122.4827,12.4536]]]},"type":"Feature","id":"ad5699b3e3","properties":{"flclr":"#000000","name":"Mabulo","level_id":"reg","layer_val":"0","parent_id":"0","gjsonid":"5"}},{"geometry":{"type":"Polygon","coordinates":[[[122.5050,12.4890],[122.5213,12.4862],[122.5272,12.4707],[122.5421,12.4527],[122.5034,12.4545],[122.5027,12.4765],[122.5131,12.4818],[122.5009,12.4842],[122.5050,12.4890]]]},"type":"Feature","id":"be78e47ca6","properties":{"flclr":"#000000","name":"Jao-asan","level_id":"reg","layer_val":"0","parent_id":"0","gjsonid":"5"}},{"geometry":{"type":"Polygon","coordinates":[[[122.5162,12.4942],[122.5305,12.4975],[122.5333,12.5029],[122.5537,12.4997],[122.5522,12.4911],[122.5628,12.4459],[122.5421,12.4527],[122.5272,12.4707],[122.5213,12.4862],[122.5149,12.4895],[122.5162,12.4942]]]},"type":"Feature","id":"ea5cc03d6c","properties":{"flclr":"#000000","name":"Tampayan","level_id":"reg","layer_val":"0","parent_id":"0","gjsonid":"5"}},{"geometry":{"type":"Polygon","coordinates":[[[122.5421,12.4527],[122.5843,12.4388],[122.5920,12.4315],[122.5307,12.3667],[122.4892,12.3854],[122.4886,12.3976],[122.5034,12.4545],[122.5421,12.4527]]]},"type":"Feature","id":"4b45c7333f","properties":{"flclr":"#000000","name":"Espa\u00f1a","level_id":"reg","layer_val":"0","parent_id":"0","gjsonid":"5"}},{"geometry":{"type":"Polygon","coordinates":[[[122.5537,12.4997],[122.5977,12.4897],[122.5843,12.4388],[122.5628,12.4459],[122.5522,12.4911],[122.5537,12.4997]]]},"type":"Feature","id":"2652baf93f","properties":{"flclr":"#000000","name":"Silum","level_id":"reg","layer_val":"0","parent_id":"0","gjsonid":"5"}},{"geometry":{"type":"Polygon","coordinates":[[[122.6896,12.3546],[122.6858,12.3448],[122.6701,12.3540],[122.6777,12.3580],[122.6896,12.3546]]]},"type":"Feature","id":"cc6218c0f2","properties":{"flclr":"#000000","name":"Alibagon","level_id":"reg","layer_val":"0","parent_id":"0","gjsonid":"5"}},{"geometry":{"type":"Polygon","coordinates":[[[122.6640,12.4275],[122.6741,12.4241],[122.6745,12.4142],[122.6674,12.4107],[122.6598,12.4165],[122.6640,12.4275]]]},"type":"Feature","id":"d34072c268","properties":{"flclr":"#000000","name":"Lumbang Este","level_id":"reg","layer_val":"0","parent_id":"0","gjsonid":"5"}},{"geometry":{"type":"Polygon","coordinates":[[[122.6458,12.4425],[122.6509,12.4297],[122.6640,12.4275],[122.6598,12.4165],[122.6674,12.4107],[122.6695,12.4012],[122.6600,12.3815],[122.6483,12.3786],[122.6435,12.3546],[122.6081,12.4162],[122.6458,12.4425]]]},"type":"Feature","id":"c73ccb515d","properties":{"flclr":"#000000","name":"Lumbang Weste","level_id":"reg","layer_val":"0","parent_id":"0","gjsonid":"5"}},{"geometry":{"type":"Polygon","coordinates":[[[122.6920,12.3651],[122.6896,12.3546],[122.6602,12.3575],[122.6479,12.3492],[122.6438,12.3530],[122.6483,12.3786],[122.6545,12.3815],[122.6874,12.3639],[122.6920,12.3651]]]},"type":"Feature","id":"2238b76530","properties":{"flclr":"#000000","name":"Cambajao","level_id":"reg","layer_val":"0","parent_id":"0","gjsonid":"5"}},{"geometry":{"type":"Polygon","coordinates":[[[122.6534,12.4780],[122.6699,12.4633],[122.6650,12.4598],[122.6689,12.4523],[122.6458,12.4425],[122.6081,12.4162],[122.5920,12.4315],[122.6239,12.4601],[122.6534,12.4780]]]},"type":"Feature","id":"486f0954d9","properties":{"flclr":"#000000","name":"Cambalo","level_id":"reg","layer_val":"0","parent_id":"0","gjsonid":"5"}},{"geometry":{"type":"Polygon","coordinates":[[[122.6701,12.3540],[122.6863,12.3419],[122.6695,12.3112],[122.6696,12.3304],[122.6479,12.3492],[122.6602,12.3575],[122.6701,12.3540]]]},"type":"Feature","id":"ae5253d40c","properties":{"flclr":"#000000","name":"Cambijang","level_id":"reg","layer_val":"0","parent_id":"0","gjsonid":"5"}},{"geometry":{"type":"Polygon","coordinates":[[[122.5972,12.4903],[122.6013,12.4939],[122.6199,12.4940],[122.6228,12.4832],[122.5858,12.4505],[122.5972,12.4903]]]},"type":"Feature","id":"10fd780203","properties":{"flclr":"#000000","name":"Cantagda","level_id":"reg","layer_val":"0","parent_id":"0","gjsonid":"5"}},{"geometry":{"type":"Polygon","coordinates":[[[122.5920,12.4315],[122.5843,12.4388],[122.5858,12.4505],[122.6228,12.4832],[122.6230,12.4925],[122.6347,12.4925],[122.6396,12.4838],[122.6561,12.4833],[122.6557,12.4786],[122.6461,12.4765],[122.6239,12.4601],[122.5920,12.4315]]]},"type":"Feature","id":"538380a4ae","properties":{"flclr":"#000000","name":"Danao","level_id":"reg","layer_val":"0","parent_id":"0","gjsonid":"5"}},{"geometry":{"type":"Polygon","coordinates":[[[122.6957,12.3968],[122.6896,12.3848],[122.6779,12.3826],[122.6649,12.3874],[122.6695,12.4012],[122.6834,12.4029],[122.6957,12.3968]]]},"type":"Feature","id":"c4f47fed71","properties":{"flclr":"#000000","name":"Gutivan","level_id":"reg","layer_val":"0","parent_id":"0","gjsonid":"5"}},{"geometry":{"type":"Polygon","coordinates":[[[122.6796,12.4032],[122.6695,12.4012],[122.6674,12.4107],[122.6745,12.4142],[122.6741,12.4241],[122.6803,12.4155],[122.6796,12.4032]]]},"type":"Feature","id":"f5a2f0806b","properties":{"flclr":"#000000","name":"Lico","level_id":"reg","layer_val":"0","parent_id":"0","gjsonid":"5"}},{"geometry":{"type":"Polygon","coordinates":[[[122.6689,12.4523],[122.6871,12.4295],[122.6888,12.4085],[122.6717,12.4276],[122.6509,12.4297],[122.6458,12.4425],[122.6689,12.4523]]]},"type":"Feature","id":"872257e135","properties":{"flclr":"#000000","name":"Marigondon","level_id":"reg","layer_val":"0","parent_id":"0","gjsonid":"5"}},{"geometry":{"type":"Polygon","coordinates":[[[122.6649,12.3874],[122.6779,12.3826],[122.6896,12.3848],[122.6855,12.3795],[122.6859,12.3660],[122.6569,12.3817],[122.6649,12.3874]]]},"type":"Feature","id":"17d394504c","properties":{"flclr":"#000000","name":"Sugod","level_id":"reg","layer_val":"0","parent_id":"0","gjsonid":"5"}},{"geometry":{"type":"Polygon","coordinates":[[[122.6908,12.4116],[122.6989,12.4014],[122.6957,12.3968],[122.6796,12.4032],[122.6803,12.4155],[122.6888,12.4085],[122.6908,12.4116]]]},"type":"Feature","id":"4f3d1f8898","properties":{"flclr":"#000000","name":"Taguilos","level_id":"reg","layer_val":"0","parent_id":"0","gjsonid":"5"}},{"geometry":{"type":"Polygon","coordinates":[[[122.6463,12.2928],[122.6313,12.2788],[122.6347,12.2682],[122.6314,12.2686],[122.6180,12.2882],[122.6386,12.3039],[122.6463,12.2928]]]},"type":"Feature","id":"db2de884f9","properties":{"flclr":"#000000","name":"Azarga","level_id":"reg","layer_val":"0","parent_id":"0","gjsonid":"5"}},{"geometry":{"type":"Polygon","coordinates":[[[122.4374,12.4093],[122.4239,12.4339],[122.4265,12.4467],[122.4237,12.4493],[122.4440,12.4466],[122.4616,12.4511],[122.4600,12.4217],[122.4542,12.4154],[122.4374,12.4093]]]},"type":"Feature","id":"269b960949","properties":{"flclr":"#000000","name":"Agtiwa","level_id":"reg","layer_val":"0","parent_id":"0","gjsonid":"5"}},{"geometry":{"type":"Polygon","coordinates":[[[122.4285,12.4497],[122.4293,12.4582],[122.4454,12.4658],[122.4492,12.4724],[122.4583,12.4635],[122.4616,12.4511],[122.4440,12.4466],[122.4285,12.4497]]]},"type":"Feature","id":"d5cc299368","properties":{"flclr":"#000000","name":"Agutay","level_id":"reg","layer_val":"0","parent_id":"0","gjsonid":"5"}}]}