{"type":"FeatureCollection","features":[{"geometry":{"type":"Polygon","coordinates":[[[122.4446,9.6655],[122.4403,9.6568],[122.4389,9.6702],[122.4333,9.6730],[122.4221,9.6622],[122.4144,9.6607],[122.4640,9.7121],[122.4446,9.6655]]]},"type":"Feature","id":"9adc5d85ed","properties":{"flclr":"#000000","name":"Cayhagan","level_id":"reg","layer_val":"0","parent_id":"0","gjsonid":"18"}},{"geometry":{"type":"Polygon","coordinates":[[[122.3985,9.7569],[122.4064,9.7566],[122.4050,9.7508],[122.3987,9.7512],[122.3985,9.7569]]]},"type":"Feature","id":"f8ef32e7f1","properties":{"flclr":"#000000","name":"Barangay 5 (Pob.)","level_id":"reg","layer_val":"0","parent_id":"0","gjsonid":"18"}},{"geometry":{"type":"Polygon","coordinates":[[[122.4640,9.7121],[122.5588,9.7117],[122.5591,9.6671],[122.4457,9.6642],[122.4640,9.7121]]]},"type":"Feature","id":"695dddd934","properties":{"flclr":"#000000","name":"Nabulao","level_id":"reg","layer_val":"0","parent_id":"0","gjsonid":"18"}},{"geometry":{"type":"Polygon","coordinates":[[[122.3985,9.8037],[122.4388,9.8135],[122.4402,9.7839],[122.4128,9.7821],[122.4179,9.7930],[122.3967,9.8001],[122.3954,9.8038],[122.3985,9.8037]]]},"type":"Feature","id":"5a54469875","properties":{"flclr":"#000000","name":"Canturay","level_id":"reg","layer_val":"0","parent_id":"0","gjsonid":"18"}},{"geometry":{"type":"Polygon","coordinates":[[[122.4388,9.8135],[122.4391,9.8324],[122.4923,9.8321],[122.4917,9.7893],[122.4386,9.7908],[122.4388,9.8135]]]},"type":"Feature","id":"c7c9045e1e","properties":{"flclr":"#000000","name":"San Jose","level_id":"reg","layer_val":"0","parent_id":"0","gjsonid":"18"}},{"geometry":{"type":"Polygon","coordinates":[[[122.4617,9.7608],[122.4482,9.7541],[122.4417,9.7565],[122.4281,9.7517],[122.4264,9.7605],[122.4199,9.7587],[122.4161,9.7626],[122.4181,9.7719],[122.4128,9.7821],[122.4402,9.7839],[122.4386,9.7908],[122.4623,9.7902],[122.4617,9.7608]]]},"type":"Feature","id":"74df482aed","properties":{"flclr":"#000000","name":"Gil Montilla","level_id":"reg","layer_val":"0","parent_id":"0","gjsonid":"18"}},{"geometry":{"type":"Polygon","coordinates":[[[122.4199,9.7587],[122.4264,9.7605],[122.4304,9.7515],[122.4617,9.7608],[122.4632,9.7335],[122.4126,9.7337],[122.4095,9.7588],[122.4126,9.7553],[122.4199,9.7587]]]},"type":"Feature","id":"9932829197","properties":{"flclr":"#000000","name":"Mambaroto","level_id":"reg","layer_val":"0","parent_id":"0","gjsonid":"18"}},{"geometry":{"type":"Polygon","coordinates":[[[122.4126,9.7337],[122.4632,9.7335],[122.4640,9.7121],[122.4144,9.6607],[122.4083,9.6595],[122.3986,9.6770],[122.4078,9.6809],[122.4213,9.7005],[122.4144,9.7053],[122.4038,9.6953],[122.3940,9.6951],[122.4126,9.7337]]]},"type":"Feature","id":"105897cfed","properties":{"flclr":"#000000","name":"Maricalum","level_id":"reg","layer_val":"0","parent_id":"0","gjsonid":"18"}},{"geometry":{"type":"Polygon","coordinates":[[[122.4640,9.7121],[122.4623,9.7902],[122.4917,9.7893],[122.4905,9.7120],[122.4640,9.7121]]]},"type":"Feature","id":"e5df5dd4ed","properties":{"flclr":"#000000","name":"Cabadiangan","level_id":"reg","layer_val":"0","parent_id":"0","gjsonid":"18"}},{"geometry":{"type":"Polygon","coordinates":[[[122.4064,9.7566],[122.3981,9.7571],[122.3971,9.7746],[122.3887,9.7905],[122.3995,9.7997],[122.4179,9.7930],[122.4126,9.7836],[122.4199,9.7587],[122.4126,9.7553],[122.4112,9.7603],[122.4097,9.7555],[122.4064,9.7566]]]},"type":"Feature","id":"19b7ce668b","properties":{"flclr":"#000000","name":"Nauhang","level_id":"reg","layer_val":"0","parent_id":"0","gjsonid":"18"}},{"geometry":{"type":"Polygon","coordinates":[[[122.3987,9.7497],[122.4047,9.7495],[122.4009,9.7401],[122.3970,9.7418],[122.3987,9.7497]]]},"type":"Feature","id":"9be37ceeca","properties":{"flclr":"#000000","name":"Barangay 2 (Pob.)","level_id":"reg","layer_val":"0","parent_id":"0","gjsonid":"18"}},{"geometry":{"type":"Polygon","coordinates":[[[122.4047,9.7495],[122.3987,9.7497],[122.3987,9.7512],[122.4049,9.7508],[122.4047,9.7495]]]},"type":"Feature","id":"9c33cdf7fd","properties":{"flclr":"#000000","name":"Barangay 1 (Pob.)","level_id":"reg","layer_val":"0","parent_id":"0","gjsonid":"18"}},{"geometry":{"type":"Polygon","coordinates":[[[122.4047,9.7495],[122.4064,9.7566],[122.4097,9.7555],[122.4116,9.7424],[122.4058,9.7390],[122.4009,9.7401],[122.4047,9.7495]]]},"type":"Feature","id":"44b5aaa48a","properties":{"flclr":"#000000","name":"Barangay 3 (Pob.)","level_id":"reg","layer_val":"0","parent_id":"0","gjsonid":"18"}},{"geometry":{"type":"Polygon","coordinates":[[[122.3970,9.7418],[122.4057,9.7390],[122.4116,9.7424],[122.4126,9.7337],[122.3940,9.6951],[122.3799,9.7112],[122.3889,9.7220],[122.3866,9.7281],[122.3950,9.7332],[122.3892,9.7378],[122.3970,9.7418]]]},"type":"Feature","id":"2ea8d88bc3","properties":{"flclr":"#000000","name":"Barangay 4 (Pob.)","level_id":"reg","layer_val":"0","parent_id":"0","gjsonid":"18"}},{"geometry":{"type":"Polygon","coordinates":[[[123.0241,9.0922],[123.0247,9.1080],[123.0400,9.1085],[123.0454,9.0942],[123.0403,9.0897],[123.0398,9.0801],[123.0284,9.0781],[123.0241,9.0922]]]},"type":"Feature","id":"f6c6e3b597","properties":{"flclr":"#000000","name":"Datag","level_id":"reg","layer_val":"0","parent_id":"0","gjsonid":"18"}},{"geometry":{"type":"Polygon","coordinates":[[[123.0839,9.6816],[123.0886,9.6740],[123.0803,9.6669],[123.0633,9.6633],[123.0448,9.6758],[123.0437,9.6815],[123.0839,9.6816]]]},"type":"Feature","id":"4a119b13fa","properties":{"flclr":"#000000","name":"Tanglad","level_id":"reg","layer_val":"0","parent_id":"0","gjsonid":"18"}},{"geometry":{"type":"Polygon","coordinates":[[[122.8536,9.8413],[122.9068,9.8189],[122.8574,9.7629],[122.8542,9.8283],[122.8505,9.8304],[122.8536,9.8413]]]},"type":"Feature","id":"a72033b30b","properties":{"flclr":"#000000","name":"Inapoy","level_id":"reg","layer_val":"0","parent_id":"0","gjsonid":"18"}},{"geometry":{"type":"Polygon","coordinates":[[[122.7314,9.7543],[122.7624,9.7310],[122.7661,9.7140],[122.8038,9.7003],[122.7233,9.5974],[122.7314,9.7543]]]},"type":"Feature","id":"477bb00a94","properties":{"flclr":"#000000","name":"Locotan","level_id":"reg","layer_val":"0","parent_id":"0","gjsonid":"18"}},{"geometry":{"type":"Polygon","coordinates":[[[122.7496,9.7400],[122.7314,9.7543],[122.7338,9.7848],[122.7397,9.7844],[122.7443,9.7907],[122.7452,9.7843],[122.7491,9.7890],[122.7524,9.7849],[122.7534,9.7754],[122.7640,9.7724],[122.7673,9.7771],[122.7678,9.7416],[122.7496,9.7400]]]},"type":"Feature","id":"71ed5f7aed","properties":{"flclr":"#000000","name":"Magballo","level_id":"reg","layer_val":"0","parent_id":"0","gjsonid":"18"}},{"geometry":{"type":"Polygon","coordinates":[[[122.8077,9.7497],[122.8105,9.7579],[122.8238,9.7663],[122.8204,9.7783],[122.8379,9.7882],[122.8539,9.7888],[122.8574,9.7629],[122.8347,9.7363],[122.8281,9.7427],[122.8241,9.7355],[122.8195,9.7395],[122.8120,9.7356],[122.8077,9.7497]]]},"type":"Feature","id":"36736f4c30","properties":{"flclr":"#000000","name":"Pinaguinpinan","level_id":"reg","layer_val":"0","parent_id":"0","gjsonid":"18"}},{"geometry":{"type":"Polygon","coordinates":[[[122.8204,9.7783],[122.8238,9.7663],[122.8105,9.7579],[122.8077,9.7497],[122.7995,9.7533],[122.7948,9.7480],[122.7812,9.7494],[122.7790,9.7429],[122.7678,9.7416],[122.7673,9.7771],[122.7786,9.8041],[122.8163,9.8210],[122.8204,9.7783]]]},"type":"Feature","id":"5234c93afe","properties":{"flclr":"#000000","name":"Tabugon","level_id":"reg","layer_val":"0","parent_id":"0","gjsonid":"18"}},{"geometry":{"type":"Polygon","coordinates":[[[122.8432,9.8520],[122.8541,9.8404],[122.8505,9.8304],[122.8542,9.8283],[122.8539,9.7888],[122.8379,9.7882],[122.8204,9.7783],[122.8163,9.8210],[122.8432,9.8520]]]},"type":"Feature","id":"2c2dd7ab65","properties":{"flclr":"#000000","name":"Tagoc","level_id":"reg","layer_val":"0","parent_id":"0","gjsonid":"18"}},{"geometry":{"type":"Polygon","coordinates":[[[122.7420,9.8801],[122.7675,9.8827],[122.7740,9.8495],[122.7953,9.8416],[122.8163,9.8210],[122.7786,9.8041],[122.7640,9.7724],[122.7534,9.7754],[122.7491,9.7890],[122.7455,9.7843],[122.7446,9.7907],[122.7397,9.7844],[122.7338,9.7848],[122.7437,9.8586],[122.7420,9.8801]]]},"type":"Feature","id":"1a61bbca39","properties":{"flclr":"#000000","name":"Tapi","level_id":"reg","layer_val":"0","parent_id":"0","gjsonid":"18"}},{"geometry":{"type":"Polygon","coordinates":[[[122.6873,9.7371],[122.6749,9.6693],[122.5591,9.6671],[122.5584,9.7749],[122.6097,9.7774],[122.6192,9.7923],[122.6243,9.7888],[122.6259,9.7785],[122.6313,9.7781],[122.6255,9.7650],[122.6639,9.7761],[122.6559,9.7618],[122.6677,9.7413],[122.6889,9.7448],[122.6873,9.7371]]]},"type":"Feature","id":"c0ddad4b63","properties":{"flclr":"#000000","name":"Gatuslao","level_id":"reg","layer_val":"0","parent_id":"0","gjsonid":"18"}},{"geometry":{"type":"Polygon","coordinates":[[[122.6500,9.5386],[122.6569,9.5337],[122.5924,9.4634],[122.5943,9.4561],[122.5895,9.4446],[122.5814,9.4451],[122.5698,9.4586],[122.5845,9.4783],[122.6500,9.5386]]]},"type":"Feature","id":"9ef7c6ba93","properties":{"flclr":"#000000","name":"Sangke","level_id":"reg","layer_val":"0","parent_id":"0","gjsonid":"18"}},{"geometry":{"type":"Polygon","coordinates":[[[122.6358,9.5459],[122.6500,9.5386],[122.5845,9.4783],[122.5693,9.4575],[122.5482,9.4796],[122.6358,9.5459]]]},"type":"Feature","id":"7f57e0ef5a","properties":{"flclr":"#000000","name":"Culipapa","level_id":"reg","layer_val":"0","parent_id":"0","gjsonid":"18"}},{"geometry":{"type":"Polygon","coordinates":[[[122.6216,9.5540],[122.6358,9.5459],[122.5482,9.4796],[122.5445,9.4895],[122.5371,9.4942],[122.6216,9.5540]]]},"type":"Feature","id":"eb53d01d97","properties":{"flclr":"#000000","name":"Daug","level_id":"reg","layer_val":"0","parent_id":"0","gjsonid":"18"}},{"geometry":{"type":"Polygon","coordinates":[[[122.7347,9.7914],[122.7294,9.7536],[122.7127,9.7533],[122.6967,9.7359],[122.6873,9.7371],[122.6963,9.8014],[122.6980,9.7968],[122.7059,9.7985],[122.7101,9.7928],[122.7223,9.7975],[122.7231,9.7903],[122.7347,9.7914]]]},"type":"Feature","id":"93bbeab9de","properties":{"flclr":"#000000","name":"Canlamay","level_id":"reg","layer_val":"0","parent_id":"0","gjsonid":"18"}},{"geometry":{"type":"Polygon","coordinates":[[[122.5643,9.5821],[122.6021,9.5622],[122.5510,9.5335],[122.5205,9.5310],[122.5167,9.5340],[122.5184,9.5436],[122.5066,9.5497],[122.5048,9.5558],[122.4976,9.5566],[122.5012,9.5656],[122.5643,9.5821]]]},"type":"Feature","id":"011cd44298","properties":{"flclr":"#000000","name":"Asia","level_id":"reg","layer_val":"0","parent_id":"0","gjsonid":"18"}},{"geometry":{"type":"Polygon","coordinates":[[[122.4974,9.5575],[122.4815,9.5638],[122.4802,9.5688],[122.4881,9.5755],[122.5009,9.5718],[122.5071,9.5772],[122.5504,9.5773],[122.5012,9.5656],[122.4974,9.5575]]]},"type":"Feature","id":"87924fef9e","properties":{"flclr":"#000000","name":"Alim","level_id":"reg","layer_val":"0","parent_id":"0","gjsonid":"18"}},{"geometry":{"type":"Polygon","coordinates":[[[122.6021,9.5622],[122.6216,9.5540],[122.5371,9.4942],[122.5332,9.5052],[122.5358,9.5130],[122.5329,9.5177],[122.5253,9.5183],[122.5205,9.5310],[122.5510,9.5335],[122.6021,9.5622]]]},"type":"Feature","id":"905758e5c7","properties":{"flclr":"#000000","name":"Bulwangan","level_id":"reg","layer_val":"0","parent_id":"0","gjsonid":"18"}},{"geometry":{"type":"Polygon","coordinates":[[[122.4904,9.5911],[122.4710,9.5956],[122.4661,9.6044],[122.4778,9.6052],[122.4800,9.5996],[122.4877,9.5989],[122.4904,9.5911]]]},"type":"Feature","id":"686ec00eef","properties":{"flclr":"#000000","name":"Barangay II (Pob.)","level_id":"reg","layer_val":"0","parent_id":"0","gjsonid":"18"}},{"geometry":{"type":"Polygon","coordinates":[[[122.4708,9.5967],[122.4833,9.5911],[122.5615,9.5935],[122.5643,9.5821],[122.5504,9.5773],[122.5071,9.5772],[122.5009,9.5718],[122.4881,9.5755],[122.4802,9.5688],[122.4679,9.5952],[122.4708,9.5967]]]},"type":"Feature","id":"673cec5e1d","properties":{"flclr":"#000000","name":"Po-ok","level_id":"reg","layer_val":"0","parent_id":"0","gjsonid":"18"}},{"geometry":{"type":"Polygon","coordinates":[[[122.5798,9.6680],[122.5682,9.6215],[122.5387,9.6206],[122.5031,9.6414],[122.4900,9.6293],[122.4699,9.6328],[122.4562,9.6402],[122.4601,9.6452],[122.4561,9.6510],[122.4583,9.6589],[122.4457,9.6642],[122.5798,9.6680]]]},"type":"Feature","id":"3162da89d2","properties":{"flclr":"#000000","name":"Talacagay","level_id":"reg","layer_val":"0","parent_id":"0","gjsonid":"18"}},{"geometry":{"type":"Polygon","coordinates":[[[122.5387,9.6206],[122.5682,9.6215],[122.5610,9.5930],[122.4904,9.5911],[122.4877,9.5989],[122.4800,9.5996],[122.4776,9.6053],[122.4661,9.6044],[122.4635,9.6089],[122.4692,9.6252],[122.4774,9.6206],[122.5387,9.6206]]]},"type":"Feature","id":"bd87705e16","properties":{"flclr":"#000000","name":"San Rafael","level_id":"reg","layer_val":"0","parent_id":"0","gjsonid":"18"}},{"geometry":{"type":"Polygon","coordinates":[[[122.4688,9.6251],[122.4453,9.6186],[122.4417,9.6254],[122.4443,9.6326],[122.4550,9.6340],[122.4562,9.6402],[122.4699,9.6328],[122.4900,9.6293],[122.5031,9.6414],[122.5387,9.6206],[122.4774,9.6206],[122.4688,9.6251]]]},"type":"Feature","id":"3387098737","properties":{"flclr":"#000000","name":"Bacuyangan","level_id":"reg","layer_val":"0","parent_id":"0","gjsonid":"18"}},{"geometry":{"type":"Polygon","coordinates":[[[122.4648,9.6246],[122.4689,9.6238],[122.4634,9.6099],[122.4707,9.5976],[122.4679,9.5952],[122.4597,9.6127],[122.4648,9.6246]]]},"type":"Feature","id":"ce593b2d50","properties":{"flclr":"#000000","name":"Barangay I (Pob.)","level_id":"reg","layer_val":"0","parent_id":"0","gjsonid":"18"}},{"geometry":{"type":"Polygon","coordinates":[[[122.6639,9.7761],[122.6255,9.7650],[122.6523,9.8213],[122.6535,9.8316],[122.6741,9.8258],[122.6826,9.8161],[122.6852,9.8180],[122.6876,9.8175],[122.6812,9.8135],[122.6639,9.7761]]]},"type":"Feature","id":"ca519e4a86","properties":{"flclr":"#000000","name":"Payauan","level_id":"reg","layer_val":"0","parent_id":"0","gjsonid":"18"}},{"geometry":{"type":"Polygon","coordinates":[[[122.6274,9.8365],[122.6436,9.8413],[122.6410,9.7982],[122.6313,9.7781],[122.6259,9.7785],[122.6243,9.7888],[122.6180,9.7927],[122.6274,9.8365]]]},"type":"Feature","id":"0142410368","properties":{"flclr":"#000000","name":"Poblacion West","level_id":"reg","layer_val":"0","parent_id":"0","gjsonid":"18"}},{"geometry":{"type":"Polygon","coordinates":[[[122.5315,9.8317],[122.5577,9.8314],[122.5581,9.7886],[122.4917,9.7893],[122.4923,9.8321],[122.5315,9.8317]]]},"type":"Feature","id":"cd3dc6a716","properties":{"flclr":"#000000","name":"Camindangan","level_id":"reg","layer_val":"0","parent_id":"0","gjsonid":"18"}},{"geometry":{"type":"Polygon","coordinates":[[[122.7007,9.8563],[122.7015,9.8740],[122.7058,9.8702],[122.7125,9.8728],[122.7188,9.8509],[122.7256,9.8460],[122.7256,9.8389],[122.7300,9.8401],[122.7270,9.8349],[122.7334,9.8370],[122.7371,9.8312],[122.7382,9.8403],[122.7418,9.8414],[122.7347,9.7914],[122.7231,9.7903],[122.7223,9.7975],[122.7110,9.7926],[122.7059,9.7985],[122.6975,9.7971],[122.7007,9.8563]]]},"type":"Feature","id":"46d61d5939","properties":{"flclr":"#000000","name":"Balicotoc","level_id":"reg","layer_val":"0","parent_id":"0","gjsonid":"18"}},{"geometry":{"type":"Polygon","coordinates":[[[122.6967,9.8080],[122.6889,9.7448],[122.6677,9.7413],[122.6559,9.7618],[122.6812,9.8135],[122.6876,9.8175],[122.6918,9.8130],[122.6898,9.8087],[122.6967,9.8080]]]},"type":"Feature","id":"6aff9c1605","properties":{"flclr":"#000000","name":"Agboy","level_id":"reg","layer_val":"0","parent_id":"0","gjsonid":"18"}},{"geometry":{"type":"Polygon","coordinates":[[[122.5915,9.8446],[122.6039,9.8447],[122.6002,9.8433],[122.6045,9.8380],[122.6008,9.8315],[122.6045,9.8264],[122.5955,9.8183],[122.5932,9.7766],[122.5584,9.7749],[122.5577,9.8314],[122.5839,9.8311],[122.5915,9.8446]]]},"type":"Feature","id":"00d3549475","properties":{"flclr":"#000000","name":"Banga","level_id":"reg","layer_val":"0","parent_id":"0","gjsonid":"18"}},{"geometry":{"type":"Polygon","coordinates":[[[122.5581,9.7886],[122.5588,9.7117],[122.4905,9.7120],[122.4917,9.7893],[122.5581,9.7886]]]},"type":"Feature","id":"3e9afdc58f","properties":{"flclr":"#000000","name":"Manlucahoc","level_id":"reg","layer_val":"0","parent_id":"0","gjsonid":"18"}},{"geometry":{"type":"Polygon","coordinates":[[[122.6180,9.7927],[122.6097,9.7774],[122.5932,9.7766],[122.5955,9.8183],[122.6045,9.8264],[122.6008,9.8315],[122.6041,9.8396],[122.6149,9.8478],[122.6247,9.8451],[122.6274,9.8365],[122.6180,9.7927]]]},"type":"Feature","id":"3dc2e4eb22","properties":{"flclr":"#000000","name":"Haba","level_id":"reg","layer_val":"0","parent_id":"0","gjsonid":"18"}},{"geometry":{"type":"Polygon","coordinates":[[[123.0247,9.1080],[123.0227,9.0922],[122.9779,9.1167],[122.9816,9.1589],[122.9912,9.1638],[123.0044,9.1437],[123.0221,9.1375],[123.0247,9.1080]]]},"type":"Feature","id":"f4a8690ee7","properties":{"flclr":"#000000","name":"Sandulot","level_id":"reg","layer_val":"0","parent_id":"0","gjsonid":"18"}},{"geometry":{"type":"Polygon","coordinates":[[[123.1134,9.1914],[123.0580,9.1916],[123.0402,9.2272],[123.0164,9.2411],[123.0173,9.2472],[123.0298,9.2470],[123.0333,9.2574],[123.0308,9.2605],[123.0348,9.2606],[123.0335,9.2648],[123.0441,9.2791],[123.0985,9.2637],[123.1240,9.2625],[123.1323,9.2569],[123.1107,9.2208],[123.1134,9.1914]]]},"type":"Feature","id":"a591dcee7e","properties":{"flclr":"#000000","name":"Mantiquil","level_id":"reg","layer_val":"0","parent_id":"0","gjsonid":"18"}},{"geometry":{"type":"Polygon","coordinates":[[[123.0512,9.5383],[123.0615,9.4987],[123.0350,9.4945],[123.0317,9.4902],[122.9919,9.4922],[122.9849,9.5041],[122.9975,9.5448],[123.0512,9.5383]]]},"type":"Feature","id":"045a0a1c22","properties":{"flclr":"#000000","name":"Pal-ew","level_id":"reg","layer_val":"0","parent_id":"0","gjsonid":"18"}},{"geometry":{"type":"Polygon","coordinates":[[[123.0452,9.4951],[123.0834,9.5002],[123.0939,9.5105],[123.1045,9.5036],[123.1080,9.5081],[123.1286,9.5053],[123.1317,9.5008],[123.1207,9.4948],[123.1139,9.4976],[123.1125,9.4939],[123.1177,9.4909],[123.1064,9.4868],[123.0490,9.4793],[123.0520,9.4845],[123.0452,9.4951]]]},"type":"Feature","id":"e3b4c0baab","properties":{"flclr":"#000000","name":"Novallas","level_id":"reg","layer_val":"0","parent_id":"0","gjsonid":"18"}},{"geometry":{"type":"Polygon","coordinates":[[[122.9985,9.0764],[122.9881,9.0846],[122.9779,9.1167],[123.0241,9.0922],[123.0294,9.0655],[123.0260,9.0616],[122.9985,9.0764]]]},"type":"Feature","id":"f857c1179c","properties":{"flclr":"#000000","name":"Caticugan","level_id":"reg","layer_val":"0","parent_id":"0","gjsonid":"18"}},{"geometry":{"type":"Polygon","coordinates":[[[123.0452,9.4951],[123.0520,9.4845],[123.0490,9.4793],[122.9997,9.4695],[122.9920,9.4773],[122.9919,9.4922],[123.0317,9.4902],[123.0350,9.4945],[123.0452,9.4951]]]},"type":"Feature","id":"2681644606","properties":{"flclr":"#000000","name":"Bahi-an","level_id":"reg","layer_val":"0","parent_id":"0","gjsonid":"18"}},{"geometry":{"type":"Polygon","coordinates":[[[122.9919,9.4922],[122.9920,9.4773],[122.9505,9.4739],[122.9470,9.4607],[122.9256,9.5021],[122.8871,9.5581],[122.9975,9.5448],[122.9849,9.5041],[122.9919,9.4922]]]},"type":"Feature","id":"43e4a767bc","properties":{"flclr":"#000000","name":"Santo Ni\u00f1o","level_id":"reg","layer_val":"0","parent_id":"0","gjsonid":"18"}},{"geometry":{"type":"Polygon","coordinates":[[[123.1897,9.3706],[123.2039,9.3487],[123.1877,9.3413],[123.1980,9.3263],[123.1779,9.3328],[123.1496,9.3327],[123.0915,9.3219],[123.0817,9.3309],[123.0018,9.3344],[123.0017,9.3485],[123.1162,9.3863],[123.1897,9.3706]]]},"type":"Feature","id":"51299baf9a","properties":{"flclr":"#000000","name":"Enrique Villanueva","level_id":"reg","layer_val":"0","parent_id":"0","gjsonid":"18"}},{"geometry":{"type":"Polygon","coordinates":[[[122.9778,9.1201],[122.9686,9.1170],[122.9615,9.1046],[122.9364,9.0830],[122.9205,9.1210],[122.9273,9.1200],[122.9294,9.1251],[122.9394,9.1245],[122.9484,9.1298],[122.9780,9.1258],[122.9778,9.1201]]]},"type":"Feature","id":"6145838a9c","properties":{"flclr":"#000000","name":"Giliga-on","level_id":"reg","layer_val":"0","parent_id":"0","gjsonid":"18"}},{"geometry":{"type":"Polygon","coordinates":[[[123.0553,9.0778],[123.0446,9.0652],[123.0395,9.0812],[123.0403,9.0897],[123.0454,9.0942],[123.0404,9.1166],[123.0436,9.1261],[123.0661,9.1384],[123.0667,9.0947],[123.0553,9.0778]]]},"type":"Feature","id":"e4a35cc642","properties":{"flclr":"#000000","name":"Canaway","level_id":"reg","layer_val":"0","parent_id":"0","gjsonid":"18"}},{"geometry":{"type":"Polygon","coordinates":[[[122.9364,9.0830],[122.9615,9.1046],[122.9686,9.1170],[122.9778,9.1201],[122.9741,9.0914],[122.9628,9.0781],[122.9639,9.0694],[122.9420,9.0751],[122.9364,9.0830]]]},"type":"Feature","id":"905c339def","properties":{"flclr":"#000000","name":"Cabangahan","level_id":"reg","layer_val":"0","parent_id":"0","gjsonid":"18"}},{"geometry":{"type":"Polygon","coordinates":[[[122.9905,9.0518],[122.9639,9.0694],[122.9628,9.0781],[122.9741,9.0914],[122.9784,9.1085],[122.9881,9.0846],[122.9985,9.0764],[122.9905,9.0518]]]},"type":"Feature","id":"30248f8689","properties":{"flclr":"#000000","name":"Maloh","level_id":"reg","layer_val":"0","parent_id":"0","gjsonid":"18"}},{"geometry":{"type":"Polygon","coordinates":[[[122.8997,9.3084],[122.8988,9.3187],[122.8907,9.3135],[122.8782,9.3417],[122.8928,9.3466],[122.9132,9.3399],[122.9187,9.3237],[122.8997,9.3084]]]},"type":"Feature","id":"a08bf6052c","properties":{"flclr":"#000000","name":"San Jose","level_id":"reg","layer_val":"0","parent_id":"0","gjsonid":"18"}},{"geometry":{"type":"Polygon","coordinates":[[[123.0400,9.1085],[123.0247,9.1080],[123.0221,9.1375],[123.0019,9.1460],[122.9912,9.1638],[122.9726,9.1773],[122.9742,9.1836],[122.9888,9.1923],[123.0059,9.1789],[123.0447,9.1921],[123.0740,9.1909],[123.0778,9.1829],[123.0644,9.1733],[123.0661,9.1384],[123.0436,9.1261],[123.0400,9.1085]]]},"type":"Feature","id":"c27539821e","properties":{"flclr":"#000000","name":"Casala-an","level_id":"reg","layer_val":"0","parent_id":"0","gjsonid":"18"}},{"geometry":{"type":"Polygon","coordinates":[[[122.9726,9.1773],[122.9912,9.1638],[122.9816,9.1589],[122.9780,9.1258],[122.9484,9.1298],[122.9394,9.1245],[122.9294,9.1251],[122.9273,9.1200],[122.9199,9.1214],[122.9157,9.1329],[122.9086,9.1372],[122.9067,9.1589],[122.9386,9.1663],[122.9413,9.1717],[122.9493,9.1704],[122.9488,9.1762],[122.9550,9.1810],[122.9726,9.1773]]]},"type":"Feature","id":"12fc15a520","properties":{"flclr":"#000000","name":"Bonawon","level_id":"reg","layer_val":"0","parent_id":"0","gjsonid":"18"}},{"geometry":{"type":"Polygon","coordinates":[[[122.9386,9.1663],[122.9117,9.1625],[122.9060,9.1576],[122.8986,9.1673],[122.9064,9.1670],[122.9208,9.1767],[122.9386,9.1663]]]},"type":"Feature","id":"f9cbe68bd1","properties":{"flclr":"#000000","name":"Fatima","level_id":"reg","layer_val":"0","parent_id":"0","gjsonid":"18"}},{"geometry":{"type":"Polygon","coordinates":[[[122.9120,9.3698],[122.9165,9.3560],[122.9132,9.3399],[122.8928,9.3466],[122.8782,9.3417],[122.8768,9.3724],[122.8992,9.3757],[122.9120,9.3698]]]},"type":"Feature","id":"b6e2093662","properties":{"flclr":"#000000","name":"Kabulacan","level_id":"reg","layer_val":"0","parent_id":"0","gjsonid":"18"}},{"geometry":{"type":"Polygon","coordinates":[[[122.8870,9.2129],[122.8793,9.2226],[122.8778,9.2365],[122.9008,9.2471],[122.9104,9.2467],[122.8992,9.2373],[122.9027,9.2282],[122.9001,9.2213],[122.8870,9.2129]]]},"type":"Feature","id":"22ebf2fc7b","properties":{"flclr":"#000000","name":"Manalongon","level_id":"reg","layer_val":"0","parent_id":"0","gjsonid":"18"}},{"geometry":{"type":"Polygon","coordinates":[[[122.9912,9.2019],[122.9949,9.2214],[123.0184,9.2405],[123.0402,9.2272],[123.0580,9.1916],[123.0447,9.1921],[123.0059,9.1789],[122.9888,9.1923],[122.9912,9.2019]]]},"type":"Feature","id":"93a2b24654","properties":{"flclr":"#000000","name":"Apoloy","level_id":"reg","layer_val":"0","parent_id":"0","gjsonid":"18"}},{"geometry":{"type":"Polygon","coordinates":[[[122.9941,9.2136],[122.9912,9.2019],[122.9287,9.1948],[122.9150,9.1888],[122.8976,9.1729],[122.8896,9.1949],[122.9051,9.2009],[122.9154,9.2187],[122.9941,9.2136]]]},"type":"Feature","id":"c48b23dd1f","properties":{"flclr":"#000000","name":"San Francisco","level_id":"reg","layer_val":"0","parent_id":"0","gjsonid":"18"}},{"geometry":{"type":"Polygon","coordinates":[[[122.9154,9.2187],[122.9051,9.2009],[122.8896,9.1949],[122.8871,9.2134],[122.9001,9.2213],[122.9027,9.2282],[122.9148,9.2225],[122.9154,9.2187]]]},"type":"Feature","id":"aa2d7c5d90","properties":{"flclr":"#000000","name":"Mabuhay","level_id":"reg","layer_val":"0","parent_id":"0","gjsonid":"18"}},{"geometry":{"type":"Polygon","coordinates":[[[122.8907,9.3135],[122.8988,9.3187],[122.9011,9.2907],[122.8767,9.2873],[122.8743,9.3165],[122.8907,9.3135]]]},"type":"Feature","id":"163c300018","properties":{"flclr":"#000000","name":"Cawitan","level_id":"reg","layer_val":"0","parent_id":"0","gjsonid":"18"}},{"geometry":{"type":"Polygon","coordinates":[[[122.8986,9.1673],[122.8976,9.1729],[122.9041,9.1790],[122.9287,9.1948],[122.9912,9.2019],[122.9888,9.1923],[122.9742,9.1836],[122.9721,9.1770],[122.9550,9.1810],[122.9488,9.1762],[122.9493,9.1704],[122.9413,9.1717],[122.9386,9.1663],[122.9202,9.1767],[122.9064,9.1670],[122.8986,9.1673]]]},"type":"Feature","id":"82c516421d","properties":{"flclr":"#000000","name":"San Pedro","level_id":"reg","layer_val":"0","parent_id":"0","gjsonid":"18"}},{"geometry":{"type":"Polygon","coordinates":[[[122.9486,9.3687],[122.9662,9.3819],[122.9854,9.3801],[123.0017,9.3485],[123.0018,9.3344],[122.9918,9.3311],[122.9851,9.3374],[122.9644,9.3335],[122.9486,9.3687]]]},"type":"Feature","id":"acbe1efe4f","properties":{"flclr":"#000000","name":"Buenavista","level_id":"reg","layer_val":"0","parent_id":"0","gjsonid":"18"}},{"geometry":{"type":"Polygon","coordinates":[[[122.9165,9.3560],[122.9486,9.3687],[122.9644,9.3335],[122.9585,9.3331],[122.9471,9.3411],[122.9390,9.3399],[122.9365,9.3444],[122.9317,9.3420],[122.9280,9.3480],[122.9151,9.3384],[122.9165,9.3560]]]},"type":"Feature","id":"9b1f93e676","properties":{"flclr":"#000000","name":"San Miguel","level_id":"reg","layer_val":"0","parent_id":"0","gjsonid":"18"}},{"geometry":{"type":"Polygon","coordinates":[[[122.9854,9.3801],[122.9662,9.3819],[122.9486,9.3687],[122.9498,9.3876],[122.9384,9.4029],[122.9480,9.4049],[122.9513,9.4015],[122.9567,9.4070],[122.9629,9.4035],[122.9700,9.4094],[122.9854,9.3801]]]},"type":"Feature","id":"a88f40a4c5","properties":{"flclr":"#000000","name":"Mansagomayon","level_id":"reg","layer_val":"0","parent_id":"0","gjsonid":"18"}},{"geometry":{"type":"Polygon","coordinates":[[[122.9296,9.2726],[122.9600,9.2579],[122.9406,9.2493],[122.9354,9.2529],[122.9008,9.2471],[122.8776,9.2361],[122.8705,9.2558],[122.8761,9.2627],[122.9296,9.2726]]]},"type":"Feature","id":"980e7f9af7","properties":{"flclr":"#000000","name":"Nagbalaye","level_id":"reg","layer_val":"0","parent_id":"0","gjsonid":"18"}},{"geometry":{"type":"Polygon","coordinates":[[[122.9486,9.3687],[122.9165,9.3560],[122.9120,9.3698],[122.9206,9.3687],[122.9218,9.3726],[122.9263,9.3682],[122.9444,9.3836],[122.9491,9.3822],[122.9486,9.3687]]]},"type":"Feature","id":"38b526aa20","properties":{"flclr":"#000000","name":"Santo Rosario","level_id":"reg","layer_val":"0","parent_id":"0","gjsonid":"18"}},{"geometry":{"type":"Polygon","coordinates":[[[122.9187,9.3237],[122.9132,9.3399],[122.9164,9.3382],[122.9277,9.3480],[122.9317,9.3420],[122.9471,9.3411],[122.9587,9.3330],[122.9851,9.3374],[122.9918,9.3311],[123.0018,9.3344],[123.0817,9.3309],[123.0555,9.2889],[123.0456,9.3102],[123.0357,9.3137],[123.0156,9.3066],[123.0101,9.2986],[122.9961,9.2924],[122.9885,9.3024],[122.9754,9.3061],[122.9671,9.3038],[122.9598,9.3117],[122.9562,9.3093],[122.9462,9.3134],[122.9383,9.3084],[122.9187,9.3237]]]},"type":"Feature","id":"e9a25f2c97","properties":{"flclr":"#000000","name":"Talalak","level_id":"reg","layer_val":"0","parent_id":"0","gjsonid":"18"}},{"geometry":{"type":"Polygon","coordinates":[[[123.0170,9.2404],[122.9949,9.2214],[122.9941,9.2136],[122.9154,9.2187],[122.9148,9.2225],[122.9027,9.2282],[122.8992,9.2373],[122.9148,9.2501],[122.9259,9.2488],[122.9354,9.2529],[122.9406,9.2493],[122.9600,9.2579],[122.9902,9.2427],[123.0170,9.2404]]]},"type":"Feature","id":"c07fcb8e0e","properties":{"flclr":"#000000","name":"Milagrosa","level_id":"reg","layer_val":"0","parent_id":"0","gjsonid":"18"}},{"geometry":{"type":"Polygon","coordinates":[[[122.8413,9.3336],[122.8294,9.3444],[122.8349,9.3535],[122.8635,9.3719],[122.8626,9.3605],[122.8413,9.3336]]]},"type":"Feature","id":"33d36544a3","properties":{"flclr":"#000000","name":"Caranoche","level_id":"reg","layer_val":"0","parent_id":"0","gjsonid":"18"}},{"geometry":{"type":"Polygon","coordinates":[[[122.9011,9.2907],[122.8997,9.3084],[122.9187,9.3237],[122.9383,9.3084],[122.9462,9.3134],[122.9562,9.3093],[122.9598,9.3117],[122.9671,9.3038],[122.9754,9.3061],[122.9885,9.3024],[122.9961,9.2924],[123.0101,9.2986],[123.0156,9.3066],[123.0357,9.3137],[123.0456,9.3102],[123.0555,9.2889],[123.0485,9.2863],[123.0361,9.2693],[123.0298,9.2470],[123.0171,9.2471],[123.0170,9.2404],[122.9902,9.2427],[122.9016,9.2861],[122.9011,9.2907]]]},"type":"Feature","id":"4fbe3f3d3b","properties":{"flclr":"#000000","name":"Nagbinlod","level_id":"reg","layer_val":"0","parent_id":"0","gjsonid":"18"}},{"geometry":{"type":"Polygon","coordinates":[[[122.8782,9.3417],[122.8907,9.3135],[122.8743,9.3165],[122.8611,9.3310],[122.8413,9.3336],[122.8626,9.3605],[122.8660,9.3734],[122.8743,9.3684],[122.8782,9.3417]]]},"type":"Feature","id":"39f7b566ba","properties":{"flclr":"#000000","name":"Poblacion","level_id":"reg","layer_val":"0","parent_id":"0","gjsonid":"18"}},{"geometry":{"type":"Polygon","coordinates":[[[122.9854,9.3801],[122.9701,9.4095],[122.9744,9.4091],[122.9759,9.4163],[122.9798,9.4154],[123.0196,9.4453],[123.0192,9.4308],[123.0327,9.4124],[123.0248,9.4113],[123.0017,9.3485],[122.9854,9.3801]]]},"type":"Feature","id":"fa4333af22","properties":{"flclr":"#000000","name":"San Isidro","level_id":"reg","layer_val":"0","parent_id":"0","gjsonid":"18"}},{"geometry":{"type":"Polygon","coordinates":[[[122.9613,9.4259],[122.9700,9.4094],[122.9629,9.4035],[122.9567,9.4070],[122.9513,9.4015],[122.9480,9.4049],[122.9384,9.4029],[122.9165,9.4170],[122.9224,9.4209],[122.9338,9.4175],[122.9486,9.4246],[122.9424,9.4350],[122.9464,9.4378],[122.9349,9.4503],[122.9446,9.4598],[122.9613,9.4259]]]},"type":"Feature","id":"a0893536ef","properties":{"flclr":"#000000","name":"Amio","level_id":"reg","layer_val":"0","parent_id":"0","gjsonid":"18"}},{"geometry":{"type":"Polygon","coordinates":[[[123.0069,9.4708],[123.0490,9.4793],[123.0488,9.4728],[123.0630,9.4514],[123.0550,9.4538],[123.0320,9.4479],[123.0218,9.4661],[123.0044,9.4657],[123.0069,9.4708]]]},"type":"Feature","id":"c106b46e2b","properties":{"flclr":"#000000","name":"Inawasan","level_id":"reg","layer_val":"0","parent_id":"0","gjsonid":"18"}},{"geometry":{"type":"Polygon","coordinates":[[[122.9700,9.4094],[122.9613,9.4259],[122.9659,9.4345],[122.9775,9.4358],[122.9764,9.4440],[122.9877,9.4530],[122.9872,9.4583],[122.9998,9.4679],[123.0218,9.4661],[123.0320,9.4479],[123.0200,9.4456],[122.9798,9.4154],[122.9759,9.4163],[122.9744,9.4091],[122.9700,9.4094]]]},"type":"Feature","id":"a227950bb6","properties":{"flclr":"#000000","name":"Fatima","level_id":"reg","layer_val":"0","parent_id":"0","gjsonid":"18"}},{"geometry":{"type":"Polygon","coordinates":[[[123.0710,9.4122],[123.0622,9.3685],[123.0017,9.3485],[123.0248,9.4113],[123.0382,9.3858],[123.0508,9.3907],[123.0592,9.4142],[123.0706,9.4204],[123.0710,9.4122]]]},"type":"Feature","id":"bf02e844d8","properties":{"flclr":"#000000","name":"Banawe","level_id":"reg","layer_val":"0","parent_id":"0","gjsonid":"18"}},{"geometry":{"type":"Polygon","coordinates":[[[122.8821,9.7916],[122.9004,9.8098],[122.9032,9.8052],[122.9101,9.8051],[122.9072,9.7987],[122.9123,9.7911],[122.9186,9.7910],[122.9093,9.7738],[122.8821,9.7916]]]},"type":"Feature","id":"7e524ba98d","properties":{"flclr":"#000000","name":"Kauswagan","level_id":"reg","layer_val":"0","parent_id":"0","gjsonid":"18"}},{"geometry":{"type":"Polygon","coordinates":[[[123.0069,9.4708],[123.0044,9.4657],[122.9998,9.4679],[122.9872,9.4583],[122.9877,9.4530],[122.9764,9.4440],[122.9775,9.4358],[122.9659,9.4345],[122.9613,9.4259],[122.9446,9.4598],[122.9494,9.4735],[122.9920,9.4773],[122.9997,9.4695],[123.0069,9.4708]]]},"type":"Feature","id":"d7f12e78fb","properties":{"flclr":"#000000","name":"Calicanan","level_id":"reg","layer_val":"0","parent_id":"0","gjsonid":"18"}},{"geometry":{"type":"Polygon","coordinates":[[[123.0200,9.4354],[123.0200,9.4456],[123.0550,9.4538],[123.0674,9.4505],[123.0680,9.4547],[123.0762,9.4577],[123.0724,9.4416],[123.0665,9.4402],[123.0602,9.4255],[123.0545,9.4304],[123.0472,9.4283],[123.0200,9.4354]]]},"type":"Feature","id":"08b0aeb0fc","properties":{"flclr":"#000000","name":"Balayong","level_id":"reg","layer_val":"0","parent_id":"0","gjsonid":"18"}},{"geometry":{"type":"Polygon","coordinates":[[[123.1098,9.7031],[123.0875,9.6975],[123.0839,9.6816],[123.0433,9.7131],[123.0450,9.7203],[123.0572,9.7190],[123.0532,9.7227],[123.0564,9.7230],[123.1158,9.7085],[123.1098,9.7031]]]},"type":"Feature","id":"b505276b60","properties":{"flclr":"#000000","name":"Candabong","level_id":"reg","layer_val":"0","parent_id":"0","gjsonid":"18"}},{"geometry":{"type":"Polygon","coordinates":[[[123.0450,9.7203],[123.0401,9.6859],[123.0448,9.6758],[123.0017,9.7064],[123.0182,9.7349],[123.0450,9.7203]]]},"type":"Feature","id":"7ea4648dc4","properties":{"flclr":"#000000","name":"Bagtic","level_id":"reg","layer_val":"0","parent_id":"0","gjsonid":"18"}},{"geometry":{"type":"Polygon","coordinates":[[[122.9040,9.7745],[122.9207,9.7616],[122.9148,9.7547],[122.9246,9.7354],[122.9125,9.7305],[122.9017,9.7376],[122.8947,9.7574],[122.8953,9.7614],[122.9027,9.7630],[122.9040,9.7745]]]},"type":"Feature","id":"805f8911ee","properties":{"flclr":"#000000","name":"Old Namangka","level_id":"reg","layer_val":"0","parent_id":"0","gjsonid":"18"}},{"geometry":{"type":"Polygon","coordinates":[[[122.8760,9.7465],[122.8747,9.7503],[122.8947,9.7574],[122.9017,9.7376],[122.8884,9.7322],[122.8760,9.7465]]]},"type":"Feature","id":"053f437081","properties":{"flclr":"#000000","name":"Manlingay","level_id":"reg","layer_val":"0","parent_id":"0","gjsonid":"18"}},{"geometry":{"type":"Polygon","coordinates":[[[122.9186,9.7910],[122.9123,9.7910],[122.9074,9.7982],[122.9080,9.8077],[122.9220,9.8137],[122.9222,9.8208],[122.9553,9.8050],[122.9467,9.7940],[122.9327,9.7960],[122.9292,9.8004],[122.9186,9.7910]]]},"type":"Feature","id":"7a6c7f0751","properties":{"flclr":"#000000","name":"Dahile","level_id":"reg","layer_val":"0","parent_id":"0","gjsonid":"18"}},{"geometry":{"type":"Polygon","coordinates":[[[122.9143,9.7810],[122.9155,9.7881],[122.9274,9.8000],[122.9457,9.7936],[122.9542,9.8053],[122.9703,9.7964],[122.9430,9.7829],[122.9335,9.7734],[122.9143,9.7810]]]},"type":"Feature","id":"7fdb36a24d","properties":{"flclr":"#000000","name":"Pandanon","level_id":"reg","layer_val":"0","parent_id":"0","gjsonid":"18"}},{"geometry":{"type":"Polygon","coordinates":[[[122.9207,9.7616],[122.9287,9.7573],[122.9259,9.7435],[122.9315,9.7346],[122.9311,9.7258],[122.9378,9.7207],[122.9298,9.7206],[122.9240,9.7315],[122.9148,9.7547],[122.9207,9.7616]]]},"type":"Feature","id":"8b343ed755","properties":{"flclr":"#000000","name":"Poblacion","level_id":"reg","layer_val":"0","parent_id":"0","gjsonid":"18"}},{"geometry":{"type":"Polygon","coordinates":[[[122.9287,9.7573],[122.9207,9.7616],[122.9040,9.7745],[122.9100,9.7740],[122.9143,9.7810],[122.9204,9.7787],[122.9287,9.7573]]]},"type":"Feature","id":"9d226e66b3","properties":{"flclr":"#000000","name":"New Namangka","level_id":"reg","layer_val":"0","parent_id":"0","gjsonid":"18"}},{"geometry":{"type":"Polygon","coordinates":[[[122.9017,9.7376],[122.9125,9.7305],[122.9246,9.7354],[122.9269,9.7270],[122.9061,9.7158],[122.8983,9.7361],[122.9017,9.7376]]]},"type":"Feature","id":"7155a746c1","properties":{"flclr":"#000000","name":"Bulibulihan","level_id":"reg","layer_val":"0","parent_id":"0","gjsonid":"18"}},{"geometry":{"type":"Polygon","coordinates":[[[122.8413,9.7440],[122.8821,9.7916],[122.9040,9.7745],[122.9027,9.7630],[122.8953,9.7614],[122.8942,9.7555],[122.8896,9.7569],[122.8808,9.7513],[122.8670,9.7563],[122.8496,9.7470],[122.8518,9.7413],[122.8481,9.7389],[122.8413,9.7440]]]},"type":"Feature","id":"1279ce5894","properties":{"flclr":"#000000","name":"Inapoy","level_id":"reg","layer_val":"0","parent_id":"0","gjsonid":"18"}},{"geometry":{"type":"Polygon","coordinates":[[[122.8347,9.7363],[122.8413,9.7440],[122.8470,9.7387],[122.8500,9.7406],[122.8497,9.7261],[122.8590,9.7262],[122.8592,9.7200],[122.8741,9.7196],[122.8713,9.7138],[122.8745,9.7070],[122.8650,9.6954],[122.8603,9.6996],[122.8431,9.6968],[122.8339,9.7030],[122.8282,9.7003],[122.8265,9.7060],[122.8163,9.7035],[122.8156,9.6995],[122.8038,9.7003],[122.8347,9.7363]]]},"type":"Feature","id":"480d44be64","properties":{"flclr":"#000000","name":"Barras","level_id":"reg","layer_val":"0","parent_id":"0","gjsonid":"18"}},{"geometry":{"type":"Polygon","coordinates":[[[122.8808,9.7513],[122.8747,9.7503],[122.8761,9.7437],[122.8706,9.7388],[122.8741,9.7196],[122.8592,9.7200],[122.8590,9.7262],[122.8497,9.7261],[122.8496,9.7470],[122.8670,9.7563],[122.8808,9.7513]]]},"type":"Feature","id":"33afd48414","properties":{"flclr":"#000000","name":"Arebasore","level_id":"reg","layer_val":"0","parent_id":"0","gjsonid":"18"}},{"geometry":{"type":"Polygon","coordinates":[[[122.8884,9.7322],[122.8983,9.7361],[122.9061,9.7158],[122.8948,9.7126],[122.8860,9.7216],[122.8910,9.7284],[122.8884,9.7322]]]},"type":"Feature","id":"629320e6a0","properties":{"flclr":"#000000","name":"Bugnay","level_id":"reg","layer_val":"0","parent_id":"0","gjsonid":"18"}},{"geometry":{"type":"Polygon","coordinates":[[[122.8741,9.7196],[122.8704,9.7375],[122.8760,9.7465],[122.8905,9.7313],[122.8862,9.7213],[122.9052,9.7045],[122.8964,9.7012],[122.8946,9.7047],[122.8810,9.7044],[122.8811,9.6959],[122.8766,9.6950],[122.8688,9.7010],[122.8745,9.7070],[122.8713,9.7138],[122.8741,9.7196]]]},"type":"Feature","id":"9b44ded7a5","properties":{"flclr":"#000000","name":"Banban","level_id":"reg","layer_val":"0","parent_id":"0","gjsonid":"18"}},{"geometry":{"type":"Polygon","coordinates":[[[122.9061,9.7158],[122.9269,9.7270],[122.9299,9.7205],[122.9158,9.7107],[122.9178,9.6999],[122.9122,9.6976],[122.8948,9.7126],[122.9061,9.7158]]]},"type":"Feature","id":"27a21c8e82","properties":{"flclr":"#000000","name":"Napasu-an","level_id":"reg","layer_val":"0","parent_id":"0","gjsonid":"18"}},{"geometry":{"type":"Polygon","coordinates":[[[122.9299,9.7205],[122.9417,9.7174],[122.9487,9.7044],[122.9178,9.6910],[122.9122,9.6976],[122.9178,9.6999],[122.9158,9.7107],[122.9299,9.7205]]]},"type":"Feature","id":"8db2919064","properties":{"flclr":"#000000","name":"Tadlong","level_id":"reg","layer_val":"0","parent_id":"0","gjsonid":"18"}},{"geometry":{"type":"Polygon","coordinates":[[[122.9382,9.7188],[122.9296,9.7302],[122.9269,9.7559],[122.9371,9.7499],[122.9843,9.7555],[122.9668,9.7313],[122.9580,9.7304],[122.9382,9.7188]]]},"type":"Feature","id":"8089a1fc8a","properties":{"flclr":"#000000","name":"Abis","level_id":"reg","layer_val":"0","parent_id":"0","gjsonid":"18"}},{"geometry":{"type":"Polygon","coordinates":[[[122.9668,9.7313],[122.9832,9.7196],[122.9550,9.7034],[122.9464,9.7048],[122.9382,9.7188],[122.9580,9.7304],[122.9668,9.7313]]]},"type":"Feature","id":"f773ad2844","properties":{"flclr":"#000000","name":"Bato","level_id":"reg","layer_val":"0","parent_id":"0","gjsonid":"18"}},{"geometry":{"type":"Polygon","coordinates":[[[122.8650,9.6954],[122.8712,9.7011],[122.8871,9.6849],[122.8836,9.6802],[122.8873,9.6789],[122.8845,9.6631],[122.9035,9.6652],[122.9003,9.6446],[122.8484,9.6419],[122.8482,9.6480],[122.8431,9.6440],[122.8444,9.6519],[122.8515,9.6546],[122.8472,9.6560],[122.8452,9.6673],[122.8392,9.6680],[122.8418,9.6715],[122.8384,9.6760],[122.8506,9.6844],[122.8654,9.6844],[122.8650,9.6954]]]},"type":"Feature","id":"56819ce5f3","properties":{"flclr":"#000000","name":"Tara","level_id":"reg","layer_val":"0","parent_id":"0","gjsonid":"18"}},{"geometry":{"type":"Polygon","coordinates":[[[122.8785,9.6947],[122.8810,9.7044],[122.8946,9.7047],[122.8964,9.7012],[122.9052,9.7045],[122.9186,9.6907],[122.9189,9.6712],[122.8845,9.6631],[122.8873,9.6789],[122.8836,9.6802],[122.8871,9.6849],[122.8785,9.6947]]]},"type":"Feature","id":"1d98cdf73c","properties":{"flclr":"#000000","name":"Himocdongon","level_id":"reg","layer_val":"0","parent_id":"0","gjsonid":"18"}},{"geometry":{"type":"Polygon","coordinates":[[[122.9832,9.7196],[122.9668,9.7313],[122.9905,9.7639],[123.0100,9.7512],[123.0182,9.7349],[123.0017,9.7064],[122.9832,9.7196]]]},"type":"Feature","id":"36250e190b","properties":{"flclr":"#000000","name":"Panciao","level_id":"reg","layer_val":"0","parent_id":"0","gjsonid":"18"}},{"geometry":{"type":"Polygon","coordinates":[[[122.9550,9.7034],[122.9832,9.7196],[122.9971,9.7097],[122.9729,9.6849],[122.9646,9.6923],[122.9670,9.6988],[122.9550,9.7034]]]},"type":"Feature","id":"f46845c15c","properties":{"flclr":"#000000","name":"Luyang","level_id":"reg","layer_val":"0","parent_id":"0","gjsonid":"18"}},{"geometry":{"type":"Polygon","coordinates":[[[122.9024,9.6656],[122.9198,9.6714],[122.9245,9.6675],[122.9274,9.6334],[122.9409,9.6118],[122.8979,9.6165],[122.8926,9.6395],[122.9003,9.6446],[122.9024,9.6656]]]},"type":"Feature","id":"63f48964d4","properties":{"flclr":"#000000","name":"Pantao","level_id":"reg","layer_val":"0","parent_id":"0","gjsonid":"18"}},{"geometry":{"type":"Polygon","coordinates":[[[122.9550,9.7034],[122.9670,9.6988],[122.9646,9.6923],[122.9729,9.6874],[122.9463,9.6731],[122.9191,9.6710],[122.9186,9.6908],[122.9487,9.7044],[122.9550,9.7034]]]},"type":"Feature","id":"d3076af922","properties":{"flclr":"#000000","name":"Lumbangan","level_id":"reg","layer_val":"0","parent_id":"0","gjsonid":"18"}},{"geometry":{"type":"Polygon","coordinates":[[[122.9409,9.6118],[122.9341,9.6177],[122.9338,9.6269],[122.9274,9.6343],[122.9403,9.6383],[122.9530,9.6369],[122.9543,9.6115],[122.9409,9.6118]]]},"type":"Feature","id":"652bc0b85a","properties":{"flclr":"#000000","name":"Cansal-ing","level_id":"reg","layer_val":"0","parent_id":"0","gjsonid":"18"}},{"geometry":{"type":"Polygon","coordinates":[[[123.0017,9.7064],[123.0194,9.6939],[123.0226,9.6565],[123.0145,9.6587],[123.0127,9.6687],[122.9908,9.6736],[122.9861,9.6851],[122.9730,9.6844],[122.9971,9.7097],[123.0017,9.7064]]]},"type":"Feature","id":"8b1fc8b5fe","properties":{"flclr":"#000000","name":"Bagtic","level_id":"reg","layer_val":"0","parent_id":"0","gjsonid":"18"}},{"geometry":{"type":"Polygon","coordinates":[[[122.9903,9.6746],[123.0063,9.6697],[123.0042,9.6561],[122.9738,9.6538],[122.9827,9.6695],[122.9903,9.6746]]]},"type":"Feature","id":"f8dc3093f8","properties":{"flclr":"#000000","name":"Bulwang","level_id":"reg","layer_val":"0","parent_id":"0","gjsonid":"18"}},{"geometry":{"type":"Polygon","coordinates":[[[122.9694,9.6446],[122.9738,9.6366],[122.9888,9.6106],[122.9543,9.6115],[122.9519,9.6421],[122.9694,9.6446]]]},"type":"Feature","id":"7843a5cdf3","properties":{"flclr":"#000000","name":"Canggohob","level_id":"reg","layer_val":"0","parent_id":"0","gjsonid":"18"}},{"geometry":{"type":"Polygon","coordinates":[[[122.9888,9.6106],[122.9694,9.6446],[122.9738,9.6538],[123.0042,9.6561],[122.9974,9.6389],[123.0015,9.6111],[122.9888,9.6106]]]},"type":"Feature","id":"463ae11c41","properties":{"flclr":"#000000","name":"Lamdas","level_id":"reg","layer_val":"0","parent_id":"0","gjsonid":"18"}},{"geometry":{"type":"Polygon","coordinates":[[[123.0015,9.6111],[122.9974,9.6389],[123.0073,9.6713],[123.0127,9.6687],[123.0151,9.6579],[123.0226,9.6565],[123.0255,9.6119],[123.0015,9.6111]]]},"type":"Feature","id":"f083aa73e7","properties":{"flclr":"#000000","name":"Mayaposi","level_id":"reg","layer_val":"0","parent_id":"0","gjsonid":"18"}},{"geometry":{"type":"Polygon","coordinates":[[[122.9274,9.7563],[122.9294,9.7589],[122.9215,9.7690],[122.9229,9.7759],[122.9337,9.7734],[122.9430,9.7829],[122.9703,9.7964],[122.9861,9.7893],[122.9696,9.7825],[122.9760,9.7650],[122.9843,9.7555],[122.9371,9.7499],[122.9274,9.7563]]]},"type":"Feature","id":"2ba6824ab2","properties":{"flclr":"#000000","name":"Samac","level_id":"reg","layer_val":"0","parent_id":"0","gjsonid":"18"}},{"geometry":{"type":"Polygon","coordinates":[[[122.9450,9.6733],[122.9729,9.6874],[122.9750,9.6827],[122.9861,9.6851],[122.9908,9.6774],[122.9790,9.6647],[122.9694,9.6446],[122.9550,9.6437],[122.9500,9.6362],[122.9450,9.6733]]]},"type":"Feature","id":"2c924e8c7f","properties":{"flclr":"#000000","name":"Paniabonan","level_id":"reg","layer_val":"0","parent_id":"0","gjsonid":"18"}},{"geometry":{"type":"Polygon","coordinates":[[[122.7804,9.4275],[122.7764,9.4639],[122.8457,9.4759],[122.8612,9.4501],[122.8834,9.4416],[122.8365,9.3887],[122.8193,9.3806],[122.8123,9.3906],[122.7902,9.4018],[122.7804,9.4275]]]},"type":"Feature","id":"bff01b95f1","properties":{"flclr":"#000000","name":"Nangka","level_id":"reg","layer_val":"0","parent_id":"0","gjsonid":"18"}},{"geometry":{"type":"Polygon","coordinates":[[[122.7804,9.4275],[122.7902,9.4018],[122.7540,9.3839],[122.7478,9.3905],[122.7462,9.4206],[122.7532,9.4131],[122.7804,9.4275]]]},"type":"Feature","id":"ac7413ae20","properties":{"flclr":"#000000","name":"San Roque","level_id":"reg","layer_val":"0","parent_id":"0","gjsonid":"18"}},{"geometry":{"type":"Polygon","coordinates":[[[122.7870,9.5242],[122.7964,9.5403],[122.8213,9.5317],[122.8273,9.5042],[122.8457,9.4759],[122.7764,9.4639],[122.7739,9.5012],[122.7870,9.5242]]]},"type":"Feature","id":"67086eb116","properties":{"flclr":"#000000","name":"Kalumboyan","level_id":"reg","layer_val":"0","parent_id":"0","gjsonid":"18"}},{"geometry":{"type":"Polygon","coordinates":[[[122.9173,9.4537],[122.8994,9.4315],[122.8612,9.4501],[122.8410,9.4867],[122.8998,9.5035],[122.9256,9.5021],[122.9116,9.4836],[122.9173,9.4537]]]},"type":"Feature","id":"0f0713e3cd","properties":{"flclr":"#000000","name":"Narra","level_id":"reg","layer_val":"0","parent_id":"0","gjsonid":"18"}},{"geometry":{"type":"Polygon","coordinates":[[[123.0551,9.8051],[123.0671,9.7716],[123.0579,9.7602],[123.0582,9.7473],[123.0503,9.7513],[123.0429,9.7478],[123.0344,9.7507],[123.0254,9.7644],[123.0018,9.7566],[122.9905,9.7639],[122.9843,9.7555],[122.9792,9.7594],[122.9696,9.7825],[123.0053,9.7967],[123.0158,9.7960],[123.0238,9.8049],[123.0276,9.8000],[123.0551,9.8051]],[[123.0248,9.7962],[123.0242,9.7950],[123.0263,9.7951],[123.0257,9.7961],[123.0248,9.7962]]]},"type":"Feature","id":"9a7106fdf0","properties":{"flclr":"#000000","name":"Nalundan","level_id":"reg","layer_val":"0","parent_id":"0","gjsonid":"18"}},{"geometry":{"type":"Polygon","coordinates":[[[122.7462,9.4206],[122.7149,9.4274],[122.7166,9.4365],[122.7287,9.4470],[122.7293,9.4678],[122.7431,9.4637],[122.7764,9.4639],[122.7804,9.4275],[122.7532,9.4131],[122.7462,9.4206]]]},"type":"Feature","id":"a0df68ffce","properties":{"flclr":"#000000","name":"Minaba","level_id":"reg","layer_val":"0","parent_id":"0","gjsonid":"18"}},{"geometry":{"type":"Polygon","coordinates":[[[122.7156,9.4254],[122.7462,9.4206],[122.7478,9.3905],[122.7186,9.3943],[122.7161,9.3992],[122.7223,9.4098],[122.7103,9.4168],[122.7156,9.4254]]]},"type":"Feature","id":"b989856c86","properties":{"flclr":"#000000","name":"San Miguel","level_id":"reg","layer_val":"0","parent_id":"0","gjsonid":"18"}},{"geometry":{"type":"Polygon","coordinates":[[[122.8213,9.5317],[122.7964,9.5403],[122.8027,9.5748],[122.8339,9.5841],[122.8657,9.5571],[122.8662,9.5411],[122.8213,9.5317]]]},"type":"Feature","id":"932711bb65","properties":{"flclr":"#000000","name":"Banaybanay","level_id":"reg","layer_val":"0","parent_id":"0","gjsonid":"18"}},{"geometry":{"type":"Polygon","coordinates":[[[123.0596,9.7486],[123.0615,9.7462],[123.0486,9.7384],[123.0474,9.7321],[123.0572,9.7190],[123.0450,9.7203],[123.0182,9.7349],[123.0100,9.7512],[123.0018,9.7566],[123.0254,9.7644],[123.0344,9.7507],[123.0596,9.7486]]]},"type":"Feature","id":"14a2d7c880","properties":{"flclr":"#000000","name":"Cabcaban","level_id":"reg","layer_val":"0","parent_id":"0","gjsonid":"18"}},{"geometry":{"type":"Polygon","coordinates":[[[122.8383,9.3560],[122.8294,9.3444],[122.8084,9.3590],[122.8152,9.3722],[122.8383,9.3560]]]},"type":"Feature","id":"c27a75373d","properties":{"flclr":"#000000","name":"Villareal","level_id":"reg","layer_val":"0","parent_id":"0","gjsonid":"18"}},{"geometry":{"type":"Polygon","coordinates":[[[122.8098,9.3633],[122.8084,9.3590],[122.8022,9.3603],[122.8059,9.3649],[122.8098,9.3633]]]},"type":"Feature","id":"e70e840d93","properties":{"flclr":"#000000","name":"Tinago (Pob.)","level_id":"reg","layer_val":"0","parent_id":"0","gjsonid":"18"}},{"geometry":{"type":"Polygon","coordinates":[[[122.8022,9.3603],[122.7999,9.3605],[122.8029,9.3646],[122.8046,9.3632],[122.8022,9.3603]]]},"type":"Feature","id":"cd39024b79","properties":{"flclr":"#000000","name":"Boyco","level_id":"reg","layer_val":"0","parent_id":"0","gjsonid":"18"}},{"geometry":{"type":"Polygon","coordinates":[[[122.7233,9.5974],[122.7371,9.6148],[122.8027,9.5748],[122.7964,9.5403],[122.7870,9.5242],[122.7153,9.5906],[122.7233,9.5974]]]},"type":"Feature","id":"448bbe25f3","properties":{"flclr":"#000000","name":"Kalamtukan","level_id":"reg","layer_val":"0","parent_id":"0","gjsonid":"18"}},{"geometry":{"type":"Polygon","coordinates":[[[122.8437,9.6501],[122.8437,9.6437],[122.8488,9.6477],[122.8523,9.6273],[122.8555,9.6321],[122.8621,9.6301],[122.8646,9.6353],[122.8649,9.6220],[122.8573,9.6031],[122.8339,9.5841],[122.8057,9.6337],[122.8401,9.6520],[122.8437,9.6501]]]},"type":"Feature","id":"51d28c49b5","properties":{"flclr":"#000000","name":"Bugay","level_id":"reg","layer_val":"0","parent_id":"0","gjsonid":"18"}},{"geometry":{"type":"Polygon","coordinates":[[[122.8057,9.6337],[122.8339,9.5841],[122.8027,9.5748],[122.7371,9.6148],[122.7686,9.6551],[122.8057,9.6337]]]},"type":"Feature","id":"9756d28736","properties":{"flclr":"#000000","name":"Villasol (Bato)","level_id":"reg","layer_val":"0","parent_id":"0","gjsonid":"18"}},{"geometry":{"type":"Polygon","coordinates":[[[122.9175,9.4193],[122.9057,9.3997],[122.9064,9.3921],[122.8901,9.3923],[122.8994,9.4315],[122.9173,9.4537],[122.9175,9.4193]]]},"type":"Feature","id":"7e8733515e","properties":{"flclr":"#000000","name":"San Isidro","level_id":"reg","layer_val":"0","parent_id":"0","gjsonid":"18"}},{"geometry":{"type":"Polygon","coordinates":[[[122.8901,9.3923],[122.9071,9.3942],[122.9189,9.3881],[122.9384,9.4029],[122.9498,9.3876],[122.9491,9.3822],[122.9428,9.3831],[122.9262,9.3682],[122.9218,9.3726],[122.9206,9.3687],[122.9126,9.3694],[122.8993,9.3757],[122.8835,9.3751],[122.8843,9.3860],[122.8901,9.3923]]]},"type":"Feature","id":"07e9e9ea6a","properties":{"flclr":"#000000","name":"Obat","level_id":"reg","layer_val":"0","parent_id":"0","gjsonid":"18"}},{"geometry":{"type":"Polygon","coordinates":[[[122.8994,9.4315],[122.8907,9.3892],[122.8849,9.3868],[122.8835,9.3751],[122.8752,9.3685],[122.8660,9.3734],[122.8383,9.3560],[122.8152,9.3722],[122.8193,9.3806],[122.8365,9.3887],[122.8834,9.4416],[122.8994,9.4315]]]},"type":"Feature","id":"1ce93e3b37","properties":{"flclr":"#000000","name":"Maninihon","level_id":"reg","layer_val":"0","parent_id":"0","gjsonid":"18"}},{"geometry":{"type":"Polygon","coordinates":[[[122.7999,9.3605],[122.7952,9.3631],[122.8014,9.3688],[122.8043,9.3662],[122.7999,9.3605]]]},"type":"Feature","id":"70191497fb","properties":{"flclr":"#000000","name":"Suba (Pob.)","level_id":"reg","layer_val":"0","parent_id":"0","gjsonid":"18"}},{"geometry":{"type":"Polygon","coordinates":[[[122.8120,9.3908],[122.8193,9.3806],[122.8105,9.3630],[122.8046,9.3632],[122.8100,9.3745],[122.8069,9.3805],[122.8128,9.3808],[122.8120,9.3908]]]},"type":"Feature","id":"588e3abb64","properties":{"flclr":"#000000","name":"Poblacion","level_id":"reg","layer_val":"0","parent_id":"0","gjsonid":"18"}},{"geometry":{"type":"Polygon","coordinates":[[[122.8082,9.3735],[122.8096,9.3717],[122.8043,9.3662],[122.8009,9.3762],[122.8082,9.3735]]]},"type":"Feature","id":"0ceeb26ea3","properties":{"flclr":"#000000","name":"Ubos (Pob.)","level_id":"reg","layer_val":"0","parent_id":"0","gjsonid":"18"}},{"geometry":{"type":"Polygon","coordinates":[[[122.7789,9.3671],[122.7552,9.3672],[122.7454,9.3715],[122.7478,9.3905],[122.7540,9.3839],[122.7902,9.4018],[122.7789,9.3671]]]},"type":"Feature","id":"5108c23a25","properties":{"flclr":"#000000","name":"Malabugas","level_id":"reg","layer_val":"0","parent_id":"0","gjsonid":"18"}},{"geometry":{"type":"Polygon","coordinates":[[[122.7902,9.4018],[122.8120,9.3908],[122.8129,9.3815],[122.8069,9.3805],[122.8083,9.3735],[122.8012,9.3768],[122.8025,9.3699],[122.7931,9.3615],[122.7789,9.3671],[122.7902,9.4018]]]},"type":"Feature","id":"4e4c12cedf","properties":{"flclr":"#000000","name":"Banga","level_id":"reg","layer_val":"0","parent_id":"0","gjsonid":"18"}},{"geometry":{"type":"Polygon","coordinates":[[[122.8871,9.5581],[122.8870,9.5576],[122.9256,9.5021],[122.9123,9.5055],[122.8799,9.4954],[122.8662,9.5411],[122.8657,9.5571],[122.8871,9.5581]]]},"type":"Feature","id":"f2f1433165","properties":{"flclr":"#000000","name":"Ali-is","level_id":"reg","layer_val":"0","parent_id":"0","gjsonid":"18"}},{"geometry":{"type":"Polygon","coordinates":[[[122.8871,9.5581],[122.8657,9.5571],[122.8339,9.5841],[122.8573,9.6031],[122.8649,9.6220],[122.8739,9.6131],[122.8824,9.6111],[122.8799,9.6052],[122.8889,9.5952],[122.8880,9.5907],[122.8978,9.5864],[122.8964,9.5789],[122.8851,9.5664],[122.8871,9.5581]]]},"type":"Feature","id":"f28042af73","properties":{"flclr":"#000000","name":"Dawis","level_id":"reg","layer_val":"0","parent_id":"0","gjsonid":"18"}},{"geometry":{"type":"Polygon","coordinates":[[[122.7241,9.4723],[122.7300,9.4671],[122.7299,9.4606],[122.6794,9.4618],[122.6374,9.4504],[122.6352,9.4596],[122.6426,9.4598],[122.6623,9.4813],[122.6884,9.4740],[122.7241,9.4723]]]},"type":"Feature","id":"f7afd35897","properties":{"flclr":"#000000","name":"Maglinao","level_id":"reg","layer_val":"0","parent_id":"0","gjsonid":"18"}},{"geometry":{"type":"Polygon","coordinates":[[[122.6616,9.4406],[122.6604,9.4556],[122.6794,9.4618],[122.7051,9.4616],[122.7056,9.4412],[122.6616,9.4406]]]},"type":"Feature","id":"350a2461fa","properties":{"flclr":"#000000","name":"Linantayan","level_id":"reg","layer_val":"0","parent_id":"0","gjsonid":"18"}},{"geometry":{"type":"Polygon","coordinates":[[[122.6604,9.4556],[122.6616,9.4406],[122.6565,9.4236],[122.6470,9.4314],[122.6438,9.4453],[122.6374,9.4504],[122.6604,9.4556]]]},"type":"Feature","id":"f1302035ee","properties":{"flclr":"#000000","name":"Cabalayongan","level_id":"reg","layer_val":"0","parent_id":"0","gjsonid":"18"}},{"geometry":{"type":"Polygon","coordinates":[[[122.9470,9.4607],[122.9349,9.4503],[122.9464,9.4378],[122.9424,9.4350],[122.9486,9.4246],[122.9338,9.4175],[122.9175,9.4193],[122.9173,9.4537],[122.9116,9.4836],[122.9256,9.5021],[122.9470,9.4607]]]},"type":"Feature","id":"32e43c17f2","properties":{"flclr":"#000000","name":"Cansumalig","level_id":"reg","layer_val":"0","parent_id":"0","gjsonid":"18"}},{"geometry":{"type":"Polygon","coordinates":[[[122.7160,9.3914],[122.7186,9.3943],[122.7478,9.3905],[122.7454,9.3715],[122.7219,9.3756],[122.7129,9.3884],[122.7160,9.3914]]]},"type":"Feature","id":"c6c515d505","properties":{"flclr":"#000000","name":"Pagatban","level_id":"reg","layer_val":"0","parent_id":"0","gjsonid":"18"}},{"geometry":{"type":"Polygon","coordinates":[[[122.7186,9.3943],[122.7160,9.3914],[122.7029,9.4067],[122.7051,9.4616],[122.7310,9.4595],[122.7287,9.4470],[122.7166,9.4365],[122.7183,9.4324],[122.7103,9.4168],[122.7223,9.4098],[122.7161,9.3992],[122.7186,9.3943]]]},"type":"Feature","id":"cac4c1fc3b","properties":{"flclr":"#000000","name":"Olandao","level_id":"reg","layer_val":"0","parent_id":"0","gjsonid":"18"}},{"geometry":{"type":"Polygon","coordinates":[[[122.6569,9.5337],[122.6726,9.5503],[122.6765,9.5407],[122.6910,9.5315],[122.6912,9.5227],[122.6974,9.5238],[122.6982,9.5076],[122.6937,9.5014],[122.7080,9.4896],[122.7113,9.4791],[122.7241,9.4723],[122.6884,9.4740],[122.6623,9.4813],[122.6426,9.4598],[122.6356,9.5076],[122.6569,9.5337]],[[122.6799,9.4814],[122.6806,9.4799],[122.6828,9.4801],[122.6829,9.4813],[122.6799,9.4814]]]},"type":"Feature","id":"85e918ddc1","properties":{"flclr":"#000000","name":"Cabatuanan","level_id":"reg","layer_val":"0","parent_id":"0","gjsonid":"18"}},{"geometry":{"type":"Polygon","coordinates":[[[122.7293,9.4678],[122.7113,9.4791],[122.7080,9.4896],[122.6944,9.5003],[122.6982,9.5076],[122.6974,9.5238],[122.6912,9.5227],[122.6910,9.5315],[122.6765,9.5407],[122.6726,9.5503],[122.7153,9.5906],[122.7870,9.5242],[122.7739,9.5012],[122.7764,9.4639],[122.7431,9.4637],[122.7293,9.4678]]]},"type":"Feature","id":"f16bfe1079","properties":{"flclr":"#000000","name":"Tayawan","level_id":"reg","layer_val":"0","parent_id":"0","gjsonid":"18"}},{"geometry":{"type":"Polygon","coordinates":[[[122.7056,9.4412],[122.7029,9.4067],[122.7160,9.3914],[122.7129,9.3884],[122.7219,9.3756],[122.7118,9.3796],[122.7058,9.3754],[122.6895,9.3814],[122.6833,9.4070],[122.6844,9.4232],[122.6725,9.4407],[122.7056,9.4412]]]},"type":"Feature","id":"50e7674a86","properties":{"flclr":"#000000","name":"Actin","level_id":"reg","layer_val":"0","parent_id":"0","gjsonid":"18"}},{"geometry":{"type":"Polygon","coordinates":[[[122.6577,9.4239],[122.6616,9.4406],[122.6725,9.4407],[122.6844,9.4232],[122.6833,9.4070],[122.6895,9.3814],[122.6743,9.3798],[122.6443,9.4037],[122.6577,9.4239]]]},"type":"Feature","id":"24b3c29991","properties":{"flclr":"#000000","name":"Nagbo-alao","level_id":"reg","layer_val":"0","parent_id":"0","gjsonid":"18"}},{"geometry":{"type":"Polygon","coordinates":[[[122.6374,9.4504],[122.6438,9.4453],[122.6470,9.4314],[122.6329,9.4143],[122.6235,9.4221],[122.6207,9.4408],[122.6310,9.4475],[122.6365,9.4463],[122.6374,9.4504]]]},"type":"Feature","id":"251a175c66","properties":{"flclr":"#000000","name":"Bal-os","level_id":"reg","layer_val":"0","parent_id":"0","gjsonid":"18"}},{"geometry":{"type":"Polygon","coordinates":[[[122.6470,9.4314],[122.6579,9.4216],[122.6423,9.4036],[122.6329,9.4143],[122.6470,9.4314]]]},"type":"Feature","id":"efba1ca2e3","properties":{"flclr":"#000000","name":"Poblacion","level_id":"reg","layer_val":"0","parent_id":"0","gjsonid":"18"}},{"geometry":{"type":"Polygon","coordinates":[[[123.0255,9.6119],[123.0419,9.6154],[123.0420,9.6083],[123.0544,9.6041],[123.0607,9.5822],[123.0583,9.5697],[123.0545,9.5674],[123.0434,9.5849],[123.0218,9.5790],[123.0251,9.5876],[123.0228,9.5975],[123.0134,9.6010],[123.0144,9.6059],[123.0255,9.6119]],[[123.0252,9.5927],[123.0258,9.5926],[123.0259,9.5930],[123.0254,9.5931],[123.0252,9.5927]]]},"type":"Feature","id":"1d0383d3d2","properties":{"flclr":"#000000","name":"Panala-an","level_id":"reg","layer_val":"0","parent_id":"0","gjsonid":"18"}},{"geometry":{"type":"Polygon","coordinates":[[[123.0545,9.5674],[123.0483,9.5581],[123.0421,9.5614],[123.0290,9.5541],[123.0218,9.5790],[123.0434,9.5849],[123.0545,9.5674]]]},"type":"Feature","id":"bd162ab8e5","properties":{"flclr":"#000000","name":"Mabunao","level_id":"reg","layer_val":"0","parent_id":"0","gjsonid":"18"}},{"geometry":{"type":"Polygon","coordinates":[[[123.0679,9.5949],[123.0569,9.5941],[123.0544,9.6041],[123.0420,9.6083],[123.0419,9.6154],[123.0668,9.6119],[123.0708,9.6085],[123.0679,9.5949]],[[123.0602,9.6045],[123.0607,9.6042],[123.0614,9.6047],[123.0605,9.6048],[123.0602,9.6045]]]},"type":"Feature","id":"dadb7d60f1","properties":{"flclr":"#000000","name":"Dansulan","level_id":"reg","layer_val":"0","parent_id":"0","gjsonid":"18"}},{"geometry":{"type":"Polygon","coordinates":[[[122.9888,9.6106],[123.0255,9.6119],[123.0144,9.6059],[123.0134,9.6010],[123.0215,9.6006],[123.0251,9.5876],[123.0217,9.5800],[123.0290,9.5541],[123.0268,9.5413],[122.9413,9.5516],[122.9400,9.5663],[122.9590,9.5637],[122.9665,9.5670],[122.9578,9.5777],[122.9634,9.5795],[122.9605,9.5860],[122.9374,9.5900],[122.9378,9.5973],[122.9281,9.6121],[122.9888,9.6106]]]},"type":"Feature","id":"8453a2f89a","properties":{"flclr":"#000000","name":"Sab-ahan","level_id":"reg","layer_val":"0","parent_id":"0","gjsonid":"18"}},{"geometry":{"type":"Polygon","coordinates":[[[123.0633,9.6633],[123.0729,9.6566],[123.0655,9.6453],[123.0700,9.6396],[123.0635,9.6383],[123.0613,9.6287],[123.0404,9.6208],[123.0254,9.6238],[123.0194,9.6939],[123.0633,9.6633]]]},"type":"Feature","id":"63545bd948","properties":{"flclr":"#000000","name":"Tagpo","level_id":"reg","layer_val":"0","parent_id":"0","gjsonid":"18"}},{"geometry":{"type":"Polygon","coordinates":[[[123.0890,9.6172],[123.0750,9.6178],[123.0708,9.6085],[123.0419,9.6154],[123.0255,9.6119],[123.0254,9.6238],[123.0404,9.6208],[123.0542,9.6279],[123.0560,9.6251],[123.0643,9.6328],[123.0635,9.6383],[123.0700,9.6396],[123.0785,9.6351],[123.0776,9.6278],[123.0850,9.6253],[123.0890,9.6172]]]},"type":"Feature","id":"6287282a28","properties":{"flclr":"#000000","name":"Manlipac","level_id":"reg","layer_val":"0","parent_id":"0","gjsonid":"18"}},{"geometry":{"type":"Polygon","coordinates":[[[123.0290,9.5541],[123.0431,9.5616],[123.0575,9.5521],[123.0514,9.5472],[123.0512,9.5383],[123.0268,9.5413],[123.0290,9.5541]]]},"type":"Feature","id":"4b62297fa3","properties":{"flclr":"#000000","name":"Mansangaban","level_id":"reg","layer_val":"0","parent_id":"0","gjsonid":"18"}},{"geometry":{"type":"Polygon","coordinates":[[[122.9028,9.6140],[122.8745,9.6128],[122.8645,9.6225],[122.8646,9.6353],[122.8621,9.6301],[122.8555,9.6321],[122.8523,9.6273],[122.8485,9.6422],[122.8987,9.6447],[122.8926,9.6395],[122.8960,9.6320],[122.8934,9.6246],[122.9028,9.6140]]]},"type":"Feature","id":"6b502c150f","properties":{"flclr":"#000000","name":"Campanun-an","level_id":"reg","layer_val":"0","parent_id":"0","gjsonid":"18"}},{"geometry":{"type":"Polygon","coordinates":[[[122.8825,9.6108],[122.9281,9.6121],[122.9378,9.5972],[122.9413,9.5516],[122.8871,9.5581],[122.8851,9.5664],[122.8964,9.5789],[122.8978,9.5864],[122.8880,9.5907],[122.8889,9.5952],[122.8799,9.6052],[122.8825,9.6108]]]},"type":"Feature","id":"f1ebdf10ce","properties":{"flclr":"#000000","name":"Cambagahan","level_id":"reg","layer_val":"0","parent_id":"0","gjsonid":"18"}},{"geometry":{"type":"Polygon","coordinates":[[[122.9395,9.5652],[122.9374,9.5900],[122.9605,9.5860],[122.9634,9.5795],[122.9578,9.5777],[122.9666,9.5667],[122.9395,9.5652]]]},"type":"Feature","id":"73a5418b2f","properties":{"flclr":"#000000","name":"Lonoy","level_id":"reg","layer_val":"0","parent_id":"0","gjsonid":"18"}},{"geometry":{"type":"Polygon","coordinates":[[[123.0589,9.8081],[123.0276,9.8000],[123.0238,9.8049],[123.0158,9.7960],[123.0053,9.7967],[122.9861,9.7893],[122.9909,9.8226],[123.0471,9.8430],[123.0679,9.8211],[123.0692,9.8119],[123.0589,9.8081]]]},"type":"Feature","id":"b754612892","properties":{"flclr":"#000000","name":"Mabato","level_id":"reg","layer_val":"0","parent_id":"0","gjsonid":"18"}},{"geometry":{"type":"Polygon","coordinates":[[[122.9861,9.7893],[122.9141,9.8280],[122.9517,9.8749],[122.9778,9.8780],[122.9866,9.8714],[123.0136,9.8688],[122.9909,9.8226],[122.9861,9.7893]]]},"type":"Feature","id":"f94b8dd1ff","properties":{"flclr":"#000000","name":"Carol-an","level_id":"reg","layer_val":"0","parent_id":"0","gjsonid":"18"}},{"geometry":{"type":"Polygon","coordinates":[[[122.8038,9.7003],[122.7661,9.7140],[122.7624,9.7310],[122.7496,9.7400],[122.7790,9.7429],[122.7812,9.7494],[122.7934,9.7476],[122.7995,9.7533],[122.8077,9.7497],[122.8120,9.7356],[122.8195,9.7395],[122.8241,9.7355],[122.8281,9.7427],[122.8347,9.7363],[122.8038,9.7003]]]},"type":"Feature","id":"c6c995d27b","properties":{"flclr":"#000000","name":"Bantayan","level_id":"reg","layer_val":"0","parent_id":"0","gjsonid":"18"}},{"geometry":{"type":"Polygon","coordinates":[[[122.9384,9.4029],[122.9189,9.3881],[122.9071,9.3942],[122.9058,9.3992],[122.9165,9.4170],[122.9384,9.4029]]]},"type":"Feature","id":"3ce54341ff","properties":{"flclr":"#000000","name":"Caigangan","level_id":"reg","layer_val":"0","parent_id":"0","gjsonid":"18"}},{"geometry":{"type":"Polygon","coordinates":[[[123.0839,9.6816],[123.0437,9.6815],[123.0401,9.6859],[123.0433,9.7131],[123.0839,9.6816]]]},"type":"Feature","id":"fb497139d0","properties":{"flclr":"#000000","name":"Lamogong","level_id":"reg","layer_val":"0","parent_id":"0","gjsonid":"18"}},{"geometry":{"type":"Polygon","coordinates":[[[122.9198,9.6714],[122.9450,9.6733],[122.9485,9.6361],[122.9403,9.6383],[122.9274,9.6343],[122.9225,9.6599],[122.9247,9.6673],[122.9198,9.6714]]]},"type":"Feature","id":"b1a091580d","properties":{"flclr":"#000000","name":"Dagbasan","level_id":"reg","layer_val":"0","parent_id":"0","gjsonid":"18"}},{"geometry":{"type":"Polygon","coordinates":[[[122.8057,9.6337],[122.8159,9.6752],[122.8298,9.6879],[122.8418,9.6715],[122.8392,9.6680],[122.8452,9.6673],[122.8472,9.6560],[122.8513,9.6542],[122.8057,9.6337]]]},"type":"Feature","id":"776cb70b46","properties":{"flclr":"#000000","name":"San Jose","level_id":"reg","layer_val":"0","parent_id":"0","gjsonid":"18"}},{"geometry":{"type":"Polygon","coordinates":[[[122.8213,9.5317],[122.8662,9.5411],[122.8799,9.4954],[122.8410,9.4867],[122.8273,9.5042],[122.8213,9.5317]]]},"type":"Feature","id":"c0037ae3c9","properties":{"flclr":"#000000","name":"Tabuan","level_id":"reg","layer_val":"0","parent_id":"0","gjsonid":"18"}},{"geometry":{"type":"Polygon","coordinates":[[[123.1496,9.3327],[123.1286,9.3053],[123.1244,9.2624],[123.0985,9.2637],[123.0441,9.2791],[123.0555,9.2889],[123.0817,9.3309],[123.0915,9.3219],[123.1496,9.3327]]]},"type":"Feature","id":"d78e667267","properties":{"flclr":"#000000","name":"Dobdob","level_id":"reg","layer_val":"0","parent_id":"0","gjsonid":"18"}},{"geometry":{"type":"Polygon","coordinates":[[[122.8761,9.2627],[122.8785,9.2896],[122.9011,9.2907],[122.9016,9.2861],[122.9296,9.2726],[122.8761,9.2627]]]},"type":"Feature","id":"90cc03ebe2","properties":{"flclr":"#000000","name":"Alangilan","level_id":"reg","layer_val":"0","parent_id":"0","gjsonid":"18"}},{"geometry":{"type":"Polygon","coordinates":[[[123.0706,9.4204],[123.0590,9.4140],[123.0508,9.3907],[123.0382,9.3858],[123.0248,9.4113],[123.0327,9.4124],[123.0196,9.4345],[123.0472,9.4283],[123.0545,9.4304],[123.0600,9.4255],[123.0665,9.4402],[123.0724,9.4416],[123.0759,9.4323],[123.0706,9.4271],[123.0706,9.4204]]]},"type":"Feature","id":"62f155d19f","properties":{"flclr":"#000000","name":"Yupisan","level_id":"reg","layer_val":"0","parent_id":"0","gjsonid":"18"}},{"geometry":{"type":"Polygon","coordinates":[[[122.7686,9.6551],[122.8038,9.7003],[122.8156,9.6995],[122.8163,9.7035],[122.8265,9.7060],[122.8282,9.7003],[122.8339,9.7030],[122.8431,9.6968],[122.8603,9.6996],[122.8650,9.6954],[122.8654,9.6844],[122.8506,9.6844],[122.8384,9.6760],[122.8298,9.6879],[122.8159,9.6752],[122.8057,9.6337],[122.7686,9.6551]]]},"type":"Feature","id":"6635f4242b","properties":{"flclr":"#000000","name":"Mandu-ao","level_id":"reg","layer_val":"0","parent_id":"0","gjsonid":"18"}},{"geometry":{"type":"Polygon","coordinates":[[[122.6356,9.5076],[122.6426,9.4598],[122.6352,9.4600],[122.6365,9.4463],[122.6216,9.4434],[122.6235,9.4221],[122.6123,9.4205],[122.5886,9.4441],[122.5943,9.4561],[122.5916,9.4613],[122.6356,9.5076]]]},"type":"Feature","id":"34afd208bc","properties":{"flclr":"#000000","name":"Bongalonan","level_id":"reg","layer_val":"0","parent_id":"0","gjsonid":"18"}},{"geometry":{"type":"Polygon","coordinates":[[[122.4002,9.6720],[122.4011,9.6718],[122.4010,9.6714],[122.4004,9.6713],[122.4002,9.6720]]]},"type":"Feature","id":"e37eb0e87f","properties":{"flclr":"#000000","name":"Maricalum","level_id":"reg","layer_val":"0","parent_id":"0","gjsonid":"18"}},{"geometry":{"type":"Polygon","coordinates":[[[122.3982,9.6751],[122.3995,9.6744],[122.3994,9.6728],[122.3976,9.6747],[122.3982,9.6751]]]},"type":"Feature","id":"c7bbd3fa74","properties":{"flclr":"#000000","name":"Maricalum","level_id":"reg","layer_val":"0","parent_id":"0","gjsonid":"18"}},{"geometry":{"type":"Polygon","coordinates":[[[122.6726,9.5503],[122.6749,9.6693],[122.6873,9.7371],[122.6967,9.7359],[122.7127,9.7533],[122.7294,9.7536],[122.7302,9.7634],[122.7328,9.7418],[122.7233,9.5974],[122.6726,9.5503]]]},"type":"Feature","id":"b96ff45ed6","properties":{"flclr":"#000000","name":"Pinggot","level_id":"reg","layer_val":"0","parent_id":"0","gjsonid":"18"}},{"geometry":{"type":"Polygon","coordinates":[[[122.6749,9.6693],[122.6726,9.5503],[122.6569,9.5337],[122.5616,9.5840],[122.5609,9.5979],[122.5654,9.6015],[122.5632,9.6071],[122.5798,9.6680],[122.6749,9.6693]]]},"type":"Feature","id":"993f08a550","properties":{"flclr":"#000000","name":"Damutan","level_id":"reg","layer_val":"0","parent_id":"0","gjsonid":"18"}},{"geometry":{"type":"Polygon","coordinates":[[[122.4942,9.5541],[122.4995,9.5538],[122.4980,9.5489],[122.4953,9.5492],[122.4942,9.5541]]]},"type":"Feature","id":"722483ce9d","properties":{"flclr":"#000000","name":"Asia","level_id":"reg","layer_val":"0","parent_id":"0","gjsonid":"18"}},{"geometry":{"type":"Polygon","coordinates":[[[122.4357,9.6439],[122.4324,9.6471],[122.4376,9.6537],[122.4387,9.6511],[122.4357,9.6439]]]},"type":"Feature","id":"03b8ef5131","properties":{"flclr":"#000000","name":"Talacagay","level_id":"reg","layer_val":"0","parent_id":"0","gjsonid":"18"}}]}