{"type":"FeatureCollection","features":[{"geometry":{"type":"Polygon","coordinates":[[[123.0241,9.0922],[123.0247,9.1080],[123.0400,9.1085],[123.0454,9.0942],[123.0403,9.0897],[123.0398,9.0801],[123.0284,9.0781],[123.0241,9.0922]]]},"type":"Feature","id":"f6c6e3b597","properties":{"flclr":"#000000","name":"Datag","level_id":"reg","layer_val":"0","parent_id":"0","gjsonid":"18"}},{"geometry":{"type":"Polygon","coordinates":[[[123.0247,9.1080],[123.0227,9.0922],[122.9779,9.1167],[122.9816,9.1589],[122.9912,9.1638],[123.0044,9.1437],[123.0221,9.1375],[123.0247,9.1080]]]},"type":"Feature","id":"f4a8690ee7","properties":{"flclr":"#000000","name":"Sandulot","level_id":"reg","layer_val":"0","parent_id":"0","gjsonid":"18"}},{"geometry":{"type":"Polygon","coordinates":[[[122.9985,9.0764],[122.9881,9.0846],[122.9779,9.1167],[123.0241,9.0922],[123.0294,9.0655],[123.0260,9.0616],[122.9985,9.0764]]]},"type":"Feature","id":"f857c1179c","properties":{"flclr":"#000000","name":"Caticugan","level_id":"reg","layer_val":"0","parent_id":"0","gjsonid":"18"}},{"geometry":{"type":"Polygon","coordinates":[[[122.9985,9.0764],[123.0061,9.0731],[123.0165,9.0383],[122.9905,9.0518],[122.9985,9.0764]]]},"type":"Feature","id":"4a63dd0838","properties":{"flclr":"#000000","name":"Salag","level_id":"reg","layer_val":"0","parent_id":"0","gjsonid":"18"}},{"geometry":{"type":"Polygon","coordinates":[[[123.0347,9.0487],[123.0165,9.0383],[123.0061,9.0731],[123.0260,9.0616],[123.0347,9.0487]]]},"type":"Feature","id":"b9deec7f9a","properties":{"flclr":"#000000","name":"Mantuyop","level_id":"reg","layer_val":"0","parent_id":"0","gjsonid":"18"}},{"geometry":{"type":"Polygon","coordinates":[[[122.9778,9.1201],[122.9686,9.1170],[122.9615,9.1046],[122.9364,9.0830],[122.9205,9.1210],[122.9273,9.1200],[122.9294,9.1251],[122.9394,9.1245],[122.9484,9.1298],[122.9780,9.1258],[122.9778,9.1201]]]},"type":"Feature","id":"6145838a9c","properties":{"flclr":"#000000","name":"Giliga-on","level_id":"reg","layer_val":"0","parent_id":"0","gjsonid":"18"}},{"geometry":{"type":"Polygon","coordinates":[[[123.0553,9.0778],[123.0446,9.0652],[123.0395,9.0812],[123.0403,9.0897],[123.0454,9.0942],[123.0404,9.1166],[123.0436,9.1261],[123.0661,9.1384],[123.0667,9.0947],[123.0553,9.0778]]]},"type":"Feature","id":"e4a35cc642","properties":{"flclr":"#000000","name":"Canaway","level_id":"reg","layer_val":"0","parent_id":"0","gjsonid":"18"}},{"geometry":{"type":"Polygon","coordinates":[[[122.9364,9.0830],[122.9615,9.1046],[122.9686,9.1170],[122.9778,9.1201],[122.9741,9.0914],[122.9628,9.0781],[122.9639,9.0694],[122.9420,9.0751],[122.9364,9.0830]]]},"type":"Feature","id":"905c339def","properties":{"flclr":"#000000","name":"Cabangahan","level_id":"reg","layer_val":"0","parent_id":"0","gjsonid":"18"}},{"geometry":{"type":"Polygon","coordinates":[[[122.9905,9.0518],[122.9639,9.0694],[122.9628,9.0781],[122.9741,9.0914],[122.9784,9.1085],[122.9881,9.0846],[122.9985,9.0764],[122.9905,9.0518]]]},"type":"Feature","id":"30248f8689","properties":{"flclr":"#000000","name":"Maloh","level_id":"reg","layer_val":"0","parent_id":"0","gjsonid":"18"}},{"geometry":{"type":"Polygon","coordinates":[[[123.0441,9.0487],[123.0329,9.0497],[123.0283,9.0614],[123.0458,9.0615],[123.0385,9.0523],[123.0445,9.0529],[123.0441,9.0487]]]},"type":"Feature","id":"19af4a1733","properties":{"flclr":"#000000","name":"Poblacion III","level_id":"reg","layer_val":"0","parent_id":"0","gjsonid":"18"}},{"geometry":{"type":"Polygon","coordinates":[[[123.0542,9.0502],[123.0441,9.0487],[123.0445,9.0529],[123.0385,9.0523],[123.0430,9.0598],[123.0495,9.0610],[123.0542,9.0502]]]},"type":"Feature","id":"da864e55cf","properties":{"flclr":"#000000","name":"San Jose","level_id":"reg","layer_val":"0","parent_id":"0","gjsonid":"18"}},{"geometry":{"type":"Polygon","coordinates":[[[123.0635,9.0572],[123.0542,9.0502],[123.0521,9.0589],[123.0453,9.0625],[123.0451,9.0673],[123.0531,9.0710],[123.0553,9.0778],[123.0577,9.0631],[123.0635,9.0572]]]},"type":"Feature","id":"9c21cf1ff5","properties":{"flclr":"#000000","name":"Sumaliring","level_id":"reg","layer_val":"0","parent_id":"0","gjsonid":"18"}},{"geometry":{"type":"Polygon","coordinates":[[[123.0352,9.0622],[123.0272,9.0594],[123.0260,9.0628],[123.0348,9.0666],[123.0352,9.0622]]]},"type":"Feature","id":"c3ebc41046","properties":{"flclr":"#000000","name":"Poblacion I","level_id":"reg","layer_val":"0","parent_id":"0","gjsonid":"18"}},{"geometry":{"type":"Polygon","coordinates":[[[123.0284,9.0781],[123.0398,9.0801],[123.0424,9.0693],[123.0294,9.0664],[123.0284,9.0781]]]},"type":"Feature","id":"6074e22e20","properties":{"flclr":"#000000","name":"Poblacion IV","level_id":"reg","layer_val":"0","parent_id":"0","gjsonid":"18"}},{"geometry":{"type":"Polygon","coordinates":[[[123.0424,9.0693],[123.0458,9.0615],[123.0352,9.0622],[123.0347,9.0671],[123.0424,9.0693]]]},"type":"Feature","id":"955e8a5ff7","properties":{"flclr":"#000000","name":"Poblacion II","level_id":"reg","layer_val":"0","parent_id":"0","gjsonid":"18"}},{"geometry":{"type":"Polygon","coordinates":[[[123.0203,8.4085],[123.0297,8.4216],[123.0507,8.4182],[123.0588,8.4026],[123.0481,8.3960],[123.0203,8.4085]]]},"type":"Feature","id":"ccd0884bd5","properties":{"flclr":"#000000","name":"Sigamok","level_id":"reg","layer_val":"0","parent_id":"0","gjsonid":"10"}},{"geometry":{"type":"Polygon","coordinates":[[[123.0297,8.4216],[123.0203,8.4085],[123.0080,8.4078],[123.0018,8.4246],[123.0082,8.4280],[123.0115,8.4368],[123.0297,8.4216]]]},"type":"Feature","id":"67aa4e13e0","properties":{"flclr":"#000000","name":"Tamil","level_id":"reg","layer_val":"0","parent_id":"0","gjsonid":"10"}},{"geometry":{"type":"Polygon","coordinates":[[[123.0203,8.4085],[123.0384,8.4027],[123.0328,8.3758],[123.0386,8.3737],[123.0332,8.3615],[123.0040,8.3796],[123.0203,8.4085]]]},"type":"Feature","id":"61bd0b0377","properties":{"flclr":"#000000","name":"Labakid","level_id":"reg","layer_val":"0","parent_id":"0","gjsonid":"10"}},{"geometry":{"type":"Polygon","coordinates":[[[123.0002,8.3956],[122.9968,8.4054],[123.0203,8.4085],[123.0040,8.3796],[123.0002,8.3956]]]},"type":"Feature","id":"77db35af17","properties":{"flclr":"#000000","name":"Litalip","level_id":"reg","layer_val":"0","parent_id":"0","gjsonid":"10"}},{"geometry":{"type":"Polygon","coordinates":[[[122.9968,8.4054],[123.0002,8.3956],[122.9795,8.3940],[122.9798,8.4132],[122.9968,8.4054]]]},"type":"Feature","id":"3d18dde890","properties":{"flclr":"#000000","name":"Madalag","level_id":"reg","layer_val":"0","parent_id":"0","gjsonid":"10"}},{"geometry":{"type":"Polygon","coordinates":[[[122.9968,8.4054],[122.9797,8.4135],[123.0004,8.4256],[123.0080,8.4078],[122.9968,8.4054]]]},"type":"Feature","id":"35d48197c3","properties":{"flclr":"#000000","name":"Manawan","level_id":"reg","layer_val":"0","parent_id":"0","gjsonid":"10"}},{"geometry":{"type":"Polygon","coordinates":[[[123.0833,8.4204],[123.0588,8.4026],[123.0507,8.4182],[123.0297,8.4216],[123.0309,8.4328],[123.0456,8.4349],[123.0519,8.4293],[123.0666,8.4350],[123.0721,8.4249],[123.0833,8.4204]]]},"type":"Feature","id":"e56ce0d243","properties":{"flclr":"#000000","name":"Balatakan","level_id":"reg","layer_val":"0","parent_id":"0","gjsonid":"10"}},{"geometry":{"type":"Polygon","coordinates":[[[123.0297,8.4216],[123.0115,8.4368],[123.0195,8.4473],[123.0206,8.4605],[123.0456,8.4349],[123.0309,8.4328],[123.0297,8.4216]]]},"type":"Feature","id":"e08e524785","properties":{"flclr":"#000000","name":"Poblacion (Ponot)","level_id":"reg","layer_val":"0","parent_id":"0","gjsonid":"10"}},{"geometry":{"type":"Polygon","coordinates":[[[123.0485,8.4338],[123.0208,8.4605],[123.0257,8.4837],[123.0505,8.4432],[123.0485,8.4338]]]},"type":"Feature","id":"6d221302a5","properties":{"flclr":"#000000","name":"Tabon","level_id":"reg","layer_val":"0","parent_id":"0","gjsonid":"10"}},{"geometry":{"type":"Polygon","coordinates":[[[123.0505,8.4432],[123.0266,8.4836],[123.0435,8.4949],[123.0496,8.4854],[123.0487,8.4790],[123.0569,8.4666],[123.0620,8.4653],[123.0505,8.4432]]]},"type":"Feature","id":"d1b4113f45","properties":{"flclr":"#000000","name":"Siparok","level_id":"reg","layer_val":"0","parent_id":"0","gjsonid":"10"}},{"geometry":{"type":"Polygon","coordinates":[[[123.0727,8.4836],[123.0481,8.4866],[123.0433,8.4961],[123.0524,8.5051],[123.0732,8.4900],[123.0727,8.4836]]]},"type":"Feature","id":"2a18b6d6ff","properties":{"flclr":"#000000","name":"Disakan","level_id":"reg","layer_val":"0","parent_id":"0","gjsonid":"10"}}]}