{"type":"FeatureCollection","features":[{"geometry":{"type":"Polygon","coordinates":[[[125.9498,10.7620],[125.9380,10.7699],[125.9587,10.7750],[125.9692,10.7539],[125.9668,10.7468],[125.9509,10.7563],[125.9498,10.7620]]]},"type":"Feature","id":"46ada56912","properties":{"flclr":"#000000","name":"Suluan","level_id":"reg","layer_val":"0","parent_id":"0","gjsonid":"9"}},{"geometry":{"type":"Polygon","coordinates":[[[125.9499,10.7549],[125.9502,10.7550],[125.9503,10.7546],[125.9500,10.7548],[125.9499,10.7549]]]},"type":"Feature","id":"aef914032e","properties":{"flclr":"#000000","name":"Suluan","level_id":"reg","layer_val":"0","parent_id":"0","gjsonid":"9"}},{"geometry":{"type":"Polygon","coordinates":[[[125.9509,10.7750],[125.9519,10.7761],[125.9526,10.7764],[125.9519,10.7748],[125.9509,10.7750]]]},"type":"Feature","id":"d2509ad37e","properties":{"flclr":"#000000","name":"Suluan","level_id":"reg","layer_val":"0","parent_id":"0","gjsonid":"9"}},{"geometry":{"type":"Polygon","coordinates":[[[125.9641,10.7435],[125.9645,10.7437],[125.9644,10.7432],[125.9642,10.7433],[125.9641,10.7435]]]},"type":"Feature","id":"703a9ec200","properties":{"flclr":"#000000","name":"Suluan","level_id":"reg","layer_val":"0","parent_id":"0","gjsonid":"9"}},{"geometry":{"type":"Polygon","coordinates":[[[125.9681,10.7451],[125.9686,10.7449],[125.9688,10.7447],[125.9683,10.7447],[125.9681,10.7451]]]},"type":"Feature","id":"c66e62a5bc","properties":{"flclr":"#000000","name":"Suluan","level_id":"reg","layer_val":"0","parent_id":"0","gjsonid":"9"}},{"geometry":{"type":"Polygon","coordinates":[[[125.9359,10.7722],[125.9376,10.7735],[125.9381,10.7716],[125.9369,10.7704],[125.9359,10.7722]]]},"type":"Feature","id":"8b1b7f8e14","properties":{"flclr":"#000000","name":"Suluan","level_id":"reg","layer_val":"0","parent_id":"0","gjsonid":"9"}},{"geometry":{"type":"Polygon","coordinates":[[[125.9523,10.7774],[125.9534,10.7774],[125.9536,10.7770],[125.9528,10.7767],[125.9523,10.7774]]]},"type":"Feature","id":"ed36060590","properties":{"flclr":"#000000","name":"Suluan","level_id":"reg","layer_val":"0","parent_id":"0","gjsonid":"9"}}]}