{"type":"FeatureCollection","features":[{"geometry":{"type":"Polygon","coordinates":[[[125.9503,9.8927],[125.9594,9.8880],[125.9558,9.8789],[125.9673,9.8655],[125.9617,9.8566],[125.9482,9.8485],[125.9235,9.8671],[125.9309,9.8761],[125.9347,9.8722],[125.9331,9.8810],[125.9457,9.8911],[125.9438,9.8838],[125.9483,9.8829],[125.9503,9.8927]]]},"type":"Feature","id":"bee1bfdb95","properties":{"flclr":"#000000","name":"San Fernando","level_id":"reg","layer_val":"0","parent_id":"0","gjsonid":"14"}},{"geometry":{"type":"Polygon","coordinates":[[[125.8979,9.9057],[125.8969,9.9066],[125.8979,9.9036],[125.9006,9.9040],[125.8991,9.8969],[125.9026,9.8989],[125.8931,9.8930],[125.8954,9.9032],[125.8913,9.9069],[125.8949,9.9160],[125.9001,9.9187],[125.9115,9.9078],[125.9065,9.9075],[125.9033,9.9001],[125.9041,9.9066],[125.8979,9.9057]]]},"type":"Feature","id":"c030cc89b7","properties":{"flclr":"#000000","name":"Caub","level_id":"reg","layer_val":"0","parent_id":"0","gjsonid":"14"}},{"geometry":{"type":"Polygon","coordinates":[[[125.9701,9.8584],[125.9712,9.8582],[125.9709,9.8575],[125.9701,9.8575],[125.9701,9.8584]]]},"type":"Feature","id":"cbc764661f","properties":{"flclr":"#000000","name":"Domoyog","level_id":"reg","layer_val":"0","parent_id":"0","gjsonid":"14"}},{"geometry":{"type":"Polygon","coordinates":[[[125.9601,9.8895],[125.9621,9.8887],[125.9604,9.8865],[125.9607,9.8878],[125.9601,9.8895]]]},"type":"Feature","id":"956f69cd43","properties":{"flclr":"#000000","name":"Bagakay (Alburo)","level_id":"reg","layer_val":"0","parent_id":"0","gjsonid":"14"}},{"geometry":{"type":"Polygon","coordinates":[[[125.9621,9.8902],[125.9628,9.8910],[125.9634,9.8910],[125.9627,9.8900],[125.9621,9.8902]]]},"type":"Feature","id":"7006aebe57","properties":{"flclr":"#000000","name":"Bagakay (Alburo)","level_id":"reg","layer_val":"0","parent_id":"0","gjsonid":"14"}},{"geometry":{"type":"Polygon","coordinates":[[[125.9860,9.9409],[125.9870,9.9415],[125.9869,9.9397],[125.9861,9.9400],[125.9860,9.9409]]]},"type":"Feature","id":"6aa3f4c489","properties":{"flclr":"#000000","name":"Bongdo","level_id":"reg","layer_val":"0","parent_id":"0","gjsonid":"14"}},{"geometry":{"type":"Polygon","coordinates":[[[125.9871,9.9436],[125.9877,9.9468],[125.9901,9.9493],[125.9885,9.9429],[125.9871,9.9436]]]},"type":"Feature","id":"8716cc3a2b","properties":{"flclr":"#000000","name":"Bongdo","level_id":"reg","layer_val":"0","parent_id":"0","gjsonid":"14"}},{"geometry":{"type":"Polygon","coordinates":[[[125.9316,9.9199],[125.9325,9.9272],[125.9383,9.9296],[125.9351,9.9239],[125.9386,9.9199],[125.9316,9.9199]]]},"type":"Feature","id":"8eb8d96b30","properties":{"flclr":"#000000","name":"Maribojoc","level_id":"reg","layer_val":"0","parent_id":"0","gjsonid":"14"}},{"geometry":{"type":"Polygon","coordinates":[[[125.9391,9.9281],[125.9407,9.9278],[125.9411,9.9267],[125.9397,9.9265],[125.9391,9.9281]]]},"type":"Feature","id":"85195023c7","properties":{"flclr":"#000000","name":"Maribojoc","level_id":"reg","layer_val":"0","parent_id":"0","gjsonid":"14"}},{"geometry":{"type":"Polygon","coordinates":[[[125.9729,9.9696],[125.9740,9.9706],[125.9746,9.9710],[125.9738,9.9692],[125.9729,9.9696]]]},"type":"Feature","id":"a82cb2376f","properties":{"flclr":"#000000","name":"Maribojoc","level_id":"reg","layer_val":"0","parent_id":"0","gjsonid":"14"}},{"geometry":{"type":"Polygon","coordinates":[[[125.9715,9.8599],[125.9745,9.8616],[125.9813,9.8597],[125.9781,9.8565],[125.9715,9.8599]]]},"type":"Feature","id":"2db90dbf23","properties":{"flclr":"#000000","name":"Domoyog","level_id":"reg","layer_val":"0","parent_id":"0","gjsonid":"14"}},{"geometry":{"type":"Polygon","coordinates":[[[125.9645,9.8527],[125.9700,9.8572],[125.9729,9.8555],[125.9680,9.8518],[125.9645,9.8527]]]},"type":"Feature","id":"1343189c26","properties":{"flclr":"#000000","name":"Domoyog","level_id":"reg","layer_val":"0","parent_id":"0","gjsonid":"14"}},{"geometry":{"type":"Polygon","coordinates":[[[125.9743,9.8567],[125.9761,9.8574],[125.9769,9.8563],[125.9762,9.8560],[125.9743,9.8567]]]},"type":"Feature","id":"e8d456ded9","properties":{"flclr":"#000000","name":"Domoyog","level_id":"reg","layer_val":"0","parent_id":"0","gjsonid":"14"}},{"geometry":{"type":"Polygon","coordinates":[[[125.9626,9.8565],[125.9646,9.8583],[125.9653,9.8577],[125.9643,9.8551],[125.9626,9.8565]]]},"type":"Feature","id":"51c5090772","properties":{"flclr":"#000000","name":"Domoyog","level_id":"reg","layer_val":"0","parent_id":"0","gjsonid":"14"}},{"geometry":{"type":"Polygon","coordinates":[[[125.8624,9.9116],[125.8705,9.9214],[125.8775,9.9010],[125.8645,9.9005],[125.8624,9.9116]]]},"type":"Feature","id":"27d071d5a6","properties":{"flclr":"#000000","name":"Halian","level_id":"reg","layer_val":"0","parent_id":"0","gjsonid":"14"}},{"geometry":{"type":"Polygon","coordinates":[[[125.9040,9.8998],[125.9067,9.8978],[125.9053,9.8953],[125.9050,9.8986],[125.9040,9.8998]]]},"type":"Feature","id":"c79d9c3e05","properties":{"flclr":"#000000","name":"Caub","level_id":"reg","layer_val":"0","parent_id":"0","gjsonid":"14"}},{"geometry":{"type":"Polygon","coordinates":[[[125.9079,9.8986],[125.9092,9.8983],[125.9092,9.8971],[125.9082,9.8975],[125.9079,9.8986]]]},"type":"Feature","id":"898261918c","properties":{"flclr":"#000000","name":"Caub","level_id":"reg","layer_val":"0","parent_id":"0","gjsonid":"14"}},{"geometry":{"type":"Polygon","coordinates":[[[125.9018,9.8942],[125.9027,9.8944],[125.9029,9.8935],[125.9021,9.8935],[125.9018,9.8942]]]},"type":"Feature","id":"b2d9016d3d","properties":{"flclr":"#000000","name":"Caub","level_id":"reg","layer_val":"0","parent_id":"0","gjsonid":"14"}},{"geometry":{"type":"Polygon","coordinates":[[[125.8919,9.9239],[125.8946,9.9234],[125.8937,9.9212],[125.8917,9.9230],[125.8919,9.9239]]]},"type":"Feature","id":"77455f4be6","properties":{"flclr":"#000000","name":"Caub","level_id":"reg","layer_val":"0","parent_id":"0","gjsonid":"14"}},{"geometry":{"type":"Polygon","coordinates":[[[125.9090,9.8990],[125.9098,9.8993],[125.9103,9.8985],[125.9093,9.8985],[125.9090,9.8990]]]},"type":"Feature","id":"2b1798fd34","properties":{"flclr":"#000000","name":"Caub","level_id":"reg","layer_val":"0","parent_id":"0","gjsonid":"14"}},{"geometry":{"type":"Polygon","coordinates":[[[126.0873,9.8667],[126.0852,9.8716],[126.0958,9.8794],[126.0971,9.8686],[126.0873,9.8667]]]},"type":"Feature","id":"125a7139d3","properties":{"flclr":"#000000","name":"Dayaohay","level_id":"reg","layer_val":"0","parent_id":"0","gjsonid":"14"}},{"geometry":{"type":"Polygon","coordinates":[[[126.0958,9.8794],[126.0852,9.8716],[126.0525,9.8709],[126.0529,9.8848],[126.0928,9.8913],[126.0958,9.8794]]]},"type":"Feature","id":"7729fcc377","properties":{"flclr":"#000000","name":"San Roque","level_id":"reg","layer_val":"0","parent_id":"0","gjsonid":"14"}},{"geometry":{"type":"Polygon","coordinates":[[[126.0852,9.8716],[126.0816,9.8477],[126.0710,9.8394],[126.0662,9.8419],[126.0519,9.8382],[126.0525,9.8709],[126.0852,9.8716]]]},"type":"Feature","id":"a6b6b2e5b8","properties":{"flclr":"#000000","name":"Datu","level_id":"reg","layer_val":"0","parent_id":"0","gjsonid":"14"}},{"geometry":{"type":"Polygon","coordinates":[[[126.0458,9.9577],[126.0425,9.9471],[126.0069,9.9574],[126.0044,9.9587],[126.0158,9.9721],[126.0458,9.9577]]]},"type":"Feature","id":"150b4d6e45","properties":{"flclr":"#000000","name":"Santa Cruz (Pob.)","level_id":"reg","layer_val":"0","parent_id":"0","gjsonid":"14"}},{"geometry":{"type":"Polygon","coordinates":[[[126.0135,9.9471],[126.0019,9.9548],[126.0044,9.9587],[126.0191,9.9539],[126.0135,9.9471]]]},"type":"Feature","id":"809efcd1b1","properties":{"flclr":"#000000","name":"Talisay (Pob.)","level_id":"reg","layer_val":"0","parent_id":"0","gjsonid":"14"}},{"geometry":{"type":"Polygon","coordinates":[[[126.0191,9.9539],[126.0425,9.9471],[126.0398,9.9346],[126.0135,9.9471],[126.0191,9.9539]]]},"type":"Feature","id":"781437067a","properties":{"flclr":"#000000","name":"Nuevo Campo","level_id":"reg","layer_val":"0","parent_id":"0","gjsonid":"14"}},{"geometry":{"type":"Polygon","coordinates":[[[126.0529,9.9874],[126.0317,9.9953],[126.0299,10.0005],[126.0343,10.0038],[126.0524,10.0014],[126.0529,9.9874]]]},"type":"Feature","id":"b6cc6de36d","properties":{"flclr":"#000000","name":"Magsaysay","level_id":"reg","layer_val":"0","parent_id":"0","gjsonid":"14"}},{"geometry":{"type":"Polygon","coordinates":[[[126.0309,9.9958],[126.0529,9.9874],[126.0480,9.9757],[126.0255,9.9850],[126.0309,9.9958]]]},"type":"Feature","id":"54caabdf08","properties":{"flclr":"#000000","name":"Abad Santos","level_id":"reg","layer_val":"0","parent_id":"0","gjsonid":"14"}},{"geometry":{"type":"Polygon","coordinates":[[[126.0368,10.0168],[126.0315,10.0148],[126.0361,10.0177],[126.0289,10.0220],[126.0303,10.0295],[126.0362,10.0244],[126.0368,10.0168]]]},"type":"Feature","id":"8cfb960fa7","properties":{"flclr":"#000000","name":"T. Arlan (Pob.)","level_id":"reg","layer_val":"0","parent_id":"0","gjsonid":"14"}},{"geometry":{"type":"Polygon","coordinates":[[[126.0339,10.0267],[126.0303,10.0295],[126.0367,10.0390],[126.0567,10.0408],[126.0575,10.0324],[126.0339,10.0267]]]},"type":"Feature","id":"145fe8b5b1","properties":{"flclr":"#000000","name":"Rizal","level_id":"reg","layer_val":"0","parent_id":"0","gjsonid":"14"}},{"geometry":{"type":"Polygon","coordinates":[[[126.0480,9.9757],[126.0529,9.9874],[126.0655,9.9872],[126.0659,9.9704],[126.0475,9.9714],[126.0480,9.9757]]]},"type":"Feature","id":"e761666d94","properties":{"flclr":"#000000","name":"Mabini","level_id":"reg","layer_val":"0","parent_id":"0","gjsonid":"14"}},{"geometry":{"type":"Polygon","coordinates":[[[126.0386,10.0168],[126.0339,10.0267],[126.0575,10.0324],[126.0582,10.0217],[126.0386,10.0168]]]},"type":"Feature","id":"ea9a155457","properties":{"flclr":"#000000","name":"Mabuhay (Pob.)","level_id":"reg","layer_val":"0","parent_id":"0","gjsonid":"14"}},{"geometry":{"type":"Polygon","coordinates":[[[126.0567,10.0408],[126.0411,10.0395],[126.0460,10.0515],[126.0586,10.0608],[126.0618,10.0499],[126.0567,10.0408]]]},"type":"Feature","id":"f669ef63cd","properties":{"flclr":"#000000","name":"Tangbo","level_id":"reg","layer_val":"0","parent_id":"0","gjsonid":"14"}},{"geometry":{"type":"Polygon","coordinates":[[[126.0655,9.9872],[126.0529,9.9874],[126.0524,10.0014],[126.0634,10.0020],[126.0655,9.9872]]]},"type":"Feature","id":"1fc184b0ee","properties":{"flclr":"#000000","name":"Libertad","level_id":"reg","layer_val":"0","parent_id":"0","gjsonid":"14"}},{"geometry":{"type":"Polygon","coordinates":[[[126.0618,10.0499],[126.0586,10.0608],[126.0639,10.0626],[126.0717,10.0509],[126.0618,10.0499]]]},"type":"Feature","id":"2fb7b6c7e7","properties":{"flclr":"#000000","name":"Alegria","level_id":"reg","layer_val":"0","parent_id":"0","gjsonid":"14"}},{"geometry":{"type":"Polygon","coordinates":[[[126.0618,10.0499],[126.0717,10.0509],[126.0717,10.0410],[126.0605,10.0354],[126.0567,10.0408],[126.0618,10.0499]]]},"type":"Feature","id":"3331cca23b","properties":{"flclr":"#000000","name":"Garcia","level_id":"reg","layer_val":"0","parent_id":"0","gjsonid":"14"}},{"geometry":{"type":"Polygon","coordinates":[[[126.0634,10.0020],[126.0372,10.0032],[126.0365,10.0074],[126.0300,10.0078],[126.0362,10.0168],[126.0582,10.0217],[126.0634,10.0020]]]},"type":"Feature","id":"3363647cec","properties":{"flclr":"#000000","name":"Bailan","level_id":"reg","layer_val":"0","parent_id":"0","gjsonid":"14"}},{"geometry":{"type":"Polygon","coordinates":[[[126.0526,9.8980],[126.0855,9.9096],[126.0890,9.9109],[126.0658,9.8937],[126.0528,9.8905],[126.0526,9.8980]]]},"type":"Feature","id":"d2464ada24","properties":{"flclr":"#000000","name":"Santa Paz","level_id":"reg","layer_val":"0","parent_id":"0","gjsonid":"14"}},{"geometry":{"type":"Polygon","coordinates":[[[126.0706,9.9044],[126.0526,9.8980],[126.0364,9.9116],[126.0443,9.9230],[126.0706,9.9044]]]},"type":"Feature","id":"de05efbcba","properties":{"flclr":"#000000","name":"Santo Ni\u00f1o","level_id":"reg","layer_val":"0","parent_id":"0","gjsonid":"14"}},{"geometry":{"type":"Polygon","coordinates":[[[126.0443,9.9230],[126.0364,9.9116],[126.0298,9.9218],[126.0398,9.9346],[126.0496,9.9276],[126.0443,9.9230]]]},"type":"Feature","id":"760262a494","properties":{"flclr":"#000000","name":"Tambacan","level_id":"reg","layer_val":"0","parent_id":"0","gjsonid":"14"}},{"geometry":{"type":"Polygon","coordinates":[[[126.0855,9.9096],[126.0706,9.9044],[126.0443,9.9230],[126.0496,9.9276],[126.0701,9.9286],[126.0855,9.9096]]]},"type":"Feature","id":"8aa106b52f","properties":{"flclr":"#000000","name":"Macapagal","level_id":"reg","layer_val":"0","parent_id":"0","gjsonid":"14"}},{"geometry":{"type":"Polygon","coordinates":[[[126.0475,9.9714],[126.0881,9.9697],[126.0914,9.9541],[126.0807,9.9445],[126.0543,9.9529],[126.0458,9.9577],[126.0475,9.9714]]]},"type":"Feature","id":"19c6b6425c","properties":{"flclr":"#000000","name":"San Miguel","level_id":"reg","layer_val":"0","parent_id":"0","gjsonid":"14"}},{"geometry":{"type":"Polygon","coordinates":[[[126.0701,9.9286],[126.0528,9.9255],[126.0398,9.9346],[126.0412,9.9410],[126.0696,9.9376],[126.0701,9.9286]]]},"type":"Feature","id":"df5de25925","properties":{"flclr":"#000000","name":"Roxas","level_id":"reg","layer_val":"0","parent_id":"0","gjsonid":"14"}},{"geometry":{"type":"Polygon","coordinates":[[[126.0696,9.9376],[126.0807,9.9445],[126.0842,9.9317],[126.0701,9.9286],[126.0696,9.9376]]]},"type":"Feature","id":"a883d387e3","properties":{"flclr":"#000000","name":"Del Pilar","level_id":"reg","layer_val":"0","parent_id":"0","gjsonid":"14"}},{"geometry":{"type":"Polygon","coordinates":[[[126.0807,9.9445],[126.0696,9.9376],[126.0556,9.9394],[126.0647,9.9507],[126.0807,9.9445]]]},"type":"Feature","id":"9444785f46","properties":{"flclr":"#000000","name":"Buhing Calipay","level_id":"reg","layer_val":"0","parent_id":"0","gjsonid":"14"}},{"geometry":{"type":"Polygon","coordinates":[[[126.0458,9.9577],[126.0647,9.9507],[126.0556,9.9394],[126.0412,9.9410],[126.0458,9.9577]]]},"type":"Feature","id":"6524691d73","properties":{"flclr":"#000000","name":"Pelaez","level_id":"reg","layer_val":"0","parent_id":"0","gjsonid":"14"}},{"geometry":{"type":"Polygon","coordinates":[[[126.0842,9.9317],[126.0807,9.9445],[126.0914,9.9541],[126.0983,9.9330],[126.0842,9.9317]]]},"type":"Feature","id":"61907d9906","properties":{"flclr":"#000000","name":"Del Carmen (Pob.)","level_id":"reg","layer_val":"0","parent_id":"0","gjsonid":"14"}},{"geometry":{"type":"Polygon","coordinates":[[[126.0975,9.9697],[126.1017,9.9391],[126.1084,9.9329],[126.0983,9.9330],[126.0914,9.9541],[126.0881,9.9697],[126.0975,9.9697]]]},"type":"Feature","id":"954a1faaf7","properties":{"flclr":"#000000","name":"Pacifico","level_id":"reg","layer_val":"0","parent_id":"0","gjsonid":"14"}},{"geometry":{"type":"Polygon","coordinates":[[[126.0842,9.9317],[126.1084,9.9329],[126.1141,9.9205],[126.0855,9.9096],[126.0701,9.9286],[126.0842,9.9317]]]},"type":"Feature","id":"7429d0c3d9","properties":{"flclr":"#000000","name":"Tigasao","level_id":"reg","layer_val":"0","parent_id":"0","gjsonid":"14"}},{"geometry":{"type":"Polygon","coordinates":[[[125.9809,9.9348],[125.9941,9.9417],[126.0019,9.9548],[126.0398,9.9346],[126.0298,9.9218],[126.0364,9.9116],[125.9845,9.9143],[125.9734,9.9067],[125.9744,9.9247],[125.9809,9.9348]]]},"type":"Feature","id":"24abc229d9","properties":{"flclr":"#000000","name":"Bongdo","level_id":"reg","layer_val":"0","parent_id":"0","gjsonid":"14"}},{"geometry":{"type":"Polygon","coordinates":[[[125.9744,9.9247],[125.9633,9.9098],[125.9385,9.9129],[125.9469,9.9261],[125.9592,9.9275],[125.9535,9.9347],[125.9600,9.9315],[125.9713,9.9433],[125.9676,9.9645],[125.9751,9.9583],[125.9716,9.9510],[125.9783,9.9504],[125.9816,9.9431],[125.9744,9.9247]],[[125.9542,9.9212],[125.9564,9.9195],[125.9584,9.9213],[125.9569,9.9224],[125.9542,9.9212]]]},"type":"Feature","id":"d282de3c7b","properties":{"flclr":"#000000","name":"Maribojoc","level_id":"reg","layer_val":"0","parent_id":"0","gjsonid":"14"}},{"geometry":{"type":"Polygon","coordinates":[[[126.0255,9.9850],[126.0480,9.9757],[126.0458,9.9577],[126.0158,9.9721],[126.0255,9.9850]]]},"type":"Feature","id":"e0558b5fa0","properties":{"flclr":"#000000","name":"San Juan","level_id":"reg","layer_val":"0","parent_id":"0","gjsonid":"14"}},{"geometry":{"type":"Polygon","coordinates":[[[126.0997,9.8624],[126.0988,9.8629],[126.1004,9.8641],[126.1008,9.8639],[126.0997,9.8624]]]},"type":"Feature","id":"2d738c312a","properties":{"flclr":"#000000","name":"Centro (Pob.)","level_id":"reg","layer_val":"0","parent_id":"0","gjsonid":"14"}},{"geometry":{"type":"Polygon","coordinates":[[[126.1025,9.8629],[126.1012,9.8623],[126.0997,9.8624],[126.1008,9.8639],[126.1025,9.8629]]]},"type":"Feature","id":"b4ccbf3785","properties":{"flclr":"#000000","name":"Punta (Pob.)","level_id":"reg","layer_val":"0","parent_id":"0","gjsonid":"14"}},{"geometry":{"type":"Polygon","coordinates":[[[126.0988,9.8629],[126.0955,9.8662],[126.0873,9.8667],[126.0971,9.8686],[126.1015,9.8649],[126.0988,9.8629]]]},"type":"Feature","id":"68d243b857","properties":{"flclr":"#000000","name":"Asinan (Pob.)","level_id":"reg","layer_val":"0","parent_id":"0","gjsonid":"14"}},{"geometry":{"type":"Polygon","coordinates":[[[126.1112,9.8286],[126.1108,9.8225],[126.0923,9.7999],[126.0687,9.8000],[126.0699,9.8267],[126.1112,9.8286]]]},"type":"Feature","id":"bb5daa27a1","properties":{"flclr":"#000000","name":"Mabuhay","level_id":"reg","layer_val":"0","parent_id":"0","gjsonid":"14"}},{"geometry":{"type":"Polygon","coordinates":[[[126.1130,9.8286],[126.0924,9.8486],[126.0816,9.8477],[126.0869,9.8665],[126.0896,9.8612],[126.0971,9.8638],[126.0969,9.8513],[126.1066,9.8530],[126.1063,9.8451],[126.1110,9.8513],[126.1146,9.8502],[126.1182,9.8432],[126.1130,9.8286]]]},"type":"Feature","id":"7fa17d8289","properties":{"flclr":"#000000","name":"Salvacion","level_id":"reg","layer_val":"0","parent_id":"0","gjsonid":"14"}},{"geometry":{"type":"Polygon","coordinates":[[[126.1157,9.8901],[126.1204,9.8760],[126.0971,9.8686],[126.0949,9.8878],[126.1157,9.8901]]]},"type":"Feature","id":"adb34a71fa","properties":{"flclr":"#000000","name":"Consolacion","level_id":"reg","layer_val":"0","parent_id":"0","gjsonid":"14"}},{"geometry":{"type":"Polygon","coordinates":[[[126.1173,9.8730],[126.1170,9.8681],[126.1088,9.8638],[126.1025,9.8629],[126.0971,9.8686],[126.1173,9.8730]]]},"type":"Feature","id":"ba2fbad3e3","properties":{"flclr":"#000000","name":"Pilaring (Pob.)","level_id":"reg","layer_val":"0","parent_id":"0","gjsonid":"14"}},{"geometry":{"type":"Polygon","coordinates":[[[126.1141,9.9205],[126.1111,9.8958],[126.1157,9.8901],[126.0949,9.8878],[126.0890,9.9109],[126.1141,9.9205]]]},"type":"Feature","id":"1ae74545c8","properties":{"flclr":"#000000","name":"Caridad","level_id":"reg","layer_val":"0","parent_id":"0","gjsonid":"14"}},{"geometry":{"type":"Polygon","coordinates":[[[126.0890,9.9109],[126.0928,9.8913],[126.0529,9.8848],[126.0528,9.8905],[126.0658,9.8937],[126.0890,9.9109]]]},"type":"Feature","id":"696e9ab25d","properties":{"flclr":"#000000","name":"Jaboy","level_id":"reg","layer_val":"0","parent_id":"0","gjsonid":"14"}},{"geometry":{"type":"Polygon","coordinates":[[[126.0521,9.8287],[126.0699,9.8267],[126.0687,9.8000],[126.0499,9.8003],[126.0521,9.8287]]]},"type":"Feature","id":"37e40296c4","properties":{"flclr":"#000000","name":"Maasin","level_id":"reg","layer_val":"0","parent_id":"0","gjsonid":"14"}},{"geometry":{"type":"Polygon","coordinates":[[[126.0699,9.8267],[126.0521,9.8287],[126.0519,9.8382],[126.0662,9.8419],[126.0710,9.8394],[126.0699,9.8267]]]},"type":"Feature","id":"2d816c718a","properties":{"flclr":"#000000","name":"Mabini","level_id":"reg","layer_val":"0","parent_id":"0","gjsonid":"14"}},{"geometry":{"type":"Polygon","coordinates":[[[126.0710,9.8394],[126.0816,9.8477],[126.0924,9.8486],[126.1094,9.8355],[126.1112,9.8286],[126.0699,9.8267],[126.0710,9.8394]]]},"type":"Feature","id":"b2f406ed2f","properties":{"flclr":"#000000","name":"Katipunan","level_id":"reg","layer_val":"0","parent_id":"0","gjsonid":"14"}},{"geometry":{"type":"Polygon","coordinates":[[[126.1151,9.7874],[126.1250,9.7965],[126.1390,9.7838],[126.1529,9.7808],[126.1314,9.7714],[126.1274,9.7582],[126.1171,9.7562],[126.1142,9.7571],[126.1189,9.7617],[126.1092,9.7721],[126.1151,9.7874]]]},"type":"Feature","id":"77186eeb90","properties":{"flclr":"#000000","name":"Malinao","level_id":"reg","layer_val":"0","parent_id":"0","gjsonid":"14"}},{"geometry":{"type":"Polygon","coordinates":[[[126.1250,9.7965],[126.1151,9.7874],[126.1144,9.8061],[126.1017,9.8115],[126.1108,9.8225],[126.1302,9.8061],[126.1250,9.7965]]]},"type":"Feature","id":"0f96648aa8","properties":{"flclr":"#000000","name":"Corazon","level_id":"reg","layer_val":"0","parent_id":"0","gjsonid":"14"}},{"geometry":{"type":"Polygon","coordinates":[[[126.0923,9.7999],[126.1017,9.8115],[126.1144,9.8061],[126.1151,9.7874],[126.1092,9.7721],[126.1022,9.7924],[126.0928,9.7915],[126.0923,9.7999]]]},"type":"Feature","id":"ea58ab5023","properties":{"flclr":"#000000","name":"Consuelo","level_id":"reg","layer_val":"0","parent_id":"0","gjsonid":"14"}},{"geometry":{"type":"Polygon","coordinates":[[[125.9876,9.8247],[126.0019,9.8296],[126.0053,9.8404],[126.0175,9.8406],[126.0138,9.8216],[125.9838,9.8229],[125.9876,9.8247]]]},"type":"Feature","id":"f412766398","properties":{"flclr":"#000000","name":"Lobogon","level_id":"reg","layer_val":"0","parent_id":"0","gjsonid":"14"}},{"geometry":{"type":"Polygon","coordinates":[[[126.1429,9.8247],[126.1470,9.8204],[126.1302,9.8061],[126.1245,9.8130],[126.1275,9.8190],[126.1429,9.8247]]]},"type":"Feature","id":"8dc18e73f0","properties":{"flclr":"#000000","name":"Magsaysay","level_id":"reg","layer_val":"0","parent_id":"0","gjsonid":"14"}},{"geometry":{"type":"Polygon","coordinates":[[[126.1465,9.8199],[126.1525,9.8129],[126.1465,9.8061],[126.1367,9.8114],[126.1465,9.8199]]]},"type":"Feature","id":"18aa41ef8a","properties":{"flclr":"#000000","name":"Cabitoonan","level_id":"reg","layer_val":"0","parent_id":"0","gjsonid":"14"}},{"geometry":{"type":"Polygon","coordinates":[[[126.1302,9.8061],[126.1367,9.8114],[126.1465,9.8061],[126.1455,9.8007],[126.1515,9.7975],[126.1548,9.7842],[126.1390,9.7838],[126.1250,9.7965],[126.1302,9.8061]]]},"type":"Feature","id":"075c9e2a5a","properties":{"flclr":"#000000","name":"Tawin-tawin","level_id":"reg","layer_val":"0","parent_id":"0","gjsonid":"14"}},{"geometry":{"type":"Polygon","coordinates":[[[126.0069,9.7818],[126.0392,9.7958],[126.0382,9.7801],[126.0267,9.7695],[126.0069,9.7818]]]},"type":"Feature","id":"a8fc068b82","properties":{"flclr":"#000000","name":"Santa Fe","level_id":"reg","layer_val":"0","parent_id":"0","gjsonid":"14"}},{"geometry":{"type":"Polygon","coordinates":[[[126.0392,9.7958],[126.0021,9.7801],[125.9888,9.7962],[126.0499,9.8003],[126.0392,9.7958]]]},"type":"Feature","id":"dec043c6c2","properties":{"flclr":"#000000","name":"Bitoon","level_id":"reg","layer_val":"0","parent_id":"0","gjsonid":"14"}},{"geometry":{"type":"Polygon","coordinates":[[[126.0499,9.8003],[125.9888,9.7962],[125.9789,9.8090],[126.0337,9.8056],[126.0499,9.8003]]]},"type":"Feature","id":"e0cd76d449","properties":{"flclr":"#000000","name":"Cabugao","level_id":"reg","layer_val":"0","parent_id":"0","gjsonid":"14"}},{"geometry":{"type":"Polygon","coordinates":[[[126.0335,9.8395],[126.0348,9.8635],[126.0522,9.8632],[126.0519,9.8382],[126.0335,9.8395]]]},"type":"Feature","id":"87913067a8","properties":{"flclr":"#000000","name":"Mahayahay","level_id":"reg","layer_val":"0","parent_id":"0","gjsonid":"14"}},{"geometry":{"type":"Polygon","coordinates":[[[126.1465,9.8061],[126.1516,9.8042],[126.1633,9.8138],[126.1688,9.8100],[126.1615,9.8040],[126.1618,9.7959],[126.1455,9.8007],[126.1465,9.8061]]]},"type":"Feature","id":"9211cf3dd6","properties":{"flclr":"#000000","name":"Catangnan","level_id":"reg","layer_val":"0","parent_id":"0","gjsonid":"14"}},{"geometry":{"type":"Polygon","coordinates":[[[126.1130,9.8286],[126.1182,9.8432],[126.1231,9.8371],[126.1259,9.8437],[126.1320,9.8431],[126.1326,9.8209],[126.1245,9.8130],[126.1108,9.8225],[126.1130,9.8286]]]},"type":"Feature","id":"3a3c7c4546","properties":{"flclr":"#000000","name":"Santa Cruz","level_id":"reg","layer_val":"0","parent_id":"0","gjsonid":"14"}},{"geometry":{"type":"Polygon","coordinates":[[[126.1340,9.8342],[126.1320,9.8431],[126.1422,9.8451],[126.1403,9.8356],[126.1340,9.8342]]]},"type":"Feature","id":"8309066fd9","properties":{"flclr":"#000000","name":"Santa Fe","level_id":"reg","layer_val":"0","parent_id":"0","gjsonid":"14"}},{"geometry":{"type":"Polygon","coordinates":[[[126.1340,9.8342],[126.1426,9.8330],[126.1401,9.8209],[126.1326,9.8209],[126.1340,9.8342]]]},"type":"Feature","id":"6ac7c3b400","properties":{"flclr":"#000000","name":"Libertad","level_id":"reg","layer_val":"0","parent_id":"0","gjsonid":"14"}},{"geometry":{"type":"Polygon","coordinates":[[[126.1614,9.7959],[126.1624,9.7875],[126.1566,9.7838],[126.1514,9.7976],[126.1614,9.7959]]]},"type":"Feature","id":"568eeded3a","properties":{"flclr":"#000000","name":"Poblacion V (Purok V)","level_id":"reg","layer_val":"0","parent_id":"0","gjsonid":"14"}},{"geometry":{"type":"Polygon","coordinates":[[[126.0345,9.8580],[126.0335,9.8395],[126.0053,9.8404],[126.0019,9.8296],[125.9899,9.8247],[125.9888,9.8404],[125.9758,9.8552],[125.9883,9.8598],[126.0345,9.8580]]]},"type":"Feature","id":"24cd5d6f58","properties":{"flclr":"#000000","name":"Sayak","level_id":"reg","layer_val":"0","parent_id":"0","gjsonid":"14"}},{"geometry":{"type":"Polygon","coordinates":[[[125.9385,9.9129],[125.9620,9.9100],[125.9430,9.8880],[125.9316,9.8847],[125.9323,9.8933],[125.9311,9.8955],[125.9275,9.8961],[125.9266,9.8819],[125.9204,9.8731],[125.9146,9.8724],[125.9060,9.8815],[125.9066,9.8907],[125.9121,9.8843],[125.9143,9.8840],[125.9128,9.8869],[125.9231,9.8931],[125.9247,9.9035],[125.9317,9.9020],[125.9365,9.9032],[125.9284,9.9078],[125.9356,9.9076],[125.9385,9.9129]]]},"type":"Feature","id":"93d22711c4","properties":{"flclr":"#000000","name":"San Fernando","level_id":"reg","layer_val":"0","parent_id":"0","gjsonid":"14"}},{"geometry":{"type":"Polygon","coordinates":[[[125.9781,9.8193],[125.9741,9.8254],[125.9595,9.8252],[125.9557,9.8337],[125.9486,9.8345],[125.9584,9.8418],[125.9497,9.8408],[125.9503,9.8474],[125.9589,9.8550],[125.9639,9.8544],[125.9785,9.8268],[125.9781,9.8193]]]},"type":"Feature","id":"07f281abeb","properties":{"flclr":"#000000","name":"San Fernando","level_id":"reg","layer_val":"0","parent_id":"0","gjsonid":"14"}},{"geometry":{"type":"Polygon","coordinates":[[[125.9774,9.8197],[125.9832,9.8161],[125.9838,9.8229],[126.0138,9.8216],[126.0217,9.8122],[126.0510,9.8105],[126.0499,9.8003],[126.0337,9.8056],[125.9710,9.8081],[125.9714,9.8198],[125.9774,9.8197]]]},"type":"Feature","id":"0b86b60ad9","properties":{"flclr":"#000000","name":"Antipolo","level_id":"reg","layer_val":"0","parent_id":"0","gjsonid":"14"}},{"geometry":{"type":"Polygon","coordinates":[[[125.9838,9.8229],[125.9832,9.8161],[125.9781,9.8193],[125.9785,9.8268],[125.9640,9.8514],[125.9800,9.8538],[125.9893,9.8380],[125.9882,9.8256],[125.9838,9.8229]]]},"type":"Feature","id":"ce76779ad0","properties":{"flclr":"#000000","name":"Domoyog","level_id":"reg","layer_val":"0","parent_id":"0","gjsonid":"14"}},{"geometry":{"type":"Polygon","coordinates":[[[126.0364,9.9116],[126.0526,9.8980],[125.9680,9.9002],[125.9784,9.9049],[125.9745,9.9053],[125.9845,9.9143],[126.0364,9.9116]]]},"type":"Feature","id":"fc6b2250ed","properties":{"flclr":"#000000","name":"Jamoyaon","level_id":"reg","layer_val":"0","parent_id":"0","gjsonid":"14"}},{"geometry":{"type":"Polygon","coordinates":[[[125.9687,9.8686],[125.9649,9.8699],[125.9603,9.8784],[125.9759,9.8748],[125.9687,9.8686]]]},"type":"Feature","id":"913d3330a1","properties":{"flclr":"#000000","name":"San Jose (Pob.)","level_id":"reg","layer_val":"0","parent_id":"0","gjsonid":"14"}},{"geometry":{"type":"Polygon","coordinates":[[[126.0526,9.8980],[126.0529,9.8848],[126.0180,9.8908],[125.9645,9.8895],[125.9680,9.9002],[126.0526,9.8980]]]},"type":"Feature","id":"63a443aea9","properties":{"flclr":"#000000","name":"Bagakay (Alburo)","level_id":"reg","layer_val":"0","parent_id":"0","gjsonid":"14"}},{"geometry":{"type":"Polygon","coordinates":[[[125.9645,9.8895],[125.9868,9.8901],[125.9868,9.8738],[125.9603,9.8784],[125.9645,9.8895]]]},"type":"Feature","id":"d13221c947","properties":{"flclr":"#000000","name":"Mabuhay","level_id":"reg","layer_val":"0","parent_id":"0","gjsonid":"14"}},{"geometry":{"type":"Polygon","coordinates":[[[126.0345,9.8580],[125.9940,9.8588],[125.9989,9.8695],[126.0348,9.8635],[126.0345,9.8580]]]},"type":"Feature","id":"417850ab45","properties":{"flclr":"#000000","name":"Esperanza","level_id":"reg","layer_val":"0","parent_id":"0","gjsonid":"14"}},{"geometry":{"type":"Polygon","coordinates":[[[125.9687,9.8686],[125.9759,9.8748],[126.0014,9.8732],[125.9935,9.8586],[125.9778,9.8611],[125.9687,9.8686]]]},"type":"Feature","id":"a8abfd27a5","properties":{"flclr":"#000000","name":"Del Carmen (Pob.)","level_id":"reg","layer_val":"0","parent_id":"0","gjsonid":"14"}},{"geometry":{"type":"Polygon","coordinates":[[[126.0521,9.8287],[126.0510,9.8105],[126.0217,9.8122],[126.0138,9.8216],[126.0521,9.8287]]]},"type":"Feature","id":"7d7ce32855","properties":{"flclr":"#000000","name":"Tuboran","level_id":"reg","layer_val":"0","parent_id":"0","gjsonid":"14"}},{"geometry":{"type":"Polygon","coordinates":[[[126.0175,9.8406],[126.0519,9.8382],[126.0521,9.8287],[126.0138,9.8216],[126.0175,9.8406]]]},"type":"Feature","id":"3a7739ddea","properties":{"flclr":"#000000","name":"Quezon","level_id":"reg","layer_val":"0","parent_id":"0","gjsonid":"14"}},{"geometry":{"type":"Polygon","coordinates":[[[126.0525,9.8709],[126.0522,9.8632],[126.0362,9.8632],[125.9989,9.8695],[126.0014,9.8732],[125.9868,9.8738],[125.9867,9.8781],[126.0525,9.8709]]]},"type":"Feature","id":"012d76198a","properties":{"flclr":"#000000","name":"Katipunan","level_id":"reg","layer_val":"0","parent_id":"0","gjsonid":"14"}},{"geometry":{"type":"Polygon","coordinates":[[[126.0529,9.8848],[126.0525,9.8709],[125.9867,9.8781],[125.9868,9.8901],[126.0180,9.8908],[126.0529,9.8848]]]},"type":"Feature","id":"eef7184c04","properties":{"flclr":"#000000","name":"Cancohoy","level_id":"reg","layer_val":"0","parent_id":"0","gjsonid":"14"}},{"geometry":{"type":"Polygon","coordinates":[[[126.0382,9.7801],[126.0392,9.7958],[126.0499,9.8003],[126.0923,9.7999],[126.0931,9.7802],[126.0611,9.7592],[126.0382,9.7801]]]},"type":"Feature","id":"9d9ba84438","properties":{"flclr":"#000000","name":"Osme\u00f1a","level_id":"reg","layer_val":"0","parent_id":"0","gjsonid":"14"}},{"geometry":{"type":"Polygon","coordinates":[[[126.0885,9.9876],[126.0877,9.9828],[126.0975,9.9697],[126.0659,9.9704],[126.0657,9.9857],[126.0885,9.9876]]]},"type":"Feature","id":"1874f66bc2","properties":{"flclr":"#000000","name":"Baybay","level_id":"reg","layer_val":"0","parent_id":"0","gjsonid":"14"}},{"geometry":{"type":"Polygon","coordinates":[[[126.0577,10.0381],[126.0605,10.0354],[126.0716,10.0406],[126.0705,10.0241],[126.0582,10.0217],[126.0577,10.0381]]]},"type":"Feature","id":"bbc4700da2","properties":{"flclr":"#000000","name":"Bitaug","level_id":"reg","layer_val":"0","parent_id":"0","gjsonid":"14"}},{"geometry":{"type":"Polygon","coordinates":[[[126.0767,10.0171],[126.0839,10.0069],[126.0634,10.0020],[126.0610,10.0087],[126.0767,10.0171]]]},"type":"Feature","id":"6cab92fa2a","properties":{"flclr":"#000000","name":"Matin-ao","level_id":"reg","layer_val":"0","parent_id":"0","gjsonid":"14"}},{"geometry":{"type":"Polygon","coordinates":[[[126.0835,10.0065],[126.0885,9.9876],[126.0657,9.9857],[126.0634,10.0020],[126.0835,10.0065]],[[126.0704,9.9879],[126.0725,9.9878],[126.0725,9.9902],[126.0704,9.9896],[126.0704,9.9879]]]},"type":"Feature","id":"1804aa501e","properties":{"flclr":"#000000","name":"San Mateo","level_id":"reg","layer_val":"0","parent_id":"0","gjsonid":"14"}},{"geometry":{"type":"Polygon","coordinates":[[[126.0705,10.0241],[126.0749,10.0193],[126.0593,10.0156],[126.0582,10.0217],[126.0705,10.0241]]]},"type":"Feature","id":"f16f2b6956","properties":{"flclr":"#000000","name":"Poblacion 1","level_id":"reg","layer_val":"0","parent_id":"0","gjsonid":"14"}},{"geometry":{"type":"Polygon","coordinates":[[[126.0749,10.0193],[126.0767,10.0171],[126.0610,10.0087],[126.0593,10.0156],[126.0749,10.0193]]]},"type":"Feature","id":"dc9cc90587","properties":{"flclr":"#000000","name":"Poblacion 2","level_id":"reg","layer_val":"0","parent_id":"0","gjsonid":"14"}}]}