{"type":"FeatureCollection","features":[{"geometry":{"type":"Polygon","coordinates":[[[126.1599,8.9898],[126.1727,8.9940],[126.1802,8.9851],[126.1893,8.9824],[126.1920,8.9687],[126.1661,8.9647],[126.1599,8.9898]]]},"type":"Feature","id":"30ab6b0217","properties":{"flclr":"#000000","name":"Kinabigtasan","level_id":"reg","layer_val":"0","parent_id":"0","gjsonid":"14"}},{"geometry":{"type":"Polygon","coordinates":[[[126.3579,8.3868],[126.3519,8.3911],[126.3577,8.4026],[126.3546,8.4253],[126.3637,8.4249],[126.3728,8.4320],[126.3813,8.4103],[126.3730,8.4059],[126.3702,8.3917],[126.3579,8.3868]]]},"type":"Feature","id":"46ad167987","properties":{"flclr":"#000000","name":"San Juan","level_id":"reg","layer_val":"0","parent_id":"0","gjsonid":"14"}},{"geometry":{"type":"Polygon","coordinates":[[[126.2096,8.5390],[126.1869,8.5470],[126.1854,8.5526],[126.2100,8.5583],[126.2178,8.5549],[126.2096,8.5390]]]},"type":"Feature","id":"79c29cca2a","properties":{"flclr":"#000000","name":"Sua","level_id":"reg","layer_val":"0","parent_id":"0","gjsonid":"14"}},{"geometry":{"type":"Polygon","coordinates":[[[126.0650,9.1267],[126.1589,9.1036],[126.1592,9.1029],[126.1504,9.1003],[126.1426,9.1059],[126.0686,9.1207],[126.0650,9.1267]]]},"type":"Feature","id":"ea7ff56f7d","properties":{"flclr":"#000000","name":"Pangi","level_id":"reg","layer_val":"0","parent_id":"0","gjsonid":"14"}},{"geometry":{"type":"Polygon","coordinates":[[[126.1091,8.9963],[126.0546,9.0857],[126.0764,9.0870],[126.0785,9.0752],[126.0923,9.0630],[126.0904,9.0607],[126.1205,9.0217],[126.1429,9.0014],[126.1300,8.9904],[126.1154,9.0011],[126.1091,8.9963]]]},"type":"Feature","id":"0edafc2ad5","properties":{"flclr":"#000000","name":"Mabuhay","level_id":"reg","layer_val":"0","parent_id":"0","gjsonid":"14"}},{"geometry":{"type":"Polygon","coordinates":[[[126.0546,9.0857],[126.1091,8.9963],[126.1170,8.9755],[126.1183,8.9653],[126.1099,8.9560],[126.1012,8.9547],[126.1017,8.9640],[126.0911,8.9519],[126.0958,8.9429],[126.0931,8.9363],[126.0968,8.9211],[126.0790,8.9480],[126.0395,9.0854],[126.0546,9.0857]]]},"type":"Feature","id":"7a05ae8893","properties":{"flclr":"#000000","name":"Cabangahan","level_id":"reg","layer_val":"0","parent_id":"0","gjsonid":"14"}},{"geometry":{"type":"Polygon","coordinates":[[[126.1411,8.7935],[126.0916,8.7884],[126.0881,8.8542],[126.2257,8.8639],[126.2265,8.8373],[126.2348,8.8319],[126.2369,8.8186],[126.2346,8.8049],[126.1411,8.7935]]]},"type":"Feature","id":"a915fe1319","properties":{"flclr":"#000000","name":"Mahaba","level_id":"reg","layer_val":"0","parent_id":"0","gjsonid":"14"}},{"geometry":{"type":"Polygon","coordinates":[[[126.0916,8.7884],[126.1411,8.7935],[126.1614,8.7338],[126.1777,8.7034],[126.1774,8.6944],[126.1859,8.6895],[126.1834,8.6848],[126.1505,8.6665],[126.1381,8.6783],[126.0916,8.7884]]]},"type":"Feature","id":"4e0261d9a7","properties":{"flclr":"#000000","name":"Manyayay","level_id":"reg","layer_val":"0","parent_id":"0","gjsonid":"14"}},{"geometry":{"type":"Polygon","coordinates":[[[126.0916,8.7884],[126.0732,8.7783],[126.0273,8.8478],[126.0294,8.8597],[126.0386,8.8630],[126.0266,8.8660],[126.0231,8.8772],[126.0316,8.8875],[126.0292,8.8939],[126.0328,8.9031],[126.0395,8.8947],[126.0652,8.9125],[126.0774,8.9036],[126.0600,8.8786],[126.0708,8.8649],[126.0877,8.8642],[126.0916,8.7884]]]},"type":"Feature","id":"edc0742dfe","properties":{"flclr":"#000000","name":"Libas Sud","level_id":"reg","layer_val":"0","parent_id":"0","gjsonid":"14"}},{"geometry":{"type":"Polygon","coordinates":[[[126.0732,8.7783],[126.0916,8.7884],[126.1379,8.6787],[126.1505,8.6665],[126.1416,8.6650],[126.1260,8.6855],[126.1007,8.6986],[126.0640,8.7728],[126.0732,8.7783]]]},"type":"Feature","id":"7cb77158c2","properties":{"flclr":"#000000","name":"Diatagon","level_id":"reg","layer_val":"0","parent_id":"0","gjsonid":"14"}},{"geometry":{"type":"Polygon","coordinates":[[[126.0640,8.7728],[126.1169,8.6677],[126.1233,8.6630],[126.1236,8.6516],[126.1116,8.6480],[126.1145,8.6447],[126.0997,8.6431],[126.0922,8.6482],[126.0911,8.6650],[126.0422,8.7685],[126.0640,8.7728]]]},"type":"Feature","id":"0f3dc27304","properties":{"flclr":"#000000","name":"Ganayon","level_id":"reg","layer_val":"0","parent_id":"0","gjsonid":"14"}},{"geometry":{"type":"Polygon","coordinates":[[[126.3843,8.3979],[126.3887,8.4075],[126.3982,8.3968],[126.3931,8.3922],[126.3843,8.3979]]]},"type":"Feature","id":"d75004cb2c","properties":{"flclr":"#000000","name":"San Juan","level_id":"reg","layer_val":"0","parent_id":"0","gjsonid":"14"}},{"geometry":{"type":"Polygon","coordinates":[[[126.3728,8.4483],[126.3750,8.4497],[126.4008,8.4485],[126.3829,8.4450],[126.3728,8.4483]]]},"type":"Feature","id":"1fa0db387d","properties":{"flclr":"#000000","name":"Port Lamon","level_id":"reg","layer_val":"0","parent_id":"0","gjsonid":"14"}},{"geometry":{"type":"Polygon","coordinates":[[[125.8662,9.0935],[125.9460,9.1896],[125.9669,9.2093],[126.0083,9.1921],[126.0483,9.1943],[126.0662,9.1367],[126.0661,9.1168],[126.0731,9.0894],[126.0546,9.0857],[125.8710,9.0817],[125.8662,9.0935]]]},"type":"Feature","id":"9df40f327c","properties":{"flclr":"#000000","name":"Pakwan","level_id":"reg","layer_val":"0","parent_id":"0","gjsonid":"14"}},{"geometry":{"type":"Polygon","coordinates":[[[125.9460,9.1896],[125.8662,9.0935],[125.8405,9.1396],[125.7755,9.2090],[125.8694,9.2117],[125.8836,9.2076],[125.9086,9.2122],[125.9168,9.2178],[125.9268,9.2078],[125.9284,9.1980],[125.9421,9.1954],[125.9460,9.1896]]]},"type":"Feature","id":"aa9f1fc8ec","properties":{"flclr":"#000000","name":"Hinapoyan","level_id":"reg","layer_val":"0","parent_id":"0","gjsonid":"14"}},{"geometry":{"type":"Polygon","coordinates":[[[126.3394,8.8789],[126.3413,8.8799],[126.3422,8.8775],[126.3411,8.8771],[126.3394,8.8789]]]},"type":"Feature","id":"4ae37bb4f9","properties":{"flclr":"#000000","name":"Aras-Asan","level_id":"reg","layer_val":"0","parent_id":"0","gjsonid":"14"}},{"geometry":{"type":"Polygon","coordinates":[[[125.7455,8.9350],[125.8911,8.9975],[125.8888,8.9625],[125.7902,8.9267],[125.8000,8.8876],[125.7530,8.8932],[125.7412,8.9138],[125.7455,8.9350]]]},"type":"Feature","id":"a08e00e371","properties":{"flclr":"#000000","name":"Banagbanag","level_id":"reg","layer_val":"0","parent_id":"0","gjsonid":"14"}},{"geometry":{"type":"Polygon","coordinates":[[[125.8911,8.9975],[125.7362,8.9318],[125.6917,8.9493],[125.7016,8.9537],[125.6971,8.9561],[125.7007,8.9601],[125.6945,8.9737],[125.7266,8.9566],[125.7426,8.9625],[125.7452,8.9600],[125.7554,8.9673],[125.7724,8.9616],[125.8850,9.0474],[125.8911,8.9975]]]},"type":"Feature","id":"822ce27e5f","properties":{"flclr":"#000000","name":"Perez","level_id":"reg","layer_val":"0","parent_id":"0","gjsonid":"14"}},{"geometry":{"type":"Polygon","coordinates":[[[125.8850,9.0474],[125.8710,9.0817],[126.0395,9.0854],[126.0426,9.0752],[125.9115,9.0373],[125.8882,9.0227],[125.8850,9.0474]]]},"type":"Feature","id":"ab0a2031ba","properties":{"flclr":"#000000","name":"Bitaugan","level_id":"reg","layer_val":"0","parent_id":"0","gjsonid":"14"}},{"geometry":{"type":"Polygon","coordinates":[[[125.8710,9.0817],[125.8850,9.0474],[125.7724,8.9616],[125.7554,8.9673],[125.7452,8.9600],[125.7426,8.9625],[125.7258,8.9573],[125.7375,8.9647],[125.7324,8.9688],[125.7336,8.9791],[125.7549,9.0033],[125.7824,9.1499],[125.7755,9.2090],[125.8405,9.1396],[125.8710,9.0817]]]},"type":"Feature","id":"6135b5ab51","properties":{"flclr":"#000000","name":"Padiay","level_id":"reg","layer_val":"0","parent_id":"0","gjsonid":"14"}},{"geometry":{"type":"Polygon","coordinates":[[[126.1300,8.9904],[126.1373,8.9837],[126.1183,8.9653],[126.1091,8.9963],[126.1154,9.0011],[126.1300,8.9904]]]},"type":"Feature","id":"b58267fe1c","properties":{"flclr":"#000000","name":"Cayale","level_id":"reg","layer_val":"0","parent_id":"0","gjsonid":"14"}},{"geometry":{"type":"Polygon","coordinates":[[[126.2208,8.9781],[126.2117,8.9799],[126.2138,8.9879],[126.2056,8.9952],[126.2274,8.9978],[126.2320,8.9834],[126.2259,8.9751],[126.2208,8.9781]]]},"type":"Feature","id":"444d8033fe","properties":{"flclr":"#000000","name":"Jubang","level_id":"reg","layer_val":"0","parent_id":"0","gjsonid":"14"}},{"geometry":{"type":"Polygon","coordinates":[[[125.9079,8.8566],[125.9115,8.8507],[125.8694,8.7586],[125.8643,8.7527],[125.8548,8.7557],[125.8369,8.7721],[125.8402,8.7870],[125.9079,8.8566]]]},"type":"Feature","id":"60b515075f","properties":{"flclr":"#000000","name":"New Salem","level_id":"reg","layer_val":"0","parent_id":"0","gjsonid":"14"}},{"geometry":{"type":"Polygon","coordinates":[[[125.8988,8.8693],[125.9079,8.8566],[125.8402,8.7870],[125.8339,8.7673],[125.8289,8.7703],[125.8176,8.7808],[125.8381,8.8209],[125.8988,8.8693]]]},"type":"Feature","id":"b4187a492e","properties":{"flclr":"#000000","name":"Mt. Carmel","level_id":"reg","layer_val":"0","parent_id":"0","gjsonid":"14"}},{"geometry":{"type":"Polygon","coordinates":[[[126.2072,9.0605],[126.2197,9.0397],[126.1858,9.0288],[126.1830,9.0332],[126.2036,9.0611],[126.2072,9.0605]]]},"type":"Feature","id":"99128d63ef","properties":{"flclr":"#000000","name":"Rosario","level_id":"reg","layer_val":"0","parent_id":"0","gjsonid":"14"}},{"geometry":{"type":"Polygon","coordinates":[[[126.2016,9.0725],[126.2095,9.0709],[126.2072,9.0605],[126.2036,9.0611],[126.1937,9.0478],[126.1880,9.0508],[126.2016,9.0725]]]},"type":"Feature","id":"682941d285","properties":{"flclr":"#000000","name":"Mabua","level_id":"reg","layer_val":"0","parent_id":"0","gjsonid":"14"}},{"geometry":{"type":"Polygon","coordinates":[[[126.2003,9.0819],[126.2016,9.0725],[126.1998,9.0696],[126.1957,9.0711],[126.2003,9.0819]]]},"type":"Feature","id":"e7ae08aaee","properties":{"flclr":"#000000","name":"Bagong Lungsod (Pob.)","level_id":"reg","layer_val":"0","parent_id":"0","gjsonid":"14"}},{"geometry":{"type":"Polygon","coordinates":[[[126.2003,9.0819],[126.1985,9.0790],[126.1920,9.0821],[126.1971,9.0900],[126.1946,9.0836],[126.1996,9.0872],[126.2003,9.0819]]]},"type":"Feature","id":"2238542510","properties":{"flclr":"#000000","name":"Bongtod Pob. (East West)","level_id":"reg","layer_val":"0","parent_id":"0","gjsonid":"14"}},{"geometry":{"type":"Polygon","coordinates":[[[126.1940,9.0801],[126.1985,9.0790],[126.1961,9.0754],[126.1917,9.0768],[126.1940,9.0801]]]},"type":"Feature","id":"4d13039100","properties":{"flclr":"#000000","name":"Dagocdoc (Pob.)","level_id":"reg","layer_val":"0","parent_id":"0","gjsonid":"14"}},{"geometry":{"type":"Polygon","coordinates":[[[126.1917,9.0768],[126.1961,9.0754],[126.1979,9.0675],[126.1907,9.0555],[126.1843,9.0621],[126.1851,9.0748],[126.1917,9.0768]]]},"type":"Feature","id":"bf2ee37cf3","properties":{"flclr":"#000000","name":"Telaje","level_id":"reg","layer_val":"0","parent_id":"0","gjsonid":"14"}},{"geometry":{"type":"Polygon","coordinates":[[[126.1685,9.0864],[126.1832,9.0784],[126.1939,9.0795],[126.1894,9.0750],[126.1804,9.0749],[126.1689,9.0791],[126.1685,9.0864]]]},"type":"Feature","id":"7fbb0a2dfa","properties":{"flclr":"#000000","name":"San Agustin Sur","level_id":"reg","layer_val":"0","parent_id":"0","gjsonid":"14"}},{"geometry":{"type":"Polygon","coordinates":[[[126.1592,9.1029],[126.1696,9.0858],[126.1677,9.0761],[126.1530,9.1015],[126.1592,9.1029]]]},"type":"Feature","id":"35e4fa8534","properties":{"flclr":"#000000","name":"San Agustin Norte","level_id":"reg","layer_val":"0","parent_id":"0","gjsonid":"14"}},{"geometry":{"type":"Polygon","coordinates":[[[126.1773,9.0766],[126.1851,9.0748],[126.1874,9.0700],[126.1800,9.0573],[126.1745,9.0581],[126.1708,9.0653],[126.1773,9.0766]]]},"type":"Feature","id":"fd80d89220","properties":{"flclr":"#000000","name":"Bioto","level_id":"reg","layer_val":"0","parent_id":"0","gjsonid":"14"}},{"geometry":{"type":"Polygon","coordinates":[[[126.1708,9.0653],[126.1754,9.0598],[126.1708,9.0549],[126.1524,9.0559],[126.1510,9.0646],[126.1708,9.0653]]]},"type":"Feature","id":"40394f0834","properties":{"flclr":"#000000","name":"Quezon","level_id":"reg","layer_val":"0","parent_id":"0","gjsonid":"14"}},{"geometry":{"type":"Polygon","coordinates":[[[126.0701,9.1063],[126.1249,9.0780],[126.1221,9.0671],[126.1264,9.0636],[126.1250,9.0512],[126.1323,9.0512],[126.1421,9.0425],[126.1205,9.0217],[126.0904,9.0607],[126.0923,9.0630],[126.0785,9.0752],[126.0787,9.0822],[126.0694,9.0978],[126.0701,9.1063]]]},"type":"Feature","id":"8c5f5b1761","properties":{"flclr":"#000000","name":"Maitum","level_id":"reg","layer_val":"0","parent_id":"0","gjsonid":"14"}},{"geometry":{"type":"Polygon","coordinates":[[[126.1530,9.1015],[126.1666,9.0767],[126.1680,9.0814],[126.1773,9.0766],[126.1686,9.0638],[126.1678,9.0666],[126.1510,9.0646],[126.1249,9.0780],[126.0701,9.1063],[126.0661,9.1168],[126.0686,9.1207],[126.1530,9.1015]]]},"type":"Feature","id":"221cfd4892","properties":{"flclr":"#000000","name":"Awasian","level_id":"reg","layer_val":"0","parent_id":"0","gjsonid":"14"}},{"geometry":{"type":"Polygon","coordinates":[[[126.1745,9.0581],[126.1806,9.0575],[126.1843,9.0621],[126.1907,9.0555],[126.1880,9.0508],[126.1937,9.0478],[126.1774,9.0310],[126.1689,9.0546],[126.1745,9.0581]]]},"type":"Feature","id":"17f06f0639","properties":{"flclr":"#000000","name":"San Jose","level_id":"reg","layer_val":"0","parent_id":"0","gjsonid":"14"}},{"geometry":{"type":"Polygon","coordinates":[[[126.1573,9.0558],[126.1689,9.0546],[126.1774,9.0310],[126.1655,9.0263],[126.1492,9.0372],[126.1573,9.0558]]]},"type":"Feature","id":"b184000abe","properties":{"flclr":"#000000","name":"San Isidro","level_id":"reg","layer_val":"0","parent_id":"0","gjsonid":"14"}},{"geometry":{"type":"Polygon","coordinates":[[[126.2245,9.0348],[126.2373,9.0214],[126.2357,9.0129],[126.2149,9.0246],[126.2245,9.0348]]]},"type":"Feature","id":"898e314abe","properties":{"flclr":"#000000","name":"Purisima (Pob.)","level_id":"reg","layer_val":"0","parent_id":"0","gjsonid":"14"}},{"geometry":{"type":"Polygon","coordinates":[[[126.2197,9.0397],[126.2245,9.0348],[126.2149,9.0246],[126.1965,9.0279],[126.1960,9.0246],[126.1888,9.0248],[126.1916,9.0304],[126.2197,9.0397]]]},"type":"Feature","id":"0e7b94ba81","properties":{"flclr":"#000000","name":"Victoria","level_id":"reg","layer_val":"0","parent_id":"0","gjsonid":"14"}},{"geometry":{"type":"Polygon","coordinates":[[[126.0911,8.6650],[126.0922,8.6482],[126.0997,8.6431],[126.0965,8.6397],[126.0677,8.6582],[126.0911,8.6650]]]},"type":"Feature","id":"5ff7d91c74","properties":{"flclr":"#000000","name":"Banahao","level_id":"reg","layer_val":"0","parent_id":"0","gjsonid":"14"}},{"geometry":{"type":"Polygon","coordinates":[[[126.1655,9.0263],[126.1830,9.0332],[126.1905,9.0239],[126.1882,9.0118],[126.1758,9.0117],[126.1655,9.0263]]]},"type":"Feature","id":"fd4392f8a2","properties":{"flclr":"#000000","name":"Dayo-an","level_id":"reg","layer_val":"0","parent_id":"0","gjsonid":"14"}},{"geometry":{"type":"Polygon","coordinates":[[[126.1249,9.0780],[126.1510,9.0646],[126.1524,9.0559],[126.1573,9.0558],[126.1492,9.0372],[126.1323,9.0512],[126.1250,9.0512],[126.1264,9.0636],[126.1221,9.0671],[126.1249,9.0780]]]},"type":"Feature","id":"668e348d25","properties":{"flclr":"#000000","name":"Pandanon","level_id":"reg","layer_val":"0","parent_id":"0","gjsonid":"14"}},{"geometry":{"type":"Polygon","coordinates":[[[126.1421,9.0425],[126.1655,9.0263],[126.1429,9.0014],[126.1205,9.0217],[126.1421,9.0425]]]},"type":"Feature","id":"49940d43e5","properties":{"flclr":"#000000","name":"Maticdum","level_id":"reg","layer_val":"0","parent_id":"0","gjsonid":"14"}},{"geometry":{"type":"Polygon","coordinates":[[[126.1535,9.0121],[126.1655,9.0263],[126.1749,9.0124],[126.1859,9.0093],[126.1727,8.9940],[126.1627,8.9991],[126.1535,9.0121]]]},"type":"Feature","id":"0e44b21b90","properties":{"flclr":"#000000","name":"Gamut","level_id":"reg","layer_val":"0","parent_id":"0","gjsonid":"14"}},{"geometry":{"type":"Polygon","coordinates":[[[126.1385,8.9971],[126.1535,9.0121],[126.1627,8.9991],[126.1727,8.9940],[126.1599,8.9898],[126.1385,8.9971]]]},"type":"Feature","id":"827f571be5","properties":{"flclr":"#000000","name":"Cagdapao","level_id":"reg","layer_val":"0","parent_id":"0","gjsonid":"14"}},{"geometry":{"type":"Polygon","coordinates":[[[126.1385,8.9971],[126.1599,8.9898],[126.1665,8.9595],[126.1592,8.9712],[126.1407,8.9719],[126.1451,8.9769],[126.1300,8.9904],[126.1385,8.9971]]]},"type":"Feature","id":"06e9c45523","properties":{"flclr":"#000000","name":"Bajao","level_id":"reg","layer_val":"0","parent_id":"0","gjsonid":"14"}},{"geometry":{"type":"Polygon","coordinates":[[[126.1183,8.9653],[126.1373,8.9837],[126.1456,8.9756],[126.1407,8.9719],[126.1491,8.9738],[126.1538,8.9609],[126.1502,8.9583],[126.1445,8.9665],[126.1282,8.9679],[126.1225,8.9630],[126.1264,8.9540],[126.1110,8.9535],[126.1183,8.9653]]]},"type":"Feature","id":"a8a9863177","properties":{"flclr":"#000000","name":"Alba","level_id":"reg","layer_val":"0","parent_id":"0","gjsonid":"14"}},{"geometry":{"type":"Polygon","coordinates":[[[126.1099,8.9560],[126.1167,8.9517],[126.1138,8.9455],[126.0994,8.9465],[126.0958,8.9429],[126.0911,8.9519],[126.1012,8.9635],[126.1012,8.9547],[126.1099,8.9560]]]},"type":"Feature","id":"e20c036c65","properties":{"flclr":"#000000","name":"Badong","level_id":"reg","layer_val":"0","parent_id":"0","gjsonid":"14"}},{"geometry":{"type":"Polygon","coordinates":[[[126.1838,9.0045],[126.1909,9.0253],[126.1960,9.0246],[126.1965,9.0279],[126.2087,9.0249],[126.2002,8.9934],[126.1941,8.9942],[126.1838,9.0045]]]},"type":"Feature","id":"4413526a13","properties":{"flclr":"#000000","name":"Camagong","level_id":"reg","layer_val":"0","parent_id":"0","gjsonid":"14"}},{"geometry":{"type":"Polygon","coordinates":[[[126.2081,9.0253],[126.2357,9.0129],[126.2296,8.9984],[126.2002,8.9934],[126.2081,9.0253]]]},"type":"Feature","id":"a53313ac0c","properties":{"flclr":"#000000","name":"Mercedes","level_id":"reg","layer_val":"0","parent_id":"0","gjsonid":"14"}},{"geometry":{"type":"Polygon","coordinates":[[[126.1838,9.0045],[126.1941,8.9942],[126.2021,8.9925],[126.1962,8.9787],[126.1802,8.9851],[126.1727,8.9940],[126.1838,9.0045]]]},"type":"Feature","id":"bfba0af007","properties":{"flclr":"#000000","name":"Unaban","level_id":"reg","layer_val":"0","parent_id":"0","gjsonid":"14"}},{"geometry":{"type":"Polygon","coordinates":[[[126.1919,8.9777],[126.1987,8.9822],[126.2002,8.9934],[126.2056,8.9952],[126.2138,8.9879],[126.2117,8.9799],[126.2208,8.9781],[126.2071,8.9539],[126.1931,8.9565],[126.1919,8.9777]]]},"type":"Feature","id":"121ff057f4","properties":{"flclr":"#000000","name":"Unidos","level_id":"reg","layer_val":"0","parent_id":"0","gjsonid":"14"}},{"geometry":{"type":"Polygon","coordinates":[[[126.2208,8.9781],[126.2259,8.9751],[126.2320,8.9834],[126.2445,8.9780],[126.2328,8.9513],[126.2071,8.9539],[126.2208,8.9781]]]},"type":"Feature","id":"e4f3056416","properties":{"flclr":"#000000","name":"Sumo-sumo","level_id":"reg","layer_val":"0","parent_id":"0","gjsonid":"14"}},{"geometry":{"type":"Polygon","coordinates":[[[126.2403,8.9813],[126.2320,8.9834],[126.2274,8.9978],[126.2338,9.0053],[126.2404,8.9982],[126.2394,8.9909],[126.2447,8.9896],[126.2403,8.9813]]]},"type":"Feature","id":"060d388771","properties":{"flclr":"#000000","name":"Umbay","level_id":"reg","layer_val":"0","parent_id":"0","gjsonid":"14"}},{"geometry":{"type":"Polygon","coordinates":[[[126.1921,8.9689],[126.1952,8.9652],[126.1931,8.9565],[126.2161,8.9531],[126.2207,8.9281],[126.2169,8.8630],[126.1816,8.8602],[126.1757,8.9372],[126.1678,8.9528],[126.1724,8.9613],[126.1661,8.9647],[126.1921,8.9689]]]},"type":"Feature","id":"1760284fbd","properties":{"flclr":"#000000","name":"Anahao Daan","level_id":"reg","layer_val":"0","parent_id":"0","gjsonid":"14"}},{"geometry":{"type":"Polygon","coordinates":[[[126.2203,8.7435],[126.2249,8.7440],[126.2259,8.7407],[126.2205,8.7374],[126.2203,8.7435]]]},"type":"Feature","id":"48e3690e2f","properties":{"flclr":"#000000","name":"Poblacion","level_id":"reg","layer_val":"0","parent_id":"0","gjsonid":"14"}},{"geometry":{"type":"Polygon","coordinates":[[[126.2101,8.7654],[126.2153,8.7702],[126.2202,8.7683],[126.2205,8.7374],[126.2085,8.7514],[126.2126,8.7631],[126.2101,8.7654]]]},"type":"Feature","id":"1493cd88b2","properties":{"flclr":"#000000","name":"Kauswagan","level_id":"reg","layer_val":"0","parent_id":"0","gjsonid":"14"}},{"geometry":{"type":"Polygon","coordinates":[[[126.1491,8.9738],[126.1622,8.9690],[126.1649,8.9592],[126.1723,8.9617],[126.1678,8.9528],[126.1757,8.9372],[126.1816,8.8602],[126.1528,8.8584],[126.1538,8.9609],[126.1491,8.9738]]]},"type":"Feature","id":"e3eff88cbb","properties":{"flclr":"#000000","name":"Anahao Bag-o","level_id":"reg","layer_val":"0","parent_id":"0","gjsonid":"14"}},{"geometry":{"type":"Polygon","coordinates":[[[126.1434,8.9303],[126.1450,8.8584],[126.1046,8.8559],[126.0974,8.9138],[126.0901,8.9174],[126.0897,8.9258],[126.0968,8.9211],[126.0952,8.9295],[126.1434,8.9303]]]},"type":"Feature","id":"04948df4e1","properties":{"flclr":"#000000","name":"Layog","level_id":"reg","layer_val":"0","parent_id":"0","gjsonid":"14"}},{"geometry":{"type":"Polygon","coordinates":[[[126.1450,8.8584],[126.1455,8.9443],[126.1443,8.9498],[126.1253,8.9583],[126.1227,8.9642],[126.1282,8.9679],[126.1445,8.9665],[126.1502,8.9583],[126.1538,8.9609],[126.1528,8.8584],[126.1450,8.8584]]]},"type":"Feature","id":"2a91c25c83","properties":{"flclr":"#000000","name":"Bangsud","level_id":"reg","layer_val":"0","parent_id":"0","gjsonid":"14"}},{"geometry":{"type":"Polygon","coordinates":[[[126.1969,8.7698],[126.2126,8.7631],[126.2083,8.7521],[126.2122,8.7412],[126.2005,8.7465],[126.1872,8.7451],[126.1969,8.7698]]]},"type":"Feature","id":"24fc3ef6fb","properties":{"flclr":"#000000","name":"Buhisan","level_id":"reg","layer_val":"0","parent_id":"0","gjsonid":"14"}},{"geometry":{"type":"Polygon","coordinates":[[[126.0958,8.9429],[126.0994,8.9465],[126.1116,8.9441],[126.1260,8.9573],[126.1443,8.9498],[126.1456,8.9432],[126.1434,8.9303],[126.0952,8.9295],[126.0958,8.9429]]]},"type":"Feature","id":"b7f1be9c4a","properties":{"flclr":"#000000","name":"Lindoy","level_id":"reg","layer_val":"0","parent_id":"0","gjsonid":"14"}},{"geometry":{"type":"Polygon","coordinates":[[[126.0900,8.9181],[126.0974,8.9138],[126.1046,8.8559],[126.0881,8.8542],[126.0877,8.8642],[126.0708,8.8649],[126.0600,8.8786],[126.0607,8.8843],[126.0651,8.8837],[126.0771,8.9018],[126.0722,8.9075],[126.0806,8.9162],[126.0799,8.9204],[126.0900,8.9181]]]},"type":"Feature","id":"03ad493057","properties":{"flclr":"#000000","name":"Caras-an","level_id":"reg","layer_val":"0","parent_id":"0","gjsonid":"14"}},{"geometry":{"type":"Polygon","coordinates":[[[126.1249,8.4633],[126.1440,8.4652],[126.1510,8.4405],[126.1323,8.4446],[126.1249,8.4633]]]},"type":"Feature","id":"9e89aff397","properties":{"flclr":"#000000","name":"Sayon","level_id":"reg","layer_val":"0","parent_id":"0","gjsonid":"14"}},{"geometry":{"type":"Polygon","coordinates":[[[126.1440,8.4652],[126.1249,8.4633],[126.0917,8.4544],[126.1321,8.5040],[126.1435,8.4782],[126.1440,8.4652]]]},"type":"Feature","id":"93c8cb57eb","properties":{"flclr":"#000000","name":"Santa Fe","level_id":"reg","layer_val":"0","parent_id":"0","gjsonid":"14"}},{"geometry":{"type":"Polygon","coordinates":[[[126.0917,8.4544],[126.1249,8.4633],[126.1323,8.4446],[126.1197,8.4432],[126.0917,8.4544]]]},"type":"Feature","id":"b6bea33013","properties":{"flclr":"#000000","name":"Batunan","level_id":"reg","layer_val":"0","parent_id":"0","gjsonid":"14"}},{"geometry":{"type":"Polygon","coordinates":[[[126.1323,8.4446],[126.1510,8.4405],[126.1473,8.4186],[126.1542,8.3984],[126.1264,8.4244],[126.1267,8.4367],[126.1197,8.4432],[126.1323,8.4446]]]},"type":"Feature","id":"eca9ed7ce3","properties":{"flclr":"#000000","name":"Manambia","level_id":"reg","layer_val":"0","parent_id":"0","gjsonid":"14"}},{"geometry":{"type":"Polygon","coordinates":[[[126.1542,8.3984],[126.1485,8.4252],[126.1761,8.4275],[126.1939,8.4179],[126.1860,8.3902],[126.1739,8.3890],[126.1688,8.4001],[126.1542,8.3984]]]},"type":"Feature","id":"4e33dc28db","properties":{"flclr":"#000000","name":"Malixi","level_id":"reg","layer_val":"0","parent_id":"0","gjsonid":"14"}},{"geometry":{"type":"Polygon","coordinates":[[[126.1264,8.4244],[126.1542,8.3984],[126.1188,8.3818],[126.1021,8.3996],[126.1264,8.4244]]]},"type":"Feature","id":"3b701fd1a2","properties":{"flclr":"#000000","name":"Maglatab","level_id":"reg","layer_val":"0","parent_id":"0","gjsonid":"14"}},{"geometry":{"type":"Polygon","coordinates":[[[126.1197,8.4432],[126.1267,8.4367],[126.1264,8.4244],[126.0928,8.4304],[126.0688,8.4257],[126.0639,8.4291],[126.0739,8.4447],[126.0917,8.4544],[126.1197,8.4432]]]},"type":"Feature","id":"8efd7e1f3e","properties":{"flclr":"#000000","name":"Soriano","level_id":"reg","layer_val":"0","parent_id":"0","gjsonid":"14"}},{"geometry":{"type":"Polygon","coordinates":[[[126.2056,8.4340],[126.1978,8.4436],[126.1994,8.4516],[126.2106,8.4649],[126.2212,8.4578],[126.2324,8.4622],[126.2339,8.4509],[126.2056,8.4340]]]},"type":"Feature","id":"f786811634","properties":{"flclr":"#000000","name":"Lago","level_id":"reg","layer_val":"0","parent_id":"0","gjsonid":"14"}},{"geometry":{"type":"Polygon","coordinates":[[[126.1978,8.4436],[126.2111,8.4237],[126.1887,8.4178],[126.1882,8.4233],[126.1826,8.4244],[126.1777,8.4438],[126.1978,8.4436]]]},"type":"Feature","id":"be43fdf543","properties":{"flclr":"#000000","name":"Maglambing","level_id":"reg","layer_val":"0","parent_id":"0","gjsonid":"14"}},{"geometry":{"type":"Polygon","coordinates":[[[126.2129,8.7439],[126.2205,8.7374],[126.2136,8.7311],[126.2120,8.7213],[126.1614,8.7338],[126.1475,8.7736],[126.1874,8.7775],[126.1969,8.7698],[126.1872,8.7451],[126.2005,8.7465],[126.2122,8.7412],[126.2129,8.7439]]]},"type":"Feature","id":"b05cea91d0","properties":{"flclr":"#000000","name":"Buatong","level_id":"reg","layer_val":"0","parent_id":"0","gjsonid":"14"}},{"geometry":{"type":"Polygon","coordinates":[[[126.1994,8.4516],[126.1978,8.4436],[126.1777,8.4438],[126.1826,8.4244],[126.1731,8.4276],[126.1655,8.4245],[126.1604,8.4285],[126.1576,8.4240],[126.1485,8.4252],[126.1510,8.4405],[126.1435,8.4782],[126.1586,8.4793],[126.1769,8.4718],[126.1994,8.4516]]]},"type":"Feature","id":"badda918a7","properties":{"flclr":"#000000","name":"Poblacion","level_id":"reg","layer_val":"0","parent_id":"0","gjsonid":"14"}},{"geometry":{"type":"Polygon","coordinates":[[[126.1774,8.4709],[126.1586,8.4793],[126.1508,8.5107],[126.1841,8.5087],[126.1980,8.4747],[126.1774,8.4709]]]},"type":"Feature","id":"d00c5d5d85","properties":{"flclr":"#000000","name":"Magsaysay","level_id":"reg","layer_val":"0","parent_id":"0","gjsonid":"14"}},{"geometry":{"type":"Polygon","coordinates":[[[126.1508,8.5107],[126.1586,8.4793],[126.1435,8.4782],[126.1321,8.5040],[126.1508,8.5107]]]},"type":"Feature","id":"a392d79e02","properties":{"flclr":"#000000","name":"Quezon","level_id":"reg","layer_val":"0","parent_id":"0","gjsonid":"14"}},{"geometry":{"type":"Polygon","coordinates":[[[126.1980,8.4747],[126.1977,8.4759],[126.1841,8.5087],[126.2117,8.5047],[126.2324,8.4622],[126.2212,8.4578],[126.1980,8.4747]]]},"type":"Feature","id":"53f53b934b","properties":{"flclr":"#000000","name":"Osme\u00f1a","level_id":"reg","layer_val":"0","parent_id":"0","gjsonid":"14"}},{"geometry":{"type":"Polygon","coordinates":[[[126.1774,8.4709],[126.1980,8.4747],[126.2106,8.4649],[126.1994,8.4516],[126.1774,8.4709]]]},"type":"Feature","id":"b4d462368e","properties":{"flclr":"#000000","name":"Trinidad","level_id":"reg","layer_val":"0","parent_id":"0","gjsonid":"14"}},{"geometry":{"type":"Polygon","coordinates":[[[126.2101,8.4227],[126.2056,8.4340],[126.2339,8.4509],[126.2418,8.4424],[126.2654,8.4362],[126.2402,8.4163],[126.2445,8.4023],[126.2184,8.4140],[126.2101,8.4227]]]},"type":"Feature","id":"4319cc6c26","properties":{"flclr":"#000000","name":"Carpenito","level_id":"reg","layer_val":"0","parent_id":"0","gjsonid":"14"}},{"geometry":{"type":"Polygon","coordinates":[[[126.2654,8.4362],[126.2418,8.4424],[126.2258,8.4708],[126.2458,8.4715],[126.2757,8.4847],[126.2770,8.4519],[126.2654,8.4362]]]},"type":"Feature","id":"363db9dfaa","properties":{"flclr":"#000000","name":"Kahayagan","level_id":"reg","layer_val":"0","parent_id":"0","gjsonid":"14"}},{"geometry":{"type":"Polygon","coordinates":[[[126.1939,8.4179],[126.2101,8.4227],[126.2184,8.4140],[126.2445,8.4023],[126.2349,8.3839],[126.1860,8.3902],[126.1939,8.4179]]]},"type":"Feature","id":"cbc0091c06","properties":{"flclr":"#000000","name":"Tagongon","level_id":"reg","layer_val":"0","parent_id":"0","gjsonid":"14"}},{"geometry":{"type":"Polygon","coordinates":[[[126.2120,8.7213],[126.2142,8.7108],[126.2263,8.7089],[126.1932,8.7016],[126.1903,8.7285],[126.2120,8.7213]]]},"type":"Feature","id":"7a0e974cbd","properties":{"flclr":"#000000","name":"Salvacion","level_id":"reg","layer_val":"0","parent_id":"0","gjsonid":"14"}},{"geometry":{"type":"Polygon","coordinates":[[[126.1947,8.6953],[126.1859,8.6895],[126.1774,8.6944],[126.1777,8.7034],[126.1614,8.7338],[126.1903,8.7285],[126.1947,8.6953]]]},"type":"Feature","id":"0988624927","properties":{"flclr":"#000000","name":"Gata","level_id":"reg","layer_val":"0","parent_id":"0","gjsonid":"14"}},{"geometry":{"type":"Polygon","coordinates":[[[126.1932,8.7016],[126.2263,8.7089],[126.2332,8.7031],[126.2458,8.7019],[126.2486,8.6963],[126.2456,8.6910],[126.2226,8.6880],[126.2265,8.6835],[126.2202,8.6825],[126.1947,8.6953],[126.1932,8.7016]]]},"type":"Feature","id":"1435daaa17","properties":{"flclr":"#000000","name":"Bretania","level_id":"reg","layer_val":"0","parent_id":"0","gjsonid":"14"}},{"geometry":{"type":"Polygon","coordinates":[[[126.0567,8.9329],[126.0514,8.9198],[126.0467,8.9190],[126.0414,8.9348],[126.0291,8.9412],[126.0209,8.9679],[126.0230,8.9743],[126.0183,8.9766],[126.0193,8.9816],[126.0142,8.9824],[126.0105,8.9934],[126.0123,9.0018],[126.0186,9.0013],[126.0202,9.0060],[126.0183,9.0292],[126.0369,9.0326],[126.0498,8.9571],[126.0454,8.9375],[126.0567,8.9329]]]},"type":"Feature","id":"8a5e122465","properties":{"flclr":"#000000","name":"Tina","level_id":"reg","layer_val":"0","parent_id":"0","gjsonid":"14"}},{"geometry":{"type":"Polygon","coordinates":[[[126.0061,8.9228],[125.9919,8.9057],[125.9746,8.9348],[125.9916,8.9509],[126.0061,8.9228]]]},"type":"Feature","id":"0fcbd146d3","properties":{"flclr":"#000000","name":"Mahayag (Maitum)","level_id":"reg","layer_val":"0","parent_id":"0","gjsonid":"14"}},{"geometry":{"type":"Polygon","coordinates":[[[126.0453,8.9200],[126.0514,8.9198],[126.0607,8.9366],[126.0642,8.9245],[126.0710,8.9347],[126.0722,8.9260],[126.0806,8.9162],[126.0744,8.9090],[126.0639,8.9121],[126.0395,8.8947],[126.0349,8.9034],[126.0313,8.9016],[126.0223,8.9082],[126.0453,8.9200]]]},"type":"Feature","id":"2c2fcab88f","properties":{"flclr":"#000000","name":"Baras","level_id":"reg","layer_val":"0","parent_id":"0","gjsonid":"14"}},{"geometry":{"type":"Polygon","coordinates":[[[126.0799,8.9204],[126.0715,8.9276],[126.0742,8.9372],[126.0471,9.0344],[126.0523,9.0352],[126.0790,8.9480],[126.0905,8.9266],[126.0912,8.9188],[126.0799,8.9204]]]},"type":"Feature","id":"d5634f2589","properties":{"flclr":"#000000","name":"Libas Gua","level_id":"reg","layer_val":"0","parent_id":"0","gjsonid":"14"}},{"geometry":{"type":"Polygon","coordinates":[[[126.3032,8.8217],[126.3001,8.8158],[126.2721,8.8309],[126.2834,8.8606],[126.3020,8.8471],[126.3032,8.8217]]]},"type":"Feature","id":"666b4c2903","properties":{"flclr":"#000000","name":"Mararag","level_id":"reg","layer_val":"0","parent_id":"0","gjsonid":"14"}},{"geometry":{"type":"Polygon","coordinates":[[[126.3011,8.8156],[126.3032,8.8217],[126.3274,8.8231],[126.3155,8.8101],[126.3018,8.8119],[126.3011,8.8156]]]},"type":"Feature","id":"ddfae67470","properties":{"flclr":"#000000","name":"Alegria","level_id":"reg","layer_val":"0","parent_id":"0","gjsonid":"14"}},{"geometry":{"type":"Polygon","coordinates":[[[126.0274,8.9118],[126.0174,8.9104],[126.0154,8.9135],[126.0265,8.9418],[126.0407,8.9357],[126.0475,8.9247],[126.0389,8.9143],[126.0274,8.9118]]]},"type":"Feature","id":"eef6a08207","properties":{"flclr":"#000000","name":"Poblacion","level_id":"reg","layer_val":"0","parent_id":"0","gjsonid":"14"}},{"geometry":{"type":"Polygon","coordinates":[[[126.0154,8.9135],[126.0174,8.9104],[126.0265,8.9128],[126.0223,8.9082],[126.0327,8.9003],[126.0292,8.8939],[126.0316,8.8875],[126.0231,8.8772],[126.0266,8.8660],[126.0386,8.8630],[126.0294,8.8597],[126.0263,8.8500],[126.0732,8.7783],[126.0640,8.7728],[126.0568,8.7713],[126.0260,8.8194],[125.9907,8.8616],[125.9938,8.8919],[125.9846,8.8973],[126.0061,8.9228],[126.0154,8.9135]]]},"type":"Feature","id":"273d34cc37","properties":{"flclr":"#000000","name":"San Roque","level_id":"reg","layer_val":"0","parent_id":"0","gjsonid":"14"}},{"geometry":{"type":"Polygon","coordinates":[[[125.9987,8.7505],[126.0422,8.7685],[126.0911,8.6650],[126.0677,8.6582],[126.0509,8.6746],[125.9987,8.7505]]]},"type":"Feature","id":"d23859d624","properties":{"flclr":"#000000","name":"San Isidro","level_id":"reg","layer_val":"0","parent_id":"0","gjsonid":"14"}},{"geometry":{"type":"Polygon","coordinates":[[[125.9919,8.9057],[125.9824,8.8918],[125.8967,8.8829],[125.8924,8.9138],[125.9769,8.9286],[125.9919,8.9057]]]},"type":"Feature","id":"6eef884cc2","properties":{"flclr":"#000000","name":"Castillo","level_id":"reg","layer_val":"0","parent_id":"0","gjsonid":"14"}},{"geometry":{"type":"Polygon","coordinates":[[[126.0200,8.9801],[126.0183,8.9766],[126.0230,8.9743],[126.0209,8.9679],[126.0304,8.9400],[126.0198,8.9478],[126.0139,8.9426],[126.0057,8.9492],[125.9963,8.9502],[125.9842,8.9618],[125.9825,8.9701],[126.0200,8.9801]]]},"type":"Feature","id":"b594d59201","properties":{"flclr":"#000000","name":"Siagao","level_id":"reg","layer_val":"0","parent_id":"0","gjsonid":"14"}},{"geometry":{"type":"Polygon","coordinates":[[[126.0422,8.7685],[125.9703,8.7398],[125.9493,8.8141],[125.9115,8.8507],[125.8988,8.8693],[125.8967,8.8829],[125.9824,8.8918],[125.9846,8.8973],[125.9927,8.8938],[125.9948,8.8800],[125.9907,8.8616],[126.0260,8.8194],[126.0568,8.7713],[126.0422,8.7685]]]},"type":"Feature","id":"5d44c38988","properties":{"flclr":"#000000","name":"Bolhoon","level_id":"reg","layer_val":"0","parent_id":"0","gjsonid":"14"}},{"geometry":{"type":"Polygon","coordinates":[[[125.9493,8.8141],[125.9618,8.7694],[125.9086,8.6745],[125.8800,8.6933],[125.8682,8.6962],[125.8804,8.7156],[125.8765,8.7193],[125.8883,8.7239],[125.9493,8.8141]]]},"type":"Feature","id":"883fd3d5fb","properties":{"flclr":"#000000","name":"La Purisima","level_id":"reg","layer_val":"0","parent_id":"0","gjsonid":"14"}},{"geometry":{"type":"Polygon","coordinates":[[[125.9321,8.8331],[125.9493,8.8141],[125.8883,8.7239],[125.8765,8.7193],[125.8804,8.7156],[125.8644,8.6888],[125.8555,8.6618],[125.8563,8.6505],[125.8499,8.6467],[125.8261,8.6639],[125.8333,8.6921],[125.8877,8.7487],[125.9321,8.8331]]]},"type":"Feature","id":"4403ff5aa0","properties":{"flclr":"#000000","name":"San Jose","level_id":"reg","layer_val":"0","parent_id":"0","gjsonid":"14"}},{"geometry":{"type":"Polygon","coordinates":[[[125.9115,8.8507],[125.9321,8.8331],[125.8877,8.7487],[125.8525,8.7133],[125.8472,8.7236],[125.8513,8.7339],[125.8694,8.7586],[125.9115,8.8507]]]},"type":"Feature","id":"29fddc8ca8","properties":{"flclr":"#000000","name":"Villa Undayon","level_id":"reg","layer_val":"0","parent_id":"0","gjsonid":"14"}},{"geometry":{"type":"Polygon","coordinates":[[[126.0265,8.9418],[126.0153,8.9134],[125.9976,8.9344],[125.9901,8.9540],[126.0139,8.9426],[126.0198,8.9478],[126.0265,8.9418]]]},"type":"Feature","id":"7501cdd526","properties":{"flclr":"#000000","name":"Patong","level_id":"reg","layer_val":"0","parent_id":"0","gjsonid":"14"}},{"geometry":{"type":"Polygon","coordinates":[[[125.9825,8.9701],[125.9488,8.9474],[125.9302,8.9762],[125.9528,8.9832],[125.9496,8.9887],[125.9563,8.9861],[125.9616,8.9907],[125.9695,8.9817],[125.9690,8.9733],[125.9772,8.9747],[125.9825,8.9701]]]},"type":"Feature","id":"dbb940d14f","properties":{"flclr":"#000000","name":"Carromata","level_id":"reg","layer_val":"0","parent_id":"0","gjsonid":"14"}},{"geometry":{"type":"Polygon","coordinates":[[[126.0426,9.0752],[126.0523,9.0352],[125.9838,9.0228],[125.8896,8.9819],[125.8882,9.0227],[125.9115,9.0373],[126.0426,9.0752]]]},"type":"Feature","id":"9307e9d9bc","properties":{"flclr":"#000000","name":"Bagyang","level_id":"reg","layer_val":"0","parent_id":"0","gjsonid":"14"}},{"geometry":{"type":"Polygon","coordinates":[[[126.2400,8.7607],[126.2391,8.7522],[126.2286,8.7513],[126.2265,8.7657],[126.2400,8.7607]]]},"type":"Feature","id":"4bee309605","properties":{"flclr":"#000000","name":"Hornasan","level_id":"reg","layer_val":"0","parent_id":"0","gjsonid":"14"}},{"geometry":{"type":"Polygon","coordinates":[[[126.2265,8.7657],[126.2286,8.7513],[126.2424,8.7497],[126.2403,8.7388],[126.2329,8.7377],[126.2203,8.7435],[126.2202,8.7683],[126.2265,8.7657]]]},"type":"Feature","id":"dcc2faf647","properties":{"flclr":"#000000","name":"Oteiza","level_id":"reg","layer_val":"0","parent_id":"0","gjsonid":"14"}},{"geometry":{"type":"Polygon","coordinates":[[[126.0965,8.6397],[126.0928,8.6366],[126.0721,8.6399],[126.0677,8.6582],[126.0965,8.6397]]]},"type":"Feature","id":"6231dd9785","properties":{"flclr":"#000000","name":"Ban-as","level_id":"reg","layer_val":"0","parent_id":"0","gjsonid":"14"}},{"geometry":{"type":"Polygon","coordinates":[[[126.0369,9.0326],[126.0471,9.0344],[126.0742,8.9372],[126.0676,8.9330],[126.0654,8.9246],[126.0607,8.9366],[126.0567,8.9329],[126.0454,8.9375],[126.0498,8.9571],[126.0369,9.0326]]]},"type":"Feature","id":"f22347a2b1","properties":{"flclr":"#000000","name":"Magroyong","level_id":"reg","layer_val":"0","parent_id":"0","gjsonid":"14"}},{"geometry":{"type":"Polygon","coordinates":[[[125.9488,8.9474],[125.9830,8.9684],[125.9916,8.9509],[125.9746,8.9348],[125.9763,8.9286],[125.9475,8.9236],[125.9488,8.9474]]]},"type":"Feature","id":"638096f8ea","properties":{"flclr":"#000000","name":"Sagbayan","level_id":"reg","layer_val":"0","parent_id":"0","gjsonid":"14"}},{"geometry":{"type":"Polygon","coordinates":[[[125.9307,8.9735],[125.9488,8.9474],[125.9475,8.9236],[125.8924,8.9138],[125.8890,8.9645],[125.9307,8.9735]]]},"type":"Feature","id":"94f00f0a51","properties":{"flclr":"#000000","name":"Umalag","level_id":"reg","layer_val":"0","parent_id":"0","gjsonid":"14"}},{"geometry":{"type":"Polygon","coordinates":[[[126.2524,8.7636],[126.2406,8.7619],[126.2317,8.7693],[126.2377,8.7856],[126.2524,8.7636]]]},"type":"Feature","id":"d553b54c52","properties":{"flclr":"#000000","name":"Pongtod","level_id":"reg","layer_val":"0","parent_id":"0","gjsonid":"14"}},{"geometry":{"type":"Polygon","coordinates":[[[126.2317,8.7693],[126.2186,8.7742],[126.2273,8.7975],[126.2377,8.7856],[126.2317,8.7693]]]},"type":"Feature","id":"0ee232df30","properties":{"flclr":"#000000","name":"Pong-on","level_id":"reg","layer_val":"0","parent_id":"0","gjsonid":"14"}},{"geometry":{"type":"Polygon","coordinates":[[[126.2186,8.7742],[126.2336,8.7703],[126.2400,8.7607],[126.2153,8.7702],[126.2186,8.7742]]]},"type":"Feature","id":"a493a7ceb2","properties":{"flclr":"#000000","name":"Santo Ni\u00f1o","level_id":"reg","layer_val":"0","parent_id":"0","gjsonid":"14"}},{"geometry":{"type":"Polygon","coordinates":[[[126.2186,8.7742],[126.2101,8.7654],[126.1874,8.7775],[126.1475,8.7736],[126.1411,8.7935],[126.2240,8.8021],[126.2273,8.7975],[126.2186,8.7742]]]},"type":"Feature","id":"f399bc49f9","properties":{"flclr":"#000000","name":"Janipaan","level_id":"reg","layer_val":"0","parent_id":"0","gjsonid":"14"}},{"geometry":{"type":"Polygon","coordinates":[[[126.3252,8.8353],[126.3209,8.8347],[126.3292,8.8290],[126.3296,8.8234],[126.3032,8.8217],[126.3020,8.8471],[126.3143,8.8532],[126.3252,8.8353]]]},"type":"Feature","id":"312298d648","properties":{"flclr":"#000000","name":"Santa Cruz","level_id":"reg","layer_val":"0","parent_id":"0","gjsonid":"14"}},{"geometry":{"type":"Polygon","coordinates":[[[126.3303,8.8550],[126.3372,8.8421],[126.3252,8.8353],[126.3143,8.8532],[126.3303,8.8550]]]},"type":"Feature","id":"77cc91a5c8","properties":{"flclr":"#000000","name":"San Antonio","level_id":"reg","layer_val":"0","parent_id":"0","gjsonid":"14"}},{"geometry":{"type":"Polygon","coordinates":[[[126.2834,8.8606],[126.2721,8.8309],[126.2654,8.8273],[126.2502,8.8326],[126.2348,8.8319],[126.2265,8.8373],[126.2257,8.8639],[126.2694,8.8688],[126.2834,8.8606]]]},"type":"Feature","id":"36cbb22486","properties":{"flclr":"#000000","name":"San Pedro","level_id":"reg","layer_val":"0","parent_id":"0","gjsonid":"14"}},{"geometry":{"type":"Polygon","coordinates":[[[126.2654,8.8273],[126.2721,8.8309],[126.3000,8.8171],[126.3000,8.8074],[126.2896,8.8085],[126.2884,8.7988],[126.2602,8.8025],[126.2654,8.8273]]]},"type":"Feature","id":"350545e99a","properties":{"flclr":"#000000","name":"Bayan","level_id":"reg","layer_val":"0","parent_id":"0","gjsonid":"14"}},{"geometry":{"type":"Polygon","coordinates":[[[126.3014,8.8124],[126.3070,8.8118],[126.3067,8.8057],[126.3118,8.8032],[126.3025,8.8009],[126.3079,8.7948],[126.2992,8.7909],[126.2884,8.7988],[126.2882,8.8053],[126.2906,8.8090],[126.3000,8.8074],[126.2979,8.8100],[126.3014,8.8124]]]},"type":"Feature","id":"c6623b2394","properties":{"flclr":"#000000","name":"Poblacion","level_id":"reg","layer_val":"0","parent_id":"0","gjsonid":"14"}},{"geometry":{"type":"Polygon","coordinates":[[[126.2655,8.7657],[126.2577,8.7593],[126.2537,8.7611],[126.2240,8.8021],[126.2346,8.8049],[126.2442,8.7989],[126.2603,8.7973],[126.2655,8.7657]]]},"type":"Feature","id":"036d802e58","properties":{"flclr":"#000000","name":"Amontay","level_id":"reg","layer_val":"0","parent_id":"0","gjsonid":"14"}},{"geometry":{"type":"Polygon","coordinates":[[[126.2970,8.7727],[126.2917,8.7686],[126.2700,8.7712],[126.2655,8.7657],[126.2604,8.7901],[126.2850,8.7903],[126.2970,8.7727]]]},"type":"Feature","id":"a5f74593ee","properties":{"flclr":"#000000","name":"Antipolo","level_id":"reg","layer_val":"0","parent_id":"0","gjsonid":"14"}},{"geometry":{"type":"Polygon","coordinates":[[[126.3043,8.7912],[126.3118,8.7891],[126.2975,8.7804],[126.2970,8.7727],[126.2850,8.7903],[126.2604,8.7901],[126.2602,8.8025],[126.2884,8.7988],[126.3043,8.7912]]]},"type":"Feature","id":"508df36ac0","properties":{"flclr":"#000000","name":"Arorogan","level_id":"reg","layer_val":"0","parent_id":"0","gjsonid":"14"}},{"geometry":{"type":"Polygon","coordinates":[[[126.2602,8.8025],[126.2603,8.7973],[126.2442,8.7989],[126.2346,8.8049],[126.2348,8.8319],[126.2502,8.8326],[126.2654,8.8273],[126.2602,8.8025]]]},"type":"Feature","id":"a3f56649d7","properties":{"flclr":"#000000","name":"San Isidro","level_id":"reg","layer_val":"0","parent_id":"0","gjsonid":"14"}},{"geometry":{"type":"Polygon","coordinates":[[[126.1416,8.6650],[126.1337,8.6531],[126.1236,8.6516],[126.1233,8.6630],[126.1169,8.6677],[126.1007,8.6986],[126.1260,8.6855],[126.1416,8.6650]]]},"type":"Feature","id":"8369e5f1ef","properties":{"flclr":"#000000","name":"Saint Christine","level_id":"reg","layer_val":"0","parent_id":"0","gjsonid":"14"}},{"geometry":{"type":"Polygon","coordinates":[[[126.0721,8.6399],[126.0928,8.6366],[126.0966,8.6398],[126.1022,8.6329],[126.0986,8.6305],[126.1017,8.6224],[126.0978,8.6193],[126.0724,8.6303],[126.0721,8.6399]]]},"type":"Feature","id":"66f7fecd39","properties":{"flclr":"#000000","name":"Poblacion","level_id":"reg","layer_val":"0","parent_id":"0","gjsonid":"14"}},{"geometry":{"type":"Polygon","coordinates":[[[126.0677,8.6582],[126.0726,8.6316],[126.0666,8.6233],[126.0692,8.6052],[126.0403,8.5992],[126.0002,8.5998],[126.0074,8.6025],[126.0347,8.6334],[125.9703,8.7398],[125.9987,8.7505],[126.0509,8.6746],[126.0677,8.6582]]]},"type":"Feature","id":"1cb672c607","properties":{"flclr":"#000000","name":"San Pedro","level_id":"reg","layer_val":"0","parent_id":"0","gjsonid":"14"}},{"geometry":{"type":"Polygon","coordinates":[[[126.0403,8.5992],[126.0692,8.6052],[126.0857,8.6133],[126.1053,8.5992],[126.0600,8.5781],[126.0403,8.5992]]]},"type":"Feature","id":"7bf217e27a","properties":{"flclr":"#000000","name":"Baucawe","level_id":"reg","layer_val":"0","parent_id":"0","gjsonid":"14"}},{"geometry":{"type":"Polygon","coordinates":[[[126.1053,8.5992],[126.1215,8.5891],[126.1089,8.5781],[126.0900,8.5698],[126.0600,8.5781],[126.1053,8.5992]]]},"type":"Feature","id":"f294b0f6af","properties":{"flclr":"#000000","name":"Anibongan","level_id":"reg","layer_val":"0","parent_id":"0","gjsonid":"14"}},{"geometry":{"type":"Polygon","coordinates":[[[126.1215,8.5891],[126.1350,8.5871],[126.1406,8.5755],[126.1140,8.5636],[126.0900,8.5698],[126.1089,8.5781],[126.1215,8.5891]]]},"type":"Feature","id":"7a3ad4c37b","properties":{"flclr":"#000000","name":"Liatimco","level_id":"reg","layer_val":"0","parent_id":"0","gjsonid":"14"}},{"geometry":{"type":"Polygon","coordinates":[[[126.0978,8.6193],[126.0800,8.6132],[126.0692,8.6052],[126.0666,8.6233],[126.0724,8.6303],[126.0978,8.6193]]]},"type":"Feature","id":"48a29d6167","properties":{"flclr":"#000000","name":"Payasan","level_id":"reg","layer_val":"0","parent_id":"0","gjsonid":"14"}},{"geometry":{"type":"Polygon","coordinates":[[[126.3485,8.4294],[126.3585,8.4153],[126.3570,8.3975],[126.3519,8.3911],[126.3597,8.3857],[126.3557,8.3781],[126.3343,8.3782],[126.3321,8.3873],[126.3373,8.3865],[126.3290,8.3963],[126.3413,8.3960],[126.3355,8.4338],[126.3485,8.4294]]]},"type":"Feature","id":"0557b8ccaa","properties":{"flclr":"#000000","name":"Tiwi","level_id":"reg","layer_val":"0","parent_id":"0","gjsonid":"14"}},{"geometry":{"type":"Polygon","coordinates":[[[126.3893,8.4904],[126.3843,8.4826],[126.3909,8.4788],[126.3739,8.4788],[126.3736,8.4903],[126.3893,8.4904]]]},"type":"Feature","id":"4c2818139d","properties":{"flclr":"#000000","name":"Campa","level_id":"reg","layer_val":"0","parent_id":"0","gjsonid":"14"}},{"geometry":{"type":"Polygon","coordinates":[[[126.2445,8.4023],[126.2402,8.4163],[126.2654,8.4362],[126.2762,8.4146],[126.2925,8.4095],[126.2839,8.4016],[126.2445,8.4023]]]},"type":"Feature","id":"30e615559e","properties":{"flclr":"#000000","name":"Roxas","level_id":"reg","layer_val":"0","parent_id":"0","gjsonid":"14"}},{"geometry":{"type":"Polygon","coordinates":[[[126.3485,8.4294],[126.3077,8.4492],[126.2761,8.4740],[126.3102,8.4748],[126.3353,8.4578],[126.3600,8.4572],[126.3545,8.4455],[126.3572,8.4423],[126.3485,8.4294]]]},"type":"Feature","id":"68b32a8378","properties":{"flclr":"#000000","name":"Talisay","level_id":"reg","layer_val":"0","parent_id":"0","gjsonid":"14"}},{"geometry":{"type":"Polygon","coordinates":[[[126.3077,8.4492],[126.3355,8.4338],[126.3413,8.3960],[126.3290,8.3963],[126.3256,8.4013],[126.3119,8.4024],[126.2935,8.4127],[126.3108,8.4383],[126.3053,8.4461],[126.3077,8.4492]]]},"type":"Feature","id":"565e4fc2cf","properties":{"flclr":"#000000","name":"Dugmanon","level_id":"reg","layer_val":"0","parent_id":"0","gjsonid":"14"}},{"geometry":{"type":"Polygon","coordinates":[[[126.2925,8.4095],[126.2762,8.4146],[126.2654,8.4362],[126.2770,8.4519],[126.2761,8.4740],[126.3077,8.4492],[126.3058,8.4444],[126.3112,8.4396],[126.2925,8.4095]]]},"type":"Feature","id":"6810ae6964","properties":{"flclr":"#000000","name":"Pocto","level_id":"reg","layer_val":"0","parent_id":"0","gjsonid":"14"}},{"geometry":{"type":"Polygon","coordinates":[[[126.3893,8.4904],[126.3565,8.4901],[126.3338,8.4841],[126.3190,8.4973],[126.3574,8.5044],[126.3664,8.5153],[126.3862,8.5132],[126.3914,8.5173],[126.3876,8.5059],[126.3977,8.4928],[126.3893,8.4904]]]},"type":"Feature","id":"7a11766050","properties":{"flclr":"#000000","name":"Harip","level_id":"reg","layer_val":"0","parent_id":"0","gjsonid":"14"}},{"geometry":{"type":"Polygon","coordinates":[[[126.3190,8.4973],[126.3465,8.4740],[126.3585,8.4704],[126.3628,8.4597],[126.3353,8.4578],[126.3102,8.4748],[126.2761,8.4740],[126.2751,8.4904],[126.2868,8.5071],[126.3119,8.5047],[126.3190,8.4973]]]},"type":"Feature","id":"9df2fa1fd5","properties":{"flclr":"#000000","name":"Cambatong","level_id":"reg","layer_val":"0","parent_id":"0","gjsonid":"14"}},{"geometry":{"type":"Polygon","coordinates":[[[126.2868,8.5071],[126.2751,8.4904],[126.2757,8.4847],[126.2458,8.4715],[126.2258,8.4708],[126.2117,8.5047],[126.2519,8.5054],[126.2874,8.5126],[126.2868,8.5071]]]},"type":"Feature","id":"08c5b8053b","properties":{"flclr":"#000000","name":"Villaverde","level_id":"reg","layer_val":"0","parent_id":"0","gjsonid":"14"}},{"geometry":{"type":"Polygon","coordinates":[[[126.3190,8.4973],[126.3119,8.5047],[126.3412,8.5256],[126.3557,8.5446],[126.3534,8.5479],[126.3609,8.5447],[126.3638,8.5375],[126.3516,8.5208],[126.3664,8.5153],[126.3574,8.5044],[126.3190,8.4973]]]},"type":"Feature","id":"3cdf30f110","properties":{"flclr":"#000000","name":"Baculin","level_id":"reg","layer_val":"0","parent_id":"0","gjsonid":"14"}},{"geometry":{"type":"Polygon","coordinates":[[[126.2729,8.4014],[126.2839,8.4016],[126.2948,8.4125],[126.3119,8.4024],[126.3256,8.4013],[126.3373,8.3865],[126.3321,8.3873],[126.3343,8.3781],[126.3252,8.3674],[126.2967,8.3852],[126.2685,8.3882],[126.2729,8.4014]]]},"type":"Feature","id":"83012bfc71","properties":{"flclr":"#000000","name":"Pagtigni-an (Bitoon)","level_id":"reg","layer_val":"0","parent_id":"0","gjsonid":"14"}},{"geometry":{"type":"Polygon","coordinates":[[[126.3736,8.4903],[126.3739,8.4788],[126.3949,8.4790],[126.3897,8.4719],[126.3975,8.4673],[126.3626,8.4664],[126.3338,8.4841],[126.3736,8.4903]]]},"type":"Feature","id":"aec882a0dc","properties":{"flclr":"#000000","name":"Port Lamon","level_id":"reg","layer_val":"0","parent_id":"0","gjsonid":"14"}},{"geometry":{"type":"Polygon","coordinates":[[[126.2675,8.9617],[126.2775,8.9585],[126.2818,8.9632],[126.2851,8.9611],[126.2933,8.9536],[126.2978,8.9384],[126.2806,8.9364],[126.2604,8.9474],[126.2675,8.9617]]]},"type":"Feature","id":"0d8e6ce0f4","properties":{"flclr":"#000000","name":"Amag","level_id":"reg","layer_val":"0","parent_id":"0","gjsonid":"14"}},{"geometry":{"type":"Polygon","coordinates":[[[126.2940,8.9511],[126.2811,8.9680],[126.2851,8.9773],[126.2910,8.9761],[126.2917,8.9711],[126.3066,8.9580],[126.2940,8.9511]]]},"type":"Feature","id":"1401b89a96","properties":{"flclr":"#000000","name":"Balete (Pob.)","level_id":"reg","layer_val":"0","parent_id":"0","gjsonid":"14"}},{"geometry":{"type":"Polygon","coordinates":[[[126.3139,8.9168],[126.3212,8.9244],[126.3268,8.9216],[126.3289,8.9109],[126.3257,8.9097],[126.3322,8.9094],[126.3294,8.8942],[126.3071,8.9036],[126.3139,8.9168]]]},"type":"Feature","id":"9cce469ea0","properties":{"flclr":"#000000","name":"Lactudan","level_id":"reg","layer_val":"0","parent_id":"0","gjsonid":"14"}},{"geometry":{"type":"Polygon","coordinates":[[[126.3066,8.9580],[126.3118,8.9430],[126.2978,8.9384],[126.2940,8.9511],[126.3066,8.9580]]]},"type":"Feature","id":"5837917d07","properties":{"flclr":"#000000","name":"Cabugo","level_id":"reg","layer_val":"0","parent_id":"0","gjsonid":"14"}},{"geometry":{"type":"Polygon","coordinates":[[[126.0002,8.5998],[126.0403,8.5992],[126.0600,8.5781],[126.0692,8.5756],[126.0568,8.5348],[126.0611,8.5213],[126.0219,8.5322],[126.0334,8.5392],[126.0274,8.5686],[126.0001,8.5713],[126.0002,8.5998]]]},"type":"Feature","id":"65eaf80a39","properties":{"flclr":"#000000","name":"Tambis","level_id":"reg","layer_val":"0","parent_id":"0","gjsonid":"14"}},{"geometry":{"type":"Polygon","coordinates":[[[126.3114,8.9424],[126.3127,8.9364],[126.3089,8.9330],[126.2917,8.9336],[126.2907,8.9375],[126.3114,8.9424]]]},"type":"Feature","id":"e4da9e9af6","properties":{"flclr":"#000000","name":"Tawagan","level_id":"reg","layer_val":"0","parent_id":"0","gjsonid":"14"}},{"geometry":{"type":"Polygon","coordinates":[[[126.0611,8.5213],[126.0581,8.5379],[126.0837,8.5361],[126.0933,8.5182],[126.0611,8.5213]]]},"type":"Feature","id":"f27879855b","properties":{"flclr":"#000000","name":"Amaga","level_id":"reg","layer_val":"0","parent_id":"0","gjsonid":"14"}},{"geometry":{"type":"Polygon","coordinates":[[[126.0219,8.5322],[126.0377,8.5287],[126.0351,8.5065],[126.0419,8.4630],[126.0165,8.4995],[126.0219,8.5322]]]},"type":"Feature","id":"cd1eaaa595","properties":{"flclr":"#000000","name":"Cambagang","level_id":"reg","layer_val":"0","parent_id":"0","gjsonid":"14"}},{"geometry":{"type":"Polygon","coordinates":[[[126.1007,8.4656],[126.0917,8.4544],[126.0739,8.4447],[126.0551,8.4478],[126.0419,8.4630],[126.0607,8.4772],[126.0609,8.5000],[126.0976,8.4989],[126.1007,8.4656]]]},"type":"Feature","id":"0a93fd7c21","properties":{"flclr":"#000000","name":"Javier","level_id":"reg","layer_val":"0","parent_id":"0","gjsonid":"14"}},{"geometry":{"type":"Polygon","coordinates":[[[126.0377,8.5287],[126.0611,8.5213],[126.0607,8.4772],[126.0419,8.4630],[126.0351,8.5065],[126.0377,8.5287]]]},"type":"Feature","id":"2c9ef750d6","properties":{"flclr":"#000000","name":"Bahi","level_id":"reg","layer_val":"0","parent_id":"0","gjsonid":"14"}},{"geometry":{"type":"Polygon","coordinates":[[[126.2907,8.9375],[126.2914,8.9263],[126.2991,8.9210],[126.2835,8.9192],[126.2851,8.9148],[126.2802,8.9115],[126.2505,8.9271],[126.2498,8.9491],[126.2806,8.9364],[126.2907,8.9375]]]},"type":"Feature","id":"225d7ea99f","properties":{"flclr":"#000000","name":"Bacolod","level_id":"reg","layer_val":"0","parent_id":"0","gjsonid":"14"}},{"geometry":{"type":"Polygon","coordinates":[[[126.2975,8.9203],[126.3024,8.9214],[126.3030,8.9284],[126.3147,8.9271],[126.3102,8.9188],[126.3141,8.9135],[126.3071,8.9036],[126.2971,8.8986],[126.2975,8.9203]]]},"type":"Feature","id":"216c3507d1","properties":{"flclr":"#000000","name":"Poblacion","level_id":"reg","layer_val":"0","parent_id":"0","gjsonid":"14"}},{"geometry":{"type":"Polygon","coordinates":[[[126.3014,8.9007],[126.3071,8.9036],[126.3294,8.8922],[126.3192,8.8937],[126.3101,8.8842],[126.3054,8.8861],[126.3014,8.9007]]]},"type":"Feature","id":"1c81e84d47","properties":{"flclr":"#000000","name":"Aras-Asan","level_id":"reg","layer_val":"0","parent_id":"0","gjsonid":"14"}},{"geometry":{"type":"Polygon","coordinates":[[[126.0692,8.5756],[126.1061,8.5656],[126.1014,8.5462],[126.0837,8.5361],[126.0581,8.5379],[126.0692,8.5756]]]},"type":"Feature","id":"8e4d55ba9c","properties":{"flclr":"#000000","name":"Sudlon","level_id":"reg","layer_val":"0","parent_id":"0","gjsonid":"14"}},{"geometry":{"type":"Polygon","coordinates":[[[126.0837,8.5361],[126.1014,8.5462],[126.1130,8.5189],[126.0933,8.5182],[126.0837,8.5361]]]},"type":"Feature","id":"508f6d9f30","properties":{"flclr":"#000000","name":"San Vicente","level_id":"reg","layer_val":"0","parent_id":"0","gjsonid":"14"}},{"geometry":{"type":"Polygon","coordinates":[[[126.0611,8.5213],[126.0933,8.5182],[126.0976,8.4989],[126.0609,8.5000],[126.0611,8.5213]]]},"type":"Feature","id":"28b84739e5","properties":{"flclr":"#000000","name":"Mamis","level_id":"reg","layer_val":"0","parent_id":"0","gjsonid":"14"}},{"geometry":{"type":"Polygon","coordinates":[[[126.2971,8.8986],[126.2453,8.8974],[126.2505,8.9271],[126.2802,8.9115],[126.2851,8.9148],[126.2835,8.9192],[126.2975,8.9203],[126.2971,8.8986]]]},"type":"Feature","id":"325ed55f65","properties":{"flclr":"#000000","name":"La Purisima (Palhe)","level_id":"reg","layer_val":"0","parent_id":"0","gjsonid":"14"}},{"geometry":{"type":"Polygon","coordinates":[[[126.2453,8.8974],[126.3014,8.9007],[126.3052,8.8868],[126.2861,8.8834],[126.2835,8.8731],[126.2734,8.8728],[126.2675,8.8676],[126.2169,8.8630],[126.2189,8.8966],[126.2453,8.8974]]]},"type":"Feature","id":"5aefa90392","properties":{"flclr":"#000000","name":"Tubo-tubo","level_id":"reg","layer_val":"0","parent_id":"0","gjsonid":"14"}},{"geometry":{"type":"Polygon","coordinates":[[[126.3101,8.8842],[126.3092,8.8793],[126.3141,8.8771],[126.3077,8.8719],[126.2844,8.8756],[126.2861,8.8834],[126.3013,8.8872],[126.3101,8.8842]]]},"type":"Feature","id":"8e687a46cd","properties":{"flclr":"#000000","name":"Unidad","level_id":"reg","layer_val":"0","parent_id":"0","gjsonid":"14"}},{"geometry":{"type":"Polygon","coordinates":[[[126.1321,8.5040],[126.1246,8.4950],[126.1099,8.5294],[126.1378,8.5198],[126.1461,8.5091],[126.1321,8.5040]]]},"type":"Feature","id":"475bbff738","properties":{"flclr":"#000000","name":"Dughan","level_id":"reg","layer_val":"0","parent_id":"0","gjsonid":"14"}},{"geometry":{"type":"Polygon","coordinates":[[[126.1130,8.5189],[126.1246,8.4950],[126.1007,8.4656],[126.0933,8.5182],[126.1130,8.5189]]]},"type":"Feature","id":"d3cd60c8be","properties":{"flclr":"#000000","name":"San Jose","level_id":"reg","layer_val":"0","parent_id":"0","gjsonid":"14"}},{"geometry":{"type":"Polygon","coordinates":[[[126.1215,8.5664],[126.1217,8.5482],[126.1014,8.5462],[126.1061,8.5656],[126.1215,8.5664]]]},"type":"Feature","id":"6a15a024a7","properties":{"flclr":"#000000","name":"Wakat","level_id":"reg","layer_val":"0","parent_id":"0","gjsonid":"14"}},{"geometry":{"type":"Polygon","coordinates":[[[126.1217,8.5482],[126.1277,8.5416],[126.1229,8.5233],[126.1027,8.5367],[126.1014,8.5462],[126.1217,8.5482]]]},"type":"Feature","id":"2449c231df","properties":{"flclr":"#000000","name":"Poblacion","level_id":"reg","layer_val":"0","parent_id":"0","gjsonid":"14"}},{"geometry":{"type":"Polygon","coordinates":[[[126.3180,8.8710],[126.3241,8.8702],[126.3303,8.8550],[126.3155,8.8558],[126.3213,8.8629],[126.3180,8.8710]]]},"type":"Feature","id":"3ee2809b18","properties":{"flclr":"#000000","name":"Bitaugan East","level_id":"reg","layer_val":"0","parent_id":"0","gjsonid":"14"}},{"geometry":{"type":"Polygon","coordinates":[[[126.2844,8.8756],[126.3038,8.8726],[126.2938,8.8545],[126.2694,8.8688],[126.2844,8.8756]]]},"type":"Feature","id":"9e9a7eaf12","properties":{"flclr":"#000000","name":"Mat-e","level_id":"reg","layer_val":"0","parent_id":"0","gjsonid":"14"}},{"geometry":{"type":"Polygon","coordinates":[[[126.3038,8.8726],[126.3152,8.8771],[126.3213,8.8629],[126.3143,8.8532],[126.3020,8.8471],[126.2938,8.8545],[126.3038,8.8726]]]},"type":"Feature","id":"1d822e000d","properties":{"flclr":"#000000","name":"Bitaugan West","level_id":"reg","layer_val":"0","parent_id":"0","gjsonid":"14"}},{"geometry":{"type":"Polygon","coordinates":[[[126.1417,8.5349],[126.1521,8.5291],[126.1490,8.5201],[126.1282,8.5213],[126.1417,8.5349]]]},"type":"Feature","id":"a44243e3b4","properties":{"flclr":"#000000","name":"Kinayan","level_id":"reg","layer_val":"0","parent_id":"0","gjsonid":"14"}},{"geometry":{"type":"Polygon","coordinates":[[[126.1277,8.5416],[126.1417,8.5349],[126.1282,8.5213],[126.1229,8.5233],[126.1277,8.5416]]]},"type":"Feature","id":"ca76566a3f","properties":{"flclr":"#000000","name":"Dapdap","level_id":"reg","layer_val":"0","parent_id":"0","gjsonid":"14"}},{"geometry":{"type":"Polygon","coordinates":[[[126.1875,8.5083],[126.1461,8.5091],[126.1378,8.5198],[126.1846,8.5221],[126.1875,8.5083]]]},"type":"Feature","id":"8daf71c6c2","properties":{"flclr":"#000000","name":"Causwagan","level_id":"reg","layer_val":"0","parent_id":"0","gjsonid":"14"}},{"geometry":{"type":"Polygon","coordinates":[[[126.1521,8.5291],[126.1613,8.5336],[126.1599,8.5412],[126.1649,8.5418],[126.1886,8.5297],[126.1846,8.5221],[126.1490,8.5201],[126.1521,8.5291]]]},"type":"Feature","id":"37a865811e","properties":{"flclr":"#000000","name":"Rizal","level_id":"reg","layer_val":"0","parent_id":"0","gjsonid":"14"}},{"geometry":{"type":"Polygon","coordinates":[[[126.1886,8.5297],[126.2120,8.5228],[126.2117,8.5047],[126.1875,8.5083],[126.1846,8.5221],[126.1886,8.5297]]]},"type":"Feature","id":"8323b459bf","properties":{"flclr":"#000000","name":"San Roque","level_id":"reg","layer_val":"0","parent_id":"0","gjsonid":"14"}},{"geometry":{"type":"Polygon","coordinates":[[[126.2178,8.5549],[126.2439,8.5493],[126.2305,8.5268],[126.2234,8.5264],[126.2276,8.5295],[126.2096,8.5390],[126.2178,8.5549]]]},"type":"Feature","id":"f5d01a9964","properties":{"flclr":"#000000","name":"Unidad","level_id":"reg","layer_val":"0","parent_id":"0","gjsonid":"14"}},{"geometry":{"type":"Polygon","coordinates":[[[126.2120,8.5228],[126.2305,8.5268],[126.2439,8.5493],[126.2585,8.5517],[126.2820,8.5380],[126.2907,8.5282],[126.2874,8.5126],[126.2519,8.5054],[126.2117,8.5047],[126.2120,8.5228]]]},"type":"Feature","id":"04fa3e776b","properties":{"flclr":"#000000","name":"Gamut","level_id":"reg","layer_val":"0","parent_id":"0","gjsonid":"14"}},{"geometry":{"type":"Polygon","coordinates":[[[126.2874,8.5126],[126.2904,8.5296],[126.2976,8.5350],[126.3155,8.5388],[126.3181,8.5320],[126.3230,8.5370],[126.3370,8.5377],[126.3490,8.5469],[126.3557,8.5446],[126.3412,8.5256],[126.3119,8.5047],[126.2868,8.5071],[126.2874,8.5126]]]},"type":"Feature","id":"2ce302dd1d","properties":{"flclr":"#000000","name":"Cabacungan","level_id":"reg","layer_val":"0","parent_id":"0","gjsonid":"14"}},{"geometry":{"type":"Polygon","coordinates":[[[126.2403,8.9813],[126.2447,8.9896],[126.2394,8.9909],[126.2404,8.9982],[126.2338,9.0053],[126.2412,9.0164],[126.2690,8.9859],[126.2783,8.9812],[126.2735,8.9761],[126.2624,8.9769],[126.2514,8.9673],[126.2422,8.9503],[126.2328,8.9513],[126.2447,8.9772],[126.2403,8.9813]]]},"type":"Feature","id":"dd7dad8293","properties":{"flclr":"#000000","name":"La Paz","level_id":"reg","layer_val":"0","parent_id":"0","gjsonid":"14"}},{"geometry":{"type":"Polygon","coordinates":[[[126.2735,8.9761],[126.2604,8.9474],[126.2422,8.9503],[126.2514,8.9673],[126.2624,8.9769],[126.2735,8.9761]]]},"type":"Feature","id":"4c663445f7","properties":{"flclr":"#000000","name":"Cagbaoto","level_id":"reg","layer_val":"0","parent_id":"0","gjsonid":"14"}},{"geometry":{"type":"Polygon","coordinates":[[[126.2727,8.9706],[126.2852,8.9665],[126.2841,8.9598],[126.2818,8.9632],[126.2775,8.9585],[126.2675,8.9617],[126.2727,8.9706]]]},"type":"Feature","id":"30967bd132","properties":{"flclr":"#000000","name":"Magobawok","level_id":"reg","layer_val":"0","parent_id":"0","gjsonid":"14"}},{"geometry":{"type":"Polygon","coordinates":[[[126.2498,8.9491],[126.2453,8.8974],[126.2189,8.8966],[126.2207,8.9281],[126.2161,8.9531],[126.2498,8.9491]]]},"type":"Feature","id":"5cb5cb8fb5","properties":{"flclr":"#000000","name":"Panaosawon","level_id":"reg","layer_val":"0","parent_id":"0","gjsonid":"14"}},{"geometry":{"type":"Polygon","coordinates":[[[125.8890,8.9645],[125.8896,8.9819],[125.9838,9.0228],[126.0183,9.0292],[126.0202,9.0060],[126.0186,9.0013],[126.0123,9.0018],[126.0105,8.9934],[126.0142,8.9824],[126.0200,8.9801],[125.9825,8.9701],[125.9772,8.9747],[125.9703,8.9720],[125.9695,8.9817],[125.9616,8.9907],[125.9563,8.9861],[125.9496,8.9887],[125.9528,8.9832],[125.9308,8.9772],[125.9298,8.9728],[125.8890,8.9645]]]},"type":"Feature","id":"f4d910f124","properties":{"flclr":"#000000","name":"Calatngan","level_id":"reg","layer_val":"0","parent_id":"0","gjsonid":"14"}},{"geometry":{"type":"Polygon","coordinates":[[[125.7764,8.8511],[125.8000,8.8876],[125.7902,8.9267],[125.8888,8.9625],[125.8959,8.8877],[125.7764,8.8511]]]},"type":"Feature","id":"9d4e6f76a0","properties":{"flclr":"#000000","name":"New Tubigon","level_id":"reg","layer_val":"0","parent_id":"0","gjsonid":"14"}},{"geometry":{"type":"Polygon","coordinates":[[[125.9076,8.3390],[125.8892,8.3739],[125.8693,8.4132],[125.9067,8.4153],[125.9203,8.4067],[125.9231,8.3852],[125.9370,8.3605],[125.9076,8.3390]]]},"type":"Feature","id":"aa462c9b48","properties":{"flclr":"#000000","name":"Caimpugan","level_id":"reg","layer_val":"0","parent_id":"0","gjsonid":"14"}},{"geometry":{"type":"Polygon","coordinates":[[[125.9661,8.5070],[125.9724,8.5025],[125.9544,8.4817],[125.9409,8.4971],[125.9636,8.5092],[125.9661,8.5070]]]},"type":"Feature","id":"e8e2286e22","properties":{"flclr":"#000000","name":"Santa Ana","level_id":"reg","layer_val":"0","parent_id":"0","gjsonid":"14"}},{"geometry":{"type":"Polygon","coordinates":[[[125.8246,8.4572],[125.8244,8.4646],[125.8127,8.4658],[125.8136,8.4731],[125.8372,8.4795],[125.8493,8.4738],[125.8623,8.4582],[125.8747,8.4533],[125.8744,8.4428],[125.8516,8.4626],[125.8246,8.4572]]]},"type":"Feature","id":"e237d9ab2b","properties":{"flclr":"#000000","name":"Batucan","level_id":"reg","layer_val":"0","parent_id":"0","gjsonid":"14"}},{"geometry":{"type":"Polygon","coordinates":[[[125.8359,8.4193],[125.8150,8.4347],[125.8249,8.4439],[125.8246,8.4572],[125.8516,8.4626],[125.8744,8.4428],[125.8359,8.4193]]]},"type":"Feature","id":"2864346ca3","properties":{"flclr":"#000000","name":"Causwagan","level_id":"reg","layer_val":"0","parent_id":"0","gjsonid":"14"}},{"geometry":{"type":"Polygon","coordinates":[[[125.8359,8.4193],[125.8511,8.4262],[125.8693,8.4132],[125.8892,8.3739],[125.8755,8.3536],[125.8636,8.3478],[125.8390,8.3506],[125.8235,8.3646],[125.8049,8.3604],[125.8020,8.3772],[125.8293,8.3827],[125.8345,8.3900],[125.8359,8.4193]]]},"type":"Feature","id":"e5f1759c7c","properties":{"flclr":"#000000","name":"Maharlika","level_id":"reg","layer_val":"0","parent_id":"0","gjsonid":"14"}},{"geometry":{"type":"Polygon","coordinates":[[[125.7905,8.5221],[125.7955,8.5387],[125.8084,8.5280],[125.8356,8.5180],[125.8474,8.5051],[125.8538,8.5036],[125.8598,8.4884],[125.8623,8.4582],[125.8493,8.4738],[125.8372,8.4795],[125.8136,8.4731],[125.7905,8.5221]]]},"type":"Feature","id":"b29f7c8207","properties":{"flclr":"#000000","name":"Del Monte","level_id":"reg","layer_val":"0","parent_id":"0","gjsonid":"14"}},{"geometry":{"type":"Polygon","coordinates":[[[125.9374,8.6483],[125.9446,8.6581],[125.9593,8.6474],[125.9580,8.6422],[125.9374,8.6483]]]},"type":"Feature","id":"794dd84846","properties":{"flclr":"#000000","name":"Salimbogaon","level_id":"reg","layer_val":"0","parent_id":"0","gjsonid":"14"}},{"geometry":{"type":"Polygon","coordinates":[[[126.0293,8.3836],[126.0162,8.3780],[126.0019,8.4039],[126.0096,8.4085],[126.0293,8.3836]]]},"type":"Feature","id":"fdf1aaf676","properties":{"flclr":"#000000","name":"Libuac","level_id":"reg","layer_val":"0","parent_id":"0","gjsonid":"14"}},{"geometry":{"type":"Polygon","coordinates":[[[125.8711,8.5457],[125.8612,8.5397],[125.8557,8.5208],[125.8177,8.5547],[125.8249,8.5704],[125.8531,8.5562],[125.8520,8.5678],[125.8732,8.5559],[125.8711,8.5457]]]},"type":"Feature","id":"64ed02c9ab","properties":{"flclr":"#000000","name":"San Vicente","level_id":"reg","layer_val":"0","parent_id":"0","gjsonid":"14"}},{"geometry":{"type":"Polygon","coordinates":[[[125.8039,8.5714],[125.8116,8.6152],[125.8135,8.6039],[125.8311,8.5986],[125.8409,8.6117],[125.8613,8.6046],[125.8623,8.5962],[125.8533,8.5778],[125.8209,8.5791],[125.8039,8.5714]]]},"type":"Feature","id":"74d2ebb401","properties":{"flclr":"#000000","name":"Aurora","level_id":"reg","layer_val":"0","parent_id":"0","gjsonid":"14"}},{"geometry":{"type":"Polygon","coordinates":[[[125.9859,8.6097],[125.9757,8.6091],[125.9557,8.6352],[125.9593,8.6474],[126.0011,8.6454],[126.0029,8.6305],[125.9914,8.6213],[125.9926,8.6112],[125.9859,8.6097]]]},"type":"Feature","id":"412fd1949a","properties":{"flclr":"#000000","name":"Los Arcos","level_id":"reg","layer_val":"0","parent_id":"0","gjsonid":"14"}},{"geometry":{"type":"Polygon","coordinates":[[[126.0219,8.5322],[125.9903,8.5191],[125.9965,8.5333],[126.0001,8.5713],[126.0274,8.5686],[126.0334,8.5392],[126.0219,8.5322]]]},"type":"Feature","id":"6b41a9b0d8","properties":{"flclr":"#000000","name":"Das-agan","level_id":"reg","layer_val":"0","parent_id":"0","gjsonid":"14"}},{"geometry":{"type":"Polygon","coordinates":[[[125.9754,8.5074],[125.9707,8.5114],[125.9746,8.5174],[125.9942,8.5191],[125.9920,8.5096],[125.9815,8.5116],[125.9754,8.5074]]]},"type":"Feature","id":"b8f15d9b52","properties":{"flclr":"#000000","name":"Barangay 1 (Pob.)","level_id":"reg","layer_val":"0","parent_id":"0","gjsonid":"14"}},{"geometry":{"type":"Polygon","coordinates":[[[125.9707,8.5114],[125.9771,8.5052],[125.9724,8.5025],[125.9661,8.5070],[125.9707,8.5114]]]},"type":"Feature","id":"cfe031f24c","properties":{"flclr":"#000000","name":"Barangay 3 (Pob.)","level_id":"reg","layer_val":"0","parent_id":"0","gjsonid":"14"}},{"geometry":{"type":"Polygon","coordinates":[[[125.9757,8.5071],[125.9763,8.5088],[125.9815,8.5116],[125.9853,8.5110],[125.9825,8.5067],[125.9757,8.5071]]]},"type":"Feature","id":"0035704134","properties":{"flclr":"#000000","name":"Barangay 2 (Pob.)","level_id":"reg","layer_val":"0","parent_id":"0","gjsonid":"14"}},{"geometry":{"type":"Polygon","coordinates":[[[125.9853,8.5110],[125.9920,8.5096],[125.9916,8.5055],[125.9774,8.5051],[125.9757,8.5071],[125.9825,8.5067],[125.9853,8.5110]]]},"type":"Feature","id":"f382f30dc8","properties":{"flclr":"#000000","name":"Barangay 4 (Pob.)","level_id":"reg","layer_val":"0","parent_id":"0","gjsonid":"14"}},{"geometry":{"type":"Polygon","coordinates":[[[125.9724,8.5025],[125.9771,8.5052],[125.9893,8.5053],[125.9849,8.4958],[125.9644,8.4961],[125.9724,8.5025]]]},"type":"Feature","id":"34c7b12b7e","properties":{"flclr":"#000000","name":"Barangay 5 (Pob.)","level_id":"reg","layer_val":"0","parent_id":"0","gjsonid":"14"}},{"geometry":{"type":"Polygon","coordinates":[[[125.9893,8.5053],[125.9942,8.5191],[126.0219,8.5322],[126.0157,8.5086],[126.0189,8.4958],[125.9849,8.4958],[125.9893,8.5053]]]},"type":"Feature","id":"e6ee78211e","properties":{"flclr":"#000000","name":"Alegria","level_id":"reg","layer_val":"0","parent_id":"0","gjsonid":"14"}},{"geometry":{"type":"Polygon","coordinates":[[[126.0246,8.4871],[126.0287,8.4806],[125.9818,8.4727],[125.9741,8.4670],[125.9485,8.4675],[125.9474,8.4781],[125.9628,8.4938],[125.9758,8.4867],[126.0246,8.4871]]]},"type":"Feature","id":"e3a6054930","properties":{"flclr":"#000000","name":"San Isidro","level_id":"reg","layer_val":"0","parent_id":"0","gjsonid":"14"}},{"geometry":{"type":"Polygon","coordinates":[[[125.9643,8.5409],[125.9551,8.5400],[125.9559,8.5824],[125.9757,8.6091],[125.9859,8.6097],[126.0002,8.5998],[125.9820,8.5787],[125.9643,8.5409]]]},"type":"Feature","id":"49f2c6fef6","properties":{"flclr":"#000000","name":"Lucac","level_id":"reg","layer_val":"0","parent_id":"0","gjsonid":"14"}},{"geometry":{"type":"Polygon","coordinates":[[[125.8747,8.4533],[125.8623,8.4582],[125.8598,8.4884],[125.8538,8.5036],[125.8612,8.5397],[125.8711,8.5457],[125.8840,8.5415],[125.8747,8.4533]]]},"type":"Feature","id":"7e982733ba","properties":{"flclr":"#000000","name":"Rizal","level_id":"reg","layer_val":"0","parent_id":"0","gjsonid":"14"}},{"geometry":{"type":"Polygon","coordinates":[[[125.9253,8.5218],[125.9291,8.5038],[125.9039,8.4903],[125.8982,8.5229],[125.9082,8.5162],[125.9253,8.5218]]]},"type":"Feature","id":"a6a1b4f97f","properties":{"flclr":"#000000","name":"Tagapua","level_id":"reg","layer_val":"0","parent_id":"0","gjsonid":"14"}},{"geometry":{"type":"Polygon","coordinates":[[[125.9775,8.4351],[125.9507,8.4331],[125.9535,8.4493],[125.9453,8.4487],[125.9417,8.4579],[125.9451,8.4722],[125.9485,8.4675],[125.9628,8.4656],[125.9986,8.4764],[125.9998,8.4621],[125.9775,8.4351]]]},"type":"Feature","id":"3249f80962","properties":{"flclr":"#000000","name":"Bayugan 2","level_id":"reg","layer_val":"0","parent_id":"0","gjsonid":"14"}},{"geometry":{"type":"Polygon","coordinates":[[[125.9507,8.4331],[125.9896,8.4394],[126.0024,8.4344],[125.9994,8.4181],[125.9536,8.4159],[125.9486,8.4224],[125.9507,8.4331]]]},"type":"Feature","id":"1e687506c9","properties":{"flclr":"#000000","name":"Lapinigan","level_id":"reg","layer_val":"0","parent_id":"0","gjsonid":"14"}},{"geometry":{"type":"Polygon","coordinates":[[[126.0002,8.5998],[125.9965,8.5333],[125.9903,8.5191],[125.9831,8.5205],[125.9786,8.5160],[125.9643,8.5409],[125.9820,8.5787],[126.0002,8.5998]]]},"type":"Feature","id":"0b50ae0d22","properties":{"flclr":"#000000","name":"Bitan-agan","level_id":"reg","layer_val":"0","parent_id":"0","gjsonid":"14"}},{"geometry":{"type":"Polygon","coordinates":[[[125.9643,8.5409],[125.9706,8.5316],[125.9281,8.5146],[125.9228,8.5282],[125.9643,8.5409]]]},"type":"Feature","id":"0c09a59837","properties":{"flclr":"#000000","name":"Pisa-an","level_id":"reg","layer_val":"0","parent_id":"0","gjsonid":"14"}},{"geometry":{"type":"Polygon","coordinates":[[[125.9706,8.5316],[125.9743,8.5150],[125.9661,8.5070],[125.9636,8.5092],[125.9409,8.4971],[125.9281,8.5146],[125.9706,8.5316]]]},"type":"Feature","id":"0253b27c1d","properties":{"flclr":"#000000","name":"Hubang","level_id":"reg","layer_val":"0","parent_id":"0","gjsonid":"14"}},{"geometry":{"type":"Polygon","coordinates":[[[125.8744,8.4428],[125.8747,8.4533],[125.9136,8.4545],[125.9067,8.4153],[125.8693,8.4132],[125.8511,8.4262],[125.8744,8.4428]]]},"type":"Feature","id":"168155b7e9","properties":{"flclr":"#000000","name":"New Visayas","level_id":"reg","layer_val":"0","parent_id":"0","gjsonid":"14"}},{"geometry":{"type":"Polygon","coordinates":[[[125.9136,8.4545],[125.8747,8.4533],[125.8840,8.5415],[125.8982,8.5229],[125.8996,8.5025],[125.9136,8.4545]]]},"type":"Feature","id":"5fb7a40989","properties":{"flclr":"#000000","name":"Borbon","level_id":"reg","layer_val":"0","parent_id":"0","gjsonid":"14"}},{"geometry":{"type":"Polygon","coordinates":[[[125.9986,8.4764],[126.0287,8.4806],[126.0419,8.4630],[126.0083,8.4514],[125.9908,8.4391],[125.9775,8.4351],[125.9998,8.4621],[125.9986,8.4764]]]},"type":"Feature","id":"17e3dbab0b","properties":{"flclr":"#000000","name":"Ormaca","level_id":"reg","layer_val":"0","parent_id":"0","gjsonid":"14"}},{"geometry":{"type":"Polygon","coordinates":[[[125.9605,8.3870],[125.9568,8.3853],[125.9536,8.4159],[125.9994,8.4181],[126.0013,8.4059],[125.9605,8.3870]]]},"type":"Feature","id":"572a374526","properties":{"flclr":"#000000","name":"Pasta","level_id":"reg","layer_val":"0","parent_id":"0","gjsonid":"14"}},{"geometry":{"type":"Polygon","coordinates":[[[126.0419,8.4630],[126.0551,8.4478],[126.0292,8.4307],[126.0218,8.4311],[126.0131,8.4226],[126.0001,8.4190],[126.0024,8.4344],[125.9910,8.4398],[126.0083,8.4514],[126.0419,8.4630]]]},"type":"Feature","id":"9cb016aace","properties":{"flclr":"#000000","name":"Mate","level_id":"reg","layer_val":"0","parent_id":"0","gjsonid":"14"}},{"geometry":{"type":"Polygon","coordinates":[[[126.1021,8.3996],[126.0816,8.4070],[126.0688,8.4257],[126.0928,8.4304],[126.1264,8.4244],[126.1021,8.3996]]]},"type":"Feature","id":"669757507b","properties":{"flclr":"#000000","name":"Hinagdanan","level_id":"reg","layer_val":"0","parent_id":"0","gjsonid":"14"}},{"geometry":{"type":"Polygon","coordinates":[[[126.0688,8.4257],[126.0816,8.4070],[126.1138,8.3906],[126.1291,8.3627],[126.1268,8.3408],[126.0804,8.3794],[126.0567,8.4082],[126.0513,8.4193],[126.0688,8.4257]]]},"type":"Feature","id":"aeb047047c","properties":{"flclr":"#000000","name":"Marfil","level_id":"reg","layer_val":"0","parent_id":"0","gjsonid":"14"}},{"geometry":{"type":"Polygon","coordinates":[[[125.9536,8.4159],[125.9568,8.3853],[125.9605,8.3870],[125.9627,8.3792],[125.9370,8.3605],[125.9231,8.3852],[125.9189,8.4088],[125.9255,8.4113],[125.9231,8.4144],[125.9287,8.4176],[125.9349,8.4147],[125.9420,8.4222],[125.9471,8.4191],[125.9436,8.4242],[125.9478,8.4260],[125.9536,8.4159]]]},"type":"Feature","id":"e095b6e74b","properties":{"flclr":"#000000","name":"Buenasuerte","level_id":"reg","layer_val":"0","parent_id":"0","gjsonid":"14"}},{"geometry":{"type":"Polygon","coordinates":[[[125.9429,8.4514],[125.9535,8.4493],[125.9489,8.4258],[125.9436,8.4242],[125.9473,8.4192],[125.9420,8.4222],[125.9349,8.4147],[125.9250,8.4160],[125.9203,8.4067],[125.9067,8.4153],[125.9136,8.4545],[125.9237,8.4598],[125.9429,8.4514]]]},"type":"Feature","id":"c13ee4a25e","properties":{"flclr":"#000000","name":"Ebro","level_id":"reg","layer_val":"0","parent_id":"0","gjsonid":"14"}},{"geometry":{"type":"Polygon","coordinates":[[[125.9281,8.5146],[125.9544,8.4817],[125.9474,8.4781],[125.9485,8.4675],[125.9451,8.4722],[125.9429,8.4514],[125.9237,8.4598],[125.9136,8.4545],[125.9039,8.4903],[125.9291,8.5038],[125.9281,8.5146]]]},"type":"Feature","id":"b8c9eee0a2","properties":{"flclr":"#000000","name":"Ladgadan","level_id":"reg","layer_val":"0","parent_id":"0","gjsonid":"14"}},{"geometry":{"type":"Polygon","coordinates":[[[125.9644,8.4961],[126.0189,8.4958],[126.0246,8.4871],[125.9758,8.4867],[125.9628,8.4938],[125.9644,8.4961]]]},"type":"Feature","id":"f68cf6a902","properties":{"flclr":"#000000","name":"Karaus","level_id":"reg","layer_val":"0","parent_id":"0","gjsonid":"14"}},{"geometry":{"type":"Polygon","coordinates":[[[125.8185,8.6426],[125.8423,8.6415],[125.8470,8.6484],[125.8656,8.6491],[125.8795,8.6395],[125.8817,8.6258],[125.8613,8.6046],[125.8409,8.6117],[125.8311,8.5986],[125.8129,8.6050],[125.8145,8.6503],[125.8185,8.6426]]]},"type":"Feature","id":"36a0a5d977","properties":{"flclr":"#000000","name":"San Joaquin","level_id":"reg","layer_val":"0","parent_id":"0","gjsonid":"14"}},{"geometry":{"type":"Polygon","coordinates":[[[126.0293,8.3836],[126.0137,8.4046],[126.0224,8.4096],[126.0226,8.4156],[126.0387,8.4136],[126.0417,8.4180],[126.0513,8.4193],[126.0567,8.4082],[126.0913,8.3697],[126.0334,8.3628],[126.0311,8.3660],[126.0354,8.3750],[126.0293,8.3836]]]},"type":"Feature","id":"1fb3ecf3c9","properties":{"flclr":"#000000","name":"Cabantao","level_id":"reg","layer_val":"0","parent_id":"0","gjsonid":"14"}},{"geometry":{"type":"Polygon","coordinates":[[[125.9956,8.7004],[126.0033,8.6870],[125.9673,8.6452],[125.9516,8.6531],[125.9503,8.6597],[125.9562,8.6572],[125.9956,8.7004]]]},"type":"Feature","id":"b7860ab372","properties":{"flclr":"#000000","name":"Libertad","level_id":"reg","layer_val":"0","parent_id":"0","gjsonid":"14"}},{"geometry":{"type":"Polygon","coordinates":[[[126.0002,8.5998],[125.9859,8.6097],[125.9926,8.6112],[125.9914,8.6213],[126.0029,8.6305],[126.0010,8.6466],[126.0234,8.6509],[126.0347,8.6334],[126.0074,8.6025],[126.0002,8.5998]]]},"type":"Feature","id":"3bb153fb52","properties":{"flclr":"#000000","name":"Magsaysay","level_id":"reg","layer_val":"0","parent_id":"0","gjsonid":"14"}},{"geometry":{"type":"Polygon","coordinates":[[[125.8817,8.6258],[125.8795,8.6395],[125.9070,8.6760],[125.9195,8.6648],[125.8817,8.6258]]]},"type":"Feature","id":"eeb169f90f","properties":{"flclr":"#000000","name":"San Salvador","level_id":"reg","layer_val":"0","parent_id":"0","gjsonid":"14"}},{"geometry":{"type":"Polygon","coordinates":[[[125.8623,8.5962],[125.8853,8.5744],[125.8877,8.5598],[125.8747,8.5508],[125.8732,8.5559],[125.8520,8.5678],[125.8509,8.5792],[125.8623,8.5962]]]},"type":"Feature","id":"2292901c9f","properties":{"flclr":"#000000","name":"Lucena","level_id":"reg","layer_val":"0","parent_id":"0","gjsonid":"14"}},{"geometry":{"type":"Polygon","coordinates":[[[125.8750,8.5839],[125.8623,8.5962],[125.8613,8.6046],[125.8817,8.6258],[125.9013,8.5904],[125.8750,8.5839]]]},"type":"Feature","id":"e535392c2f","properties":{"flclr":"#000000","name":"Mapaga","level_id":"reg","layer_val":"0","parent_id":"0","gjsonid":"14"}},{"geometry":{"type":"Polygon","coordinates":[[[125.8795,8.6395],[125.8656,8.6491],[125.8701,8.6559],[125.8781,8.6572],[125.8891,8.6851],[125.9070,8.6760],[125.8795,8.6395]]]},"type":"Feature","id":"f245c033b9","properties":{"flclr":"#000000","name":"Santa Maria","level_id":"reg","layer_val":"0","parent_id":"0","gjsonid":"14"}},{"geometry":{"type":"Polygon","coordinates":[[[125.8682,8.6962],[125.8800,8.6933],[125.8883,8.6859],[125.8881,8.6758],[125.8774,8.6563],[125.8717,8.6569],[125.8605,8.6475],[125.8556,8.6521],[125.8555,8.6618],[125.8682,8.6962]]]},"type":"Feature","id":"632bfcaa92","properties":{"flclr":"#000000","name":"Santa Irene","level_id":"reg","layer_val":"0","parent_id":"0","gjsonid":"14"}},{"geometry":{"type":"Polygon","coordinates":[[[125.9757,8.6091],[125.9559,8.5824],[125.9408,8.5760],[125.9258,8.5572],[125.9123,8.5819],[125.9087,8.5822],[125.9072,8.5910],[125.9182,8.5910],[125.9315,8.6009],[125.9401,8.5975],[125.9757,8.6091]]]},"type":"Feature","id":"8af655d0aa","properties":{"flclr":"#000000","name":"Salvacion","level_id":"reg","layer_val":"0","parent_id":"0","gjsonid":"14"}},{"geometry":{"type":"Polygon","coordinates":[[[125.9258,8.5572],[125.9408,8.5760],[125.9559,8.5824],[125.9551,8.5400],[125.9228,8.5282],[125.9258,8.5572]]]},"type":"Feature","id":"cc5e2d4b6d","properties":{"flclr":"#000000","name":"Patin-ay","level_id":"reg","layer_val":"0","parent_id":"0","gjsonid":"14"}},{"geometry":{"type":"Polygon","coordinates":[[[125.9994,8.4181],[126.0131,8.4226],[126.0218,8.4311],[126.0292,8.4307],[126.0551,8.4478],[126.0739,8.4447],[126.0639,8.4291],[126.0688,8.4257],[126.0445,8.4159],[126.0436,8.4176],[126.0417,8.4180],[126.0387,8.4136],[126.0226,8.4156],[126.0167,8.4048],[126.0096,8.4085],[125.9940,8.4000],[126.0013,8.4059],[125.9994,8.4181]]]},"type":"Feature","id":"d10b8b38bd","properties":{"flclr":"#000000","name":"Maligaya","level_id":"reg","layer_val":"0","parent_id":"0","gjsonid":"14"}},{"geometry":{"type":"Polygon","coordinates":[[[125.9887,8.7126],[125.9956,8.7004],[125.9562,8.6572],[125.9503,8.6597],[125.9537,8.6558],[125.9509,8.6527],[125.9446,8.6581],[125.9452,8.6639],[125.9579,8.6773],[125.9548,8.6830],[125.9645,8.6843],[125.9690,8.6995],[125.9887,8.7126]]]},"type":"Feature","id":"baeb715107","properties":{"flclr":"#000000","name":"Mabuhay","level_id":"reg","layer_val":"0","parent_id":"0","gjsonid":"14"}},{"geometry":{"type":"Polygon","coordinates":[[[126.0234,8.6509],[126.0031,8.6451],[125.9673,8.6452],[126.0033,8.6870],[126.0234,8.6509]]]},"type":"Feature","id":"687602dc0f","properties":{"flclr":"#000000","name":"San Lorenzo","level_id":"reg","layer_val":"0","parent_id":"0","gjsonid":"14"}},{"geometry":{"type":"Polygon","coordinates":[[[125.9618,8.7694],[125.9703,8.7398],[125.9887,8.7126],[125.9690,8.6995],[125.9645,8.6843],[125.9548,8.6830],[125.9579,8.6773],[125.9374,8.6483],[125.9243,8.6502],[125.9132,8.6563],[125.9195,8.6648],[125.9086,8.6745],[125.9618,8.7694]]]},"type":"Feature","id":"30aea82b43","properties":{"flclr":"#000000","name":"San Martin","level_id":"reg","layer_val":"0","parent_id":"0","gjsonid":"14"}},{"geometry":{"type":"Polygon","coordinates":[[[125.9132,8.6563],[125.9137,8.6400],[125.9195,8.6277],[125.8817,8.6258],[125.9132,8.6563]]]},"type":"Feature","id":"d1f469d746","properties":{"flclr":"#000000","name":"Awa","level_id":"reg","layer_val":"0","parent_id":"0","gjsonid":"14"}},{"geometry":{"type":"Polygon","coordinates":[[[125.9195,8.6277],[125.9137,8.6400],[125.9132,8.6563],[125.9374,8.6483],[125.9373,8.6318],[125.9293,8.6093],[125.9195,8.6277]]]},"type":"Feature","id":"cdcecb7935","properties":{"flclr":"#000000","name":"New Maug","level_id":"reg","layer_val":"0","parent_id":"0","gjsonid":"14"}},{"geometry":{"type":"Polygon","coordinates":[[[125.9087,8.5822],[125.9123,8.5819],[125.9185,8.5704],[125.8990,8.5706],[125.8971,8.5765],[125.9087,8.5822]]]},"type":"Feature","id":"a3d28723c7","properties":{"flclr":"#000000","name":"Las Navas","level_id":"reg","layer_val":"0","parent_id":"0","gjsonid":"14"}},{"geometry":{"type":"Polygon","coordinates":[[[125.9072,8.5910],[125.9013,8.5904],[125.8817,8.6258],[125.9195,8.6277],[125.9319,8.6021],[125.9222,8.5928],[125.9072,8.5910]]]},"type":"Feature","id":"59a57739f6","properties":{"flclr":"#000000","name":"Poblacion (Bahbah)","level_id":"reg","layer_val":"0","parent_id":"0","gjsonid":"14"}},{"geometry":{"type":"Polygon","coordinates":[[[125.9013,8.5904],[125.9072,8.5910],[125.9090,8.5825],[125.8971,8.5765],[125.8990,8.5706],[125.8877,8.5598],[125.8852,8.5745],[125.8750,8.5839],[125.9013,8.5904]]]},"type":"Feature","id":"62e254cdc6","properties":{"flclr":"#000000","name":"La Suerte","level_id":"reg","layer_val":"0","parent_id":"0","gjsonid":"14"}},{"geometry":{"type":"Polygon","coordinates":[[[125.9757,8.6091],[125.9401,8.5975],[125.9315,8.6009],[125.9293,8.6093],[125.9373,8.6318],[125.9372,8.6463],[125.9580,8.6422],[125.9557,8.6352],[125.9757,8.6091]]]},"type":"Feature","id":"63785f91a3","properties":{"flclr":"#000000","name":"Azpetia","level_id":"reg","layer_val":"0","parent_id":"0","gjsonid":"14"}},{"geometry":{"type":"Polygon","coordinates":[[[125.9228,8.5282],[125.9253,8.5218],[125.9082,8.5162],[125.8953,8.5268],[125.9075,8.5397],[125.9012,8.5392],[125.9039,8.5447],[125.9002,8.5485],[125.8962,8.5460],[125.8996,8.5502],[125.9019,8.5492],[125.8993,8.5554],[125.9019,8.5532],[125.9072,8.5586],[125.9006,8.5701],[125.9185,8.5704],[125.9258,8.5572],[125.9228,8.5282]]]},"type":"Feature","id":"f7f93bd3a6","properties":{"flclr":"#000000","name":"La Caridad","level_id":"reg","layer_val":"0","parent_id":"0","gjsonid":"14"}},{"geometry":{"type":"Polygon","coordinates":[[[125.8953,8.5268],[125.8840,8.5415],[125.8992,8.5578],[125.9013,8.5659],[125.9070,8.5634],[125.9042,8.5590],[125.9072,8.5586],[125.9019,8.5532],[125.8993,8.5554],[125.9019,8.5492],[125.8996,8.5502],[125.8962,8.5460],[125.9002,8.5485],[125.9039,8.5447],[125.9012,8.5392],[125.9075,8.5397],[125.8953,8.5268]]]},"type":"Feature","id":"9404aa515e","properties":{"flclr":"#000000","name":"Napo","level_id":"reg","layer_val":"0","parent_id":"0","gjsonid":"14"}},{"geometry":{"type":"Polygon","coordinates":[[[125.8877,8.5598],[125.9022,8.5694],[125.8992,8.5578],[125.8840,8.5415],[125.8711,8.5457],[125.8877,8.5598]]]},"type":"Feature","id":"c1ec6699e7","properties":{"flclr":"#000000","name":"San Pedro","level_id":"reg","layer_val":"0","parent_id":"0","gjsonid":"14"}},{"geometry":{"type":"Polygon","coordinates":[[[125.8959,8.8877],[125.8988,8.8693],[125.8274,8.8267],[125.8180,8.8518],[125.8074,8.8610],[125.8959,8.8877]]]},"type":"Feature","id":"8620970a27","properties":{"flclr":"#000000","name":"San Juan","level_id":"reg","layer_val":"0","parent_id":"0","gjsonid":"14"}},{"geometry":{"type":"Polygon","coordinates":[[[125.8270,8.8012],[125.8103,8.8078],[125.8235,8.8250],[125.8988,8.8693],[125.8381,8.8209],[125.8270,8.8012]]]},"type":"Feature","id":"7b298d0d1e","properties":{"flclr":"#000000","name":"Mt. Ararat","level_id":"reg","layer_val":"0","parent_id":"0","gjsonid":"14"}},{"geometry":{"type":"Polygon","coordinates":[[[125.8643,8.7527],[125.8513,8.7339],[125.8362,8.7423],[125.8339,8.7673],[125.8368,8.7765],[125.8406,8.7678],[125.8643,8.7527]]]},"type":"Feature","id":"dc959826e1","properties":{"flclr":"#000000","name":"Getsemane","level_id":"reg","layer_val":"0","parent_id":"0","gjsonid":"14"}}]}