{"type":"FeatureCollection","features":[{"geometry":{"type":"Polygon","coordinates":[[[125.8655,7.2704],[125.8412,7.2690],[125.8404,7.2859],[125.8648,7.2866],[125.8806,7.2671],[125.8655,7.2704]]]},"type":"Feature","id":"3cb76279e9","properties":{"flclr":"#000000","name":"Pindasan","level_id":"reg","layer_val":"0","parent_id":"0","gjsonid":"12"}},{"geometry":{"type":"Polygon","coordinates":[[[125.8412,7.2690],[125.8717,7.2707],[125.8797,7.2656],[125.8790,7.2710],[125.8884,7.2722],[125.8866,7.2450],[125.8437,7.2429],[125.8381,7.2538],[125.8412,7.2690]]]},"type":"Feature","id":"b66ba33b28","properties":{"flclr":"#000000","name":"Tagnanan (Mampising)","level_id":"reg","layer_val":"0","parent_id":"0","gjsonid":"12"}},{"geometry":{"type":"Polygon","coordinates":[[[125.8884,7.2668],[125.8885,7.2691],[125.8884,7.2722],[125.8885,7.2691],[125.8884,7.2668]]]},"type":"Feature","id":"a550ee8de3","properties":{"flclr":"#000000","name":"Tagnanan (Mampising)","level_id":"reg","layer_val":"0","parent_id":"0","gjsonid":"12"}},{"geometry":{"type":"Polygon","coordinates":[[[125.8884,7.2668],[125.8885,7.2691],[125.8884,7.2722],[125.8885,7.2691],[125.8884,7.2668]]]},"type":"Feature","id":"a550ee8de3","properties":{"flclr":"#000000","name":"Libodon","level_id":"reg","layer_val":"0","parent_id":"0","gjsonid":"12"}},{"geometry":{"type":"Polygon","coordinates":[[[126.2515,7.8406],[126.2653,7.7936],[126.3018,7.7402],[126.3050,7.7156],[126.2876,7.7045],[126.2872,7.6876],[126.2729,7.6702],[126.2065,7.7998],[126.1916,7.8488],[126.2515,7.8406]]]},"type":"Feature","id":"0439fd6aa6","properties":{"flclr":"#000000","name":"Aliwagwag","level_id":"reg","layer_val":"0","parent_id":"0","gjsonid":"12"}},{"geometry":{"type":"Polygon","coordinates":[[[126.0693,7.5210],[126.0824,7.4786],[126.0423,7.4888],[126.0228,7.4888],[126.0215,7.4991],[126.0284,7.5117],[126.0228,7.5143],[126.0252,7.5271],[126.0381,7.5178],[126.0693,7.5210]]]},"type":"Feature","id":"f1533dbb29","properties":{"flclr":"#000000","name":"Tagnocon","level_id":"reg","layer_val":"0","parent_id":"0","gjsonid":"12"}},{"geometry":{"type":"Polygon","coordinates":[[[126.2066,7.2256],[126.1659,7.2037],[126.1239,7.1808],[126.1244,7.2376],[126.1623,7.2343],[126.1744,7.2388],[126.1826,7.2475],[126.2005,7.2506],[126.2051,7.2448],[126.2066,7.2256]]]},"type":"Feature","id":"10db0cb012","properties":{"flclr":"#000000","name":"Las Arenas","level_id":"reg","layer_val":"0","parent_id":"0","gjsonid":"12"}},{"geometry":{"type":"Polygon","coordinates":[[[126.2778,7.6603],[126.5049,7.7111],[126.5045,7.6712],[126.5131,7.6514],[126.5106,7.6442],[126.4883,7.6365],[126.2958,7.6244],[126.2778,7.6603]]]},"type":"Feature","id":"c127a79481","properties":{"flclr":"#000000","name":"Campawan","level_id":"reg","layer_val":"0","parent_id":"0","gjsonid":"12"}},{"geometry":{"type":"Polygon","coordinates":[[[126.1260,6.9529],[126.1298,6.9617],[126.1268,6.9817],[126.1346,7.0278],[126.1655,7.0281],[126.1669,6.9994],[126.1516,6.9917],[126.1474,6.9732],[126.1516,6.9623],[126.1260,6.9529]]]},"type":"Feature","id":"dfc32dfe23","properties":{"flclr":"#000000","name":"Sanghay","level_id":"reg","layer_val":"0","parent_id":"0","gjsonid":"12"}},{"geometry":{"type":"Polygon","coordinates":[[[126.1346,7.0278],[126.1268,6.9817],[126.1298,6.9617],[126.1260,6.9529],[126.1086,6.9689],[126.0858,6.9749],[126.0982,6.9829],[126.1002,6.9966],[126.1062,6.9969],[126.1054,7.0040],[126.1159,7.0300],[126.1346,7.0278]]]},"type":"Feature","id":"242ef51c49","properties":{"flclr":"#000000","name":"San Isidro","level_id":"reg","layer_val":"0","parent_id":"0","gjsonid":"12"}},{"geometry":{"type":"Polygon","coordinates":[[[126.3560,7.6783],[126.2778,7.6603],[126.2729,7.6702],[126.2872,7.6876],[126.2876,7.7045],[126.3050,7.7156],[126.3018,7.7402],[126.3569,7.7281],[126.3560,7.6783]]]},"type":"Feature","id":"0bf1813036","properties":{"flclr":"#000000","name":"Malibago","level_id":"reg","layer_val":"0","parent_id":"0","gjsonid":"12"}},{"geometry":{"type":"Polygon","coordinates":[[[126.5617,7.6649],[126.5591,7.6632],[126.5576,7.6637],[126.5582,7.6644],[126.5617,7.6649]]]},"type":"Feature","id":"d679fc0b23","properties":{"flclr":"#000000","name":"San Victor","level_id":"reg","layer_val":"0","parent_id":"0","gjsonid":"12"}},{"geometry":{"type":"Polygon","coordinates":[[[126.4738,7.5216],[126.5074,7.5073],[126.5702,7.5176],[126.5547,7.4784],[126.5139,7.4741],[126.4611,7.4512],[126.4106,7.4463],[126.2922,7.4473],[126.2809,7.5021],[126.4738,7.5216]]]},"type":"Feature","id":"e074c29ba7","properties":{"flclr":"#000000","name":"Batawan","level_id":"reg","layer_val":"0","parent_id":"0","gjsonid":"12"}},{"geometry":{"type":"Polygon","coordinates":[[[126.5388,7.5127],[126.5074,7.5073],[126.4738,7.5216],[126.5014,7.5645],[126.5145,7.5579],[126.5292,7.5721],[126.5441,7.5754],[126.5489,7.5715],[126.5434,7.5568],[126.5624,7.5517],[126.5388,7.5127]]]},"type":"Feature","id":"6e3c3b85e9","properties":{"flclr":"#000000","name":"Batiano","level_id":"reg","layer_val":"0","parent_id":"0","gjsonid":"12"}},{"geometry":{"type":"Polygon","coordinates":[[[126.5643,7.7039],[126.5669,7.7027],[126.5592,7.7007],[126.5605,7.7038],[126.5643,7.7039]]]},"type":"Feature","id":"3b0a4042c9","properties":{"flclr":"#000000","name":"Kinablangan","level_id":"reg","layer_val":"0","parent_id":"0","gjsonid":"12"}},{"geometry":{"type":"Polygon","coordinates":[[[126.4738,7.5216],[126.2809,7.5021],[126.2902,7.5085],[126.2806,7.5211],[126.2660,7.5833],[126.4750,7.5849],[126.5014,7.5645],[126.4738,7.5216]]]},"type":"Feature","id":"472ad354d0","properties":{"flclr":"#000000","name":"Binondo","level_id":"reg","layer_val":"0","parent_id":"0","gjsonid":"12"}},{"geometry":{"type":"Polygon","coordinates":[[[126.2809,7.5021],[126.2922,7.4473],[126.2109,7.4926],[126.1764,7.5243],[126.1856,7.5321],[126.1755,7.5452],[126.1749,7.5651],[126.2690,7.5666],[126.2806,7.5211],[126.2902,7.5085],[126.2809,7.5021]]]},"type":"Feature","id":"31fad86863","properties":{"flclr":"#000000","name":"Manurigao","level_id":"reg","layer_val":"0","parent_id":"0","gjsonid":"12"}},{"geometry":{"type":"Polygon","coordinates":[[[126.2493,7.6472],[126.2336,7.6805],[126.2136,7.6817],[126.2027,7.6903],[126.2059,7.6992],[126.1892,7.7466],[126.1970,7.7651],[126.2024,7.7974],[126.2065,7.7998],[126.3054,7.6054],[126.2578,7.6128],[126.2493,7.6472]]]},"type":"Feature","id":"1fb5beae97","properties":{"flclr":"#000000","name":"Panansalan","level_id":"reg","layer_val":"0","parent_id":"0","gjsonid":"12"}},{"geometry":{"type":"Polygon","coordinates":[[[126.2059,7.6992],[126.2027,7.6903],[126.2061,7.6853],[126.2336,7.6805],[126.2493,7.6472],[126.1745,7.6432],[126.1172,7.6271],[126.1114,7.6320],[126.1035,7.6282],[126.1069,7.6414],[126.1020,7.6461],[126.1094,7.6469],[126.1323,7.6643],[126.1330,7.6742],[126.1253,7.6827],[126.1355,7.6903],[126.1558,7.6984],[126.2059,7.6992]]]},"type":"Feature","id":"93c642ffb6","properties":{"flclr":"#000000","name":"San Miguel","level_id":"reg","layer_val":"0","parent_id":"0","gjsonid":"12"}},{"geometry":{"type":"Polygon","coordinates":[[[126.2452,7.0953],[126.2273,7.1072],[126.2011,7.0963],[126.0646,7.0666],[126.0985,7.1406],[126.1710,7.1392],[126.1862,7.1538],[126.2351,7.1395],[126.2347,7.1289],[126.2984,7.1482],[126.2976,7.0864],[126.2452,7.0953]]]},"type":"Feature","id":"5ab34e67d3","properties":{"flclr":"#000000","name":"Calapagan","level_id":"reg","layer_val":"0","parent_id":"0","gjsonid":"12"}},{"geometry":{"type":"Polygon","coordinates":[[[126.4998,7.2761],[126.4390,7.2759],[126.4270,7.2770],[126.4515,7.2916],[126.4943,7.3028],[126.4997,7.3021],[126.4998,7.2761]]]},"type":"Feature","id":"82cedf2830","properties":{"flclr":"#000000","name":"Caningag","level_id":"reg","layer_val":"0","parent_id":"0","gjsonid":"12"}},{"geometry":{"type":"Polygon","coordinates":[[[126.5558,7.4448],[126.5521,7.4133],[126.5416,7.4098],[126.5290,7.4252],[126.5338,7.4414],[126.5404,7.4499],[126.5558,7.4448]]]},"type":"Feature","id":"d47232ebda","properties":{"flclr":"#000000","name":"San Luis","level_id":"reg","layer_val":"0","parent_id":"0","gjsonid":"12"}},{"geometry":{"type":"Polygon","coordinates":[[[126.5391,7.3547],[126.5292,7.3327],[126.5058,7.3374],[126.5013,7.3317],[126.4854,7.3548],[126.5391,7.3547]]]},"type":"Feature","id":"a264592d19","properties":{"flclr":"#000000","name":"San Pedro","level_id":"reg","layer_val":"0","parent_id":"0","gjsonid":"12"}},{"geometry":{"type":"Polygon","coordinates":[[[126.0379,7.2890],[126.0384,7.2738],[125.9410,7.2551],[125.9369,7.2744],[125.9993,7.2773],[126.0040,7.2877],[126.0379,7.2890]]]},"type":"Feature","id":"6c88f3b035","properties":{"flclr":"#000000","name":"Anitapan","level_id":"reg","layer_val":"0","parent_id":"0","gjsonid":"12"}},{"geometry":{"type":"Polygon","coordinates":[[[126.3744,6.9934],[126.3658,6.9924],[126.3533,7.0042],[126.3374,7.0053],[126.3294,7.0337],[126.3737,7.0213],[126.3744,6.9934]]]},"type":"Feature","id":"733259081e","properties":{"flclr":"#000000","name":"Tagabakid","level_id":"reg","layer_val":"0","parent_id":"0","gjsonid":"12"}},{"geometry":{"type":"Polygon","coordinates":[[[126.2635,7.0155],[126.2551,7.0294],[126.2454,7.0326],[126.2452,7.0953],[126.2976,7.0864],[126.2989,7.0610],[126.2733,7.0334],[126.3008,7.0117],[126.2960,6.9757],[126.2867,6.9730],[126.2635,7.0155]]]},"type":"Feature","id":"aae08b19cb","properties":{"flclr":"#000000","name":"Don Salvador Lopez, Sr.","level_id":"reg","layer_val":"0","parent_id":"0","gjsonid":"12"}},{"geometry":{"type":"Polygon","coordinates":[[[126.2452,7.0953],[126.2454,7.0326],[126.2332,7.0160],[126.2202,7.0168],[126.2233,7.0274],[126.2175,7.0964],[126.2273,7.1072],[126.2452,7.0953]]]},"type":"Feature","id":"0ccc432fe7","properties":{"flclr":"#000000","name":"Tagbinonga","level_id":"reg","layer_val":"0","parent_id":"0","gjsonid":"12"}},{"geometry":{"type":"Polygon","coordinates":[[[126.5301,7.1837],[126.5273,7.1763],[126.5072,7.1748],[126.5049,7.1673],[126.4968,7.1704],[126.4900,7.1638],[126.4809,7.1645],[126.4747,7.1703],[126.4814,7.1883],[126.4968,7.1809],[126.5264,7.1968],[126.5301,7.1837]]]},"type":"Feature","id":"b68499f9d4","properties":{"flclr":"#000000","name":"Zaragosa","level_id":"reg","layer_val":"0","parent_id":"0","gjsonid":"12"}},{"geometry":{"type":"Polygon","coordinates":[[[126.2960,6.9757],[126.2959,6.9637],[126.2742,6.9609],[126.2549,6.9458],[126.2438,6.9436],[126.2449,6.9506],[126.2516,6.9558],[126.2457,6.9752],[126.2510,7.0069],[126.2460,7.0072],[126.2492,7.0118],[126.2635,7.0155],[126.2867,6.9730],[126.2960,6.9757]]]},"type":"Feature","id":"51238baddc","properties":{"flclr":"#000000","name":"Don Martin Marundan","level_id":"reg","layer_val":"0","parent_id":"0","gjsonid":"12"}},{"geometry":{"type":"Polygon","coordinates":[[[126.2635,7.0155],[126.2492,7.0118],[126.2460,7.0072],[126.2510,7.0069],[126.2481,6.9910],[126.2373,6.9905],[126.2143,7.0081],[126.2202,7.0168],[126.2332,7.0160],[126.2454,7.0326],[126.2551,7.0294],[126.2635,7.0155]]]},"type":"Feature","id":"68ddb13df4","properties":{"flclr":"#000000","name":"Buso","level_id":"reg","layer_val":"0","parent_id":"0","gjsonid":"12"}},{"geometry":{"type":"Polygon","coordinates":[[[126.4814,7.1883],[126.4751,7.1717],[126.4611,7.1912],[126.4440,7.1937],[126.4388,7.1991],[126.4445,7.2215],[126.4479,7.2176],[126.4582,7.2270],[126.4778,7.2268],[126.4747,7.2048],[126.4814,7.1883]]]},"type":"Feature","id":"ac8b0f33f5","properties":{"flclr":"#000000","name":"Del Pilar","level_id":"reg","layer_val":"0","parent_id":"0","gjsonid":"12"}},{"geometry":{"type":"Polygon","coordinates":[[[126.5264,7.1968],[126.5198,7.1905],[126.5151,7.1917],[126.4951,7.1814],[126.4814,7.1883],[126.4747,7.2048],[126.4769,7.2208],[126.5166,7.2208],[126.5252,7.2120],[126.5264,7.1968]]]},"type":"Feature","id":"b862099148","properties":{"flclr":"#000000","name":"Cayawan","level_id":"reg","layer_val":"0","parent_id":"0","gjsonid":"12"}},{"geometry":{"type":"Polygon","coordinates":[[[126.5166,7.2208],[126.4769,7.2208],[126.4778,7.2268],[126.4690,7.2282],[126.4658,7.2436],[126.4901,7.2321],[126.5019,7.2352],[126.5113,7.2321],[126.5166,7.2208]]]},"type":"Feature","id":"0b1ce0bf1b","properties":{"flclr":"#000000","name":"Manreza","level_id":"reg","layer_val":"0","parent_id":"0","gjsonid":"12"}},{"geometry":{"type":"Polygon","coordinates":[[[126.4658,7.2436],[126.4690,7.2282],[126.4513,7.2241],[126.4479,7.2176],[126.4381,7.2240],[126.4527,7.2423],[126.4658,7.2436]]]},"type":"Feature","id":"4eb2de81c2","properties":{"flclr":"#000000","name":"Lambog","level_id":"reg","layer_val":"0","parent_id":"0","gjsonid":"12"}},{"geometry":{"type":"Polygon","coordinates":[[[126.4769,7.2641],[126.4810,7.2765],[126.5059,7.2759],[126.5057,7.2664],[126.4769,7.2641]]]},"type":"Feature","id":"1a4d0f4d67","properties":{"flclr":"#000000","name":"Mabini","level_id":"reg","layer_val":"0","parent_id":"0","gjsonid":"12"}},{"geometry":{"type":"Polygon","coordinates":[[[126.4810,7.2765],[126.4753,7.2542],[126.4658,7.2436],[126.4347,7.2444],[126.4295,7.2490],[126.4390,7.2759],[126.4810,7.2765]]]},"type":"Feature","id":"359e234451","properties":{"flclr":"#000000","name":"San Fermin","level_id":"reg","layer_val":"0","parent_id":"0","gjsonid":"12"}},{"geometry":{"type":"Polygon","coordinates":[[[126.0739,7.0888],[126.0646,7.0666],[126.0262,7.0369],[126.0059,7.0126],[125.9842,7.0095],[125.9999,7.0236],[125.9997,7.0498],[126.0739,7.0888]]]},"type":"Feature","id":"096b3bf32c","properties":{"flclr":"#000000","name":"Maputi","level_id":"reg","layer_val":"0","parent_id":"0","gjsonid":"12"}},{"geometry":{"type":"Polygon","coordinates":[[[126.1860,6.9980],[126.1669,6.9994],[126.1655,7.0281],[126.1825,7.0261],[126.2006,7.0132],[126.2151,7.0121],[126.2143,7.0081],[126.2373,6.9905],[126.2284,6.9558],[126.2172,6.9574],[126.1995,6.9986],[126.1860,6.9980]]]},"type":"Feature","id":"5b7fccd9fd","properties":{"flclr":"#000000","name":"Sainz","level_id":"reg","layer_val":"0","parent_id":"0","gjsonid":"12"}},{"geometry":{"type":"Polygon","coordinates":[[[126.2202,7.0168],[126.2151,7.0121],[126.2006,7.0132],[126.1825,7.0261],[126.1655,7.0281],[126.1942,7.0606],[126.2175,7.0964],[126.2233,7.0274],[126.2202,7.0168]]]},"type":"Feature","id":"7ee759d334","properties":{"flclr":"#000000","name":"Taguibo","level_id":"reg","layer_val":"0","parent_id":"0","gjsonid":"12"}},{"geometry":{"type":"Polygon","coordinates":[[[126.3374,7.0053],[126.3228,6.9875],[126.2936,7.0201],[126.3294,7.0337],[126.3374,7.0053]]]},"type":"Feature","id":"44cb55feb0","properties":{"flclr":"#000000","name":"Mayo","level_id":"reg","layer_val":"0","parent_id":"0","gjsonid":"12"}},{"geometry":{"type":"Polygon","coordinates":[[[126.4390,7.2759],[126.4199,7.2248],[126.4268,7.2051],[126.4167,7.2067],[126.4120,7.2147],[126.3841,7.2206],[126.3785,7.2264],[126.3591,7.2263],[126.3478,7.2329],[126.3404,7.2288],[126.3247,7.2318],[126.3127,7.2219],[126.3005,7.2300],[126.2977,7.2277],[126.2976,7.2727],[126.3870,7.2746],[126.3604,7.2466],[126.3921,7.2382],[126.4129,7.2755],[126.4390,7.2759]]]},"type":"Feature","id":"b522460f5f","properties":{"flclr":"#000000","name":"Rizal","level_id":"reg","layer_val":"0","parent_id":"0","gjsonid":"12"}},{"geometry":{"type":"Polygon","coordinates":[[[126.4445,7.2215],[126.4388,7.1991],[126.4234,7.2094],[126.4199,7.2248],[126.4295,7.2490],[126.4347,7.2444],[126.4527,7.2423],[126.4381,7.2240],[126.4445,7.2215]]]},"type":"Feature","id":"9b602ac6d1","properties":{"flclr":"#000000","name":"Capasnan","level_id":"reg","layer_val":"0","parent_id":"0","gjsonid":"12"}},{"geometry":{"type":"Polygon","coordinates":[[[126.5113,7.2321],[126.5019,7.2352],[126.4901,7.2321],[126.4658,7.2436],[126.4753,7.2542],[126.4834,7.2541],[126.5130,7.2419],[126.5113,7.2321]]]},"type":"Feature","id":"86949fd9fc","properties":{"flclr":"#000000","name":"Guza","level_id":"reg","layer_val":"0","parent_id":"0","gjsonid":"12"}},{"geometry":{"type":"Polygon","coordinates":[[[126.4753,7.2542],[126.4769,7.2641],[126.5057,7.2664],[126.5306,7.2477],[126.5337,7.2330],[126.5073,7.2460],[126.4753,7.2542]]]},"type":"Feature","id":"2c36cc1cdf","properties":{"flclr":"#000000","name":"Concepcion","level_id":"reg","layer_val":"0","parent_id":"0","gjsonid":"12"}},{"geometry":{"type":"Polygon","coordinates":[[[126.5264,7.1968],[126.5252,7.2120],[126.5113,7.2321],[126.5130,7.2419],[126.5317,7.2326],[126.5699,7.2321],[126.5740,7.2287],[126.5589,7.1993],[126.5333,7.1836],[126.5301,7.1837],[126.5264,7.1968]]]},"type":"Feature","id":"5f6c5bebc6","properties":{"flclr":"#000000","name":"Central (Pob.)","level_id":"reg","layer_val":"0","parent_id":"0","gjsonid":"12"}},{"geometry":{"type":"Polygon","coordinates":[[[126.5273,7.1763],[126.5347,7.1505],[126.5196,7.1444],[126.5183,7.1234],[126.5130,7.1232],[126.5081,7.1329],[126.4940,7.1372],[126.4900,7.1638],[126.4968,7.1704],[126.5049,7.1673],[126.5072,7.1748],[126.5133,7.1773],[126.5273,7.1763]]]},"type":"Feature","id":"09018fb069","properties":{"flclr":"#000000","name":"Holy Cross","level_id":"reg","layer_val":"0","parent_id":"0","gjsonid":"12"}},{"geometry":{"type":"Polygon","coordinates":[[[126.5968,7.2661],[126.5699,7.2321],[126.5337,7.2330],[126.5306,7.2477],[126.5057,7.2664],[126.5059,7.2759],[126.5444,7.2769],[126.5607,7.2633],[126.5968,7.2661]]]},"type":"Feature","id":"b0677827d1","properties":{"flclr":"#000000","name":"San Isidro","level_id":"reg","layer_val":"0","parent_id":"0","gjsonid":"12"}},{"geometry":{"type":"Polygon","coordinates":[[[126.4268,7.2051],[126.4467,7.1920],[126.4611,7.1912],[126.4796,7.1656],[126.4881,7.1663],[126.4940,7.1372],[126.4705,7.1441],[126.4563,7.1360],[126.3975,7.1565],[126.3875,7.1550],[126.3857,7.1607],[126.3786,7.1617],[126.3516,7.1484],[126.3416,7.1561],[126.3179,7.1608],[126.2984,7.1482],[126.2997,7.2297],[126.3127,7.2219],[126.3247,7.2318],[126.3404,7.2288],[126.3478,7.2329],[126.3591,7.2263],[126.3785,7.2264],[126.3841,7.2206],[126.4120,7.2147],[126.4167,7.2067],[126.4268,7.2051]]]},"type":"Feature","id":"8b3b9cee9f","properties":{"flclr":"#000000","name":"Old Macopa","level_id":"reg","layer_val":"0","parent_id":"0","gjsonid":"12"}},{"geometry":{"type":"Polygon","coordinates":[[[126.4563,7.1360],[126.4705,7.1441],[126.5081,7.1329],[126.5130,7.1232],[126.5055,7.1238],[126.5041,7.1176],[126.4872,7.1170],[126.4821,7.0962],[126.4775,7.0920],[126.4653,7.0916],[126.4518,7.1035],[126.4563,7.1360]]]},"type":"Feature","id":"a70692596e","properties":{"flclr":"#000000","name":"San Ignacio","level_id":"reg","layer_val":"0","parent_id":"0","gjsonid":"12"}},{"geometry":{"type":"Polygon","coordinates":[[[126.2978,7.1921],[126.2984,7.1482],[126.2347,7.1289],[126.2351,7.1395],[126.1862,7.1538],[126.1710,7.1392],[126.0985,7.1406],[126.1114,7.1742],[126.2066,7.2256],[126.2796,7.2170],[126.2978,7.1921]]]},"type":"Feature","id":"f2f5083df4","properties":{"flclr":"#000000","name":"Marayag","level_id":"reg","layer_val":"0","parent_id":"0","gjsonid":"12"}},{"geometry":{"type":"Polygon","coordinates":[[[126.0985,7.1406],[126.0739,7.0888],[125.9997,7.0498],[125.9999,7.0236],[125.9888,7.0137],[125.9816,7.0198],[125.9820,7.0303],[125.9623,7.0445],[126.0202,7.1277],[126.1114,7.1742],[126.0985,7.1406]]]},"type":"Feature","id":"3fee0a696e","properties":{"flclr":"#000000","name":"Punta Linao","level_id":"reg","layer_val":"0","parent_id":"0","gjsonid":"12"}},{"geometry":{"type":"Polygon","coordinates":[[[126.1655,7.0281],[126.1555,7.0254],[126.0646,7.0356],[126.0646,7.0666],[126.2011,7.0963],[126.2273,7.1072],[126.1655,7.0281]]]},"type":"Feature","id":"db84f174fd","properties":{"flclr":"#000000","name":"Don Mariano Marcos","level_id":"reg","layer_val":"0","parent_id":"0","gjsonid":"12"}},{"geometry":{"type":"Polygon","coordinates":[[[126.0646,7.0356],[126.1159,7.0300],[126.1054,7.0040],[126.1062,6.9969],[126.1002,6.9966],[126.0982,6.9829],[126.0894,6.9751],[126.0709,6.9810],[126.0585,6.9936],[126.0657,6.9992],[126.0646,7.0356]]]},"type":"Feature","id":"03140f5d18","properties":{"flclr":"#000000","name":"Maragatas","level_id":"reg","layer_val":"0","parent_id":"0","gjsonid":"12"}},{"geometry":{"type":"Polygon","coordinates":[[[126.0646,7.0666],[126.0646,7.0160],[126.0510,7.0012],[126.0230,6.9988],[126.0280,7.0228],[126.0262,7.0369],[126.0646,7.0666]]]},"type":"Feature","id":"13daa86888","properties":{"flclr":"#000000","name":"Mahayag","level_id":"reg","layer_val":"0","parent_id":"0","gjsonid":"12"}},{"geometry":{"type":"Polygon","coordinates":[[[126.0646,7.0160],[126.0657,6.9992],[126.0405,6.9799],[126.0404,7.0010],[126.0510,7.0012],[126.0646,7.0160]]]},"type":"Feature","id":"390feb7e4a","properties":{"flclr":"#000000","name":"Mahayahay","level_id":"reg","layer_val":"0","parent_id":"0","gjsonid":"12"}},{"geometry":{"type":"Polygon","coordinates":[[[126.4270,7.2770],[126.2976,7.2727],[126.2962,7.3254],[126.3808,7.3157],[126.3967,7.3244],[126.4821,7.3263],[126.5007,7.3214],[126.5225,7.3227],[126.5366,7.3120],[126.5085,7.2943],[126.4943,7.3028],[126.4515,7.2916],[126.4270,7.2770]]]},"type":"Feature","id":"fb70d076dd","properties":{"flclr":"#000000","name":"Mercedes","level_id":"reg","layer_val":"0","parent_id":"0","gjsonid":"12"}},{"geometry":{"type":"Polygon","coordinates":[[[126.4425,7.7300],[126.4611,7.7464],[126.4909,7.7517],[126.4824,7.7064],[126.4411,7.6965],[126.4425,7.7300]]]},"type":"Feature","id":"0b7994bfb6","properties":{"flclr":"#000000","name":"Alegria","level_id":"reg","layer_val":"0","parent_id":"0","gjsonid":"12"}},{"geometry":{"type":"Polygon","coordinates":[[[126.4909,7.7517],[126.5185,7.7383],[126.5232,7.7120],[126.4824,7.7064],[126.4909,7.7517]]]},"type":"Feature","id":"cf3da21d5c","properties":{"flclr":"#000000","name":"San Antonio","level_id":"reg","layer_val":"0","parent_id":"0","gjsonid":"12"}},{"geometry":{"type":"Polygon","coordinates":[[[126.4425,7.7300],[126.4411,7.6965],[126.3560,7.6783],[126.3569,7.7281],[126.4046,7.7249],[126.4268,7.7434],[126.4425,7.7300]]]},"type":"Feature","id":"154c8c21a2","properties":{"flclr":"#000000","name":"Taytayan","level_id":"reg","layer_val":"0","parent_id":"0","gjsonid":"12"}},{"geometry":{"type":"Polygon","coordinates":[[[126.3870,7.2746],[126.4129,7.2755],[126.3921,7.2382],[126.3604,7.2466],[126.3870,7.2746]]]},"type":"Feature","id":"eff5a8c71c","properties":{"flclr":"#000000","name":"New Taokanga","level_id":"reg","layer_val":"0","parent_id":"0","gjsonid":"12"}},{"geometry":{"type":"Polygon","coordinates":[[[126.5059,7.2759],[126.4998,7.2761],[126.5003,7.2968],[126.5085,7.2943],[126.5255,7.3055],[126.5464,7.2860],[126.5417,7.2808],[126.5444,7.2769],[126.5059,7.2759]]]},"type":"Feature","id":"4e681ed940","properties":{"flclr":"#000000","name":"San Miguel","level_id":"reg","layer_val":"0","parent_id":"0","gjsonid":"12"}},{"geometry":{"type":"Polygon","coordinates":[[[126.5583,7.3716],[126.5566,7.3554],[126.4854,7.3548],[126.4589,7.3850],[126.2935,7.3844],[126.2930,7.4002],[126.4528,7.4063],[126.4646,7.4222],[126.4856,7.4154],[126.4823,7.3943],[126.5074,7.3942],[126.5583,7.3716]]]},"type":"Feature","id":"8826f6c005","properties":{"flclr":"#000000","name":"Palma Gil","level_id":"reg","layer_val":"0","parent_id":"0","gjsonid":"12"}},{"geometry":{"type":"Polygon","coordinates":[[[126.5347,7.3158],[126.5225,7.3227],[126.5007,7.3214],[126.5013,7.3317],[126.5058,7.3374],[126.5264,7.3325],[126.5337,7.3354],[126.5381,7.3192],[126.5347,7.3158]]]},"type":"Feature","id":"4e2dabe041","properties":{"flclr":"#000000","name":"Don Leon Balante","level_id":"reg","layer_val":"0","parent_id":"0","gjsonid":"12"}},{"geometry":{"type":"Polygon","coordinates":[[[126.5650,7.3275],[126.5544,7.3201],[126.5531,7.3104],[126.5578,7.3008],[126.5459,7.2867],[126.5255,7.3055],[126.5366,7.3120],[126.5363,7.3324],[126.5499,7.3234],[126.5650,7.3275]]]},"type":"Feature","id":"70c7c39c58","properties":{"flclr":"#000000","name":"San Jose","level_id":"reg","layer_val":"0","parent_id":"0","gjsonid":"12"}},{"geometry":{"type":"Polygon","coordinates":[[[126.5669,7.3894],[126.5583,7.3716],[126.5074,7.3942],[126.5609,7.3934],[126.5669,7.3894]]]},"type":"Feature","id":"0a62e32a28","properties":{"flclr":"#000000","name":"Santa Fe","level_id":"reg","layer_val":"0","parent_id":"0","gjsonid":"12"}},{"geometry":{"type":"Polygon","coordinates":[[[126.5203,7.3949],[126.4823,7.3943],[126.4852,7.4147],[126.5193,7.4179],[126.5203,7.3949]]]},"type":"Feature","id":"247a689fa2","properties":{"flclr":"#000000","name":"Alvar","level_id":"reg","layer_val":"0","parent_id":"0","gjsonid":"12"}},{"geometry":{"type":"Polygon","coordinates":[[[126.5521,7.4133],[126.5591,7.4025],[126.5797,7.4012],[126.5798,7.3941],[126.5669,7.3894],[126.5609,7.3934],[126.5203,7.3949],[126.5193,7.4179],[126.5306,7.4134],[126.5329,7.4162],[126.5416,7.4098],[126.5521,7.4133]]]},"type":"Feature","id":"58d83b5d6a","properties":{"flclr":"#000000","name":"Manorigao","level_id":"reg","layer_val":"0","parent_id":"0","gjsonid":"12"}},{"geometry":{"type":"Polygon","coordinates":[[[126.5069,7.4166],[126.4856,7.4154],[126.4646,7.4222],[126.4499,7.4504],[126.4904,7.4505],[126.5042,7.4332],[126.5069,7.4166]]]},"type":"Feature","id":"5a83b1df2e","properties":{"flclr":"#000000","name":"Lamiawan","level_id":"reg","layer_val":"0","parent_id":"0","gjsonid":"12"}},{"geometry":{"type":"Polygon","coordinates":[[[126.5193,7.4179],[126.5069,7.4166],[126.5042,7.4332],[126.4904,7.4505],[126.5404,7.4499],[126.5290,7.4252],[126.5329,7.4162],[126.5306,7.4134],[126.5193,7.4179]]]},"type":"Feature","id":"88abe86666","properties":{"flclr":"#000000","name":"San Antonio","level_id":"reg","layer_val":"0","parent_id":"0","gjsonid":"12"}},{"geometry":{"type":"Polygon","coordinates":[[[126.4499,7.4504],[126.4646,7.4222],[126.4528,7.4063],[126.2930,7.4002],[126.2922,7.4473],[126.4106,7.4463],[126.4499,7.4504]]]},"type":"Feature","id":"5ac627e419","properties":{"flclr":"#000000","name":"Pichon","level_id":"reg","layer_val":"0","parent_id":"0","gjsonid":"12"}},{"geometry":{"type":"Polygon","coordinates":[[[126.2922,7.4473],[126.2924,7.4216],[126.1862,7.4529],[126.1737,7.4531],[126.1331,7.5170],[126.1556,7.5302],[126.1570,7.5362],[126.1675,7.5387],[126.1680,7.5653],[126.1749,7.5651],[126.1755,7.5452],[126.1856,7.5321],[126.1764,7.5243],[126.2109,7.4926],[126.2922,7.4473]]]},"type":"Feature","id":"6db9d675d1","properties":{"flclr":"#000000","name":"Andap","level_id":"reg","layer_val":"0","parent_id":"0","gjsonid":"12"}},{"geometry":{"type":"Polygon","coordinates":[[[126.5538,7.3552],[126.5578,7.3482],[126.5695,7.3423],[126.5715,7.3279],[126.5499,7.3234],[126.5308,7.3367],[126.5391,7.3547],[126.5538,7.3552]]]},"type":"Feature","id":"554e019f9b","properties":{"flclr":"#000000","name":"Poblacion","level_id":"reg","layer_val":"0","parent_id":"0","gjsonid":"12"}},{"geometry":{"type":"Polygon","coordinates":[[[126.5968,7.2661],[126.5607,7.2633],[126.5417,7.2808],[126.5578,7.3008],[126.5694,7.2882],[126.5807,7.2922],[126.5843,7.2883],[126.5982,7.2959],[126.6055,7.2896],[126.6021,7.2713],[126.5968,7.2661]]]},"type":"Feature","id":"8515b1a45f","properties":{"flclr":"#000000","name":"Santiago","level_id":"reg","layer_val":"0","parent_id":"0","gjsonid":"12"}},{"geometry":{"type":"Polygon","coordinates":[[[126.4854,7.3548],[126.5013,7.3317],[126.5007,7.3214],[126.4821,7.3263],[126.3967,7.3244],[126.3808,7.3157],[126.2962,7.3254],[126.2935,7.3844],[126.4589,7.3850],[126.4854,7.3548]]]},"type":"Feature","id":"5d663102bd","properties":{"flclr":"#000000","name":"Sobrecarey","level_id":"reg","layer_val":"0","parent_id":"0","gjsonid":"12"}},{"geometry":{"type":"Polygon","coordinates":[[[126.0152,6.9937],[126.0059,7.0126],[126.0262,7.0369],[126.0280,7.0228],[126.0230,6.9988],[126.0152,6.9937]]]},"type":"Feature","id":"44f6876132","properties":{"flclr":"#000000","name":"Causwagan","level_id":"reg","layer_val":"0","parent_id":"0","gjsonid":"12"}},{"geometry":{"type":"Polygon","coordinates":[[[125.9623,7.0445],[125.9499,7.0477],[125.9472,7.0577],[125.9526,7.0621],[125.9594,7.0609],[125.9572,7.0666],[125.9441,7.0734],[125.9548,7.0848],[125.9539,7.0951],[125.9705,7.0972],[126.0202,7.1277],[125.9623,7.0445]]]},"type":"Feature","id":"bea26ce0a1","properties":{"flclr":"#000000","name":"Pintatagan","level_id":"reg","layer_val":"0","parent_id":"0","gjsonid":"12"}},{"geometry":{"type":"Polygon","coordinates":[[[126.5547,7.4784],[126.5702,7.5176],[126.5934,7.5232],[126.5986,7.5077],[126.5984,7.4807],[126.5547,7.4784]]]},"type":"Feature","id":"57423c92fd","properties":{"flclr":"#000000","name":"Bobonao","level_id":"reg","layer_val":"0","parent_id":"0","gjsonid":"12"}},{"geometry":{"type":"Polygon","coordinates":[[[126.5934,7.5232],[126.5702,7.5176],[126.5388,7.5127],[126.5624,7.5517],[126.5835,7.5522],[126.5934,7.5232]]]},"type":"Feature","id":"d464b23cb5","properties":{"flclr":"#000000","name":"Salingcomot","level_id":"reg","layer_val":"0","parent_id":"0","gjsonid":"12"}},{"geometry":{"type":"Polygon","coordinates":[[[126.5131,7.6514],[126.5332,7.6512],[126.5365,7.6330],[126.5341,7.6145],[126.4969,7.5962],[126.5114,7.6252],[126.4883,7.6365],[126.5106,7.6442],[126.5131,7.6514]]]},"type":"Feature","id":"516bdd4546","properties":{"flclr":"#000000","name":"San Isidro","level_id":"reg","layer_val":"0","parent_id":"0","gjsonid":"12"}},{"geometry":{"type":"Polygon","coordinates":[[[126.5332,7.6512],[126.5131,7.6514],[126.5045,7.6712],[126.5029,7.6932],[126.5310,7.6937],[126.5545,7.6866],[126.5508,7.6780],[126.5591,7.6725],[126.5528,7.6632],[126.5575,7.6511],[126.5332,7.6512]]]},"type":"Feature","id":"41c8f584ed","properties":{"flclr":"#000000","name":"San Victor","level_id":"reg","layer_val":"0","parent_id":"0","gjsonid":"12"}},{"geometry":{"type":"Polygon","coordinates":[[[126.4722,7.0911],[126.4691,7.0828],[126.4762,7.0668],[126.4585,7.0629],[126.4541,7.0548],[126.4346,7.0574],[126.4495,7.0882],[126.4591,7.0944],[126.4722,7.0911]]]},"type":"Feature","id":"07b69605b3","properties":{"flclr":"#000000","name":"Jovellar","level_id":"reg","layer_val":"0","parent_id":"0","gjsonid":"12"}},{"geometry":{"type":"Polygon","coordinates":[[[126.5558,7.4448],[126.5404,7.4499],[126.4611,7.4512],[126.5139,7.4741],[126.5981,7.4805],[126.5938,7.4794],[126.5987,7.4741],[126.5947,7.4488],[126.5558,7.4448]]]},"type":"Feature","id":"91136cc165","properties":{"flclr":"#000000","name":"Baculin","level_id":"reg","layer_val":"0","parent_id":"0","gjsonid":"12"}},{"geometry":{"type":"Polygon","coordinates":[[[126.4969,7.5962],[126.4750,7.5849],[126.4395,7.5820],[126.3946,7.5854],[126.2660,7.5833],[126.2578,7.6128],[126.3054,7.6054],[126.2958,7.6244],[126.4883,7.6365],[126.5114,7.6252],[126.4969,7.5962]]]},"type":"Feature","id":"46cf62b8ab","properties":{"flclr":"#000000","name":"Mikit","level_id":"reg","layer_val":"0","parent_id":"0","gjsonid":"12"}},{"geometry":{"type":"Polygon","coordinates":[[[126.4750,7.5849],[126.5187,7.6069],[126.5292,7.5688],[126.5145,7.5579],[126.4750,7.5849]]]},"type":"Feature","id":"b447a7f10b","properties":{"flclr":"#000000","name":"Mahanub","level_id":"reg","layer_val":"0","parent_id":"0","gjsonid":"12"}},{"geometry":{"type":"Polygon","coordinates":[[[126.5575,7.6511],[126.5518,7.6373],[126.5640,7.6192],[126.5341,7.6145],[126.5365,7.6330],[126.5332,7.6512],[126.5575,7.6511]]]},"type":"Feature","id":"6bfa299e1c","properties":{"flclr":"#000000","name":"Dapnan","level_id":"reg","layer_val":"0","parent_id":"0","gjsonid":"12"}},{"geometry":{"type":"Polygon","coordinates":[[[126.3294,7.0337],[126.2893,7.0187],[126.2733,7.0334],[126.2989,7.0610],[126.2976,7.0864],[126.3012,7.0939],[126.3288,7.0974],[126.3294,7.0337]]]},"type":"Feature","id":"8fba0b3434","properties":{"flclr":"#000000","name":"Limot","level_id":"reg","layer_val":"0","parent_id":"0","gjsonid":"12"}},{"geometry":{"type":"Polygon","coordinates":[[[126.3940,7.0857],[126.3970,7.0341],[126.3866,7.0258],[126.3660,7.0225],[126.3515,7.0532],[126.3513,7.0870],[126.3614,7.1003],[126.3940,7.0857]]]},"type":"Feature","id":"12ba8293a2","properties":{"flclr":"#000000","name":"Tomoaong","level_id":"reg","layer_val":"0","parent_id":"0","gjsonid":"12"}},{"geometry":{"type":"Polygon","coordinates":[[[126.5530,7.6885],[126.5310,7.6937],[126.5046,7.6939],[126.5049,7.7111],[126.5549,7.7113],[126.5593,7.7050],[126.5515,7.6972],[126.5530,7.6885]]]},"type":"Feature","id":"dffe315dd8","properties":{"flclr":"#000000","name":"Kinablangan","level_id":"reg","layer_val":"0","parent_id":"0","gjsonid":"12"}},{"geometry":{"type":"Polygon","coordinates":[[[126.5198,7.6006],[126.5187,7.6069],[126.5341,7.6145],[126.5737,7.6198],[126.5771,7.6137],[126.5773,7.6042],[126.5650,7.6092],[126.5621,7.5985],[126.5198,7.6006]]]},"type":"Feature","id":"a2b4560116","properties":{"flclr":"#000000","name":"Lambajon","level_id":"reg","layer_val":"0","parent_id":"0","gjsonid":"12"}},{"geometry":{"type":"Polygon","coordinates":[[[126.5621,7.5985],[126.5596,7.5787],[126.5559,7.5756],[126.5489,7.5715],[126.5441,7.5754],[126.5292,7.5721],[126.5198,7.6006],[126.5621,7.5985]]]},"type":"Feature","id":"870abe351d","properties":{"flclr":"#000000","name":"Saoquegue","level_id":"reg","layer_val":"0","parent_id":"0","gjsonid":"12"}},{"geometry":{"type":"Polygon","coordinates":[[[126.3970,7.0341],[126.3967,7.0715],[126.3999,7.0734],[126.4311,7.0538],[126.4346,7.0428],[126.4315,7.0337],[126.4462,7.0228],[126.4275,7.0226],[126.3970,7.0341]]]},"type":"Feature","id":"4d8cc93fec","properties":{"flclr":"#000000","name":"Cabagayan","level_id":"reg","layer_val":"0","parent_id":"0","gjsonid":"12"}},{"geometry":{"type":"Polygon","coordinates":[[[126.5549,7.7113],[126.5232,7.7120],[126.5194,7.7336],[126.5321,7.7425],[126.5491,7.7316],[126.5616,7.7321],[126.5703,7.7167],[126.5660,7.7113],[126.5634,7.7179],[126.5629,7.7099],[126.5549,7.7113]]]},"type":"Feature","id":"0990b02915","properties":{"flclr":"#000000","name":"Banao","level_id":"reg","layer_val":"0","parent_id":"0","gjsonid":"12"}},{"geometry":{"type":"Polygon","coordinates":[[[126.5624,7.5517],[126.5434,7.5568],[126.5489,7.5715],[126.5596,7.5787],[126.5670,7.5716],[126.5611,7.5671],[126.5624,7.5517]]]},"type":"Feature","id":"6dbdeb2bd1","properties":{"flclr":"#000000","name":"Central (Pob.)","level_id":"reg","layer_val":"0","parent_id":"0","gjsonid":"12"}},{"geometry":{"type":"Polygon","coordinates":[[[126.5835,7.5522],[126.5624,7.5517],[126.5611,7.5671],[126.5724,7.5750],[126.5808,7.5705],[126.5778,7.5626],[126.5835,7.5522]]]},"type":"Feature","id":"8cb50fa84b","properties":{"flclr":"#000000","name":"Lucod","level_id":"reg","layer_val":"0","parent_id":"0","gjsonid":"12"}},{"geometry":{"type":"Polygon","coordinates":[[[126.3660,7.0225],[126.3294,7.0337],[126.3288,7.0974],[126.3614,7.1003],[126.3513,7.0870],[126.3515,7.0532],[126.3660,7.0225]]]},"type":"Feature","id":"43d688f247","properties":{"flclr":"#000000","name":"Ompao","level_id":"reg","layer_val":"0","parent_id":"0","gjsonid":"12"}},{"geometry":{"type":"Polygon","coordinates":[[[126.4546,7.1101],[126.4518,7.1035],[126.4591,7.0944],[126.4495,7.0882],[126.4311,7.0538],[126.4018,7.0730],[126.3967,7.0715],[126.3940,7.0857],[126.4070,7.0865],[126.4090,7.1009],[126.4178,7.1061],[126.4546,7.1101]]]},"type":"Feature","id":"a1535ff164","properties":{"flclr":"#000000","name":"Maganda","level_id":"reg","layer_val":"0","parent_id":"0","gjsonid":"12"}},{"geometry":{"type":"Polygon","coordinates":[[[126.4563,7.1360],[126.4546,7.1101],[126.4178,7.1061],[126.4044,7.1339],[126.3997,7.1551],[126.4563,7.1360]]]},"type":"Feature","id":"b7e4b69ef1","properties":{"flclr":"#000000","name":"Dadong","level_id":"reg","layer_val":"0","parent_id":"0","gjsonid":"12"}},{"geometry":{"type":"Polygon","coordinates":[[[126.4541,7.0548],[126.4534,7.0356],[126.4497,7.0217],[126.4315,7.0337],[126.4346,7.0428],[126.4311,7.0538],[126.4341,7.0581],[126.4541,7.0548]]]},"type":"Feature","id":"f3ddd46a30","properties":{"flclr":"#000000","name":"Central (Pob.)","level_id":"reg","layer_val":"0","parent_id":"0","gjsonid":"12"}},{"geometry":{"type":"Polygon","coordinates":[[[126.4462,7.0228],[126.4619,7.0004],[126.4580,6.9929],[126.4391,6.9996],[126.4157,7.0003],[126.4047,6.9901],[126.3962,6.9880],[126.3736,6.9905],[126.3737,7.0213],[126.3941,7.0292],[126.3970,7.0341],[126.4275,7.0226],[126.4462,7.0228]]]},"type":"Feature","id":"f90f83afad","properties":{"flclr":"#000000","name":"Lucatan","level_id":"reg","layer_val":"0","parent_id":"0","gjsonid":"12"}},{"geometry":{"type":"Polygon","coordinates":[[[126.3997,7.1551],[126.4044,7.1339],[126.4178,7.1061],[126.4090,7.1009],[126.4070,7.0865],[126.3940,7.0857],[126.3614,7.1003],[126.3012,7.0939],[126.2976,7.0864],[126.2984,7.1482],[126.3130,7.1592],[126.3416,7.1561],[126.3516,7.1484],[126.3786,7.1617],[126.3857,7.1607],[126.3875,7.1550],[126.3921,7.1578],[126.3997,7.1551]]]},"type":"Feature","id":"e7b02f13c2","properties":{"flclr":"#000000","name":"Tubaon","level_id":"reg","layer_val":"0","parent_id":"0","gjsonid":"12"}},{"geometry":{"type":"Polygon","coordinates":[[[126.0386,7.5967],[126.0452,7.5716],[126.0147,7.5696],[126.0176,7.5849],[126.0386,7.5967]]]},"type":"Feature","id":"9cff454130","properties":{"flclr":"#000000","name":"Ogao","level_id":"reg","layer_val":"0","parent_id":"0","gjsonid":"12"}},{"geometry":{"type":"Polygon","coordinates":[[[126.0425,7.5813],[126.0386,7.5967],[126.0542,7.5941],[126.0744,7.6136],[126.0853,7.6162],[126.0911,7.6036],[126.0962,7.6035],[126.1015,7.5850],[126.0998,7.5747],[126.1091,7.5595],[126.0878,7.5659],[126.0806,7.5782],[126.0745,7.5779],[126.0701,7.5844],[126.0425,7.5813]]]},"type":"Feature","id":"8f4e8bd296","properties":{"flclr":"#000000","name":"Panag","level_id":"reg","layer_val":"0","parent_id":"0","gjsonid":"12"}},{"geometry":{"type":"Polygon","coordinates":[[[126.1015,7.5854],[126.0954,7.6035],[126.1188,7.6071],[126.1187,7.5872],[126.1015,7.5854]]]},"type":"Feature","id":"be362bfc5a","properties":{"flclr":"#000000","name":"Magsaysay","level_id":"reg","layer_val":"0","parent_id":"0","gjsonid":"12"}},{"geometry":{"type":"Polygon","coordinates":[[[126.1117,7.5598],[126.1375,7.5659],[126.1680,7.5653],[126.1675,7.5387],[126.1570,7.5362],[126.1556,7.5302],[126.1331,7.5170],[126.1158,7.5438],[126.1117,7.5598]]]},"type":"Feature","id":"336bd28700","properties":{"flclr":"#000000","name":"Cabinuangan (Pob.)","level_id":"reg","layer_val":"0","parent_id":"0","gjsonid":"12"}},{"geometry":{"type":"Polygon","coordinates":[[[126.1161,7.5629],[126.1091,7.5595],[126.1045,7.5639],[126.0984,7.5806],[126.1015,7.5854],[126.1187,7.5872],[126.1215,7.5746],[126.1161,7.5629]]]},"type":"Feature","id":"b90709a553","properties":{"flclr":"#000000","name":"Cogonon","level_id":"reg","layer_val":"0","parent_id":"0","gjsonid":"12"}},{"geometry":{"type":"Polygon","coordinates":[[[126.1188,7.6071],[126.0913,7.6036],[126.0853,7.6162],[126.1114,7.6320],[126.1188,7.6071]]]},"type":"Feature","id":"de52e94ca4","properties":{"flclr":"#000000","name":"Katipunan","level_id":"reg","layer_val":"0","parent_id":"0","gjsonid":"12"}},{"geometry":{"type":"Polygon","coordinates":[[[126.2578,7.6128],[126.2635,7.5923],[126.1195,7.5923],[126.1195,7.5979],[126.1301,7.6001],[126.1322,7.6094],[126.1527,7.6142],[126.2578,7.6128]]]},"type":"Feature","id":"2878d172af","properties":{"flclr":"#000000","name":"Kahayag","level_id":"reg","layer_val":"0","parent_id":"0","gjsonid":"12"}},{"geometry":{"type":"Polygon","coordinates":[[[126.1527,7.6142],[126.1322,7.6094],[126.1301,7.6001],[126.1195,7.5979],[126.1150,7.6281],[126.1453,7.6332],[126.1527,7.6142]]]},"type":"Feature","id":"d1c2bd2098","properties":{"flclr":"#000000","name":"Bantacan","level_id":"reg","layer_val":"0","parent_id":"0","gjsonid":"12"}},{"geometry":{"type":"Polygon","coordinates":[[[126.1527,7.6142],[126.1453,7.6332],[126.1745,7.6432],[126.2493,7.6472],[126.2578,7.6128],[126.1527,7.6142]]]},"type":"Feature","id":"14043826ab","properties":{"flclr":"#000000","name":"Pagsabangan","level_id":"reg","layer_val":"0","parent_id":"0","gjsonid":"12"}},{"geometry":{"type":"Polygon","coordinates":[[[126.1228,7.5333],[126.1615,7.4723],[126.0863,7.4684],[126.0693,7.5210],[126.1020,7.5321],[126.1228,7.5333]]]},"type":"Feature","id":"b0c92bdf2b","properties":{"flclr":"#000000","name":"Camanlangan","level_id":"reg","layer_val":"0","parent_id":"0","gjsonid":"12"}},{"geometry":{"type":"Polygon","coordinates":[[[126.2924,7.4216],[126.2913,7.3837],[126.2208,7.3990],[126.1627,7.4278],[126.1250,7.4327],[126.1191,7.4185],[126.1026,7.4263],[126.0863,7.4684],[126.1615,7.4723],[126.1737,7.4531],[126.1862,7.4529],[126.2924,7.4216]]]},"type":"Feature","id":"f0233b5b07","properties":{"flclr":"#000000","name":"Tandawan","level_id":"reg","layer_val":"0","parent_id":"0","gjsonid":"12"}},{"geometry":{"type":"Polygon","coordinates":[[[126.0952,7.5296],[126.0693,7.5210],[126.0554,7.5591],[126.0713,7.5621],[126.0827,7.5695],[126.0984,7.5621],[126.0952,7.5296]]]},"type":"Feature","id":"5029302fff","properties":{"flclr":"#000000","name":"Magangit","level_id":"reg","layer_val":"0","parent_id":"0","gjsonid":"12"}},{"geometry":{"type":"Polygon","coordinates":[[[126.0827,7.5695],[126.0713,7.5621],[126.0554,7.5591],[126.0425,7.5813],[126.0701,7.5844],[126.0745,7.5779],[126.0806,7.5782],[126.0827,7.5695]]]},"type":"Feature","id":"034c2a444f","properties":{"flclr":"#000000","name":"Batinao","level_id":"reg","layer_val":"0","parent_id":"0","gjsonid":"12"}},{"geometry":{"type":"Polygon","coordinates":[[[126.1091,7.5595],[126.1228,7.5333],[126.0952,7.5296],[126.0984,7.5621],[126.1091,7.5595]]]},"type":"Feature","id":"6e6249713d","properties":{"flclr":"#000000","name":"Fatima","level_id":"reg","layer_val":"0","parent_id":"0","gjsonid":"12"}},{"geometry":{"type":"Polygon","coordinates":[[[125.9989,7.6364],[126.0034,7.6476],[126.0312,7.6461],[126.0345,7.6264],[126.0444,7.6107],[126.0325,7.6075],[126.0210,7.6113],[126.0189,7.6283],[125.9989,7.6364]]]},"type":"Feature","id":"5028cd7f86","properties":{"flclr":"#000000","name":"Magading","level_id":"reg","layer_val":"0","parent_id":"0","gjsonid":"12"}},{"geometry":{"type":"Polygon","coordinates":[[[125.9601,7.5671],[125.9645,7.5718],[125.9644,7.5918],[125.9707,7.5935],[125.9774,7.5668],[125.9746,7.5573],[125.9601,7.5671]]]},"type":"Feature","id":"fa8de29077","properties":{"flclr":"#000000","name":"Libasan","level_id":"reg","layer_val":"0","parent_id":"0","gjsonid":"12"}},{"geometry":{"type":"Polygon","coordinates":[[[125.9883,7.5908],[125.9910,7.5750],[125.9755,7.5724],[125.9728,7.5996],[125.9883,7.5908]]]},"type":"Feature","id":"f155f14a97","properties":{"flclr":"#000000","name":"Santa Maria","level_id":"reg","layer_val":"0","parent_id":"0","gjsonid":"12"}},{"geometry":{"type":"Polygon","coordinates":[[[126.2635,7.5923],[126.2690,7.5666],[126.1161,7.5629],[126.1215,7.5746],[126.1195,7.5923],[126.2635,7.5923]]]},"type":"Feature","id":"971e954112","properties":{"flclr":"#000000","name":"San Roque","level_id":"reg","layer_val":"0","parent_id":"0","gjsonid":"12"}},{"geometry":{"type":"Polygon","coordinates":[[[125.9253,7.5707],[125.9475,7.5736],[125.9566,7.5656],[125.9402,7.5458],[125.8958,7.5485],[125.8995,7.5753],[125.9253,7.5707]]]},"type":"Feature","id":"03166cfee9","properties":{"flclr":"#000000","name":"New Sibonga","level_id":"reg","layer_val":"0","parent_id":"0","gjsonid":"12"}},{"geometry":{"type":"Polygon","coordinates":[[[125.9475,7.5736],[125.9253,7.5707],[125.9231,7.5837],[125.9292,7.5915],[125.9417,7.5920],[125.9528,7.5869],[125.9475,7.5736]]]},"type":"Feature","id":"9bba34d5d9","properties":{"flclr":"#000000","name":"Linda","level_id":"reg","layer_val":"0","parent_id":"0","gjsonid":"12"}},{"geometry":{"type":"Polygon","coordinates":[[[125.9566,7.5656],[125.9466,7.5783],[125.9527,7.5818],[125.9584,7.5945],[125.9644,7.5918],[125.9651,7.5779],[125.9645,7.5718],[125.9566,7.5656]]]},"type":"Feature","id":"22d9e8b524","properties":{"flclr":"#000000","name":"Sasa","level_id":"reg","layer_val":"0","parent_id":"0","gjsonid":"12"}},{"geometry":{"type":"Polygon","coordinates":[[[125.9644,7.5918],[125.9526,7.6004],[125.9561,7.6233],[125.9774,7.6130],[125.9707,7.5935],[125.9644,7.5918]]]},"type":"Feature","id":"841a568595","properties":{"flclr":"#000000","name":"Poblacion","level_id":"reg","layer_val":"0","parent_id":"0","gjsonid":"12"}},{"geometry":{"type":"Polygon","coordinates":[[[125.9561,7.6233],[125.9544,7.6126],[125.9325,7.6118],[125.9392,7.6476],[125.9563,7.6475],[125.9561,7.6233]]]},"type":"Feature","id":"b73241ba15","properties":{"flclr":"#000000","name":"San Isidro","level_id":"reg","layer_val":"0","parent_id":"0","gjsonid":"12"}},{"geometry":{"type":"Polygon","coordinates":[[[125.9584,7.5945],[125.9528,7.5869],[125.9417,7.5920],[125.9292,7.5915],[125.9325,7.6118],[125.9544,7.6126],[125.9526,7.6004],[125.9584,7.5945]]]},"type":"Feature","id":"f4802bcb76","properties":{"flclr":"#000000","name":"San Roque","level_id":"reg","layer_val":"0","parent_id":"0","gjsonid":"12"}},{"geometry":{"type":"Polygon","coordinates":[[[125.9755,7.5724],[125.9880,7.5733],[125.9891,7.5581],[125.9746,7.5573],[125.9755,7.5724]]]},"type":"Feature","id":"321f27070c","properties":{"flclr":"#000000","name":"San Vicente","level_id":"reg","layer_val":"0","parent_id":"0","gjsonid":"12"}},{"geometry":{"type":"Polygon","coordinates":[[[126.0229,7.5425],[126.0140,7.5563],[126.0147,7.5696],[126.0286,7.5701],[126.0288,7.5604],[126.0365,7.5494],[126.0323,7.5423],[126.0229,7.5425]]]},"type":"Feature","id":"b099f48288","properties":{"flclr":"#000000","name":"Manat","level_id":"reg","layer_val":"0","parent_id":"0","gjsonid":"12"}},{"geometry":{"type":"Polygon","coordinates":[[[125.9883,7.5908],[126.0000,7.5916],[126.0017,7.5756],[126.0159,7.5772],[126.0140,7.5563],[125.9891,7.5581],[125.9883,7.5908]]]},"type":"Feature","id":"73106112fc","properties":{"flclr":"#000000","name":"Cabidianan","level_id":"reg","layer_val":"0","parent_id":"0","gjsonid":"12"}},{"geometry":{"type":"Polygon","coordinates":[[[125.9993,7.5918],[125.9883,7.5908],[125.9728,7.5996],[125.9774,7.6130],[125.9972,7.6150],[126.0020,7.5984],[125.9993,7.5918]]]},"type":"Feature","id":"a1c3407388","properties":{"flclr":"#000000","name":"Pangutosan","level_id":"reg","layer_val":"0","parent_id":"0","gjsonid":"12"}},{"geometry":{"type":"Polygon","coordinates":[[[125.9972,7.6150],[125.9774,7.6130],[125.9571,7.6225],[125.9563,7.6475],[125.9836,7.6597],[126.0034,7.6476],[125.9972,7.6150]]]},"type":"Feature","id":"a66013cf60","properties":{"flclr":"#000000","name":"Magsaysay","level_id":"reg","layer_val":"0","parent_id":"0","gjsonid":"12"}},{"geometry":{"type":"Polygon","coordinates":[[[125.9891,7.5581],[126.0140,7.5563],[126.0229,7.5425],[126.0212,7.5300],[125.9918,7.5313],[125.9891,7.5581]]]},"type":"Feature","id":"d1733ab03c","properties":{"flclr":"#000000","name":"Anislagan","level_id":"reg","layer_val":"0","parent_id":"0","gjsonid":"12"}},{"geometry":{"type":"Polygon","coordinates":[[[126.0000,7.5916],[126.0020,7.5984],[125.9972,7.6150],[125.9989,7.6364],[126.0189,7.6283],[126.0210,7.6059],[126.0293,7.5924],[126.0196,7.5843],[126.0000,7.5916]]]},"type":"Feature","id":"e206f3e87e","properties":{"flclr":"#000000","name":"Basak","level_id":"reg","layer_val":"0","parent_id":"0","gjsonid":"12"}},{"geometry":{"type":"Polygon","coordinates":[[[126.0539,7.5637],[126.0578,7.5511],[126.0531,7.5500],[126.0365,7.5494],[126.0288,7.5604],[126.0539,7.5637]]]},"type":"Feature","id":"1a1b7241df","properties":{"flclr":"#000000","name":"Santo Ni\u00f1o (Kao)","level_id":"reg","layer_val":"0","parent_id":"0","gjsonid":"12"}},{"geometry":{"type":"Polygon","coordinates":[[[126.0365,7.5494],[126.0578,7.5511],[126.0598,7.5401],[126.0479,7.5353],[126.0381,7.5377],[126.0323,7.5423],[126.0365,7.5494]]]},"type":"Feature","id":"154263e60d","properties":{"flclr":"#000000","name":"Matilo","level_id":"reg","layer_val":"0","parent_id":"0","gjsonid":"12"}},{"geometry":{"type":"Polygon","coordinates":[[[126.0176,7.5849],[126.0159,7.5772],[126.0017,7.5756],[125.9987,7.5797],[126.0000,7.5916],[126.0176,7.5849]]]},"type":"Feature","id":"f6eedcdcb0","properties":{"flclr":"#000000","name":"Antiquera","level_id":"reg","layer_val":"0","parent_id":"0","gjsonid":"12"}},{"geometry":{"type":"Polygon","coordinates":[[[126.0471,7.5955],[126.0293,7.5924],[126.0210,7.6113],[126.0325,7.6075],[126.0444,7.6107],[126.0488,7.6025],[126.0471,7.5955]]]},"type":"Feature","id":"f3ab0f75b2","properties":{"flclr":"#000000","name":"New Dauis","level_id":"reg","layer_val":"0","parent_id":"0","gjsonid":"12"}},{"geometry":{"type":"Polygon","coordinates":[[[126.0323,7.5423],[126.0479,7.5353],[126.0598,7.5401],[126.0693,7.5210],[126.0381,7.5178],[126.0212,7.5300],[126.0229,7.5425],[126.0323,7.5423]]]},"type":"Feature","id":"509bcd7b5d","properties":{"flclr":"#000000","name":"Katipunan","level_id":"reg","layer_val":"0","parent_id":"0","gjsonid":"12"}},{"geometry":{"type":"Polygon","coordinates":[[[126.0212,7.5300],[126.0268,7.5278],[126.0228,7.5145],[126.0284,7.5117],[126.0215,7.4991],[126.0228,7.4888],[125.9950,7.4852],[125.9918,7.5313],[126.0212,7.5300]]]},"type":"Feature","id":"8c9ceaec36","properties":{"flclr":"#000000","name":"Mainit","level_id":"reg","layer_val":"0","parent_id":"0","gjsonid":"12"}},{"geometry":{"type":"Polygon","coordinates":[[[126.0539,7.5637],[126.0288,7.5604],[126.0286,7.5701],[126.0441,7.5707],[126.0457,7.5756],[126.0539,7.5637]]]},"type":"Feature","id":"39613fb3a7","properties":{"flclr":"#000000","name":"Cabacungan","level_id":"reg","layer_val":"0","parent_id":"0","gjsonid":"12"}},{"geometry":{"type":"Polygon","coordinates":[[[125.9300,7.5963],[125.9285,7.5867],[125.9231,7.5837],[125.9253,7.5707],[125.8995,7.5753],[125.9003,7.6025],[125.9105,7.6046],[125.9220,7.5953],[125.9300,7.5963]]]},"type":"Feature","id":"eb058ebd61","properties":{"flclr":"#000000","name":"Bayabas","level_id":"reg","layer_val":"0","parent_id":"0","gjsonid":"12"}},{"geometry":{"type":"Polygon","coordinates":[[[126.0038,7.6474],[125.9818,7.6589],[125.9726,7.6892],[126.0064,7.6878],[126.0152,7.6701],[126.0092,7.6570],[126.0049,7.6572],[126.0038,7.6474]]]},"type":"Feature","id":"099faff1c6","properties":{"flclr":"#000000","name":"Linoan","level_id":"reg","layer_val":"0","parent_id":"0","gjsonid":"12"}},{"geometry":{"type":"Polygon","coordinates":[[[126.0064,7.6878],[125.9726,7.6892],[125.9719,7.7028],[125.9561,7.7024],[125.9558,7.7163],[126.0016,7.7198],[126.0064,7.6878]]]},"type":"Feature","id":"f3b53511dc","properties":{"flclr":"#000000","name":"San Jose (Pob.)","level_id":"reg","layer_val":"0","parent_id":"0","gjsonid":"12"}},{"geometry":{"type":"Polygon","coordinates":[[[126.2208,7.3990],[126.2218,7.3779],[126.1471,7.3730],[126.1391,7.3757],[126.1345,7.3968],[126.1627,7.4278],[126.2208,7.3990]]]},"type":"Feature","id":"1abdd686de","properties":{"flclr":"#000000","name":"Tupaz","level_id":"reg","layer_val":"0","parent_id":"0","gjsonid":"12"}},{"geometry":{"type":"Polygon","coordinates":[[[125.9558,7.7163],[125.9561,7.7024],[125.9120,7.7047],[125.9170,7.7133],[125.9208,7.7126],[125.9230,7.7219],[125.9316,7.7262],[125.9304,7.7331],[125.9373,7.7413],[125.9547,7.7430],[125.9558,7.7163]]]},"type":"Feature","id":"c68a3a431e","properties":{"flclr":"#000000","name":"New Dalaguete","level_id":"reg","layer_val":"0","parent_id":"0","gjsonid":"12"}},{"geometry":{"type":"Polygon","coordinates":[[[126.1451,7.3523],[126.1464,7.3618],[126.2226,7.3756],[126.2227,7.3681],[126.1451,7.3523]]]},"type":"Feature","id":"a68d6b8e0a","properties":{"flclr":"#000000","name":"Lahi","level_id":"reg","layer_val":"0","parent_id":"0","gjsonid":"12"}},{"geometry":{"type":"Polygon","coordinates":[[[126.0139,7.6751],[126.0064,7.6855],[126.0035,7.7094],[126.0425,7.7094],[126.0409,7.7003],[126.0306,7.6917],[126.0313,7.6758],[126.0139,7.6751]]]},"type":"Feature","id":"4d193950d2","properties":{"flclr":"#000000","name":"New Visayas","level_id":"reg","layer_val":"0","parent_id":"0","gjsonid":"12"}},{"geometry":{"type":"Polygon","coordinates":[[[126.0035,7.7094],[125.9966,7.7283],[125.9997,7.7351],[126.0129,7.7282],[126.0427,7.7285],[126.0425,7.7094],[126.0035,7.7094]]]},"type":"Feature","id":"21d35b8d75","properties":{"flclr":"#000000","name":"Dauman","level_id":"reg","layer_val":"0","parent_id":"0","gjsonid":"12"}},{"geometry":{"type":"Polygon","coordinates":[[[126.1097,7.3702],[126.1058,7.3835],[126.1082,7.3892],[126.1252,7.3778],[126.1312,7.3783],[126.1358,7.3862],[126.1473,7.3652],[126.1444,7.3530],[126.1376,7.3682],[126.1097,7.3702]]]},"type":"Feature","id":"f250fc5637","properties":{"flclr":"#000000","name":"Cambagang","level_id":"reg","layer_val":"0","parent_id":"0","gjsonid":"12"}},{"geometry":{"type":"Polygon","coordinates":[[[126.1358,7.3862],[126.1312,7.3783],[126.1252,7.3778],[126.1082,7.3892],[126.1185,7.3957],[126.1358,7.3862]]]},"type":"Feature","id":"a5751b607f","properties":{"flclr":"#000000","name":"New Man-ay","level_id":"reg","layer_val":"0","parent_id":"0","gjsonid":"12"}},{"geometry":{"type":"Polygon","coordinates":[[[126.2226,7.3353],[126.2231,7.3223],[126.1633,7.3239],[126.1445,7.3264],[126.1404,7.3408],[126.1451,7.3523],[126.2227,7.3681],[126.2226,7.3353]]]},"type":"Feature","id":"0cac8ba613","properties":{"flclr":"#000000","name":"New Albay","level_id":"reg","layer_val":"0","parent_id":"0","gjsonid":"12"}},{"geometry":{"type":"Polygon","coordinates":[[[126.2218,7.3779],[126.1514,7.3617],[126.1464,7.3618],[126.1425,7.3701],[126.1572,7.3755],[126.2218,7.3779]]]},"type":"Feature","id":"98f7acb15b","properties":{"flclr":"#000000","name":"Talian","level_id":"reg","layer_val":"0","parent_id":"0","gjsonid":"12"}},{"geometry":{"type":"Polygon","coordinates":[[[125.8931,7.5325],[125.9100,7.5323],[125.9152,7.5225],[125.9113,7.5132],[125.9122,7.4911],[125.9059,7.4895],[125.8966,7.5016],[125.8822,7.4967],[125.8681,7.4999],[125.8750,7.5291],[125.8931,7.5325]]]},"type":"Feature","id":"e561583b94","properties":{"flclr":"#000000","name":"Tuboran","level_id":"reg","layer_val":"0","parent_id":"0","gjsonid":"12"}},{"geometry":{"type":"Polygon","coordinates":[[[125.9374,7.4839],[125.9472,7.4891],[125.9540,7.4566],[125.9407,7.4561],[125.8899,7.4719],[125.9025,7.4764],[125.9071,7.4698],[125.9120,7.4793],[125.9374,7.4839]]]},"type":"Feature","id":"3de85e46b8","properties":{"flclr":"#000000","name":"Concepcion","level_id":"reg","layer_val":"0","parent_id":"0","gjsonid":"12"}},{"geometry":{"type":"Polygon","coordinates":[[[126.1358,7.3862],[126.1185,7.3957],[126.1250,7.4327],[126.1610,7.4274],[126.1345,7.3973],[126.1358,7.3862]]]},"type":"Feature","id":"105693079a","properties":{"flclr":"#000000","name":"Katipunan","level_id":"reg","layer_val":"0","parent_id":"0","gjsonid":"12"}},{"geometry":{"type":"Polygon","coordinates":[[[126.1205,7.4073],[126.1185,7.3957],[126.1058,7.3835],[126.0720,7.3825],[126.0751,7.4127],[126.0912,7.4037],[126.1205,7.4073]]]},"type":"Feature","id":"21746d8abf","properties":{"flclr":"#000000","name":"Paloc","level_id":"reg","layer_val":"0","parent_id":"0","gjsonid":"12"}},{"geometry":{"type":"Polygon","coordinates":[[[125.9472,7.4891],[125.9363,7.4841],[125.9158,7.5008],[125.9120,7.4963],[125.9113,7.5132],[125.9154,7.5211],[125.9498,7.5228],[125.9569,7.5109],[125.9442,7.5018],[125.9472,7.4891]]]},"type":"Feature","id":"c4688fdff9","properties":{"flclr":"#000000","name":"Poblacion","level_id":"reg","layer_val":"0","parent_id":"0","gjsonid":"12"}},{"geometry":{"type":"Polygon","coordinates":[[[126.2231,7.3223],[126.2231,7.3124],[126.1761,7.3096],[126.1557,7.3097],[126.1434,7.3140],[126.1430,7.3182],[126.1461,7.3265],[126.2231,7.3223]]]},"type":"Feature","id":"10e26c1819","properties":{"flclr":"#000000","name":"Coronobe","level_id":"reg","layer_val":"0","parent_id":"0","gjsonid":"12"}},{"geometry":{"type":"Polygon","coordinates":[[[125.9932,7.5230],[125.9946,7.4944],[125.9472,7.4891],[125.9442,7.5018],[125.9662,7.5201],[125.9932,7.5230]]]},"type":"Feature","id":"aee67d2389","properties":{"flclr":"#000000","name":"Nuevo Iloco","level_id":"reg","layer_val":"0","parent_id":"0","gjsonid":"12"}},{"geometry":{"type":"Polygon","coordinates":[[[126.1026,7.4263],[126.1219,7.4183],[126.1205,7.4073],[126.0912,7.4037],[126.0751,7.4127],[126.0771,7.4325],[126.1026,7.4263]]]},"type":"Feature","id":"45058689b9","properties":{"flclr":"#000000","name":"Tandik","level_id":"reg","layer_val":"0","parent_id":"0","gjsonid":"12"}},{"geometry":{"type":"Polygon","coordinates":[[[125.9746,7.5573],[125.9891,7.5581],[125.9932,7.5230],[125.9699,7.5225],[125.9676,7.5496],[125.9531,7.5589],[125.9601,7.5671],[125.9746,7.5573]]]},"type":"Feature","id":"93e7ba26b6","properties":{"flclr":"#000000","name":"Saosao","level_id":"reg","layer_val":"0","parent_id":"0","gjsonid":"12"}},{"geometry":{"type":"Polygon","coordinates":[[[126.2962,7.3254],[126.2963,7.2861],[126.2282,7.2715],[126.2226,7.3353],[126.2954,7.3389],[126.2962,7.3254]]]},"type":"Feature","id":"4dc28b1257","properties":{"flclr":"#000000","name":"Bahi","level_id":"reg","layer_val":"0","parent_id":"0","gjsonid":"12"}},{"geometry":{"type":"Polygon","coordinates":[[[126.1182,7.2815],[126.1094,7.2794],[126.1048,7.2644],[126.0384,7.2738],[126.0379,7.2890],[126.1094,7.2986],[126.1182,7.2815]]]},"type":"Feature","id":"fbc4257609","properties":{"flclr":"#000000","name":"Bagong Silang","level_id":"reg","layer_val":"0","parent_id":"0","gjsonid":"12"}},{"geometry":{"type":"Polygon","coordinates":[[[125.9100,7.5323],[125.8931,7.5325],[125.8958,7.5485],[125.9402,7.5458],[125.9300,7.5333],[125.9100,7.5323]]]},"type":"Feature","id":"678bc2269e","properties":{"flclr":"#000000","name":"Mipangi","level_id":"reg","layer_val":"0","parent_id":"0","gjsonid":"12"}},{"geometry":{"type":"Polygon","coordinates":[[[126.1097,7.3702],[126.0989,7.3605],[126.1017,7.3580],[126.0923,7.3561],[126.0613,7.3638],[126.0720,7.3825],[126.1058,7.3835],[126.1097,7.3702]]]},"type":"Feature","id":"b218e4f454","properties":{"flclr":"#000000","name":"Parasanon","level_id":"reg","layer_val":"0","parent_id":"0","gjsonid":"12"}},{"geometry":{"type":"Polygon","coordinates":[[[126.2935,7.3844],[126.2954,7.3389],[126.2226,7.3353],[126.2208,7.3990],[126.2935,7.3844]]]},"type":"Feature","id":"af1b5b8b35","properties":{"flclr":"#000000","name":"Langgawisan","level_id":"reg","layer_val":"0","parent_id":"0","gjsonid":"12"}},{"geometry":{"type":"Polygon","coordinates":[[[126.1048,7.2644],[126.1094,7.2794],[126.1233,7.2828],[126.1197,7.2587],[126.1048,7.2644]]]},"type":"Feature","id":"f305006db2","properties":{"flclr":"#000000","name":"New Panay","level_id":"reg","layer_val":"0","parent_id":"0","gjsonid":"12"}},{"geometry":{"type":"Polygon","coordinates":[[[125.9120,7.4963],[125.9158,7.5008],[125.9255,7.4897],[125.9374,7.4839],[125.9120,7.4793],[125.9071,7.4698],[125.9025,7.4764],[125.8875,7.4720],[125.8729,7.4782],[125.8847,7.4844],[125.8862,7.4910],[125.8776,7.4910],[125.8675,7.4978],[125.8693,7.5010],[125.8822,7.4967],[125.8966,7.5016],[125.9065,7.4893],[125.9124,7.4914],[125.9120,7.4963]]]},"type":"Feature","id":"88d3e07ba5","properties":{"flclr":"#000000","name":"Sawangan","level_id":"reg","layer_val":"0","parent_id":"0","gjsonid":"12"}},{"geometry":{"type":"Polygon","coordinates":[[[125.9952,7.4786],[125.9950,7.4852],[126.0228,7.4888],[126.0423,7.4888],[126.0824,7.4786],[126.1026,7.4263],[125.9952,7.4480],[125.9952,7.4786]]]},"type":"Feature","id":"b438cad292","properties":{"flclr":"#000000","name":"Bukal","level_id":"reg","layer_val":"0","parent_id":"0","gjsonid":"12"}},{"geometry":{"type":"Polygon","coordinates":[[[125.9950,7.4852],[125.9952,7.4786],[125.9498,7.4775],[125.9472,7.4891],[125.9946,7.4944],[125.9950,7.4852]]]},"type":"Feature","id":"e6744043e4","properties":{"flclr":"#000000","name":"Nueva Visayas","level_id":"reg","layer_val":"0","parent_id":"0","gjsonid":"12"}},{"geometry":{"type":"Polygon","coordinates":[[[125.9569,7.5109],[125.9402,7.5458],[125.9531,7.5589],[125.9676,7.5496],[125.9700,7.5231],[125.9569,7.5109]]]},"type":"Feature","id":"235822126c","properties":{"flclr":"#000000","name":"Bawani","level_id":"reg","layer_val":"0","parent_id":"0","gjsonid":"12"}},{"geometry":{"type":"Polygon","coordinates":[[[125.9402,7.5458],[125.9498,7.5228],[125.9154,7.5211],[125.9100,7.5323],[125.9300,7.5333],[125.9402,7.5458]]]},"type":"Feature","id":"9afb9fbf6d","properties":{"flclr":"#000000","name":"Malinawon","level_id":"reg","layer_val":"0","parent_id":"0","gjsonid":"12"}},{"geometry":{"type":"Polygon","coordinates":[[[126.1017,7.3580],[126.1416,7.3395],[126.1454,7.3249],[126.1401,7.3020],[126.1074,7.3147],[126.1122,7.3274],[126.1025,7.3271],[126.0941,7.3358],[126.0848,7.3370],[126.0849,7.3498],[126.1017,7.3580]]]},"type":"Feature","id":"87888f16b8","properties":{"flclr":"#000000","name":"Maragusan (Pob.)","level_id":"reg","layer_val":"0","parent_id":"0","gjsonid":"12"}},{"geometry":{"type":"Polygon","coordinates":[[[126.1404,7.3412],[126.1255,7.3451],[126.0989,7.3605],[126.1097,7.3702],[126.1376,7.3682],[126.1416,7.3528],[126.1451,7.3523],[126.1404,7.3412]]]},"type":"Feature","id":"e022bfbee2","properties":{"flclr":"#000000","name":"Pamintaran","level_id":"reg","layer_val":"0","parent_id":"0","gjsonid":"12"}},{"geometry":{"type":"Polygon","coordinates":[[[126.0613,7.3638],[126.0438,7.3417],[126.0386,7.3229],[126.0379,7.2890],[126.0040,7.2877],[125.9993,7.2773],[125.9369,7.2744],[125.9316,7.3426],[125.9859,7.3428],[126.0130,7.3489],[126.0565,7.3666],[126.0713,7.3770],[126.0613,7.3638]]]},"type":"Feature","id":"d107a268a0","properties":{"flclr":"#000000","name":"Golden Valley (Maraut)","level_id":"reg","layer_val":"0","parent_id":"0","gjsonid":"12"}},{"geometry":{"type":"Polygon","coordinates":[[[126.0539,7.3546],[126.0613,7.3638],[126.0923,7.3561],[126.1017,7.3580],[126.0883,7.3495],[126.0539,7.3546]]]},"type":"Feature","id":"ab126f7723","properties":{"flclr":"#000000","name":"Mahayahay","level_id":"reg","layer_val":"0","parent_id":"0","gjsonid":"12"}},{"geometry":{"type":"Polygon","coordinates":[[[126.0942,7.3115],[126.1074,7.3147],[126.1157,7.3107],[126.1143,7.2986],[126.0379,7.2890],[126.0385,7.3069],[126.0942,7.3115]]]},"type":"Feature","id":"1210f0cb52","properties":{"flclr":"#000000","name":"New Katipunan","level_id":"reg","layer_val":"0","parent_id":"0","gjsonid":"12"}},{"geometry":{"type":"Polygon","coordinates":[[[126.1074,7.3147],[126.0942,7.3115],[126.0879,7.3212],[126.0386,7.3229],[126.0438,7.3417],[126.0539,7.3546],[126.0849,7.3498],[126.0848,7.3370],[126.0941,7.3358],[126.1025,7.3271],[126.1122,7.3274],[126.1074,7.3147]]]},"type":"Feature","id":"bbbe276c61","properties":{"flclr":"#000000","name":"Magcagong","level_id":"reg","layer_val":"0","parent_id":"0","gjsonid":"12"}},{"geometry":{"type":"Polygon","coordinates":[[[126.0942,7.3115],[126.0385,7.3069],[126.0386,7.3229],[126.0879,7.3212],[126.0942,7.3115]]]},"type":"Feature","id":"c78c05f862","properties":{"flclr":"#000000","name":"Mabugnao","level_id":"reg","layer_val":"0","parent_id":"0","gjsonid":"12"}},{"geometry":{"type":"Polygon","coordinates":[[[126.1401,7.3020],[126.1434,7.3140],[126.1557,7.3097],[126.2231,7.3124],[126.2282,7.2715],[126.1593,7.2573],[126.1411,7.2572],[126.1343,7.2705],[126.1340,7.2879],[126.1401,7.3020]]]},"type":"Feature","id":"782645f4ef","properties":{"flclr":"#000000","name":"Mapawa","level_id":"reg","layer_val":"0","parent_id":"0","gjsonid":"12"}},{"geometry":{"type":"Polygon","coordinates":[[[126.1197,7.2587],[126.1235,7.2837],[126.1340,7.2879],[126.1343,7.2705],[126.1411,7.2572],[126.1197,7.2587]]]},"type":"Feature","id":"6f9070e9b7","properties":{"flclr":"#000000","name":"Tigbao","level_id":"reg","layer_val":"0","parent_id":"0","gjsonid":"12"}},{"geometry":{"type":"Polygon","coordinates":[[[126.1401,7.3020],[126.1345,7.2883],[126.1182,7.2815],[126.1094,7.2986],[126.1143,7.2986],[126.1177,7.3091],[126.1401,7.3020]]]},"type":"Feature","id":"ebe6759ccd","properties":{"flclr":"#000000","name":"Mauswagon","level_id":"reg","layer_val":"0","parent_id":"0","gjsonid":"12"}},{"geometry":{"type":"Polygon","coordinates":[[[125.8526,7.3400],[125.8550,7.3495],[125.8605,7.3507],[125.8675,7.3402],[125.8526,7.3400]]]},"type":"Feature","id":"f04da3f698","properties":{"flclr":"#000000","name":"Anislagan","level_id":"reg","layer_val":"0","parent_id":"0","gjsonid":"12"}},{"geometry":{"type":"Polygon","coordinates":[[[125.8495,7.3664],[125.8528,7.3757],[125.8677,7.3774],[125.8681,7.3643],[125.8495,7.3664]]]},"type":"Feature","id":"b2b9cc8b2b","properties":{"flclr":"#000000","name":"Binuangan","level_id":"reg","layer_val":"0","parent_id":"0","gjsonid":"12"}},{"geometry":{"type":"Polygon","coordinates":[[[125.8605,7.3507],[125.8550,7.3495],[125.8536,7.3536],[125.8616,7.3551],[125.8605,7.3507]]]},"type":"Feature","id":"5355a14700","properties":{"flclr":"#000000","name":"San Roque","level_id":"reg","layer_val":"0","parent_id":"0","gjsonid":"12"}},{"geometry":{"type":"Polygon","coordinates":[[[125.8513,7.3568],[125.8519,7.3612],[125.8478,7.3624],[125.8535,7.3649],[125.8681,7.3643],[125.8700,7.3587],[125.8513,7.3568]]]},"type":"Feature","id":"7aa86e91b3","properties":{"flclr":"#000000","name":"Poblacion","level_id":"reg","layer_val":"0","parent_id":"0","gjsonid":"12"}},{"geometry":{"type":"Polygon","coordinates":[[[125.8725,7.3875],[125.8539,7.3880],[125.8517,7.3939],[125.8453,7.3947],[125.8540,7.4072],[125.8691,7.4100],[125.8725,7.3875]]]},"type":"Feature","id":"f7f7ff6eed","properties":{"flclr":"#000000","name":"Concepcion","level_id":"reg","layer_val":"0","parent_id":"0","gjsonid":"12"}},{"geometry":{"type":"Polygon","coordinates":[[[125.9830,7.3993],[125.9573,7.4075],[125.9703,7.4236],[125.9655,7.4362],[125.9705,7.4462],[125.9952,7.4480],[125.9921,7.4272],[125.9820,7.4240],[125.9791,7.4180],[125.9830,7.3993]]]},"type":"Feature","id":"03c78b1eef","properties":{"flclr":"#000000","name":"Panibasan","level_id":"reg","layer_val":"0","parent_id":"0","gjsonid":"12"}},{"geometry":{"type":"Polygon","coordinates":[[[125.8533,7.3886],[125.8725,7.3875],[125.8719,7.3820],[125.8677,7.3816],[125.8677,7.3774],[125.8530,7.3758],[125.8533,7.3886]]]},"type":"Feature","id":"5c1080b8ff","properties":{"flclr":"#000000","name":"Lumatab","level_id":"reg","layer_val":"0","parent_id":"0","gjsonid":"12"}},{"geometry":{"type":"Polygon","coordinates":[[[125.8699,7.4226],[125.8711,7.4341],[125.8868,7.4488],[125.8965,7.4435],[125.8965,7.4390],[125.9051,7.4413],[125.9078,7.4384],[125.8923,7.3827],[125.8719,7.3820],[125.8699,7.4226]]]},"type":"Feature","id":"1ba4a16a81","properties":{"flclr":"#000000","name":"Libay-libay","level_id":"reg","layer_val":"0","parent_id":"0","gjsonid":"12"}},{"geometry":{"type":"Polygon","coordinates":[[[125.9684,7.4293],[125.9703,7.4236],[125.9573,7.4075],[125.9403,7.3424],[125.9215,7.3428],[125.9319,7.4295],[125.9684,7.4293]]]},"type":"Feature","id":"826561f866","properties":{"flclr":"#000000","name":"Panangan","level_id":"reg","layer_val":"0","parent_id":"0","gjsonid":"12"}},{"geometry":{"type":"Polygon","coordinates":[[[125.9319,7.4295],[125.9253,7.3775],[125.8924,7.3865],[125.9136,7.4491],[125.9356,7.4476],[125.9319,7.4295]]]},"type":"Feature","id":"ccac23b4d4","properties":{"flclr":"#000000","name":"Sangab","level_id":"reg","layer_val":"0","parent_id":"0","gjsonid":"12"}},{"geometry":{"type":"Polygon","coordinates":[[[125.8868,7.4488],[125.8711,7.4341],[125.8661,7.4177],[125.8625,7.4199],[125.8575,7.4136],[125.8452,7.4103],[125.8482,7.4197],[125.8449,7.4288],[125.8495,7.4296],[125.8533,7.4433],[125.8868,7.4488]]]},"type":"Feature","id":"80406c5cd2","properties":{"flclr":"#000000","name":"Anibongan","level_id":"reg","layer_val":"0","parent_id":"0","gjsonid":"12"}},{"geometry":{"type":"Polygon","coordinates":[[[125.9540,7.4566],[125.9572,7.4535],[125.9448,7.4472],[125.9356,7.4476],[125.9277,7.4497],[125.9254,7.4614],[125.9540,7.4566]]]},"type":"Feature","id":"e8ee77509e","properties":{"flclr":"#000000","name":"Calabcab","level_id":"reg","layer_val":"0","parent_id":"0","gjsonid":"12"}},{"geometry":{"type":"Polygon","coordinates":[[[126.0290,7.4411],[125.9983,7.3981],[125.9830,7.3993],[125.9791,7.4180],[125.9820,7.4240],[125.9921,7.4272],[125.9952,7.4480],[126.0290,7.4411]]]},"type":"Feature","id":"8b01410b10","properties":{"flclr":"#000000","name":"Gubatan","level_id":"reg","layer_val":"0","parent_id":"0","gjsonid":"12"}},{"geometry":{"type":"Polygon","coordinates":[[[125.8293,7.4446],[125.8582,7.4481],[125.8616,7.4437],[125.8533,7.4433],[125.8495,7.4296],[125.8449,7.4288],[125.8482,7.4197],[125.8436,7.4105],[125.8394,7.4101],[125.8384,7.4251],[125.8284,7.4290],[125.8293,7.4446]]]},"type":"Feature","id":"50f5b491c0","properties":{"flclr":"#000000","name":"Pangi (Gaudencio Antonio)","level_id":"reg","layer_val":"0","parent_id":"0","gjsonid":"12"}},{"geometry":{"type":"Polygon","coordinates":[[[125.9958,7.4552],[125.9952,7.4480],[125.9705,7.4462],[125.9589,7.4514],[125.9554,7.4577],[125.9698,7.4639],[125.9958,7.4552]]]},"type":"Feature","id":"59a51ac17d","properties":{"flclr":"#000000","name":"Kinuban","level_id":"reg","layer_val":"0","parent_id":"0","gjsonid":"12"}},{"geometry":{"type":"Polygon","coordinates":[[[125.8675,7.3402],[125.8616,7.3551],[125.8571,7.3529],[125.8561,7.3567],[125.8685,7.3593],[125.8733,7.3563],[125.8801,7.3406],[125.8675,7.3402]]]},"type":"Feature","id":"3949edff37","properties":{"flclr":"#000000","name":"Langgam","level_id":"reg","layer_val":"0","parent_id":"0","gjsonid":"12"}},{"geometry":{"type":"Polygon","coordinates":[[[125.8755,7.3505],[125.8678,7.3603],[125.8677,7.3816],[125.8923,7.3827],[125.8949,7.3583],[125.8907,7.3535],[125.8755,7.3505]]]},"type":"Feature","id":"854a9113e5","properties":{"flclr":"#000000","name":"Mapaang","level_id":"reg","layer_val":"0","parent_id":"0","gjsonid":"12"}},{"geometry":{"type":"Polygon","coordinates":[[[125.9732,7.3779],[126.0058,7.3834],[126.0211,7.3521],[125.9859,7.3428],[125.9829,7.3674],[125.9732,7.3779]]]},"type":"Feature","id":"bb4a6b3ff2","properties":{"flclr":"#000000","name":"New Barili","level_id":"reg","layer_val":"0","parent_id":"0","gjsonid":"12"}},{"geometry":{"type":"Polygon","coordinates":[[[125.9972,7.3808],[125.9514,7.3745],[125.9573,7.4075],[125.9736,7.3998],[125.9983,7.3981],[125.9972,7.3808]]]},"type":"Feature","id":"fce9de4dce","properties":{"flclr":"#000000","name":"Elizalde (Somil)","level_id":"reg","layer_val":"0","parent_id":"0","gjsonid":"12"}},{"geometry":{"type":"Polygon","coordinates":[[[125.9514,7.3745],[125.9732,7.3779],[125.9783,7.3739],[125.9829,7.3674],[125.9859,7.3428],[125.9403,7.3424],[125.9514,7.3745]]]},"type":"Feature","id":"a17571bde7","properties":{"flclr":"#000000","name":"Malamodao","level_id":"reg","layer_val":"0","parent_id":"0","gjsonid":"12"}},{"geometry":{"type":"Polygon","coordinates":[[[125.9319,7.4295],[125.9356,7.4476],[125.9448,7.4472],[125.9572,7.4535],[125.9703,7.4469],[125.9655,7.4367],[125.9684,7.4293],[125.9319,7.4295]]]},"type":"Feature","id":"60d448fe03","properties":{"flclr":"#000000","name":"Limbo","level_id":"reg","layer_val":"0","parent_id":"0","gjsonid":"12"}},{"geometry":{"type":"Polygon","coordinates":[[[125.8868,7.4488],[125.8616,7.4437],[125.8543,7.4527],[125.8628,7.4650],[125.8893,7.4585],[125.8868,7.4488]]]},"type":"Feature","id":"5270566d28","properties":{"flclr":"#000000","name":"Lapu-lapu","level_id":"reg","layer_val":"0","parent_id":"0","gjsonid":"12"}},{"geometry":{"type":"Polygon","coordinates":[[[125.8628,7.4650],[125.8573,7.4575],[125.8425,7.4630],[125.8406,7.4702],[125.8491,7.4691],[125.8620,7.4811],[125.8672,7.4715],[125.8628,7.4650]]]},"type":"Feature","id":"dac74811ce","properties":{"flclr":"#000000","name":"Magangit","level_id":"reg","layer_val":"0","parent_id":"0","gjsonid":"12"}},{"geometry":{"type":"Polygon","coordinates":[[[125.8729,7.4782],[125.8899,7.4719],[125.8893,7.4585],[125.8628,7.4650],[125.8672,7.4715],[125.8620,7.4811],[125.8729,7.4782]]]},"type":"Feature","id":"818ca1549a","properties":{"flclr":"#000000","name":"New Asturias","level_id":"reg","layer_val":"0","parent_id":"0","gjsonid":"12"}},{"geometry":{"type":"Polygon","coordinates":[[[126.0771,7.4325],[126.0753,7.4143],[126.0238,7.4153],[126.0290,7.4411],[126.0771,7.4325]]]},"type":"Feature","id":"f444bb5ddf","properties":{"flclr":"#000000","name":"Panoraon","level_id":"reg","layer_val":"0","parent_id":"0","gjsonid":"12"}},{"geometry":{"type":"Polygon","coordinates":[[[126.0206,7.3909],[126.0277,7.3923],[126.0360,7.3957],[126.0332,7.3827],[126.0282,7.3796],[126.0206,7.3909]]]},"type":"Feature","id":"d55a8ed57f","properties":{"flclr":"#000000","name":"Masara","level_id":"reg","layer_val":"0","parent_id":"0","gjsonid":"12"}},{"geometry":{"type":"Polygon","coordinates":[[[126.0360,7.3957],[126.0206,7.3909],[126.0155,7.3941],[126.0238,7.4153],[126.0365,7.4133],[126.0360,7.3957]]]},"type":"Feature","id":"426f01dd4f","properties":{"flclr":"#000000","name":"Mainit","level_id":"reg","layer_val":"0","parent_id":"0","gjsonid":"12"}},{"geometry":{"type":"Polygon","coordinates":[[[126.0238,7.4153],[126.0155,7.3941],[126.0206,7.3909],[126.0179,7.3865],[125.9972,7.3808],[125.9983,7.3981],[126.0290,7.4411],[126.0238,7.4153]]]},"type":"Feature","id":"479f833d79","properties":{"flclr":"#000000","name":"Tagbaros","level_id":"reg","layer_val":"0","parent_id":"0","gjsonid":"12"}},{"geometry":{"type":"Polygon","coordinates":[[[126.0753,7.4143],[126.0713,7.3770],[126.0282,7.3796],[126.0339,7.3847],[126.0365,7.4133],[126.0753,7.4143]]]},"type":"Feature","id":"e3bb63c33b","properties":{"flclr":"#000000","name":"New Leyte","level_id":"reg","layer_val":"0","parent_id":"0","gjsonid":"12"}},{"geometry":{"type":"Polygon","coordinates":[[[125.8453,7.3947],[125.8372,7.3970],[125.8438,7.4108],[125.8575,7.4136],[125.8699,7.4226],[125.8715,7.4090],[125.8540,7.4072],[125.8453,7.3947]]]},"type":"Feature","id":"ec6bfc4459","properties":{"flclr":"#000000","name":"Dumlan","level_id":"reg","layer_val":"0","parent_id":"0","gjsonid":"12"}},{"geometry":{"type":"Polygon","coordinates":[[[126.0058,7.3834],[126.0206,7.3909],[126.0276,7.3797],[126.0713,7.3770],[126.0565,7.3666],[126.0211,7.3521],[126.0058,7.3834]]]},"type":"Feature","id":"99fc7d9bbb","properties":{"flclr":"#000000","name":"Teresa","level_id":"reg","layer_val":"0","parent_id":"0","gjsonid":"12"}},{"geometry":{"type":"Polygon","coordinates":[[[125.9554,7.4577],[125.9498,7.4775],[125.9952,7.4786],[125.9958,7.4552],[125.9698,7.4639],[125.9554,7.4577]]]},"type":"Feature","id":"1030f6ffa2","properties":{"flclr":"#000000","name":"Andili","level_id":"reg","layer_val":"0","parent_id":"0","gjsonid":"12"}},{"geometry":{"type":"Polygon","coordinates":[[[125.9334,7.3260],[125.9341,7.3066],[125.8583,7.3057],[125.8585,7.3175],[125.8952,7.3259],[125.9334,7.3260]]]},"type":"Feature","id":"3f44570997","properties":{"flclr":"#000000","name":"Cabuyuan","level_id":"reg","layer_val":"0","parent_id":"0","gjsonid":"12"}},{"geometry":{"type":"Polygon","coordinates":[[[125.9254,7.4614],[125.9277,7.4497],[125.9136,7.4491],[125.9078,7.4384],[125.9051,7.4413],[125.8965,7.4390],[125.8965,7.4435],[125.8871,7.4465],[125.8899,7.4719],[125.9254,7.4614]]]},"type":"Feature","id":"e1bce0ff7f","properties":{"flclr":"#000000","name":"New Visayas","level_id":"reg","layer_val":"0","parent_id":"0","gjsonid":"12"}},{"geometry":{"type":"Polygon","coordinates":[[[125.8923,7.3827],[125.8924,7.3865],[125.9253,7.3775],[125.9215,7.3428],[125.8790,7.3417],[125.8755,7.3505],[125.8907,7.3535],[125.8949,7.3583],[125.8923,7.3827]]]},"type":"Feature","id":"8949e303e3","properties":{"flclr":"#000000","name":"Manipongol","level_id":"reg","layer_val":"0","parent_id":"0","gjsonid":"12"}},{"geometry":{"type":"Polygon","coordinates":[[[125.8417,7.2862],[125.8477,7.2919],[125.8467,7.2981],[125.8531,7.2945],[125.8645,7.2961],[125.8648,7.2866],[125.8417,7.2862]]]},"type":"Feature","id":"04f5023bd0","properties":{"flclr":"#000000","name":"San Antonio","level_id":"reg","layer_val":"0","parent_id":"0","gjsonid":"12"}},{"geometry":{"type":"Polygon","coordinates":[[[125.8585,7.3175],[125.8477,7.3220],[125.8526,7.3400],[125.9316,7.3426],[125.9334,7.3260],[125.8952,7.3259],[125.8585,7.3175]]]},"type":"Feature","id":"8e0a18e17c","properties":{"flclr":"#000000","name":"Cadunan","level_id":"reg","layer_val":"0","parent_id":"0","gjsonid":"12"}},{"geometry":{"type":"Polygon","coordinates":[[[125.8884,7.2722],[125.9369,7.2744],[125.9410,7.2551],[125.8866,7.2450],[125.8884,7.2722]]]},"type":"Feature","id":"005ce89e3a","properties":{"flclr":"#000000","name":"Libodon","level_id":"reg","layer_val":"0","parent_id":"0","gjsonid":"12"}},{"geometry":{"type":"Polygon","coordinates":[[[125.9369,7.2744],[125.8790,7.2710],[125.8657,7.2841],[125.8645,7.2953],[125.8847,7.2895],[125.9354,7.2930],[125.9369,7.2744]]]},"type":"Feature","id":"334d5e640b","properties":{"flclr":"#000000","name":"Pangibiran","level_id":"reg","layer_val":"0","parent_id":"0","gjsonid":"12"}},{"geometry":{"type":"Polygon","coordinates":[[[125.8476,7.2981],[125.8474,7.3024],[125.8587,7.3057],[125.9341,7.3066],[125.9354,7.2930],[125.8847,7.2895],[125.8476,7.2981]]]},"type":"Feature","id":"9e815c0e96","properties":{"flclr":"#000000","name":"Del Pilar","level_id":"reg","layer_val":"0","parent_id":"0","gjsonid":"12"}},{"geometry":{"type":"Polygon","coordinates":[[[126.0409,7.7003],[126.0427,7.7285],[126.0554,7.7225],[126.0654,7.7231],[126.0599,7.6974],[126.0409,7.7003]]]},"type":"Feature","id":"a6d5b56bc1","properties":{"flclr":"#000000","name":"Mapaca","level_id":"reg","layer_val":"0","parent_id":"0","gjsonid":"12"}},{"geometry":{"type":"Polygon","coordinates":[[[126.0853,7.6161],[126.0620,7.6193],[126.0517,7.6335],[126.0593,7.6359],[126.0595,7.6481],[126.0714,7.6440],[126.0770,7.6323],[126.0858,7.6293],[126.0853,7.6161]]]},"type":"Feature","id":"7cf711f9f6","properties":{"flclr":"#000000","name":"New Alegria","level_id":"reg","layer_val":"0","parent_id":"0","gjsonid":"12"}},{"geometry":{"type":"Polygon","coordinates":[[[126.0958,7.6232],[126.0853,7.6161],[126.0862,7.6287],[126.0770,7.6323],[126.0714,7.6440],[126.0595,7.6481],[126.0629,7.6544],[126.0582,7.6604],[126.0791,7.6646],[126.0825,7.6516],[126.0890,7.6489],[126.0955,7.6350],[126.0958,7.6232]]]},"type":"Feature","id":"a2053ca778","properties":{"flclr":"#000000","name":"San Jose","level_id":"reg","layer_val":"0","parent_id":"0","gjsonid":"12"}},{"geometry":{"type":"Polygon","coordinates":[[[126.0791,7.6646],[126.0582,7.6604],[126.0502,7.6657],[126.0666,7.6841],[126.0809,7.6783],[126.0791,7.6646]]]},"type":"Feature","id":"4fe5bd415d","properties":{"flclr":"#000000","name":"Lagab","level_id":"reg","layer_val":"0","parent_id":"0","gjsonid":"12"}},{"geometry":{"type":"Polygon","coordinates":[[[126.0660,7.7191],[126.0654,7.7231],[126.1522,7.7638],[126.2024,7.7974],[126.1970,7.7651],[126.1892,7.7466],[126.1624,7.7410],[126.1040,7.7026],[126.0906,7.7074],[126.0763,7.7047],[126.0715,7.7105],[126.0731,7.7202],[126.0660,7.7191]]]},"type":"Feature","id":"be14734c4c","properties":{"flclr":"#000000","name":"Mangayon","level_id":"reg","layer_val":"0","parent_id":"0","gjsonid":"12"}},{"geometry":{"type":"Polygon","coordinates":[[[126.0471,7.5955],[126.0488,7.6025],[126.0430,7.6131],[126.0450,7.6262],[126.0517,7.6335],[126.0620,7.6193],[126.0776,7.6185],[126.0777,7.6145],[126.0542,7.5941],[126.0471,7.5955]]]},"type":"Feature","id":"b64afeff45","properties":{"flclr":"#000000","name":"Gabi","level_id":"reg","layer_val":"0","parent_id":"0","gjsonid":"12"}},{"geometry":{"type":"Polygon","coordinates":[[[126.0517,7.6335],[126.0450,7.6262],[126.0430,7.6131],[126.0345,7.6264],[126.0312,7.6461],[126.0491,7.6519],[126.0608,7.6390],[126.0517,7.6335]]]},"type":"Feature","id":"a852364577","properties":{"flclr":"#000000","name":"Siocon","level_id":"reg","layer_val":"0","parent_id":"0","gjsonid":"12"}},{"geometry":{"type":"Polygon","coordinates":[[[126.0595,7.6481],[126.0571,7.6431],[126.0491,7.6519],[126.0312,7.6461],[126.0317,7.6714],[126.0429,7.6702],[126.0582,7.6604],[126.0629,7.6544],[126.0595,7.6481]]]},"type":"Feature","id":"4fe47ad6e7","properties":{"flclr":"#000000","name":"Aurora","level_id":"reg","layer_val":"0","parent_id":"0","gjsonid":"12"}},{"geometry":{"type":"Polygon","coordinates":[[[126.0317,7.6714],[126.0312,7.6461],[126.0038,7.6474],[126.0049,7.6572],[126.0084,7.6561],[126.0147,7.6672],[126.0137,7.6759],[126.0313,7.6758],[126.0317,7.6714]]]},"type":"Feature","id":"f0eec77c90","properties":{"flclr":"#000000","name":"Banagbanag","level_id":"reg","layer_val":"0","parent_id":"0","gjsonid":"12"}},{"geometry":{"type":"Polygon","coordinates":[[[126.1035,7.6282],[126.0958,7.6232],[126.0955,7.6350],[126.0890,7.6489],[126.0825,7.6516],[126.0806,7.6617],[126.0956,7.6673],[126.0967,7.6708],[126.0902,7.6757],[126.0972,7.6779],[126.1013,7.6741],[126.1044,7.6787],[126.1106,7.6742],[126.1253,7.6827],[126.1330,7.6742],[126.1323,7.6643],[126.1094,7.6469],[126.1021,7.6463],[126.1069,7.6414],[126.1035,7.6282]]]},"type":"Feature","id":"a66f3f0937","properties":{"flclr":"#000000","name":"Osme\u00f1a","level_id":"reg","layer_val":"0","parent_id":"0","gjsonid":"12"}},{"geometry":{"type":"Polygon","coordinates":[[[126.0317,7.6714],[126.0306,7.6917],[126.0409,7.7003],[126.0599,7.6974],[126.0612,7.6792],[126.0502,7.6657],[126.0317,7.6714]]]},"type":"Feature","id":"8e72c6033c","properties":{"flclr":"#000000","name":"Maparat","level_id":"reg","layer_val":"0","parent_id":"0","gjsonid":"12"}},{"geometry":{"type":"Polygon","coordinates":[[[126.0599,7.6974],[126.0660,7.7191],[126.0726,7.7207],[126.0731,7.7067],[126.0769,7.7045],[126.0793,7.7078],[126.0835,7.7050],[126.0809,7.7011],[126.0858,7.6998],[126.0808,7.6963],[126.0842,7.6821],[126.0809,7.6783],[126.0666,7.6841],[126.0612,7.6792],[126.0599,7.6974]]]},"type":"Feature","id":"ebbcfa73d2","properties":{"flclr":"#000000","name":"Bagongon","level_id":"reg","layer_val":"0","parent_id":"0","gjsonid":"12"}},{"geometry":{"type":"Polygon","coordinates":[[[126.2022,7.7113],[126.2059,7.6992],[126.1558,7.6984],[126.1106,7.6742],[126.1044,7.6787],[126.1012,7.6741],[126.0954,7.6809],[126.1039,7.6885],[126.1153,7.6883],[126.1335,7.7011],[126.1428,7.7010],[126.1676,7.7119],[126.2022,7.7113]]]},"type":"Feature","id":"a1a9fe2fcf","properties":{"flclr":"#000000","name":"Ngan","level_id":"reg","layer_val":"0","parent_id":"0","gjsonid":"12"}},{"geometry":{"type":"Polygon","coordinates":[[[126.1039,7.6885],[126.0954,7.6809],[126.0964,7.6768],[126.0902,7.6757],[126.0968,7.6706],[126.0937,7.6647],[126.0806,7.6617],[126.0788,7.6697],[126.0842,7.6821],[126.0819,7.6984],[126.0889,7.6996],[126.0929,7.6905],[126.0981,7.6953],[126.1039,7.6885]]]},"type":"Feature","id":"35b0165723","properties":{"flclr":"#000000","name":"Poblacion","level_id":"reg","layer_val":"0","parent_id":"0","gjsonid":"12"}},{"geometry":{"type":"Polygon","coordinates":[[[126.0857,7.6985],[126.0806,7.7015],[126.0832,7.7054],[126.1103,7.7050],[126.1624,7.7410],[126.1892,7.7466],[126.2022,7.7113],[126.1802,7.7097],[126.1723,7.7131],[126.1428,7.7010],[126.1335,7.7011],[126.1079,7.6874],[126.0981,7.6953],[126.0930,7.6904],[126.0890,7.6995],[126.0857,7.6985]]]},"type":"Feature","id":"1a74cedab8","properties":{"flclr":"#000000","name":"Tamia","level_id":"reg","layer_val":"0","parent_id":"0","gjsonid":"12"}},{"geometry":{"type":"Polygon","coordinates":[[[125.8908,7.1166],[125.8839,7.1264],[125.8883,7.1312],[125.8859,7.1370],[125.8908,7.1558],[125.9190,7.1589],[125.9288,7.1806],[125.9545,7.1924],[125.9958,7.2196],[126.0145,7.1871],[125.9723,7.1585],[125.9619,7.1388],[125.9342,7.1395],[125.9265,7.1228],[125.8908,7.1166]]]},"type":"Feature","id":"04181d8f51","properties":{"flclr":"#000000","name":"Kingking (Pob.)","level_id":"reg","layer_val":"0","parent_id":"0","gjsonid":"12"}},{"geometry":{"type":"Polygon","coordinates":[[[125.9292,7.0874],[125.9096,7.0934],[125.9133,7.0975],[125.9095,7.1043],[125.9133,7.1034],[125.9241,7.1174],[125.9410,7.1098],[125.9292,7.0874]]]},"type":"Feature","id":"59c06c73cb","properties":{"flclr":"#000000","name":"Matiao","level_id":"reg","layer_val":"0","parent_id":"0","gjsonid":"12"}},{"geometry":{"type":"Polygon","coordinates":[[[125.9112,7.0910],[125.8908,7.1166],[125.9228,7.1217],[125.9182,7.1084],[125.9095,7.1043],[125.9133,7.0981],[125.9112,7.0910]]]},"type":"Feature","id":"7c1b740b55","properties":{"flclr":"#000000","name":"Bongbong","level_id":"reg","layer_val":"0","parent_id":"0","gjsonid":"12"}},{"geometry":{"type":"Polygon","coordinates":[[[125.9355,7.0828],[125.9292,7.0874],[125.9304,7.0939],[125.9410,7.1098],[125.9639,7.1231],[125.9723,7.1232],[125.9721,7.1153],[125.9762,7.1129],[125.9629,7.1026],[125.9460,7.0969],[125.9427,7.0868],[125.9355,7.0828]]]},"type":"Feature","id":"f274ba1124","properties":{"flclr":"#000000","name":"Tambongon","level_id":"reg","layer_val":"0","parent_id":"0","gjsonid":"12"}},{"geometry":{"type":"Polygon","coordinates":[[[125.9441,7.0735],[125.9355,7.0828],[125.9427,7.0868],[125.9459,7.0967],[125.9629,7.1026],[125.9762,7.1129],[125.9804,7.1118],[125.9850,7.1205],[126.0045,7.1344],[126.0126,7.1242],[125.9705,7.0972],[125.9539,7.0951],[125.9548,7.0848],[125.9441,7.0735]]]},"type":"Feature","id":"4f2de81ce7","properties":{"flclr":"#000000","name":"P. Fuentes","level_id":"reg","layer_val":"0","parent_id":"0","gjsonid":"12"}},{"geometry":{"type":"Polygon","coordinates":[[[125.8717,7.2070],[125.8625,7.2232],[125.8705,7.2243],[125.8711,7.2282],[125.9667,7.2513],[125.9767,7.2422],[125.9343,7.2222],[125.8717,7.2070]]]},"type":"Feature","id":"9fd61ee4d2","properties":{"flclr":"#000000","name":"Bongabong","level_id":"reg","layer_val":"0","parent_id":"0","gjsonid":"12"}},{"geometry":{"type":"Polygon","coordinates":[[[126.1048,7.2644],[126.1246,7.2568],[126.1239,7.1808],[126.0595,7.1488],[126.0305,7.2221],[126.0165,7.2404],[126.0109,7.2686],[126.0384,7.2738],[126.1048,7.2644]]]},"type":"Feature","id":"a576b1b96c","properties":{"flclr":"#000000","name":"Tag-Ugpo","level_id":"reg","layer_val":"0","parent_id":"0","gjsonid":"12"}},{"geometry":{"type":"Polygon","coordinates":[[[125.8625,7.2232],[125.8517,7.2300],[125.8437,7.2429],[125.8905,7.2451],[125.9602,7.2588],[125.9667,7.2513],[125.8790,7.2307],[125.8625,7.2232]]]},"type":"Feature","id":"f4a20bffbc","properties":{"flclr":"#000000","name":"Tibagon","level_id":"reg","layer_val":"0","parent_id":"0","gjsonid":"12"}},{"geometry":{"type":"Polygon","coordinates":[[[126.1244,7.2376],[126.1246,7.2568],[126.1593,7.2573],[126.2963,7.2861],[126.2978,7.1921],[126.2796,7.2170],[126.2066,7.2256],[126.2051,7.2448],[126.2005,7.2506],[126.1826,7.2475],[126.1744,7.2388],[126.1623,7.2343],[126.1244,7.2376]]]},"type":"Feature","id":"ff3285fec2","properties":{"flclr":"#000000","name":"Araibo","level_id":"reg","layer_val":"0","parent_id":"0","gjsonid":"12"}},{"geometry":{"type":"Polygon","coordinates":[[[126.0202,7.1277],[126.0126,7.1242],[126.0045,7.1344],[125.9850,7.1205],[125.9804,7.1118],[125.9722,7.1151],[125.9716,7.1235],[125.9639,7.1231],[125.9410,7.1098],[125.9231,7.1170],[125.9342,7.1395],[125.9619,7.1388],[125.9723,7.1585],[126.0145,7.1871],[125.9958,7.2196],[125.9602,7.2588],[126.0109,7.2686],[126.0165,7.2404],[126.0305,7.2221],[126.0595,7.1488],[126.0202,7.1277]]]},"type":"Feature","id":"fa1ec0f4a8","properties":{"flclr":"#000000","name":"Napnapan","level_id":"reg","layer_val":"0","parent_id":"0","gjsonid":"12"}},{"geometry":{"type":"Polygon","coordinates":[[[125.9847,7.2332],[125.9958,7.2196],[125.9545,7.1924],[125.9288,7.1806],[125.9190,7.1589],[125.8908,7.1558],[125.8919,7.1672],[125.8740,7.1828],[125.9038,7.1950],[125.9036,7.2025],[125.9225,7.2042],[125.9847,7.2332]]]},"type":"Feature","id":"cf6d735ca8","properties":{"flclr":"#000000","name":"Magnaga","level_id":"reg","layer_val":"0","parent_id":"0","gjsonid":"12"}},{"geometry":{"type":"Polygon","coordinates":[[[125.9767,7.2422],[125.9847,7.2332],[125.9225,7.2042],[125.9036,7.2025],[125.9038,7.1950],[125.8905,7.1917],[125.8879,7.1865],[125.8760,7.1813],[125.8734,7.1835],[125.8724,7.2076],[125.9343,7.2222],[125.9767,7.2422]]]},"type":"Feature","id":"e0fc8f871e","properties":{"flclr":"#000000","name":"Tagdangua","level_id":"reg","layer_val":"0","parent_id":"0","gjsonid":"12"}},{"geometry":{"type":"Polygon","coordinates":[[[125.8681,7.4999],[125.8690,7.4955],[125.8532,7.4904],[125.8530,7.4791],[125.8402,7.4838],[125.8339,7.4886],[125.8357,7.5015],[125.8317,7.5101],[125.8278,7.5099],[125.8278,7.5163],[125.8410,7.5197],[125.8540,7.4979],[125.8681,7.4999]]]},"type":"Feature","id":"fd94385e65","properties":{"flclr":"#000000","name":"New Balamban","level_id":"reg","layer_val":"0","parent_id":"0","gjsonid":"12"}},{"geometry":{"type":"Polygon","coordinates":[[[125.8620,7.4811],[125.8525,7.4734],[125.8532,7.4904],[125.8664,7.4960],[125.8782,7.4908],[125.8848,7.4923],[125.8873,7.4880],[125.8711,7.4773],[125.8620,7.4811]]]},"type":"Feature","id":"c80ed5adcc","properties":{"flclr":"#000000","name":"Pandapan","level_id":"reg","layer_val":"0","parent_id":"0","gjsonid":"12"}},{"geometry":{"type":"Polygon","coordinates":[[[125.8668,7.5869],[125.8355,7.5822],[125.8337,7.5932],[125.8524,7.6081],[125.8745,7.5881],[125.8668,7.5869]]]},"type":"Feature","id":"4978f8a762","properties":{"flclr":"#000000","name":"Carcor","level_id":"reg","layer_val":"0","parent_id":"0","gjsonid":"12"}},{"geometry":{"type":"Polygon","coordinates":[[[125.8427,7.5822],[125.8668,7.5869],[125.8673,7.5660],[125.8451,7.5649],[125.8427,7.5822]]]},"type":"Feature","id":"c257748e39","properties":{"flclr":"#000000","name":"San Jose","level_id":"reg","layer_val":"0","parent_id":"0","gjsonid":"12"}},{"geometry":{"type":"Polygon","coordinates":[[[125.9003,7.6025],[125.8899,7.5919],[125.8704,7.5921],[125.8524,7.6081],[125.8735,7.6299],[125.8791,7.6296],[125.8833,7.6243],[125.8964,7.6207],[125.9003,7.6025]]]},"type":"Feature","id":"c625722970","properties":{"flclr":"#000000","name":"Santa Fe","level_id":"reg","layer_val":"0","parent_id":"0","gjsonid":"12"}},{"geometry":{"type":"Polygon","coordinates":[[[125.8995,7.5753],[125.8895,7.5605],[125.8673,7.5595],[125.8668,7.5869],[125.8745,7.5881],[125.8704,7.5921],[125.8732,7.5943],[125.8899,7.5919],[125.9002,7.6011],[125.8995,7.5753]]]},"type":"Feature","id":"ebfe29693b","properties":{"flclr":"#000000","name":"Patrocenio","level_id":"reg","layer_val":"0","parent_id":"0","gjsonid":"12"}},{"geometry":{"type":"Polygon","coordinates":[[[125.8987,7.5694],[125.8931,7.5325],[125.8467,7.5216],[125.8403,7.5423],[125.8338,7.5441],[125.8405,7.5647],[125.8673,7.5660],[125.8673,7.5595],[125.8895,7.5605],[125.8987,7.5694]]]},"type":"Feature","id":"0d76728e0b","properties":{"flclr":"#000000","name":"New Cortez","level_id":"reg","layer_val":"0","parent_id":"0","gjsonid":"12"}},{"geometry":{"type":"Polygon","coordinates":[[[125.8607,7.6644],[125.8306,7.6608],[125.8192,7.6733],[125.8256,7.6761],[125.8272,7.6853],[125.8360,7.6878],[125.8527,7.6769],[125.8650,7.6949],[125.8684,7.6939],[125.8607,7.6644]]]},"type":"Feature","id":"8f65a88a3e","properties":{"flclr":"#000000","name":"Macgum","level_id":"reg","layer_val":"0","parent_id":"0","gjsonid":"12"}},{"geometry":{"type":"Polygon","coordinates":[[[125.8293,7.6615],[125.8607,7.6644],[125.8611,7.6584],[125.8724,7.6575],[125.8744,7.6512],[125.8487,7.6478],[125.8328,7.6390],[125.8293,7.6615]]]},"type":"Feature","id":"ece8da2aa5","properties":{"flclr":"#000000","name":"Suawon","level_id":"reg","layer_val":"0","parent_id":"0","gjsonid":"12"}},{"geometry":{"type":"Polygon","coordinates":[[[125.9105,7.6046],[125.9003,7.6025],[125.8964,7.6207],[125.8735,7.6299],[125.8832,7.6401],[125.8724,7.6575],[125.8919,7.6570],[125.8922,7.6629],[125.9130,7.6549],[125.9159,7.6477],[125.9107,7.6378],[125.9105,7.6046]]]},"type":"Feature","id":"fa9cda34af","properties":{"flclr":"#000000","name":"Del Monte","level_id":"reg","layer_val":"0","parent_id":"0","gjsonid":"12"}},{"geometry":{"type":"Polygon","coordinates":[[[125.8922,7.6629],[125.8919,7.6570],[125.8611,7.6584],[125.8684,7.6939],[125.8787,7.6842],[125.8953,7.6801],[125.8922,7.6629]]]},"type":"Feature","id":"1e4a0b3f18","properties":{"flclr":"#000000","name":"Cabidianan","level_id":"reg","layer_val":"0","parent_id":"0","gjsonid":"12"}},{"geometry":{"type":"Polygon","coordinates":[[[125.9392,7.6476],[125.9160,7.6757],[125.9726,7.6892],[125.9818,7.6589],[125.9611,7.6475],[125.9392,7.6476]]]},"type":"Feature","id":"d8cd102c48","properties":{"flclr":"#000000","name":"San Vicente","level_id":"reg","layer_val":"0","parent_id":"0","gjsonid":"12"}},{"geometry":{"type":"Polygon","coordinates":[[[125.9160,7.6757],[125.9392,7.6476],[125.9375,7.6397],[125.8922,7.6629],[125.8941,7.6788],[125.9030,7.6921],[125.9160,7.6757]]]},"type":"Feature","id":"61260cfe8e","properties":{"flclr":"#000000","name":"Mambing","level_id":"reg","layer_val":"0","parent_id":"0","gjsonid":"12"}},{"geometry":{"type":"Polygon","coordinates":[[[125.9105,7.6046],[125.9107,7.6378],[125.9159,7.6477],[125.9139,7.6516],[125.9375,7.6397],[125.9300,7.5963],[125.9220,7.5953],[125.9105,7.6046]]]},"type":"Feature","id":"fa7439b5cc","properties":{"flclr":"#000000","name":"El Salvador","level_id":"reg","layer_val":"0","parent_id":"0","gjsonid":"12"}},{"geometry":{"type":"Polygon","coordinates":[[[125.8524,7.6081],[125.8460,7.6036],[125.8192,7.6189],[125.8238,7.6224],[125.8265,7.6363],[125.8487,7.6478],[125.8736,7.6509],[125.8832,7.6401],[125.8524,7.6081]]]},"type":"Feature","id":"90d7f6254f","properties":{"flclr":"#000000","name":"Limba-an","level_id":"reg","layer_val":"0","parent_id":"0","gjsonid":"12"}},{"geometry":{"type":"Polygon","coordinates":[[[125.8410,7.5197],[125.8750,7.5291],[125.8764,7.5238],[125.8681,7.4999],[125.8540,7.4979],[125.8410,7.5197]]]},"type":"Feature","id":"460606da4a","properties":{"flclr":"#000000","name":"Salvacion","level_id":"reg","layer_val":"0","parent_id":"0","gjsonid":"12"}},{"geometry":{"type":"Polygon","coordinates":[[[125.8698,7.6910],[125.8650,7.6949],[125.8620,7.6925],[125.8527,7.6769],[125.8396,7.6870],[125.8285,7.6836],[125.8188,7.6963],[125.8327,7.7190],[125.8394,7.7203],[125.8772,7.7151],[125.8750,7.6958],[125.8698,7.6910]]]},"type":"Feature","id":"15bb25a6e6","properties":{"flclr":"#000000","name":"Sonlon","level_id":"reg","layer_val":"0","parent_id":"0","gjsonid":"12"}},{"geometry":{"type":"Polygon","coordinates":[[[125.9030,7.6921],[125.9120,7.7047],[125.9719,7.7028],[125.9726,7.6892],[125.9160,7.6757],[125.9030,7.6921]]]},"type":"Feature","id":"d3aebf473f","properties":{"flclr":"#000000","name":"Lebanon","level_id":"reg","layer_val":"0","parent_id":"0","gjsonid":"12"}},{"geometry":{"type":"Polygon","coordinates":[[[125.9069,7.6950],[125.8953,7.6801],[125.8787,7.6842],[125.8698,7.6910],[125.8750,7.6958],[125.8779,7.7112],[125.8861,7.7120],[125.9069,7.6950]]]},"type":"Feature","id":"422835d175","properties":{"flclr":"#000000","name":"Buan","level_id":"reg","layer_val":"0","parent_id":"0","gjsonid":"12"}},{"geometry":{"type":"Polygon","coordinates":[[[125.9120,7.7047],[125.9069,7.6950],[125.8861,7.7120],[125.8923,7.7296],[125.9008,7.7414],[125.9373,7.7413],[125.9304,7.7331],[125.9316,7.7262],[125.9230,7.7219],[125.9208,7.7126],[125.9170,7.7133],[125.9120,7.7047]]]},"type":"Feature","id":"0587579dc5","properties":{"flclr":"#000000","name":"Camansa","level_id":"reg","layer_val":"0","parent_id":"0","gjsonid":"12"}},{"geometry":{"type":"Polygon","coordinates":[[[125.9032,7.7419],[125.8923,7.7296],[125.8850,7.7107],[125.8779,7.7112],[125.8772,7.7151],[125.8327,7.7190],[125.8503,7.7443],[125.8588,7.7426],[125.8959,7.7622],[125.8956,7.7451],[125.9032,7.7419]]]},"type":"Feature","id":"c2d99fc06f","properties":{"flclr":"#000000","name":"Binancian","level_id":"reg","layer_val":"0","parent_id":"0","gjsonid":"12"}}]}