{"type":"FeatureCollection","features":[{"geometry":{"type":"Polygon","coordinates":[[[121.8530,20.7231],[121.8427,20.7106],[121.8300,20.7074],[121.8219,20.6967],[121.8027,20.6882],[121.7824,20.7187],[121.7958,20.7482],[121.8219,20.7475],[121.8530,20.7231]]]},"type":"Feature","id":"d4ead99da6","properties":{"flclr":"#000000","name":"Raele","level_id":"reg","layer_val":"0","parent_id":"0","gjsonid":"2"}},{"geometry":{"type":"Polygon","coordinates":[[[121.8291,20.7928],[121.8375,20.8263],[121.8500,20.8342],[121.8656,20.8349],[121.8711,20.8294],[121.8681,20.8144],[121.8576,20.8054],[121.8575,20.7987],[121.8414,20.7874],[121.8291,20.7928]]]},"type":"Feature","id":"6064edff88","properties":{"flclr":"#000000","name":"Santa Rosa (Kaynatuan)","level_id":"reg","layer_val":"0","parent_id":"0","gjsonid":"2"}},{"geometry":{"type":"Polygon","coordinates":[[[121.9374,20.6968],[121.9365,20.6967],[121.9361,20.6971],[121.9377,20.6980],[121.9374,20.6968]]]},"type":"Feature","id":"2edee18dce","properties":{"flclr":"#000000","name":"Raele","level_id":"reg","layer_val":"0","parent_id":"0","gjsonid":"2"}},{"geometry":{"type":"Polygon","coordinates":[[[121.9389,20.6959],[121.9378,20.6954],[121.9373,20.6965],[121.9381,20.6970],[121.9389,20.6959]]]},"type":"Feature","id":"49a6d07d37","properties":{"flclr":"#000000","name":"Raele","level_id":"reg","layer_val":"0","parent_id":"0","gjsonid":"2"}},{"geometry":{"type":"Polygon","coordinates":[[[121.9351,20.7153],[121.9342,20.7146],[121.9334,20.7152],[121.9338,20.7155],[121.9351,20.7153]]]},"type":"Feature","id":"48afd92a8d","properties":{"flclr":"#000000","name":"Raele","level_id":"reg","layer_val":"0","parent_id":"0","gjsonid":"2"}},{"geometry":{"type":"Polygon","coordinates":[[[121.9334,20.7123],[121.9362,20.6984],[121.9228,20.6997],[121.9243,20.7096],[121.9334,20.7123]]]},"type":"Feature","id":"259673f1be","properties":{"flclr":"#000000","name":"Raele","level_id":"reg","layer_val":"0","parent_id":"0","gjsonid":"2"}},{"geometry":{"type":"Polygon","coordinates":[[[121.9433,20.7112],[121.9426,20.7112],[121.9425,20.7118],[121.9432,20.7119],[121.9433,20.7112]]]},"type":"Feature","id":"cabc6aba4f","properties":{"flclr":"#000000","name":"Raele","level_id":"reg","layer_val":"0","parent_id":"0","gjsonid":"2"}},{"geometry":{"type":"Polygon","coordinates":[[[121.9253,20.7108],[121.9250,20.7105],[121.9241,20.7114],[121.9250,20.7115],[121.9253,20.7108]]]},"type":"Feature","id":"958d0b05d4","properties":{"flclr":"#000000","name":"Raele","level_id":"reg","layer_val":"0","parent_id":"0","gjsonid":"2"}},{"geometry":{"type":"Polygon","coordinates":[[[121.9439,20.6988],[121.9425,20.6981],[121.9419,20.7003],[121.9430,20.7003],[121.9439,20.6988]]]},"type":"Feature","id":"e9a2d90ab6","properties":{"flclr":"#000000","name":"Raele","level_id":"reg","layer_val":"0","parent_id":"0","gjsonid":"2"}},{"geometry":{"type":"Polygon","coordinates":[[[121.8983,20.9061],[121.9015,20.9099],[121.9066,20.9069],[121.9065,20.9002],[121.9009,20.8982],[121.8983,20.9061]]]},"type":"Feature","id":"d1c3ccca08","properties":{"flclr":"#000000","name":"Santa Rosa (Kaynatuan)","level_id":"reg","layer_val":"0","parent_id":"0","gjsonid":"2"}},{"geometry":{"type":"Polygon","coordinates":[[[121.9068,20.9224],[121.9080,20.9262],[121.9091,20.9269],[121.9086,20.9220],[121.9068,20.9224]]]},"type":"Feature","id":"8467486d41","properties":{"flclr":"#000000","name":"Santa Rosa (Kaynatuan)","level_id":"reg","layer_val":"0","parent_id":"0","gjsonid":"2"}},{"geometry":{"type":"Polygon","coordinates":[[[121.9102,20.8987],[121.9107,20.8990],[121.9114,20.8982],[121.9104,20.8975],[121.9102,20.8987]]]},"type":"Feature","id":"03e2f1482f","properties":{"flclr":"#000000","name":"Santa Rosa (Kaynatuan)","level_id":"reg","layer_val":"0","parent_id":"0","gjsonid":"2"}},{"geometry":{"type":"Polygon","coordinates":[[[121.9082,20.9208],[121.9086,20.9214],[121.9090,20.9215],[121.9091,20.9207],[121.9082,20.9208]]]},"type":"Feature","id":"739a2a86a1","properties":{"flclr":"#000000","name":"Santa Rosa (Kaynatuan)","level_id":"reg","layer_val":"0","parent_id":"0","gjsonid":"2"}},{"geometry":{"type":"Polygon","coordinates":[[[121.9135,20.9322],[121.9208,20.9356],[121.9319,20.9220],[121.9151,20.9289],[121.9135,20.9322]]]},"type":"Feature","id":"57cd2ea80d","properties":{"flclr":"#000000","name":"Santa Rosa (Kaynatuan)","level_id":"reg","layer_val":"0","parent_id":"0","gjsonid":"2"}},{"geometry":{"type":"Polygon","coordinates":[[[121.9271,21.0648],[121.9333,21.0694],[121.9358,21.0689],[121.9350,21.0621],[121.9271,21.0648]]]},"type":"Feature","id":"914ca29a49","properties":{"flclr":"#000000","name":"Santa Rosa (Kaynatuan)","level_id":"reg","layer_val":"0","parent_id":"0","gjsonid":"2"}},{"geometry":{"type":"Polygon","coordinates":[[[121.9408,21.1033],[121.9419,21.1042],[121.9423,21.1042],[121.9415,21.1030],[121.9408,21.1033]]]},"type":"Feature","id":"8dd59dfa71","properties":{"flclr":"#000000","name":"Santa Rosa (Kaynatuan)","level_id":"reg","layer_val":"0","parent_id":"0","gjsonid":"2"}},{"geometry":{"type":"Polygon","coordinates":[[[121.9454,21.1214],[121.9557,21.1137],[121.9494,21.1030],[121.9458,21.1106],[121.9454,21.1214]]]},"type":"Feature","id":"cc9d8257ff","properties":{"flclr":"#000000","name":"Santa Rosa (Kaynatuan)","level_id":"reg","layer_val":"0","parent_id":"0","gjsonid":"2"}},{"geometry":{"type":"Polygon","coordinates":[[[121.9567,21.1150],[121.9570,21.1150],[121.9571,21.1146],[121.9567,21.1145],[121.9567,21.1150]]]},"type":"Feature","id":"886e55b394","properties":{"flclr":"#000000","name":"Santa Rosa (Kaynatuan)","level_id":"reg","layer_val":"0","parent_id":"0","gjsonid":"2"}},{"geometry":{"type":"Polygon","coordinates":[[[121.9569,21.1159],[121.9578,21.1155],[121.9575,21.1150],[121.9570,21.1152],[121.9569,21.1159]]]},"type":"Feature","id":"5925861c92","properties":{"flclr":"#000000","name":"Santa Rosa (Kaynatuan)","level_id":"reg","layer_val":"0","parent_id":"0","gjsonid":"2"}},{"geometry":{"type":"Polygon","coordinates":[[[121.8408,20.7868],[121.8349,20.7766],[121.8398,20.7595],[121.8268,20.7435],[121.8219,20.7475],[121.7958,20.7482],[121.8013,20.7550],[121.8150,20.7602],[121.8170,20.7777],[121.8291,20.7928],[121.8408,20.7868]]]},"type":"Feature","id":"c5bb37fc2e","properties":{"flclr":"#000000","name":"San Rafael (Idiang)","level_id":"reg","layer_val":"0","parent_id":"0","gjsonid":"2"}},{"geometry":{"type":"Polygon","coordinates":[[[121.8253,20.7425],[121.8398,20.7595],[121.8349,20.7766],[121.8408,20.7868],[121.8509,20.7750],[121.8739,20.7720],[121.8716,20.7683],[121.8765,20.7666],[121.8765,20.7586],[121.8565,20.7509],[121.8585,20.7402],[121.8550,20.7384],[121.8574,20.7335],[121.8535,20.7230],[121.8253,20.7425]]]},"type":"Feature","id":"6b506c5d8e","properties":{"flclr":"#000000","name":"Santa Lucia (Kauhauhasan)","level_id":"reg","layer_val":"0","parent_id":"0","gjsonid":"2"}},{"geometry":{"type":"Polygon","coordinates":[[[121.8408,20.7868],[121.8593,20.8008],[121.8568,20.8042],[121.8674,20.8128],[121.8714,20.8286],[121.8802,20.8199],[121.8835,20.8067],[121.8815,20.7953],[121.8729,20.7916],[121.8680,20.7825],[121.8725,20.7731],[121.8509,20.7750],[121.8408,20.7868]]]},"type":"Feature","id":"2df439ef56","properties":{"flclr":"#000000","name":"Santa Maria (Marapuy)","level_id":"reg","layer_val":"0","parent_id":"0","gjsonid":"2"}}]}