{"type":"FeatureCollection","features":[{"geometry":{"type":"Polygon","coordinates":[[[122.0386,12.5223],[122.0379,12.5288],[122.0267,12.5379],[122.0410,12.5554],[122.0617,12.5459],[122.0386,12.5223]]]},"type":"Feature","id":"25336c193e","properties":{"flclr":"#000000","name":"Juncarlo","level_id":"reg","layer_val":"0","parent_id":"0","gjsonid":"5"}},{"geometry":{"type":"Polygon","coordinates":[[[122.0410,12.5554],[122.0175,12.5267],[122.0077,12.5214],[122.0087,12.5460],[122.0260,12.5472],[122.0319,12.5701],[122.0410,12.5554]]]},"type":"Feature","id":"bcd2d30538","properties":{"flclr":"#000000","name":"Calunacon","level_id":"reg","layer_val":"0","parent_id":"0","gjsonid":"5"}},{"geometry":{"type":"Polygon","coordinates":[[[122.0087,12.5460],[122.0138,12.5652],[122.0249,12.5868],[122.0321,12.5807],[122.0260,12.5472],[122.0087,12.5460]]]},"type":"Feature","id":"46b6f47ece","properties":{"flclr":"#000000","name":"Linawan","level_id":"reg","layer_val":"0","parent_id":"0","gjsonid":"5"}},{"geometry":{"type":"Polygon","coordinates":[[[122.0856,12.5409],[122.0617,12.5459],[122.0410,12.5554],[122.0319,12.5701],[122.0321,12.5807],[122.0654,12.5919],[122.0927,12.5908],[122.0856,12.5409]]]},"type":"Feature","id":"c8dee1cce4","properties":{"flclr":"#000000","name":"Marigondon Norte","level_id":"reg","layer_val":"0","parent_id":"0","gjsonid":"5"}},{"geometry":{"type":"Polygon","coordinates":[[[122.2683,12.5752],[122.2670,12.5752],[122.2690,12.5788],[122.2709,12.5758],[122.2683,12.5752]]]},"type":"Feature","id":"35bed29cb2","properties":{"flclr":"#000000","name":"Barangay I (Pob.)","level_id":"reg","layer_val":"0","parent_id":"0","gjsonid":"5"}},{"geometry":{"type":"Polygon","coordinates":[[[122.1291,12.6103],[122.1340,12.6061],[122.1326,12.5920],[122.1070,12.5872],[122.0804,12.5925],[122.1082,12.6000],[122.1024,12.6078],[122.1291,12.6103]]]},"type":"Feature","id":"c3359cd0bb","properties":{"flclr":"#000000","name":"Cabolutan","level_id":"reg","layer_val":"0","parent_id":"0","gjsonid":"5"}},{"geometry":{"type":"Polygon","coordinates":[[[122.1437,12.6279],[122.1302,12.6353],[122.1259,12.6302],[122.1091,12.6353],[122.1229,12.6548],[122.1414,12.6456],[122.1437,12.6279]]]},"type":"Feature","id":"a291bab153","properties":{"flclr":"#000000","name":"Sugod","level_id":"reg","layer_val":"0","parent_id":"0","gjsonid":"5"}},{"geometry":{"type":"Polygon","coordinates":[[[122.1290,12.6636],[122.1537,12.6599],[122.1592,12.6482],[122.1414,12.6456],[122.1229,12.6548],[122.1290,12.6636]]]},"type":"Feature","id":"c1923fcb86","properties":{"flclr":"#000000","name":"Cawayan","level_id":"reg","layer_val":"0","parent_id":"0","gjsonid":"5"}},{"geometry":{"type":"Polygon","coordinates":[[[122.1332,12.5923],[122.1392,12.5808],[122.1360,12.5679],[122.1226,12.5760],[122.0922,12.5790],[122.0927,12.5908],[122.1070,12.5872],[122.1332,12.5923]]]},"type":"Feature","id":"cc2ac445d8","properties":{"flclr":"#000000","name":"Cagbuaya","level_id":"reg","layer_val":"0","parent_id":"0","gjsonid":"5"}},{"geometry":{"type":"Polygon","coordinates":[[[122.1332,12.5658],[122.1377,12.5557],[122.0893,12.5655],[122.0922,12.5790],[122.1229,12.5759],[122.1332,12.5658]]]},"type":"Feature","id":"2106d12f3e","properties":{"flclr":"#000000","name":"Dubduban","level_id":"reg","layer_val":"0","parent_id":"0","gjsonid":"5"}},{"geometry":{"type":"Polygon","coordinates":[[[122.1592,12.6482],[122.1622,12.6316],[122.1437,12.6279],[122.1414,12.6456],[122.1592,12.6482]]]},"type":"Feature","id":"2be3b68f62","properties":{"flclr":"#000000","name":"Mahabang Baybay (Long Beach)","level_id":"reg","layer_val":"0","parent_id":"0","gjsonid":"5"}},{"geometry":{"type":"Polygon","coordinates":[[[122.1377,12.5557],[122.1352,12.5478],[122.1388,12.5402],[122.0870,12.5470],[122.0893,12.5655],[122.1377,12.5557]]]},"type":"Feature","id":"c27b86e0e6","properties":{"flclr":"#000000","name":"Do\u00f1a Juana","level_id":"reg","layer_val":"0","parent_id":"0","gjsonid":"5"}},{"geometry":{"type":"Polygon","coordinates":[[[122.2692,12.5781],[122.2702,12.5804],[122.2704,12.5815],[122.2723,12.5762],[122.2692,12.5781]]]},"type":"Feature","id":"8244f8580d","properties":{"flclr":"#000000","name":"Barangay II (Pob.)","level_id":"reg","layer_val":"0","parent_id":"0","gjsonid":"5"}},{"geometry":{"type":"Polygon","coordinates":[[[122.1313,12.5691],[122.1337,12.5699],[122.1369,12.5664],[122.1313,12.5658],[122.1313,12.5691]]]},"type":"Feature","id":"f4ef0215a1","properties":{"flclr":"#000000","name":"Poblacion","level_id":"reg","layer_val":"0","parent_id":"0","gjsonid":"5"}},{"geometry":{"type":"Polygon","coordinates":[[[122.1259,12.6302],[122.1224,12.6148],[122.1291,12.6103],[122.1024,12.6078],[122.0914,12.6193],[122.1091,12.6353],[122.1259,12.6302]]]},"type":"Feature","id":"b31e59f6c3","properties":{"flclr":"#000000","name":"Carmen","level_id":"reg","layer_val":"0","parent_id":"0","gjsonid":"5"}},{"geometry":{"type":"Polygon","coordinates":[[[122.2949,12.6145],[122.2934,12.6055],[122.2982,12.5943],[122.2828,12.6021],[122.2949,12.6145]]]},"type":"Feature","id":"f8a9cd9bf0","properties":{"flclr":"#000000","name":"Agbudia","level_id":"reg","layer_val":"0","parent_id":"0","gjsonid":"5"}},{"geometry":{"type":"Polygon","coordinates":[[[122.2683,12.6011],[122.2828,12.6021],[122.2831,12.5854],[122.2729,12.5892],[122.2734,12.5943],[122.2658,12.5931],[122.2683,12.6011]]]},"type":"Feature","id":"5adce8fb99","properties":{"flclr":"#000000","name":"Cajimos","level_id":"reg","layer_val":"0","parent_id":"0","gjsonid":"5"}},{"geometry":{"type":"Polygon","coordinates":[[[122.2629,12.5805],[122.2692,12.5726],[122.2795,12.5743],[122.2831,12.5624],[122.2663,12.5648],[122.2610,12.5731],[122.2629,12.5805]]]},"type":"Feature","id":"845c47cfc6","properties":{"flclr":"#000000","name":"Bagacay","level_id":"reg","layer_val":"0","parent_id":"0","gjsonid":"5"}},{"geometry":{"type":"Polygon","coordinates":[[[122.2831,12.5624],[122.2795,12.5743],[122.3024,12.5686],[122.2953,12.5598],[122.2831,12.5624]]]},"type":"Feature","id":"64a151dd95","properties":{"flclr":"#000000","name":"Agbaluto","level_id":"reg","layer_val":"0","parent_id":"0","gjsonid":"5"}},{"geometry":{"type":"Polygon","coordinates":[[[122.2677,12.5646],[122.2831,12.5624],[122.2578,12.5485],[122.2487,12.5523],[122.2677,12.5646]]]},"type":"Feature","id":"172b56e295","properties":{"flclr":"#000000","name":"Agnay","level_id":"reg","layer_val":"0","parent_id":"0","gjsonid":"5"}},{"geometry":{"type":"Polygon","coordinates":[[[122.2828,12.6021],[122.2683,12.6011],[122.2772,12.6123],[122.2787,12.6224],[122.2857,12.6255],[122.2896,12.6195],[122.2968,12.6185],[122.2828,12.6021]]]},"type":"Feature","id":"7a9b0a2594","properties":{"flclr":"#000000","name":"Agtongo","level_id":"reg","layer_val":"0","parent_id":"0","gjsonid":"5"}},{"geometry":{"type":"Polygon","coordinates":[[[122.2709,12.5758],[122.2725,12.5746],[122.2707,12.5729],[122.2702,12.5756],[122.2709,12.5758]]]},"type":"Feature","id":"844209e052","properties":{"flclr":"#000000","name":"Barangay III (Pob.)","level_id":"reg","layer_val":"0","parent_id":"0","gjsonid":"5"}},{"geometry":{"type":"Polygon","coordinates":[[[122.2729,12.5892],[122.2831,12.5854],[122.2795,12.5743],[122.2702,12.5786],[122.2718,12.5836],[122.2678,12.5845],[122.2729,12.5892]]]},"type":"Feature","id":"fe083bb414","properties":{"flclr":"#000000","name":"Capaclan","level_id":"reg","layer_val":"0","parent_id":"0","gjsonid":"5"}},{"geometry":{"type":"Polygon","coordinates":[[[122.2982,12.5943],[122.2952,12.5831],[122.2835,12.5837],[122.2828,12.6021],[122.2982,12.5943]]]},"type":"Feature","id":"f7905b041e","properties":{"flclr":"#000000","name":"Guimpingan","level_id":"reg","layer_val":"0","parent_id":"0","gjsonid":"5"}},{"geometry":{"type":"Polygon","coordinates":[[[122.3079,12.5727],[122.3112,12.5695],[122.3059,12.5612],[122.3126,12.5537],[122.3087,12.5470],[122.2937,12.5621],[122.3079,12.5727]]]},"type":"Feature","id":"02b35abf8e","properties":{"flclr":"#000000","name":"Lamao","level_id":"reg","layer_val":"0","parent_id":"0","gjsonid":"5"}},{"geometry":{"type":"Polygon","coordinates":[[[122.2702,12.5756],[122.2707,12.5729],[122.2692,12.5726],[122.2683,12.5752],[122.2702,12.5756]]]},"type":"Feature","id":"83acbb8859","properties":{"flclr":"#000000","name":"Barangay IV (Pob.)","level_id":"reg","layer_val":"0","parent_id":"0","gjsonid":"5"}},{"geometry":{"type":"Polygon","coordinates":[[[122.2835,12.5837],[122.2985,12.5837],[122.3007,12.5773],[122.3072,12.5781],[122.3079,12.5727],[122.3024,12.5686],[122.2795,12.5743],[122.2835,12.5837]]]},"type":"Feature","id":"264a970719","properties":{"flclr":"#000000","name":"Li-o","level_id":"reg","layer_val":"0","parent_id":"0","gjsonid":"5"}},{"geometry":{"type":"Polygon","coordinates":[[[122.2677,12.5646],[122.2491,12.5526],[122.2493,12.5621],[122.2542,12.5681],[122.2439,12.5725],[122.2629,12.5807],[122.2610,12.5731],[122.2677,12.5646]]]},"type":"Feature","id":"cbe0d20024","properties":{"flclr":"#000000","name":"Lonos","level_id":"reg","layer_val":"0","parent_id":"0","gjsonid":"5"}},{"geometry":{"type":"Polygon","coordinates":[[[122.2953,12.5598],[122.3087,12.5470],[122.2972,12.5500],[122.2834,12.5439],[122.2831,12.5624],[122.2953,12.5598]]]},"type":"Feature","id":"03efbddf23","properties":{"flclr":"#000000","name":"Macalas","level_id":"reg","layer_val":"0","parent_id":"0","gjsonid":"5"}},{"geometry":{"type":"Polygon","coordinates":[[[122.2578,12.5485],[122.2831,12.5624],[122.2834,12.5439],[122.2788,12.5380],[122.2578,12.5485]]]},"type":"Feature","id":"3dc35ad17e","properties":{"flclr":"#000000","name":"Sawang","level_id":"reg","layer_val":"0","parent_id":"0","gjsonid":"5"}},{"geometry":{"type":"Polygon","coordinates":[[[122.0535,12.7821],[122.0510,12.7807],[122.0452,12.7840],[122.0485,12.7859],[122.0535,12.7821]]]},"type":"Feature","id":"135cde58f6","properties":{"flclr":"#000000","name":"Poblacion","level_id":"reg","layer_val":"0","parent_id":"0","gjsonid":"5"}},{"geometry":{"type":"Polygon","coordinates":[[[122.0543,12.7826],[122.0477,12.7859],[122.0470,12.7958],[122.0524,12.7959],[122.0543,12.7826]]]},"type":"Feature","id":"7f9a00bdf6","properties":{"flclr":"#000000","name":"San Agustin","level_id":"reg","layer_val":"0","parent_id":"0","gjsonid":"5"}},{"geometry":{"type":"Polygon","coordinates":[[[122.0646,12.7887],[122.0543,12.7826],[122.0524,12.7959],[122.0595,12.7910],[122.0646,12.7887]]]},"type":"Feature","id":"7d4eb8e728","properties":{"flclr":"#000000","name":"Ambulong","level_id":"reg","layer_val":"0","parent_id":"0","gjsonid":"5"}},{"geometry":{"type":"Polygon","coordinates":[[[122.0721,12.8035],[122.0646,12.7887],[122.0532,12.7960],[122.0592,12.8045],[122.0721,12.8035]]]},"type":"Feature","id":"a27ddb53e3","properties":{"flclr":"#000000","name":"Ilijan","level_id":"reg","layer_val":"0","parent_id":"0","gjsonid":"5"}},{"geometry":{"type":"Polygon","coordinates":[[[122.0452,12.7840],[122.0313,12.7868],[122.0301,12.7881],[122.0470,12.7958],[122.0452,12.7840]]]},"type":"Feature","id":"7886b56c18","properties":{"flclr":"#000000","name":"Tacasan","level_id":"reg","layer_val":"0","parent_id":"0","gjsonid":"5"}},{"geometry":{"type":"Polygon","coordinates":[[[122.0470,12.7958],[122.0380,12.7940],[122.0332,12.8010],[122.0403,12.8004],[122.0470,12.7958]]]},"type":"Feature","id":"7e43d298e0","properties":{"flclr":"#000000","name":"Guintiguiban","level_id":"reg","layer_val":"0","parent_id":"0","gjsonid":"5"}},{"geometry":{"type":"Polygon","coordinates":[[[122.0332,12.8010],[122.0380,12.7940],[122.0301,12.7881],[122.0295,12.7907],[122.0332,12.8010]]]},"type":"Feature","id":"d63fadad63","properties":{"flclr":"#000000","name":"Mabini","level_id":"reg","layer_val":"0","parent_id":"0","gjsonid":"5"}},{"geometry":{"type":"Polygon","coordinates":[[[122.0532,12.7960],[122.0470,12.7958],[122.0403,12.8004],[122.0556,12.8082],[122.0571,12.8012],[122.0532,12.7960]]]},"type":"Feature","id":"c4c3265a1e","properties":{"flclr":"#000000","name":"San Vicente","level_id":"reg","layer_val":"0","parent_id":"0","gjsonid":"5"}},{"geometry":{"type":"Polygon","coordinates":[[[122.0430,12.8039],[122.0324,12.8010],[122.0290,12.8091],[122.0406,12.8163],[122.0430,12.8039]]]},"type":"Feature","id":"aeba4627ba","properties":{"flclr":"#000000","name":"Mangansag","level_id":"reg","layer_val":"0","parent_id":"0","gjsonid":"5"}},{"geometry":{"type":"Polygon","coordinates":[[[122.0290,12.8091],[122.0291,12.7959],[122.0192,12.7957],[122.0189,12.7983],[122.0290,12.8091]]]},"type":"Feature","id":"ab8f725ff8","properties":{"flclr":"#000000","name":"San Roque","level_id":"reg","layer_val":"0","parent_id":"0","gjsonid":"5"}},{"geometry":{"type":"Polygon","coordinates":[[[122.0556,12.8082],[122.0430,12.8039],[122.0406,12.8163],[122.0546,12.8192],[122.0556,12.8082]]]},"type":"Feature","id":"00bd82296a","properties":{"flclr":"#000000","name":"Mahaba","level_id":"reg","layer_val":"0","parent_id":"0","gjsonid":"5"}},{"geometry":{"type":"Polygon","coordinates":[[[122.0646,12.8064],[122.0571,12.8012],[122.0555,12.8036],[122.0556,12.8082],[122.0668,12.8147],[122.0646,12.8064]]]},"type":"Feature","id":"c25e900f25","properties":{"flclr":"#000000","name":"Gobon","level_id":"reg","layer_val":"0","parent_id":"0","gjsonid":"5"}},{"geometry":{"type":"Polygon","coordinates":[[[122.0675,12.8140],[122.0556,12.8082],[122.0546,12.8192],[122.0688,12.8242],[122.0675,12.8140]]]},"type":"Feature","id":"307cdcab14","properties":{"flclr":"#000000","name":"Colongcolong","level_id":"reg","layer_val":"0","parent_id":"0","gjsonid":"5"}},{"geometry":{"type":"Polygon","coordinates":[[[122.0675,12.8140],[122.0730,12.8178],[122.0795,12.8158],[122.0721,12.8035],[122.0646,12.8064],[122.0675,12.8140]]]},"type":"Feature","id":"1eeb7caccf","properties":{"flclr":"#000000","name":"Labnig","level_id":"reg","layer_val":"0","parent_id":"0","gjsonid":"5"}},{"geometry":{"type":"Polygon","coordinates":[[[122.0688,12.8242],[122.0774,12.8284],[122.0811,12.8361],[122.0896,12.8362],[122.0795,12.8158],[122.0677,12.8163],[122.0688,12.8242]]]},"type":"Feature","id":"bb0bf7e002","properties":{"flclr":"#000000","name":"Alegria","level_id":"reg","layer_val":"0","parent_id":"0","gjsonid":"5"}},{"geometry":{"type":"Polygon","coordinates":[[[121.7246,12.9152],[121.7247,12.9083],[121.7186,12.9146],[121.7174,12.9085],[121.7254,12.9009],[121.7154,12.8957],[121.7090,12.9233],[121.7173,12.9273],[121.7246,12.9152]]]},"type":"Feature","id":"84d5ad2f91","properties":{"flclr":"#000000","name":"Poblacion","level_id":"reg","layer_val":"0","parent_id":"0","gjsonid":"5"}},{"geometry":{"type":"Polygon","coordinates":[[[121.7088,12.9218],[121.7129,12.9122],[121.7145,12.8964],[121.7093,12.9097],[121.7039,12.9000],[121.6999,12.8998],[121.7006,12.9175],[121.7088,12.9218]]]},"type":"Feature","id":"f3f166fd9e","properties":{"flclr":"#000000","name":"San Pedro (Agbatang)","level_id":"reg","layer_val":"0","parent_id":"0","gjsonid":"5"}},{"geometry":{"type":"Polygon","coordinates":[[[121.7341,12.9225],[121.7306,12.9105],[121.7173,12.9273],[121.7252,12.9279],[121.7341,12.9225]]]},"type":"Feature","id":"29d56b69e3","properties":{"flclr":"#000000","name":"San Vicente","level_id":"reg","layer_val":"0","parent_id":"0","gjsonid":"5"}},{"geometry":{"type":"Polygon","coordinates":[[[121.7276,12.9364],[121.7364,12.9291],[121.7341,12.9225],[121.7164,12.9284],[121.7193,12.9341],[121.7276,12.9364]]]},"type":"Feature","id":"a9215be463","properties":{"flclr":"#000000","name":"Dalajican","level_id":"reg","layer_val":"0","parent_id":"0","gjsonid":"5"}},{"geometry":{"type":"Polygon","coordinates":[[[121.7086,12.9221],[121.7008,12.9178],[121.6971,12.9078],[121.6851,12.9226],[121.6979,12.9273],[121.7086,12.9221]]]},"type":"Feature","id":"7ab33cbbcb","properties":{"flclr":"#000000","name":"Calabasahan","level_id":"reg","layer_val":"0","parent_id":"0","gjsonid":"5"}},{"geometry":{"type":"Polygon","coordinates":[[[121.7087,12.9226],[121.6917,12.9328],[121.6874,12.9384],[121.6916,12.9410],[121.6884,12.9458],[121.7008,12.9475],[121.7087,12.9226]]]},"type":"Feature","id":"1321c783df","properties":{"flclr":"#000000","name":"Bachawan","level_id":"reg","layer_val":"0","parent_id":"0","gjsonid":"5"}},{"geometry":{"type":"Polygon","coordinates":[[[121.7164,12.9284],[121.7087,12.9226],[121.7014,12.9481],[121.7108,12.9478],[121.7129,12.9429],[121.7161,12.9461],[121.7164,12.9284]]]},"type":"Feature","id":"66c2807e6d","properties":{"flclr":"#000000","name":"Masudsud","level_id":"reg","layer_val":"0","parent_id":"0","gjsonid":"5"}},{"geometry":{"type":"Polygon","coordinates":[[[121.7161,12.9461],[121.7254,12.9451],[121.7285,12.9382],[121.7156,12.9285],[121.7161,12.9461]]]},"type":"Feature","id":"114238c775","properties":{"flclr":"#000000","name":"Masadya","level_id":"reg","layer_val":"0","parent_id":"0","gjsonid":"5"}},{"geometry":{"type":"Polygon","coordinates":[[[122.0654,12.6197],[122.0644,12.6084],[122.0449,12.6051],[122.0397,12.6147],[122.0331,12.6168],[122.0442,12.6221],[122.0654,12.6197]]]},"type":"Feature","id":"484ed0dd7b","properties":{"flclr":"#000000","name":"San Roque","level_id":"reg","layer_val":"0","parent_id":"0","gjsonid":"5"}},{"geometry":{"type":"Polygon","coordinates":[[[122.0670,12.6139],[122.0659,12.6205],[122.0728,12.6214],[122.0740,12.6132],[122.0670,12.6139]]]},"type":"Feature","id":"42a9032384","properties":{"flclr":"#000000","name":"Poblacion","level_id":"reg","layer_val":"0","parent_id":"0","gjsonid":"5"}},{"geometry":{"type":"Polygon","coordinates":[[[122.0670,12.6139],[122.0796,12.6080],[122.1024,12.6078],[122.1082,12.6000],[122.0654,12.5919],[122.0449,12.6051],[122.0644,12.6084],[122.0670,12.6139]]]},"type":"Feature","id":"ad8d8c0025","properties":{"flclr":"#000000","name":"Pagsangahan","level_id":"reg","layer_val":"0","parent_id":"0","gjsonid":"5"}},{"geometry":{"type":"Polygon","coordinates":[[[122.1010,12.6279],[122.0918,12.6224],[122.0778,12.6283],[122.0858,12.6330],[122.0842,12.6372],[122.0895,12.6377],[122.1010,12.6279]]]},"type":"Feature","id":"e4a597fb28","properties":{"flclr":"#000000","name":"Linao","level_id":"reg","layer_val":"0","parent_id":"0","gjsonid":"5"}},{"geometry":{"type":"Polygon","coordinates":[[[122.1290,12.6636],[122.1010,12.6279],[122.0895,12.6377],[122.1192,12.6576],[122.1213,12.6673],[122.1101,12.6744],[122.1290,12.6636]]]},"type":"Feature","id":"f0d4e975e7","properties":{"flclr":"#000000","name":"Talisay","level_id":"reg","layer_val":"0","parent_id":"0","gjsonid":"5"}},{"geometry":{"type":"Polygon","coordinates":[[[122.0778,12.6283],[122.0918,12.6224],[122.1024,12.6078],[122.0796,12.6080],[122.0728,12.6214],[122.0778,12.6283]]]},"type":"Feature","id":"c098cf6721","properties":{"flclr":"#000000","name":"Pangulo","level_id":"reg","layer_val":"0","parent_id":"0","gjsonid":"5"}},{"geometry":{"type":"Polygon","coordinates":[[[122.0449,12.6051],[122.0654,12.5919],[122.0321,12.5807],[122.0088,12.6011],[122.0289,12.6091],[122.0331,12.6168],[122.0397,12.6147],[122.0449,12.6051]]]},"type":"Feature","id":"8155db9b44","properties":{"flclr":"#000000","name":"Balogo","level_id":"reg","layer_val":"0","parent_id":"0","gjsonid":"5"}},{"geometry":{"type":"Polygon","coordinates":[[[122.0088,12.6011],[122.0249,12.5868],[122.0138,12.5652],[122.0114,12.5503],[122.0074,12.5487],[121.9924,12.5699],[122.0000,12.5808],[122.0018,12.5973],[122.0088,12.6011]]]},"type":"Feature","id":"9a64651117","properties":{"flclr":"#000000","name":"Agpudlos","level_id":"reg","layer_val":"0","parent_id":"0","gjsonid":"5"}},{"geometry":{"type":"Polygon","coordinates":[[[122.0636,12.9074],[122.0579,12.9070],[122.0570,12.9186],[122.0679,12.9324],[122.0745,12.9291],[122.0617,12.9112],[122.0636,12.9074]]]},"type":"Feature","id":"12768b4e8c","properties":{"flclr":"#000000","name":"Balogo","level_id":"reg","layer_val":"0","parent_id":"0","gjsonid":"5"}},{"geometry":{"type":"Polygon","coordinates":[[[122.0971,12.9481],[122.0957,12.9437],[122.0927,12.9452],[122.0960,12.9499],[122.0971,12.9481]]]},"type":"Feature","id":"22875649ce","properties":{"flclr":"#000000","name":"Poblacion","level_id":"reg","layer_val":"0","parent_id":"0","gjsonid":"5"}},{"geometry":{"type":"Polygon","coordinates":[[[122.0646,12.9616],[122.0739,12.9620],[122.0740,12.9525],[122.0647,12.9515],[122.0646,12.9616]]]},"type":"Feature","id":"4ce148f76f","properties":{"flclr":"#000000","name":"Sibay","level_id":"reg","layer_val":"0","parent_id":"0","gjsonid":"5"}},{"geometry":{"type":"Polygon","coordinates":[[[122.0740,12.9525],[122.0741,12.9622],[122.0834,12.9607],[122.0784,12.9537],[122.0740,12.9525]]]},"type":"Feature","id":"ceba7cc95b","properties":{"flclr":"#000000","name":"Nabalay","level_id":"reg","layer_val":"0","parent_id":"0","gjsonid":"5"}},{"geometry":{"type":"Polygon","coordinates":[[[122.0789,12.9089],[122.0695,12.9049],[122.0689,12.9099],[122.0636,12.9074],[122.0617,12.9112],[122.0701,12.9185],[122.0789,12.9089]]]},"type":"Feature","id":"4aa8414fea","properties":{"flclr":"#000000","name":"Banice","level_id":"reg","layer_val":"0","parent_id":"0","gjsonid":"5"}},{"geometry":{"type":"Polygon","coordinates":[[[122.0957,12.9437],[122.0958,12.9365],[122.0758,12.9419],[122.0787,12.9441],[122.0957,12.9437]]]},"type":"Feature","id":"4faab649e8","properties":{"flclr":"#000000","name":"Hambi-an","level_id":"reg","layer_val":"0","parent_id":"0","gjsonid":"5"}},{"geometry":{"type":"Polygon","coordinates":[[[122.0921,12.9257],[122.0902,12.9204],[122.0865,12.9218],[122.0768,12.9353],[122.0921,12.9257]]]},"type":"Feature","id":"8202d03960","properties":{"flclr":"#000000","name":"Lagang","level_id":"reg","layer_val":"0","parent_id":"0","gjsonid":"5"}},{"geometry":{"type":"Polygon","coordinates":[[[122.0572,12.9609],[122.0646,12.9616],[122.0659,12.9486],[122.0614,12.9440],[122.0543,12.9502],[122.0572,12.9609]]]},"type":"Feature","id":"662ece8b05","properties":{"flclr":"#000000","name":"Libtong","level_id":"reg","layer_val":"0","parent_id":"0","gjsonid":"5"}},{"geometry":{"type":"Polygon","coordinates":[[[122.0543,12.9502],[122.0471,12.9514],[122.0438,12.9596],[122.0572,12.9609],[122.0543,12.9502]]]},"type":"Feature","id":"352b5ac3bb","properties":{"flclr":"#000000","name":"Nasunogan","level_id":"reg","layer_val":"0","parent_id":"0","gjsonid":"5"}},{"geometry":{"type":"Polygon","coordinates":[[[122.0647,12.9515],[122.0758,12.9515],[122.0784,12.9441],[122.0744,12.9300],[122.0628,12.9367],[122.0647,12.9515]]]},"type":"Feature","id":"6377b26e15","properties":{"flclr":"#000000","name":"Tan-Ag","level_id":"reg","layer_val":"0","parent_id":"0","gjsonid":"5"}},{"geometry":{"type":"Polygon","coordinates":[[[122.0625,12.9375],[122.0670,12.9324],[122.0647,12.9281],[122.0570,12.9186],[122.0494,12.9169],[122.0575,12.9260],[122.0529,12.9351],[122.0625,12.9375]]]},"type":"Feature","id":"8a10021bd7","properties":{"flclr":"#000000","name":"Mainit","level_id":"reg","layer_val":"0","parent_id":"0","gjsonid":"5"}},{"geometry":{"type":"Polygon","coordinates":[[[122.0983,12.9579],[122.0984,12.9486],[122.0784,12.9441],[122.0767,12.9493],[122.0881,12.9507],[122.0983,12.9579]]]},"type":"Feature","id":"1133a36c7d","properties":{"flclr":"#000000","name":"Toctoc","level_id":"reg","layer_val":"0","parent_id":"0","gjsonid":"5"}},{"geometry":{"type":"Polygon","coordinates":[[[122.0834,12.9607],[122.0910,12.9575],[122.0983,12.9579],[122.0881,12.9507],[122.0767,12.9493],[122.0834,12.9607]]]},"type":"Feature","id":"3c3e2df46c","properties":{"flclr":"#000000","name":"Togbongan","level_id":"reg","layer_val":"0","parent_id":"0","gjsonid":"5"}},{"geometry":{"type":"Polygon","coordinates":[[[122.0744,12.9300],[122.0794,12.9325],[122.0902,12.9204],[122.0789,12.9089],[122.0701,12.9185],[122.0744,12.9300]]]},"type":"Feature","id":"f33d882db8","properties":{"flclr":"#000000","name":"Togong","level_id":"reg","layer_val":"0","parent_id":"0","gjsonid":"5"}},{"geometry":{"type":"Polygon","coordinates":[[[122.0505,12.9493],[122.0612,12.9440],[122.0630,12.9379],[122.0531,12.9351],[122.0438,12.9391],[122.0505,12.9493]]]},"type":"Feature","id":"91c4fca3a4","properties":{"flclr":"#000000","name":"Tungonan","level_id":"reg","layer_val":"0","parent_id":"0","gjsonid":"5"}},{"geometry":{"type":"Polygon","coordinates":[[[122.0762,12.9417],[122.0958,12.9365],[122.0933,12.9267],[122.0762,12.9368],[122.0762,12.9417]]]},"type":"Feature","id":"04c08e224d","properties":{"flclr":"#000000","name":"Tumalum","level_id":"reg","layer_val":"0","parent_id":"0","gjsonid":"5"}},{"geometry":{"type":"Polygon","coordinates":[[[122.0438,12.9596],[122.0505,12.9493],[122.0438,12.9391],[122.0384,12.9392],[122.0382,12.9488],[122.0327,12.9503],[122.0438,12.9596]]]},"type":"Feature","id":"956b9ee932","properties":{"flclr":"#000000","name":"Yabawon","level_id":"reg","layer_val":"0","parent_id":"0","gjsonid":"5"}},{"geometry":{"type":"Polygon","coordinates":[[[122.0443,13.2665],[122.0532,13.2566],[122.0175,13.2370],[122.0128,13.2436],[122.0443,13.2665]]]},"type":"Feature","id":"c2993b25c0","properties":{"flclr":"#000000","name":"Makawayan","level_id":"reg","layer_val":"0","parent_id":"0","gjsonid":"5"}},{"geometry":{"type":"Polygon","coordinates":[[[122.0128,13.2436],[122.0175,13.2370],[121.9903,13.2184],[121.9844,13.2069],[121.9620,13.2249],[121.9677,13.2311],[121.9819,13.2346],[121.9917,13.2312],[122.0128,13.2436]]]},"type":"Feature","id":"b645d9fe8d","properties":{"flclr":"#000000","name":"Yook","level_id":"reg","layer_val":"0","parent_id":"0","gjsonid":"5"}},{"geometry":{"type":"Polygon","coordinates":[[[121.9520,13.2583],[121.9557,13.2519],[121.9694,13.2452],[121.9677,13.2311],[121.9623,13.2270],[121.9525,13.2473],[121.9456,13.2512],[121.9520,13.2583]]]},"type":"Feature","id":"1c63a546dd","properties":{"flclr":"#000000","name":"Libas","level_id":"reg","layer_val":"0","parent_id":"0","gjsonid":"5"}},{"geometry":{"type":"Polygon","coordinates":[[[121.9677,13.2311],[121.9694,13.2452],[122.0086,13.2414],[121.9917,13.2312],[121.9819,13.2346],[121.9677,13.2311]]]},"type":"Feature","id":"3833a53fc9","properties":{"flclr":"#000000","name":"Bicas-bicas","level_id":"reg","layer_val":"0","parent_id":"0","gjsonid":"5"}},{"geometry":{"type":"Polygon","coordinates":[[[121.9844,13.2069],[121.9903,13.2184],[122.0175,13.2370],[122.0245,13.2096],[122.0323,13.2020],[122.0054,13.1992],[121.9844,13.2069]]]},"type":"Feature","id":"75fc7a7eee","properties":{"flclr":"#000000","name":"Tungib-Lipata","level_id":"reg","layer_val":"0","parent_id":"0","gjsonid":"5"}},{"geometry":{"type":"Polygon","coordinates":[[[122.2472,12.6158],[122.2367,12.6156],[122.2404,12.6258],[122.2431,12.6220],[122.2541,12.6296],[122.2644,12.6293],[122.2582,12.6160],[122.2472,12.6158]]]},"type":"Feature","id":"2575d4d528","properties":{"flclr":"#000000","name":"Alad","level_id":"reg","layer_val":"0","parent_id":"0","gjsonid":"5"}},{"geometry":{"type":"Polygon","coordinates":[[[121.6851,12.9226],[121.6860,12.9264],[121.6808,12.9294],[121.6874,12.9384],[121.7000,12.9285],[121.6851,12.9226]]]},"type":"Feature","id":"7c54e3c2ec","properties":{"flclr":"#000000","name":"Sampong","level_id":"reg","layer_val":"0","parent_id":"0","gjsonid":"5"}},{"geometry":{"type":"Polygon","coordinates":[[[122.0175,13.2370],[122.0425,13.2524],[122.0536,13.2558],[122.0524,13.2393],[122.0323,13.2020],[122.0245,13.2096],[122.0175,13.2370]]]},"type":"Feature","id":"f9aa84c6a2","properties":{"flclr":"#000000","name":"Dampulan","level_id":"reg","layer_val":"0","parent_id":"0","gjsonid":"5"}},{"geometry":{"type":"Polygon","coordinates":[[[122.2397,12.5880],[122.2460,12.5930],[122.2464,12.5993],[122.2514,12.6024],[122.2481,12.5831],[122.2455,12.5865],[122.2398,12.5837],[122.2397,12.5880]]]},"type":"Feature","id":"04e5b68f2b","properties":{"flclr":"#000000","name":"Logbon","level_id":"reg","layer_val":"0","parent_id":"0","gjsonid":"5"}},{"geometry":{"type":"Polygon","coordinates":[[[122.2303,12.6632],[122.2399,12.6714],[122.2458,12.6673],[122.2454,12.6564],[122.2401,12.6483],[122.2330,12.6535],[122.2303,12.6632]]]},"type":"Feature","id":"eb2b9c3413","properties":{"flclr":"#000000","name":"Cobrador (Naguso)","level_id":"reg","layer_val":"0","parent_id":"0","gjsonid":"5"}},{"geometry":{"type":"Polygon","coordinates":[[[121.8049,13.2267],[121.8138,13.2294],[121.8190,13.2271],[121.8127,13.2206],[121.8049,13.2267]]]},"type":"Feature","id":"35d01d92c7","properties":{"flclr":"#000000","name":"Pingan","level_id":"reg","layer_val":"0","parent_id":"0","gjsonid":"5"}},{"geometry":{"type":"Polygon","coordinates":[[[121.8280,13.2354],[121.8333,13.2365],[121.8368,13.2323],[121.8309,13.2315],[121.8280,13.2354]]]},"type":"Feature","id":"2830ffddd7","properties":{"flclr":"#000000","name":"Pingan","level_id":"reg","layer_val":"0","parent_id":"0","gjsonid":"5"}},{"geometry":{"type":"Polygon","coordinates":[[[121.9975,13.1923],[121.9999,13.1941],[122.0019,13.1920],[121.9992,13.1897],[121.9975,13.1923]]]},"type":"Feature","id":"da627c8235","properties":{"flclr":"#000000","name":"Tungib-Lipata","level_id":"reg","layer_val":"0","parent_id":"0","gjsonid":"5"}}]}