{"type":"FeatureCollection","features":[{"geometry":{"type":"Polygon","coordinates":[[[121.9168,10.4176],[121.9189,10.4206],[121.9230,10.4191],[121.9214,10.4152],[121.9168,10.4176]]]},"type":"Feature","id":"21b65ee442","properties":{"flclr":"#000000","name":"Butuan","level_id":"reg","layer_val":"0","parent_id":"0","gjsonid":"7"}},{"geometry":{"type":"Polygon","coordinates":[[[121.9442,10.4577],[121.9586,10.4563],[121.9686,10.4381],[121.9674,10.4328],[121.9442,10.4333],[121.9339,10.4431],[121.9442,10.4577]]]},"type":"Feature","id":"96056c4278","properties":{"flclr":"#000000","name":"San Ramon","level_id":"reg","layer_val":"0","parent_id":"0","gjsonid":"7"}},{"geometry":{"type":"Polygon","coordinates":[[[121.9745,10.4974],[121.9835,10.5026],[121.9914,10.4896],[121.9829,10.4859],[121.9745,10.4924],[121.9745,10.4974]]]},"type":"Feature","id":"f6a9874363","properties":{"flclr":"#000000","name":"Santo Tomas","level_id":"reg","layer_val":"0","parent_id":"0","gjsonid":"7"}},{"geometry":{"type":"Polygon","coordinates":[[[121.9829,10.4859],[121.9914,10.4896],[122.0087,10.4688],[122.0012,10.4647],[121.9854,10.4650],[121.9711,10.4796],[121.9829,10.4859]]]},"type":"Feature","id":"dae93a1cf6","properties":{"flclr":"#000000","name":"Nasuli-A (San Ramon)","level_id":"reg","layer_val":"0","parent_id":"0","gjsonid":"7"}},{"geometry":{"type":"Polygon","coordinates":[[[122.0087,10.4688],[121.9914,10.4896],[122.0125,10.4854],[122.0087,10.4688]]]},"type":"Feature","id":"ec2c35063b","properties":{"flclr":"#000000","name":"Salamague (Santa Maria)","level_id":"reg","layer_val":"0","parent_id":"0","gjsonid":"7"}},{"geometry":{"type":"Polygon","coordinates":[[[121.9416,10.4803],[121.9444,10.4805],[121.9614,10.4677],[121.9569,10.4636],[121.9380,10.4677],[121.9416,10.4803]]]},"type":"Feature","id":"936ca3be78","properties":{"flclr":"#000000","name":"Igbangcal-C","level_id":"reg","layer_val":"0","parent_id":"0","gjsonid":"7"}},{"geometry":{"type":"Polygon","coordinates":[[[121.9530,10.4724],[121.9401,10.4818],[121.9453,10.4859],[121.9653,10.4879],[121.9639,10.4799],[121.9530,10.4724]]]},"type":"Feature","id":"f41eea630b","properties":{"flclr":"#000000","name":"Igbangcal-B","level_id":"reg","layer_val":"0","parent_id":"0","gjsonid":"7"}},{"geometry":{"type":"Polygon","coordinates":[[[121.9614,10.4677],[121.9530,10.4724],[121.9639,10.4799],[121.9711,10.4796],[121.9667,10.4677],[121.9614,10.4677]]]},"type":"Feature","id":"01c522d87e","properties":{"flclr":"#000000","name":"Igbangcal-A","level_id":"reg","layer_val":"0","parent_id":"0","gjsonid":"7"}},{"geometry":{"type":"Polygon","coordinates":[[[121.9221,10.4873],[121.9174,10.5008],[121.9307,10.5023],[121.9316,10.4893],[121.9221,10.4873]]]},"type":"Feature","id":"8ed8a62ddf","properties":{"flclr":"#000000","name":"Igdalaguit","level_id":"reg","layer_val":"0","parent_id":"0","gjsonid":"7"}},{"geometry":{"type":"Polygon","coordinates":[[[122.0004,10.5025],[122.0145,10.5057],[122.0125,10.4854],[121.9979,10.4885],[122.0004,10.5025]]]},"type":"Feature","id":"5bb1cff442","properties":{"flclr":"#000000","name":"Igcado","level_id":"reg","layer_val":"0","parent_id":"0","gjsonid":"7"}},{"geometry":{"type":"Polygon","coordinates":[[[121.9401,10.4818],[121.9380,10.4677],[121.9165,10.4761],[121.9322,10.4860],[121.9401,10.4818]]]},"type":"Feature","id":"0481540f80","properties":{"flclr":"#000000","name":"Fatima","level_id":"reg","layer_val":"0","parent_id":"0","gjsonid":"7"}},{"geometry":{"type":"Polygon","coordinates":[[[121.9221,10.4873],[121.9316,10.4893],[121.9331,10.4861],[121.9259,10.4805],[121.9221,10.4873]]]},"type":"Feature","id":"3745daaac7","properties":{"flclr":"#000000","name":"Diclum","level_id":"reg","layer_val":"0","parent_id":"0","gjsonid":"7"}},{"geometry":{"type":"Polygon","coordinates":[[[121.9745,10.4924],[121.9829,10.4859],[121.9639,10.4799],[121.9653,10.4879],[121.9745,10.4924]]]},"type":"Feature","id":"e0dde71671","properties":{"flclr":"#000000","name":"Danawan","level_id":"reg","layer_val":"0","parent_id":"0","gjsonid":"7"}},{"geometry":{"type":"Polygon","coordinates":[[[121.9398,10.5077],[121.9444,10.5050],[121.9453,10.4859],[121.9401,10.4818],[121.9331,10.4861],[121.9307,10.5023],[121.9398,10.5077]]]},"type":"Feature","id":"f3eb1310de","properties":{"flclr":"#000000","name":"Cato-ogan","level_id":"reg","layer_val":"0","parent_id":"0","gjsonid":"7"}},{"geometry":{"type":"Polygon","coordinates":[[[121.9444,10.5050],[121.9505,10.5074],[121.9675,10.4885],[121.9453,10.4859],[121.9444,10.5050]]]},"type":"Feature","id":"d99f6eebdc","properties":{"flclr":"#000000","name":"Abaca","level_id":"reg","layer_val":"0","parent_id":"0","gjsonid":"7"}},{"geometry":{"type":"Polygon","coordinates":[[[121.9345,10.4597],[121.9442,10.4577],[121.9399,10.4471],[121.9194,10.4353],[121.9200,10.4427],[121.9302,10.4469],[121.9345,10.4597]]]},"type":"Feature","id":"6f1fae9348","properties":{"flclr":"#000000","name":"Talisayan","level_id":"reg","layer_val":"0","parent_id":"0","gjsonid":"7"}},{"geometry":{"type":"Polygon","coordinates":[[[121.9327,10.4698],[121.9569,10.4636],[121.9537,10.4562],[121.9331,10.4601],[121.9327,10.4698]]]},"type":"Feature","id":"a8ad79eebb","properties":{"flclr":"#000000","name":"Tagaytay","level_id":"reg","layer_val":"0","parent_id":"0","gjsonid":"7"}},{"geometry":{"type":"Polygon","coordinates":[[[121.9537,10.4562],[121.9614,10.4677],[121.9772,10.4627],[121.9790,10.4573],[121.9723,10.4536],[121.9724,10.4407],[121.9686,10.4381],[121.9586,10.4563],[121.9537,10.4562]]]},"type":"Feature","id":"e51d41682e","properties":{"flclr":"#000000","name":"Igtumarom","level_id":"reg","layer_val":"0","parent_id":"0","gjsonid":"7"}},{"geometry":{"type":"Polygon","coordinates":[[[121.9603,10.4335],[121.9674,10.4328],[121.9718,10.4197],[121.9607,10.4065],[121.9603,10.4335]]]},"type":"Feature","id":"e1decd9714","properties":{"flclr":"#000000","name":"San Roque","level_id":"reg","layer_val":"0","parent_id":"0","gjsonid":"7"}},{"geometry":{"type":"Polygon","coordinates":[[[122.0087,10.4688],[122.0130,10.4765],[122.0302,10.4639],[122.0162,10.4486],[122.0066,10.4665],[122.0087,10.4688]]]},"type":"Feature","id":"a1531ece37","properties":{"flclr":"#000000","name":"San Francisco","level_id":"reg","layer_val":"0","parent_id":"0","gjsonid":"7"}},{"geometry":{"type":"Polygon","coordinates":[[[121.9518,10.4338],[121.9603,10.4335],[121.9625,10.4254],[121.9590,10.4148],[121.9457,10.4191],[121.9518,10.4338]]]},"type":"Feature","id":"2121b3f319","properties":{"flclr":"#000000","name":"Salvacion","level_id":"reg","layer_val":"0","parent_id":"0","gjsonid":"7"}},{"geometry":{"type":"Polygon","coordinates":[[[121.9238,10.4321],[121.9194,10.4353],[121.9287,10.4394],[121.9288,10.4358],[121.9238,10.4321]]]},"type":"Feature","id":"a06b786f12","properties":{"flclr":"#000000","name":"Sagua","level_id":"reg","layer_val":"0","parent_id":"0","gjsonid":"7"}},{"geometry":{"type":"Polygon","coordinates":[[[121.9287,10.4394],[121.9339,10.4431],[121.9376,10.4394],[121.9261,10.4293],[121.9238,10.4321],[121.9287,10.4394]]]},"type":"Feature","id":"95e956cc39","properties":{"flclr":"#000000","name":"Poblacion","level_id":"reg","layer_val":"0","parent_id":"0","gjsonid":"7"}},{"geometry":{"type":"Polygon","coordinates":[[[121.9442,10.4333],[121.9518,10.4338],[121.9457,10.4191],[121.9337,10.4265],[121.9442,10.4333]]]},"type":"Feature","id":"0b9b16c288","properties":{"flclr":"#000000","name":"Nato","level_id":"reg","layer_val":"0","parent_id":"0","gjsonid":"7"}},{"geometry":{"type":"Polygon","coordinates":[[[121.9903,10.4635],[122.0066,10.4665],[122.0116,10.4572],[121.9968,10.4513],[121.9903,10.4635]]]},"type":"Feature","id":"ff2844bc43","properties":{"flclr":"#000000","name":"Nasuli C","level_id":"reg","layer_val":"0","parent_id":"0","gjsonid":"7"}},{"geometry":{"type":"Polygon","coordinates":[[[121.9674,10.4328],[121.9745,10.4413],[121.9847,10.4291],[121.9718,10.4197],[121.9674,10.4328]]]},"type":"Feature","id":"dbd640e022","properties":{"flclr":"#000000","name":"Magdalena","level_id":"reg","layer_val":"0","parent_id":"0","gjsonid":"7"}},{"geometry":{"type":"Polygon","coordinates":[[[121.9940,10.4349],[121.9846,10.4292],[121.9745,10.4413],[121.9831,10.4468],[121.9850,10.4387],[121.9918,10.4406],[121.9940,10.4349]]]},"type":"Feature","id":"7b708f48f1","properties":{"flclr":"#000000","name":"Mabuyong","level_id":"reg","layer_val":"0","parent_id":"0","gjsonid":"7"}},{"geometry":{"type":"Polygon","coordinates":[[[121.9331,10.4601],[121.9302,10.4469],[121.9200,10.4427],[121.9203,10.4482],[121.9275,10.4505],[121.9331,10.4601]]]},"type":"Feature","id":"094b923415","properties":{"flclr":"#000000","name":"Lisub A","level_id":"reg","layer_val":"0","parent_id":"0","gjsonid":"7"}},{"geometry":{"type":"Polygon","coordinates":[[[121.9753,10.4638],[121.9667,10.4677],[121.9711,10.4796],[121.9854,10.4650],[121.9753,10.4638]]]},"type":"Feature","id":"f07c0ed4b5","properties":{"flclr":"#000000","name":"Camandagan","level_id":"reg","layer_val":"0","parent_id":"0","gjsonid":"7"}},{"geometry":{"type":"Polygon","coordinates":[[[121.9854,10.4650],[121.9903,10.4635],[121.9970,10.4499],[121.9909,10.4482],[121.9753,10.4638],[121.9854,10.4650]]]},"type":"Feature","id":"1d036d498f","properties":{"flclr":"#000000","name":"Igpalge","level_id":"reg","layer_val":"0","parent_id":"0","gjsonid":"7"}},{"geometry":{"type":"Polygon","coordinates":[[[121.9790,10.4573],[121.9869,10.4521],[121.9724,10.4407],[121.9723,10.4536],[121.9790,10.4573]]]},"type":"Feature","id":"f69c511259","properties":{"flclr":"#000000","name":"Igbarabatuan","level_id":"reg","layer_val":"0","parent_id":"0","gjsonid":"7"}},{"geometry":{"type":"Polygon","coordinates":[[[121.9970,10.4499],[122.0116,10.4572],[122.0162,10.4486],[121.9992,10.4402],[121.9970,10.4499]]]},"type":"Feature","id":"852fdb2631","properties":{"flclr":"#000000","name":"Iba","level_id":"reg","layer_val":"0","parent_id":"0","gjsonid":"7"}},{"geometry":{"type":"Polygon","coordinates":[[[121.9988,10.4402],[121.9952,10.4404],[121.9909,10.4482],[121.9970,10.4499],[121.9988,10.4402]]]},"type":"Feature","id":"e362abe13a","properties":{"flclr":"#000000","name":"Casay Viejo","level_id":"reg","layer_val":"0","parent_id":"0","gjsonid":"7"}},{"geometry":{"type":"Polygon","coordinates":[[[121.9869,10.4521],[121.9977,10.4395],[121.9951,10.4351],[121.9933,10.4399],[121.9859,10.4384],[121.9865,10.4423],[121.9819,10.4427],[121.9804,10.4471],[121.9869,10.4521]]]},"type":"Feature","id":"b032e97875","properties":{"flclr":"#000000","name":"Casay","level_id":"reg","layer_val":"0","parent_id":"0","gjsonid":"7"}},{"geometry":{"type":"Polygon","coordinates":[[[121.9314,10.4626],[121.9331,10.4601],[121.9273,10.4561],[121.9146,10.4528],[121.9151,10.4607],[121.9314,10.4626]]]},"type":"Feature","id":"906e754efb","properties":{"flclr":"#000000","name":"Bayo Peque\u00f1o","level_id":"reg","layer_val":"0","parent_id":"0","gjsonid":"7"}},{"geometry":{"type":"Polygon","coordinates":[[[121.9146,10.4528],[121.9273,10.4561],[121.9297,10.4577],[121.9275,10.4505],[121.9183,10.4453],[121.9125,10.4466],[121.9146,10.4528]]]},"type":"Feature","id":"f3925a2ae2","properties":{"flclr":"#000000","name":"Lisub B","level_id":"reg","layer_val":"0","parent_id":"0","gjsonid":"7"}},{"geometry":{"type":"Polygon","coordinates":[[[121.9187,10.4734],[121.9327,10.4698],[121.9314,10.4626],[121.9151,10.4607],[121.9187,10.4734]]]},"type":"Feature","id":"26a026465a","properties":{"flclr":"#000000","name":"Bayo Grande","level_id":"reg","layer_val":"0","parent_id":"0","gjsonid":"7"}},{"geometry":{"type":"Polygon","coordinates":[[[121.9376,10.4394],[121.9442,10.4333],[121.9337,10.4265],[121.9278,10.4294],[121.9376,10.4394]]]},"type":"Feature","id":"beb59783ef","properties":{"flclr":"#000000","name":"Butuan","level_id":"reg","layer_val":"0","parent_id":"0","gjsonid":"7"}},{"geometry":{"type":"Polygon","coordinates":[[[122.0290,10.5074],[122.0348,10.4987],[122.0303,10.4888],[122.0122,10.4867],[122.0140,10.5005],[122.0229,10.4979],[122.0290,10.5074]]]},"type":"Feature","id":"25e0eb7bec","properties":{"flclr":"#000000","name":"Andres Bonifacio","level_id":"reg","layer_val":"0","parent_id":"0","gjsonid":"7"}},{"geometry":{"type":"Polygon","coordinates":[[[122.0379,10.4810],[122.0304,10.4668],[122.0130,10.4765],[122.0122,10.4867],[122.0289,10.4880],[122.0379,10.4810]]]},"type":"Feature","id":"ac7271738b","properties":{"flclr":"#000000","name":"Sinogbuhan","level_id":"reg","layer_val":"0","parent_id":"0","gjsonid":"7"}},{"geometry":{"type":"Polygon","coordinates":[[[122.0333,10.4956],[122.0449,10.4972],[122.0500,10.5060],[122.0627,10.5004],[122.0513,10.4875],[122.0379,10.4810],[122.0299,10.4848],[122.0333,10.4956]]]},"type":"Feature","id":"8eef5cd5f3","properties":{"flclr":"#000000","name":"Lawigan","level_id":"reg","layer_val":"0","parent_id":"0","gjsonid":"7"}}]}