{"type":"FeatureCollection","features":[{"geometry":{"type":"Polygon","coordinates":[[[122.2146,7.3043],[122.1743,7.3413],[122.1739,7.3654],[122.1781,7.3715],[122.2512,7.3556],[122.2636,7.3492],[122.2444,7.3348],[122.2422,7.3135],[122.2146,7.3043]]]},"type":"Feature","id":"1f357cd006","properties":{"flclr":"#000000","name":"Sibulao (Caruan)","level_id":"reg","layer_val":"0","parent_id":"0","gjsonid":"10"}},{"geometry":{"type":"Polygon","coordinates":[[[121.9662,7.2411],[121.9911,7.2579],[122.0337,7.2219],[121.9974,7.1971],[121.9662,7.2411]]]},"type":"Feature","id":"b4ea6400b3","properties":{"flclr":"#000000","name":"Paniran","level_id":"reg","layer_val":"0","parent_id":"0","gjsonid":"10"}},{"geometry":{"type":"Polygon","coordinates":[[[122.1735,7.0177],[122.1774,7.0204],[122.1768,7.0386],[122.1963,7.0371],[122.2052,7.0276],[122.2039,7.0177],[122.1925,7.0042],[122.1735,7.0177]]]},"type":"Feature","id":"da5e68e52b","properties":{"flclr":"#000000","name":"Manicahan","level_id":"reg","layer_val":"0","parent_id":"0","gjsonid":"10"}},{"geometry":{"type":"Polygon","coordinates":[[[122.1922,7.2685],[122.2041,7.2892],[122.2160,7.2949],[122.2284,7.2897],[122.2275,7.2849],[122.2406,7.2690],[122.2559,7.2590],[122.2508,7.2478],[122.2465,7.2475],[122.2511,7.2414],[122.2469,7.2309],[122.2341,7.2280],[122.1947,7.2513],[122.1973,7.2641],[122.1922,7.2685]]]},"type":"Feature","id":"1e12bfbc6f","properties":{"flclr":"#000000","name":"Calabasa","level_id":"reg","layer_val":"0","parent_id":"0","gjsonid":"10"}},{"geometry":{"type":"Polygon","coordinates":[[[122.2337,7.2197],[122.2325,7.2284],[122.2469,7.2309],[122.2511,7.2414],[122.2465,7.2475],[122.2508,7.2478],[122.2566,7.2583],[122.2739,7.2544],[122.2800,7.2484],[122.2789,7.2349],[122.2662,7.2292],[122.2671,7.2212],[122.2588,7.2145],[122.2631,7.2103],[122.2618,7.2038],[122.2525,7.2083],[122.2477,7.2061],[122.2412,7.2142],[122.2353,7.2132],[122.2337,7.2197]]]},"type":"Feature","id":"5a96a6d6c4","properties":{"flclr":"#000000","name":"Buenavista","level_id":"reg","layer_val":"0","parent_id":"0","gjsonid":"10"}},{"geometry":{"type":"Polygon","coordinates":[[[121.9013,7.1161],[121.9017,7.1449],[121.9096,7.1538],[121.9175,7.1416],[121.9253,7.1421],[121.9258,7.1390],[121.9345,7.1432],[121.9384,7.1308],[121.9496,7.1267],[121.9514,7.1189],[121.9449,7.1090],[121.9382,7.1070],[121.9295,7.1177],[121.9013,7.1161]]]},"type":"Feature","id":"def3da172c","properties":{"flclr":"#000000","name":"Limpapa","level_id":"reg","layer_val":"0","parent_id":"0","gjsonid":"10"}},{"geometry":{"type":"Polygon","coordinates":[[[122.2872,7.1710],[122.2883,7.1716],[122.2890,7.1710],[122.2868,7.1694],[122.2872,7.1710]]]},"type":"Feature","id":"c34db860e9","properties":{"flclr":"#000000","name":"Dita","level_id":"reg","layer_val":"0","parent_id":"0","gjsonid":"10"}},{"geometry":{"type":"Polygon","coordinates":[[[122.2886,7.1749],[122.2891,7.1748],[122.2892,7.1741],[122.2885,7.1745],[122.2886,7.1749]]]},"type":"Feature","id":"4fe640541f","properties":{"flclr":"#000000","name":"Dita","level_id":"reg","layer_val":"0","parent_id":"0","gjsonid":"10"}},{"geometry":{"type":"Polygon","coordinates":[[[122.2541,7.0987],[122.2506,7.1000],[122.2528,7.1045],[122.2544,7.1041],[122.2541,7.0987]]]},"type":"Feature","id":"089ca59a89","properties":{"flclr":"#000000","name":"Bolong","level_id":"reg","layer_val":"0","parent_id":"0","gjsonid":"10"}},{"geometry":{"type":"Polygon","coordinates":[[[122.2549,7.1352],[122.2560,7.1371],[122.2576,7.1367],[122.2564,7.1327],[122.2549,7.1352]]]},"type":"Feature","id":"38c3370674","properties":{"flclr":"#000000","name":"Panubigan","level_id":"reg","layer_val":"0","parent_id":"0","gjsonid":"10"}},{"geometry":{"type":"Polygon","coordinates":[[[122.2560,7.1394],[122.2571,7.1405],[122.2589,7.1376],[122.2558,7.1379],[122.2560,7.1394]]]},"type":"Feature","id":"478aba92c6","properties":{"flclr":"#000000","name":"Panubigan","level_id":"reg","layer_val":"0","parent_id":"0","gjsonid":"10"}},{"geometry":{"type":"Polygon","coordinates":[[[122.2538,7.1390],[122.2547,7.1391],[122.2549,7.1382],[122.2539,7.1381],[122.2538,7.1390]]]},"type":"Feature","id":"56fb0b7e69","properties":{"flclr":"#000000","name":"Panubigan","level_id":"reg","layer_val":"0","parent_id":"0","gjsonid":"10"}},{"geometry":{"type":"Polygon","coordinates":[[[122.2614,7.1319],[122.2629,7.1316],[122.2625,7.1289],[122.2614,7.1298],[122.2614,7.1319]]]},"type":"Feature","id":"ef60b7ef3c","properties":{"flclr":"#000000","name":"Panubigan","level_id":"reg","layer_val":"0","parent_id":"0","gjsonid":"10"}},{"geometry":{"type":"Polygon","coordinates":[[[122.2586,7.1368],[122.2587,7.1364],[122.2581,7.1369],[122.2586,7.1368]]]},"type":"Feature","id":"7891ac6e31","properties":{"flclr":"#000000","name":"Panubigan","level_id":"reg","layer_val":"0","parent_id":"0","gjsonid":"10"}},{"geometry":{"type":"Polygon","coordinates":[[[122.2661,7.1329],[122.2698,7.1346],[122.2698,7.1280],[122.2683,7.1276],[122.2661,7.1329]]]},"type":"Feature","id":"e31a5ecf41","properties":{"flclr":"#000000","name":"Panubigan","level_id":"reg","layer_val":"0","parent_id":"0","gjsonid":"10"}},{"geometry":{"type":"Polygon","coordinates":[[[122.2714,7.1199],[122.2717,7.1199],[122.2725,7.1191],[122.2719,7.1191],[122.2714,7.1199]]]},"type":"Feature","id":"a5a56137fa","properties":{"flclr":"#000000","name":"Panubigan","level_id":"reg","layer_val":"0","parent_id":"0","gjsonid":"10"}},{"geometry":{"type":"Polygon","coordinates":[[[122.2721,7.1259],[122.2750,7.1252],[122.2752,7.1241],[122.2718,7.1245],[122.2721,7.1259]]]},"type":"Feature","id":"ee21ca8283","properties":{"flclr":"#000000","name":"Panubigan","level_id":"reg","layer_val":"0","parent_id":"0","gjsonid":"10"}},{"geometry":{"type":"Polygon","coordinates":[[[122.2698,7.1186],[122.2709,7.1187],[122.2700,7.1171],[122.2694,7.1173],[122.2698,7.1186]]]},"type":"Feature","id":"923d785b96","properties":{"flclr":"#000000","name":"Panubigan","level_id":"reg","layer_val":"0","parent_id":"0","gjsonid":"10"}},{"geometry":{"type":"Polygon","coordinates":[[[122.2709,7.1211],[122.2713,7.1208],[122.2712,7.1203],[122.2706,7.1208],[122.2709,7.1211]]]},"type":"Feature","id":"816ddc5bd4","properties":{"flclr":"#000000","name":"Panubigan","level_id":"reg","layer_val":"0","parent_id":"0","gjsonid":"10"}},{"geometry":{"type":"Polygon","coordinates":[[[122.2664,7.1673],[122.2712,7.1726],[122.2781,7.1680],[122.2749,7.1624],[122.2664,7.1673]]]},"type":"Feature","id":"c046cefdb7","properties":{"flclr":"#000000","name":"Dita","level_id":"reg","layer_val":"0","parent_id":"0","gjsonid":"10"}},{"geometry":{"type":"Polygon","coordinates":[[[122.2671,7.1787],[122.2695,7.1808],[122.2714,7.1797],[122.2676,7.1763],[122.2671,7.1787]]]},"type":"Feature","id":"fb1965dc8d","properties":{"flclr":"#000000","name":"Dita","level_id":"reg","layer_val":"0","parent_id":"0","gjsonid":"10"}},{"geometry":{"type":"Polygon","coordinates":[[[122.2616,7.1489],[122.2638,7.1499],[122.2665,7.1524],[122.2626,7.1446],[122.2616,7.1489]]]},"type":"Feature","id":"f49c1d5182","properties":{"flclr":"#000000","name":"Dita","level_id":"reg","layer_val":"0","parent_id":"0","gjsonid":"10"}},{"geometry":{"type":"Polygon","coordinates":[[[122.2825,7.1754],[122.2866,7.1767],[122.2880,7.1741],[122.2856,7.1715],[122.2825,7.1754]]]},"type":"Feature","id":"fbc72a3355","properties":{"flclr":"#000000","name":"Dita","level_id":"reg","layer_val":"0","parent_id":"0","gjsonid":"10"}},{"geometry":{"type":"Polygon","coordinates":[[[122.2724,7.1552],[122.2743,7.1551],[122.2740,7.1505],[122.2710,7.1546],[122.2724,7.1552]]]},"type":"Feature","id":"a9581b1a0f","properties":{"flclr":"#000000","name":"Dita","level_id":"reg","layer_val":"0","parent_id":"0","gjsonid":"10"}},{"geometry":{"type":"Polygon","coordinates":[[[122.3083,7.3106],[122.3149,7.3156],[122.3189,7.3130],[122.3145,7.3077],[122.3083,7.3106]]]},"type":"Feature","id":"ee8d8ab3de","properties":{"flclr":"#000000","name":"Taguiti","level_id":"reg","layer_val":"0","parent_id":"0","gjsonid":"10"}},{"geometry":{"type":"Polygon","coordinates":[[[122.3462,7.4248],[122.3407,7.4288],[122.3394,7.4367],[122.3459,7.4409],[122.3462,7.4248]]]},"type":"Feature","id":"c1e27c0802","properties":{"flclr":"#000000","name":"Licomo","level_id":"reg","layer_val":"0","parent_id":"0","gjsonid":"10"}},{"geometry":{"type":"Polygon","coordinates":[[[122.0927,7.5302],[122.0939,7.5317],[122.0949,7.5307],[122.0938,7.5296],[122.0927,7.5302]]]},"type":"Feature","id":"1e04b976d9","properties":{"flclr":"#000000","name":"Piacan","level_id":"reg","layer_val":"0","parent_id":"0","gjsonid":"10"}},{"geometry":{"type":"Polygon","coordinates":[[[122.0256,7.1512],[121.9896,7.1504],[121.9264,7.1930],[121.9289,7.1988],[121.9426,7.2136],[121.9460,7.2124],[121.9603,7.1997],[121.9888,7.1861],[122.0256,7.1512]]]},"type":"Feature","id":"13f39e1e63","properties":{"flclr":"#000000","name":"Malayal","level_id":"reg","layer_val":"0","parent_id":"0","gjsonid":"10"}},{"geometry":{"type":"Polygon","coordinates":[[[122.0948,7.1645],[122.0764,7.1500],[122.0620,7.1500],[122.0460,7.2060],[122.0627,7.2124],[122.0692,7.2407],[122.1101,7.1942],[122.0950,7.1813],[122.0948,7.1645]]]},"type":"Feature","id":"164ba749f0","properties":{"flclr":"#000000","name":"Tangarak","level_id":"reg","layer_val":"0","parent_id":"0","gjsonid":"10"}},{"geometry":{"type":"Polygon","coordinates":[[[122.1278,7.4212],[122.1168,7.3789],[122.0561,7.3980],[122.0590,7.4345],[122.1278,7.4212]]]},"type":"Feature","id":"ecb461387d","properties":{"flclr":"#000000","name":"Mantivo","level_id":"reg","layer_val":"0","parent_id":"0","gjsonid":"10"}},{"geometry":{"type":"Polygon","coordinates":[[[122.1168,7.3789],[122.1278,7.4212],[122.1792,7.4153],[122.1749,7.3918],[122.1606,7.3662],[122.1168,7.3789]]]},"type":"Feature","id":"97e59452e6","properties":{"flclr":"#000000","name":"Litawan","level_id":"reg","layer_val":"0","parent_id":"0","gjsonid":"10"}},{"geometry":{"type":"Polygon","coordinates":[[[122.1923,7.2509],[122.1862,7.2683],[122.1970,7.2650],[122.1947,7.2513],[122.2330,7.2285],[122.2337,7.2197],[122.2147,7.2177],[122.1934,7.2271],[122.1845,7.2265],[122.1822,7.2331],[122.1923,7.2509]]]},"type":"Feature","id":"6eaf64c7d1","properties":{"flclr":"#000000","name":"Latuan (Curuan)","level_id":"reg","layer_val":"0","parent_id":"0","gjsonid":"10"}},{"geometry":{"type":"Polygon","coordinates":[[[122.0182,6.9733],[122.0074,6.9606],[121.9997,6.9644],[121.9834,6.9611],[121.9742,6.9794],[121.9767,6.9879],[121.9944,6.9899],[122.0048,6.9991],[122.0001,7.0228],[122.0115,7.0371],[122.0106,7.0478],[122.0326,7.0471],[122.0369,7.0324],[122.0291,7.0092],[122.0325,7.0046],[122.0250,6.9958],[122.0240,6.9748],[122.0182,6.9733]]]},"type":"Feature","id":"e48ae8f16e","properties":{"flclr":"#000000","name":"Baluno","level_id":"reg","layer_val":"0","parent_id":"0","gjsonid":"10"}},{"geometry":{"type":"Polygon","coordinates":[[[121.9557,6.9736],[121.9492,6.9831],[121.9566,6.9885],[121.9552,6.9958],[121.9625,6.9979],[121.9667,7.0176],[121.9759,7.0268],[121.9908,7.0262],[121.9741,7.0388],[121.9836,7.0485],[121.9782,7.0489],[121.9792,7.0615],[121.9915,7.0909],[122.0019,7.1035],[122.0067,7.1218],[122.0213,7.1350],[122.0406,7.1317],[122.0375,7.1147],[122.0291,7.1088],[122.0410,7.1031],[122.0346,7.0931],[122.0223,7.0902],[122.0239,7.0849],[122.0166,7.0802],[122.0115,7.0371],[122.0001,7.0228],[122.0048,6.9991],[121.9944,6.9899],[121.9696,6.9886],[121.9640,6.9754],[121.9586,6.9773],[121.9557,6.9736]]]},"type":"Feature","id":"51fa979bb6","properties":{"flclr":"#000000","name":"La Paz","level_id":"reg","layer_val":"0","parent_id":"0","gjsonid":"10"}},{"geometry":{"type":"Polygon","coordinates":[[[121.9377,6.9661],[121.9232,6.9884],[121.9200,7.0090],[121.9371,7.0206],[121.9532,7.0236],[121.9523,7.0169],[121.9421,7.0099],[121.9460,6.9961],[121.9377,6.9661]]]},"type":"Feature","id":"7ccbd25649","properties":{"flclr":"#000000","name":"Talisayan","level_id":"reg","layer_val":"0","parent_id":"0","gjsonid":"10"}},{"geometry":{"type":"Polygon","coordinates":[[[121.9352,7.0493],[121.9564,7.0497],[121.9610,7.0470],[121.9642,7.0337],[121.9538,7.0287],[121.9529,7.0229],[121.9371,7.0206],[121.9200,7.0090],[121.9129,7.0307],[121.9335,7.0425],[121.9352,7.0493]]]},"type":"Feature","id":"d2eb9e197a","properties":{"flclr":"#000000","name":"Sinubung","level_id":"reg","layer_val":"0","parent_id":"0","gjsonid":"10"}},{"geometry":{"type":"Polygon","coordinates":[[[122.3131,7.5182],[122.3536,7.5044],[122.3619,7.4956],[122.3473,7.4880],[122.3499,7.4842],[122.3397,7.4843],[122.2946,7.4948],[122.2883,7.5131],[122.2744,7.5078],[122.2712,7.4999],[122.2594,7.5049],[122.2701,7.5268],[122.3131,7.5182]]]},"type":"Feature","id":"fc211b88bf","properties":{"flclr":"#000000","name":"Tigpalay","level_id":"reg","layer_val":"0","parent_id":"0","gjsonid":"10"}},{"geometry":{"type":"Polygon","coordinates":[[[122.3179,7.5723],[122.3462,7.5482],[122.3425,7.5275],[122.3196,7.5350],[122.3131,7.5182],[122.2701,7.5268],[122.2956,7.5793],[122.3179,7.5723]]]},"type":"Feature","id":"e16197dea7","properties":{"flclr":"#000000","name":"Batungan","level_id":"reg","layer_val":"0","parent_id":"0","gjsonid":"10"}},{"geometry":{"type":"Polygon","coordinates":[[[122.3425,7.5275],[122.3462,7.5482],[122.3179,7.5723],[122.3353,7.5831],[122.3668,7.5396],[122.3665,7.5202],[122.3425,7.5275]]]},"type":"Feature","id":"4a6abb9a99","properties":{"flclr":"#000000","name":"Cayamcam","level_id":"reg","layer_val":"0","parent_id":"0","gjsonid":"10"}},{"geometry":{"type":"Polygon","coordinates":[[[121.9613,7.0393],[121.9702,7.0449],[121.9728,7.0571],[121.9785,7.0545],[121.9782,7.0489],[121.9836,7.0485],[121.9741,7.0388],[121.9908,7.0262],[121.9759,7.0268],[121.9667,7.0176],[121.9625,6.9979],[121.9552,6.9958],[121.9566,6.9885],[121.9474,6.9826],[121.9419,6.9905],[121.9460,6.9961],[121.9421,7.0099],[121.9523,7.0169],[121.9538,7.0287],[121.9642,7.0337],[121.9613,7.0393]]]},"type":"Feature","id":"b176df2aaa","properties":{"flclr":"#000000","name":"Pamucutan","level_id":"reg","layer_val":"0","parent_id":"0","gjsonid":"10"}},{"geometry":{"type":"Polygon","coordinates":[[[121.9327,7.0827],[121.9335,7.0425],[121.9129,7.0307],[121.8975,7.0798],[121.9327,7.0827]]]},"type":"Feature","id":"3ccf4e1aa4","properties":{"flclr":"#000000","name":"Patalon","level_id":"reg","layer_val":"0","parent_id":"0","gjsonid":"10"}},{"geometry":{"type":"Polygon","coordinates":[[[121.9382,7.1070],[121.9327,7.0827],[121.8975,7.0798],[121.9017,7.1003],[121.8978,7.1095],[121.9013,7.1161],[121.9295,7.1177],[121.9382,7.1070]]]},"type":"Feature","id":"f1b2ae0330","properties":{"flclr":"#000000","name":"Labuan","level_id":"reg","layer_val":"0","parent_id":"0","gjsonid":"10"}},{"geometry":{"type":"Polygon","coordinates":[[[122.3353,7.5831],[122.3179,7.5723],[122.2956,7.5793],[122.3158,7.6317],[122.3611,7.6309],[122.3528,7.6174],[122.3542,7.5901],[122.3353,7.5831]]]},"type":"Feature","id":"a320e905d6","properties":{"flclr":"#000000","name":"Datu Tumanggong","level_id":"reg","layer_val":"0","parent_id":"0","gjsonid":"10"}},{"geometry":{"type":"Polygon","coordinates":[[[122.0861,7.0096],[122.0942,7.0201],[122.1013,7.0166],[122.0998,6.9991],[122.1074,6.9825],[122.0834,6.9768],[122.0845,6.9826],[122.0905,6.9848],[122.0846,6.9912],[122.0861,7.0096]]]},"type":"Feature","id":"914b85e3bd","properties":{"flclr":"#000000","name":"Lumayang","level_id":"reg","layer_val":"0","parent_id":"0","gjsonid":"10"}},{"geometry":{"type":"Polygon","coordinates":[[[122.1368,6.9780],[122.1236,6.9854],[122.1148,7.0063],[122.1290,7.0186],[122.1381,7.0206],[122.1475,6.9976],[122.1353,6.9939],[122.1368,6.9780]]]},"type":"Feature","id":"d24df36933","properties":{"flclr":"#000000","name":"Lanzones","level_id":"reg","layer_val":"0","parent_id":"0","gjsonid":"10"}},{"geometry":{"type":"Polygon","coordinates":[[[122.1250,6.9687],[122.1056,6.9814],[122.0998,6.9991],[122.1016,7.0161],[122.0935,7.0236],[122.0992,7.0455],[122.0953,7.0541],[122.0845,7.0606],[122.0939,7.0685],[122.1114,7.0554],[122.1189,7.0417],[122.1188,7.0322],[122.1114,7.0233],[122.1143,7.0077],[122.1262,6.9852],[122.1229,6.9808],[122.1250,6.9687]]]},"type":"Feature","id":"c7d5ba9489","properties":{"flclr":"#000000","name":"Salaan","level_id":"reg","layer_val":"0","parent_id":"0","gjsonid":"10"}},{"geometry":{"type":"Polygon","coordinates":[[[122.3331,7.6318],[122.3158,7.6317],[122.3310,7.6833],[122.3362,7.6880],[122.3464,7.6582],[122.3331,7.6318]]]},"type":"Feature","id":"319b3e5275","properties":{"flclr":"#000000","name":"Malungon","level_id":"reg","layer_val":"0","parent_id":"0","gjsonid":"10"}},{"geometry":{"type":"Polygon","coordinates":[[[122.1952,7.0644],[122.2127,7.0579],[122.2120,7.0533],[122.2024,7.0490],[122.2122,7.0501],[122.2117,7.0454],[122.2054,7.0403],[122.2019,7.0423],[122.1963,7.0400],[122.2031,7.0376],[122.2008,7.0331],[122.2123,7.0391],[122.2052,7.0276],[122.1963,7.0371],[122.1677,7.0395],[122.1720,7.0545],[122.1899,7.0529],[122.1952,7.0644]]]},"type":"Feature","id":"c3b5822f0d","properties":{"flclr":"#000000","name":"Victoria","level_id":"reg","layer_val":"0","parent_id":"0","gjsonid":"10"}},{"geometry":{"type":"Polygon","coordinates":[[[122.1925,7.0042],[122.1856,6.9806],[122.1819,6.9826],[122.1625,6.9751],[122.1589,6.9762],[122.1641,6.9835],[122.1610,6.9894],[122.1507,6.9864],[122.1575,6.9920],[122.1650,6.9912],[122.1578,7.0049],[122.1689,7.0086],[122.1735,7.0177],[122.1925,7.0042]]]},"type":"Feature","id":"f002e9357d","properties":{"flclr":"#000000","name":"Cabaluay","level_id":"reg","layer_val":"0","parent_id":"0","gjsonid":"10"}},{"geometry":{"type":"Polygon","coordinates":[[[122.2127,7.0579],[122.1873,7.0699],[122.1783,7.0814],[122.1794,7.0856],[122.1903,7.0911],[122.2052,7.0876],[122.2134,7.0912],[122.2204,7.0867],[122.2237,7.0827],[122.2124,7.0740],[122.2147,7.0702],[122.2082,7.0711],[122.2035,7.0665],[122.2042,7.0625],[122.2095,7.0648],[122.2127,7.0579]]]},"type":"Feature","id":"9b3b8dccad","properties":{"flclr":"#000000","name":"Sangali","level_id":"reg","layer_val":"0","parent_id":"0","gjsonid":"10"}},{"geometry":{"type":"Polygon","coordinates":[[[122.1735,7.0177],[122.1680,7.0123],[122.1512,7.0303],[122.1530,7.0395],[122.1469,7.0487],[122.1493,7.0544],[122.1397,7.0649],[122.1387,7.0685],[122.1409,7.0712],[122.1419,7.0656],[122.1512,7.0643],[122.1534,7.0588],[122.1720,7.0547],[122.1677,7.0395],[122.1760,7.0362],[122.1774,7.0204],[122.1735,7.0177]]]},"type":"Feature","id":"3b5f10c55c","properties":{"flclr":"#000000","name":"Lapakan","level_id":"reg","layer_val":"0","parent_id":"0","gjsonid":"10"}},{"geometry":{"type":"Polygon","coordinates":[[[122.3464,7.6582],[122.3716,7.6613],[122.3737,7.6516],[122.3776,7.6525],[122.3749,7.6458],[122.3847,7.6428],[122.3788,7.6342],[122.3331,7.6318],[122.3464,7.6582]]]},"type":"Feature","id":"b793701acd","properties":{"flclr":"#000000","name":"Loboc","level_id":"reg","layer_val":"0","parent_id":"0","gjsonid":"10"}},{"geometry":{"type":"Polygon","coordinates":[[[122.1497,7.0415],[122.1530,7.0395],[122.1512,7.0303],[122.1680,7.0139],[122.1696,7.0095],[122.1638,7.0053],[122.1578,7.0049],[122.1467,7.0168],[122.1383,7.0174],[122.1338,7.0393],[122.1379,7.0418],[122.1444,7.0369],[122.1497,7.0415]]]},"type":"Feature","id":"c15eab2a7a","properties":{"flclr":"#000000","name":"Cacao","level_id":"reg","layer_val":"0","parent_id":"0","gjsonid":"10"}},{"geometry":{"type":"Polygon","coordinates":[[[122.1720,7.0545],[122.1419,7.0656],[122.1454,7.0769],[122.1403,7.0819],[122.1757,7.0823],[122.1953,7.0655],[122.1899,7.0529],[122.1720,7.0545]]]},"type":"Feature","id":"d13ddf4d20","properties":{"flclr":"#000000","name":"Lamisahan","level_id":"reg","layer_val":"0","parent_id":"0","gjsonid":"10"}},{"geometry":{"type":"Polygon","coordinates":[[[122.1403,7.0819],[122.1453,7.0753],[122.1390,7.0673],[122.1493,7.0544],[122.1469,7.0489],[122.1508,7.0423],[122.1444,7.0369],[122.1379,7.0418],[122.1344,7.0400],[122.1381,7.0206],[122.1290,7.0186],[122.1148,7.0063],[122.1114,7.0257],[122.1188,7.0322],[122.1189,7.0417],[122.1114,7.0554],[122.0939,7.0685],[122.1076,7.0839],[122.1161,7.1040],[122.1115,7.1223],[122.1252,7.1229],[122.1233,7.1157],[122.1290,7.1154],[122.1370,7.1035],[122.1408,7.1044],[122.1389,7.0986],[122.1333,7.1018],[122.1373,7.0955],[122.1332,7.0869],[122.1403,7.0819]]]},"type":"Feature","id":"14c6f9e64a","properties":{"flclr":"#000000","name":"Tolosa","level_id":"reg","layer_val":"0","parent_id":"0","gjsonid":"10"}},{"geometry":{"type":"Polygon","coordinates":[[[122.2237,7.0827],[122.2134,7.0912],[122.2168,7.1025],[122.2060,7.1428],[122.2242,7.1422],[122.2274,7.1395],[122.2250,7.1242],[122.2416,7.1223],[122.2436,7.1151],[122.2488,7.1187],[122.2569,7.1114],[122.2409,7.0976],[122.2351,7.0844],[122.2283,7.0830],[122.2284,7.0866],[122.2237,7.0827]]]},"type":"Feature","id":"2e3441aab7","properties":{"flclr":"#000000","name":"Bolong","level_id":"reg","layer_val":"0","parent_id":"0","gjsonid":"10"}},{"geometry":{"type":"Polygon","coordinates":[[[122.2483,7.1411],[122.2433,7.1318],[122.2480,7.1350],[122.2531,7.1325],[122.2587,7.1207],[122.2448,7.1146],[122.2416,7.1223],[122.2360,7.1232],[122.2331,7.1363],[122.2483,7.1411]]]},"type":"Feature","id":"773a788c59","properties":{"flclr":"#000000","name":"Panubigan","level_id":"reg","layer_val":"0","parent_id":"0","gjsonid":"10"}},{"geometry":{"type":"Polygon","coordinates":[[[122.2483,7.1411],[122.2464,7.1499],[122.2327,7.1570],[122.2307,7.1641],[122.2228,7.1654],[122.2329,7.1709],[122.2319,7.1815],[122.2363,7.1909],[122.2478,7.1875],[122.2530,7.1751],[122.2489,7.1709],[122.2550,7.1690],[122.2603,7.1594],[122.2574,7.1474],[122.2483,7.1411]]]},"type":"Feature","id":"7c8337bf49","properties":{"flclr":"#000000","name":"Dita","level_id":"reg","layer_val":"0","parent_id":"0","gjsonid":"10"}},{"geometry":{"type":"Polygon","coordinates":[[[122.2060,7.1428],[122.2072,7.1367],[122.1995,7.1358],[122.1956,7.1268],[122.1782,7.1207],[122.1672,7.1245],[122.1591,7.1340],[122.1593,7.1450],[122.1523,7.1471],[122.1534,7.1531],[122.1212,7.1681],[122.1409,7.1825],[122.1531,7.1833],[122.1661,7.1731],[122.1861,7.1816],[122.1850,7.1660],[122.1986,7.1669],[122.1997,7.1583],[122.2073,7.1550],[122.2060,7.1428]]]},"type":"Feature","id":"70d51f659c","properties":{"flclr":"#000000","name":"Dulian (Upper Bunguiao)","level_id":"reg","layer_val":"0","parent_id":"0","gjsonid":"10"}},{"geometry":{"type":"Polygon","coordinates":[[[122.2284,7.2897],[122.2346,7.2922],[122.2547,7.2851],[122.2895,7.2888],[122.2896,7.2752],[122.2855,7.2751],[122.2800,7.2650],[122.2846,7.2600],[122.2820,7.2521],[122.2771,7.2495],[122.2739,7.2544],[122.2562,7.2578],[122.2406,7.2690],[122.2275,7.2849],[122.2284,7.2897]]]},"type":"Feature","id":"70974de872","properties":{"flclr":"#000000","name":"Muti","level_id":"reg","layer_val":"0","parent_id":"0","gjsonid":"10"}},{"geometry":{"type":"Polygon","coordinates":[[[122.1170,7.1237],[122.1172,7.1348],[122.1082,7.1465],[122.1093,7.1572],[122.0948,7.1645],[122.1046,7.1771],[122.1534,7.1531],[122.1523,7.1471],[122.1584,7.1466],[122.1591,7.1340],[122.1682,7.1240],[122.1782,7.1207],[122.1912,7.1242],[122.1995,7.1358],[122.2072,7.1367],[122.2171,7.0985],[122.2134,7.0912],[122.2052,7.0876],[122.1903,7.0911],[122.1783,7.0814],[122.1387,7.0815],[122.1332,7.0869],[122.1373,7.0955],[122.1333,7.1018],[122.1389,7.0986],[122.1408,7.1044],[122.1370,7.1035],[122.1290,7.1154],[122.1233,7.1157],[122.1252,7.1229],[122.1170,7.1237]]]},"type":"Feature","id":"691ff8ef12","properties":{"flclr":"#000000","name":"Bunguiao","level_id":"reg","layer_val":"0","parent_id":"0","gjsonid":"10"}},{"geometry":{"type":"Polygon","coordinates":[[[122.1986,7.1669],[122.2228,7.1675],[122.2464,7.1499],[122.2442,7.1391],[122.2331,7.1363],[122.2360,7.1232],[122.2250,7.1242],[122.2274,7.1395],[122.2242,7.1422],[122.2060,7.1428],[122.2073,7.1550],[122.1997,7.1583],[122.1986,7.1669]]]},"type":"Feature","id":"fc74408124","properties":{"flclr":"#000000","name":"Lubigan","level_id":"reg","layer_val":"0","parent_id":"0","gjsonid":"10"}},{"geometry":{"type":"Polygon","coordinates":[[[122.2228,7.1675],[122.1850,7.1660],[122.1861,7.1816],[122.2256,7.1999],[122.2351,7.1928],[122.2329,7.1709],[122.2228,7.1675]]]},"type":"Feature","id":"9e7a2e94e4","properties":{"flclr":"#000000","name":"Quiniput","level_id":"reg","layer_val":"0","parent_id":"0","gjsonid":"10"}},{"geometry":{"type":"Polygon","coordinates":[[[122.1610,7.2614],[122.1725,7.2509],[122.1923,7.2509],[122.1822,7.2331],[122.1845,7.2265],[122.1934,7.2271],[122.2147,7.2177],[122.2337,7.2197],[122.2349,7.2134],[122.2445,7.2118],[122.2544,7.1953],[122.2641,7.1951],[122.2649,7.1935],[122.2469,7.1882],[122.2447,7.1912],[122.2342,7.1892],[122.2342,7.1954],[122.2212,7.1995],[122.1661,7.1731],[122.1531,7.1833],[122.1548,7.2190],[122.1420,7.2559],[122.1464,7.2663],[122.1533,7.2676],[122.1610,7.2614]]]},"type":"Feature","id":"7d4a8eba27","properties":{"flclr":"#000000","name":"Curuan","level_id":"reg","layer_val":"0","parent_id":"0","gjsonid":"10"}},{"geometry":{"type":"Polygon","coordinates":[[[122.2747,7.2880],[122.2497,7.2854],[122.2346,7.2922],[122.2200,7.2918],[122.2131,7.3000],[122.2146,7.3043],[122.2393,7.3109],[122.2411,7.3208],[122.2476,7.3244],[122.2693,7.3138],[122.2758,7.2969],[122.2747,7.2880]]]},"type":"Feature","id":"466d1906fc","properties":{"flclr":"#000000","name":"Tagasilay","level_id":"reg","layer_val":"0","parent_id":"0","gjsonid":"10"}},{"geometry":{"type":"Polygon","coordinates":[[[122.2693,7.3138],[122.2435,7.3245],[122.2456,7.3362],[122.2591,7.3441],[122.2701,7.3347],[122.2859,7.3403],[122.2984,7.3314],[122.2923,7.3218],[122.2804,7.3210],[122.2693,7.3138]]]},"type":"Feature","id":"8cd6b0195e","properties":{"flclr":"#000000","name":"Tigbalabag","level_id":"reg","layer_val":"0","parent_id":"0","gjsonid":"10"}},{"geometry":{"type":"Polygon","coordinates":[[[122.2923,7.3218],[122.2903,7.3074],[122.2947,7.3039],[122.2895,7.2888],[122.2747,7.2880],[122.2758,7.2969],[122.2693,7.3138],[122.2804,7.3210],[122.2923,7.3218]]]},"type":"Feature","id":"57c733c5f2","properties":{"flclr":"#000000","name":"Taguiti","level_id":"reg","layer_val":"0","parent_id":"0","gjsonid":"10"}},{"geometry":{"type":"Polygon","coordinates":[[[122.3247,7.3523],[122.3116,7.3303],[122.3076,7.3294],[122.3041,7.3358],[122.2960,7.3319],[122.2859,7.3403],[122.2701,7.3347],[122.2753,7.3461],[122.2709,7.3590],[122.2818,7.3633],[122.3017,7.3634],[122.3057,7.3554],[122.3170,7.3572],[122.3247,7.3523]]]},"type":"Feature","id":"6be80ffb50","properties":{"flclr":"#000000","name":"Mangusu","level_id":"reg","layer_val":"0","parent_id":"0","gjsonid":"10"}},{"geometry":{"type":"Polygon","coordinates":[[[122.2172,7.4439],[122.1888,7.4306],[122.1792,7.4153],[122.0590,7.4345],[122.0537,7.4426],[122.0665,7.4613],[122.0723,7.4834],[122.2172,7.4439]]]},"type":"Feature","id":"0c5838c813","properties":{"flclr":"#000000","name":"Anongan","level_id":"reg","layer_val":"0","parent_id":"0","gjsonid":"10"}},{"geometry":{"type":"Polygon","coordinates":[[[122.1792,7.4153],[122.1888,7.4306],[122.2172,7.4439],[122.2264,7.4533],[122.2435,7.4330],[122.2623,7.4232],[122.2774,7.4226],[122.2886,7.4147],[122.2963,7.3981],[122.3101,7.3932],[122.3136,7.3766],[122.3186,7.3732],[122.3185,7.3763],[122.3253,7.3764],[122.3251,7.3669],[122.3203,7.3641],[122.3289,7.3580],[122.3247,7.3523],[122.3170,7.3572],[122.3057,7.3554],[122.3017,7.3634],[122.2789,7.3622],[122.2709,7.3590],[122.2753,7.3461],[122.2701,7.3347],[122.2611,7.3399],[122.2583,7.3465],[122.2636,7.3492],[122.2581,7.3529],[122.1781,7.3715],[122.1749,7.3918],[122.1792,7.4153]]]},"type":"Feature","id":"f4422b6624","properties":{"flclr":"#000000","name":"Vitali","level_id":"reg","layer_val":"0","parent_id":"0","gjsonid":"10"}},{"geometry":{"type":"Polygon","coordinates":[[[122.1504,6.9873],[122.1464,7.0031],[122.1394,7.0163],[122.1467,7.0168],[122.1533,7.0113],[122.1650,6.9912],[122.1504,6.9873]]]},"type":"Feature","id":"7e8b165167","properties":{"flclr":"#000000","name":"Guisao","level_id":"reg","layer_val":"0","parent_id":"0","gjsonid":"10"}},{"geometry":{"type":"Polygon","coordinates":[[[122.3535,7.4170],[122.3429,7.4024],[122.3442,7.3932],[122.3487,7.3911],[122.3574,7.3709],[122.3789,7.3605],[122.3727,7.3473],[122.3635,7.3395],[122.3645,7.3348],[122.3456,7.3230],[122.3412,7.3139],[122.3273,7.3172],[122.3349,7.3265],[122.3285,7.3296],[122.3108,7.3185],[122.3170,7.3329],[122.3285,7.3443],[122.3247,7.3523],[122.3289,7.3580],[122.3203,7.3641],[122.3251,7.3669],[122.3253,7.3764],[122.3158,7.3748],[122.3114,7.3853],[122.3231,7.3850],[122.3393,7.4140],[122.3535,7.4170]]]},"type":"Feature","id":"68f14834b3","properties":{"flclr":"#000000","name":"Limaong","level_id":"reg","layer_val":"0","parent_id":"0","gjsonid":"10"}},{"geometry":{"type":"Polygon","coordinates":[[[122.3273,7.3172],[122.3349,7.3143],[122.3278,7.3060],[122.3253,7.3075],[122.3292,7.3114],[122.3273,7.3172]]]},"type":"Feature","id":"faad782efe","properties":{"flclr":"#000000","name":"Taguiti","level_id":"reg","layer_val":"0","parent_id":"0","gjsonid":"10"}},{"geometry":{"type":"Polygon","coordinates":[[[122.3312,7.4196],[122.3535,7.4170],[122.3393,7.4140],[122.3364,7.4037],[122.3236,7.3910],[122.3240,7.3857],[122.3132,7.3855],[122.3076,7.3951],[122.2963,7.3981],[122.2816,7.4207],[122.2623,7.4232],[122.2435,7.4330],[122.2264,7.4533],[122.2373,7.4772],[122.2650,7.4571],[122.2775,7.4273],[122.3091,7.4196],[122.3312,7.4196]]]},"type":"Feature","id":"ce89f308d1","properties":{"flclr":"#000000","name":"Tictapul","level_id":"reg","layer_val":"0","parent_id":"0","gjsonid":"10"}},{"geometry":{"type":"Polygon","coordinates":[[[122.3939,7.5400],[122.3764,7.5180],[122.3665,7.5202],[122.3668,7.5396],[122.3353,7.5831],[122.3542,7.5901],[122.3593,7.5731],[122.3939,7.5400]]]},"type":"Feature","id":"863bbbbb8c","properties":{"flclr":"#000000","name":"Upper Tungawan","level_id":"reg","layer_val":"0","parent_id":"0","gjsonid":"10"}},{"geometry":{"type":"Polygon","coordinates":[[[122.3665,7.5202],[122.3764,7.5180],[122.3619,7.4956],[122.3536,7.5044],[122.3131,7.5182],[122.3196,7.5350],[122.3665,7.5202]]]},"type":"Feature","id":"021eecee11","properties":{"flclr":"#000000","name":"Lower Tungawan","level_id":"reg","layer_val":"0","parent_id":"0","gjsonid":"10"}},{"geometry":{"type":"Polygon","coordinates":[[[122.3550,7.4669],[122.3579,7.4624],[122.3528,7.4575],[122.3412,7.4653],[122.3100,7.4748],[122.2946,7.4948],[122.3272,7.4855],[122.3519,7.4839],[122.3567,7.4782],[122.3478,7.4733],[122.3556,7.4715],[122.3550,7.4669]]]},"type":"Feature","id":"7066d7e399","properties":{"flclr":"#000000","name":"San Pedro","level_id":"reg","layer_val":"0","parent_id":"0","gjsonid":"10"}},{"geometry":{"type":"Polygon","coordinates":[[[122.3464,7.6582],[122.3362,7.6880],[122.3445,7.6957],[122.3559,7.6984],[122.3606,7.6803],[122.3786,7.6800],[122.3716,7.6613],[122.3464,7.6582]]]},"type":"Feature","id":"eecf1d4ada","properties":{"flclr":"#000000","name":"San Isidro","level_id":"reg","layer_val":"0","parent_id":"0","gjsonid":"10"}},{"geometry":{"type":"Polygon","coordinates":[[[122.0337,7.2219],[122.0476,7.2617],[122.0438,7.2686],[122.0460,7.2792],[122.0652,7.2874],[122.0754,7.2796],[122.0753,7.2735],[122.0731,7.2650],[122.0669,7.2609],[122.0692,7.2407],[122.0627,7.2124],[121.9978,7.1972],[122.0337,7.2219]]]},"type":"Feature","id":"5403e01288","properties":{"flclr":"#000000","name":"Santo Ni\u00f1o (Culabog)","level_id":"reg","layer_val":"0","parent_id":"0","gjsonid":"10"}},{"geometry":{"type":"Polygon","coordinates":[[[122.1524,7.7144],[122.1596,7.7161],[122.1608,7.6979],[122.1480,7.6958],[122.1437,7.7119],[122.1524,7.7144]]]},"type":"Feature","id":"02f7c48437","properties":{"flclr":"#000000","name":"Jose P. Brillantes, Sr. (Old Lituban)","level_id":"reg","layer_val":"0","parent_id":"0","gjsonid":"10"}},{"geometry":{"type":"Polygon","coordinates":[[[122.1519,7.6806],[122.1352,7.6787],[122.1324,7.6841],[122.1389,7.6862],[122.1345,7.7036],[122.1452,7.7066],[122.1519,7.6806]]]},"type":"Feature","id":"0fd44c4537","properties":{"flclr":"#000000","name":"Manaol","level_id":"reg","layer_val":"0","parent_id":"0","gjsonid":"10"}},{"geometry":{"type":"Polygon","coordinates":[[[122.1360,7.6977],[122.1389,7.6862],[122.1295,7.6839],[122.1220,7.7006],[122.1360,7.6977]]]},"type":"Feature","id":"ba5f73af26","properties":{"flclr":"#000000","name":"Bucana","level_id":"reg","layer_val":"0","parent_id":"0","gjsonid":"10"}},{"geometry":{"type":"Polygon","coordinates":[[[122.1618,7.6755],[122.1519,7.6806],[122.1497,7.6970],[122.1670,7.6956],[122.1618,7.6755]]]},"type":"Feature","id":"98121e40e8","properties":{"flclr":"#000000","name":"Pangian","level_id":"reg","layer_val":"0","parent_id":"0","gjsonid":"10"}},{"geometry":{"type":"Polygon","coordinates":[[[122.1345,7.7036],[122.1360,7.6977],[122.1239,7.6984],[122.1296,7.7063],[122.1284,7.7124],[122.1354,7.7122],[122.1316,7.7044],[122.1345,7.7036]]]},"type":"Feature","id":"c7c0b9a967","properties":{"flclr":"#000000","name":"Suhaile Arabi","level_id":"reg","layer_val":"0","parent_id":"0","gjsonid":"10"}},{"geometry":{"type":"Polygon","coordinates":[[[122.1354,7.7122],[122.1425,7.7126],[122.1452,7.7066],[122.1316,7.7044],[122.1354,7.7122]]]},"type":"Feature","id":"95e552acb8","properties":{"flclr":"#000000","name":"Poblacion","level_id":"reg","layer_val":"0","parent_id":"0","gjsonid":"10"}},{"geometry":{"type":"Polygon","coordinates":[[[122.1670,7.6956],[122.1608,7.6979],[122.1596,7.7161],[122.1637,7.7149],[122.1683,7.7221],[122.1752,7.7105],[122.1670,7.6956]]]},"type":"Feature","id":"a2be87c8bf","properties":{"flclr":"#000000","name":"New Lituban","level_id":"reg","layer_val":"0","parent_id":"0","gjsonid":"10"}},{"geometry":{"type":"Polygon","coordinates":[[[122.2072,7.6790],[122.1618,7.6755],[122.1679,7.6939],[122.1936,7.7139],[122.2072,7.6790]]]},"type":"Feature","id":"0f12f473da","properties":{"flclr":"#000000","name":"Dionisio Riconalla","level_id":"reg","layer_val":"0","parent_id":"0","gjsonid":"10"}},{"geometry":{"type":"Polygon","coordinates":[[[122.1863,7.7087],[122.1717,7.6960],[122.1679,7.6939],[122.1752,7.7105],[122.1709,7.7201],[122.1863,7.7087]]]},"type":"Feature","id":"0cad0c98f5","properties":{"flclr":"#000000","name":"Makiang","level_id":"reg","layer_val":"0","parent_id":"0","gjsonid":"10"}},{"geometry":{"type":"Polygon","coordinates":[[[122.0873,7.5110],[122.0857,7.5273],[122.1036,7.5166],[122.0990,7.5127],[122.0873,7.5110]]]},"type":"Feature","id":"af856c51b1","properties":{"flclr":"#000000","name":"Minanga","level_id":"reg","layer_val":"0","parent_id":"0","gjsonid":"10"}},{"geometry":{"type":"Polygon","coordinates":[[[122.1098,7.5151],[122.1085,7.5194],[122.1160,7.5246],[122.1288,7.5192],[122.1369,7.5221],[122.1346,7.5162],[122.1098,7.5151]]]},"type":"Feature","id":"067f57031c","properties":{"flclr":"#000000","name":"Lubok","level_id":"reg","layer_val":"0","parent_id":"0","gjsonid":"10"}},{"geometry":{"type":"Polygon","coordinates":[[[122.1085,7.5194],[122.1132,7.5113],[122.1097,7.5043],[122.1114,7.4940],[122.0873,7.5110],[122.1085,7.5194]]]},"type":"Feature","id":"63f0e18bcd","properties":{"flclr":"#000000","name":"Napulan","level_id":"reg","layer_val":"0","parent_id":"0","gjsonid":"10"}},{"geometry":{"type":"Polygon","coordinates":[[[122.0857,7.5273],[122.0873,7.5110],[122.0831,7.5035],[122.0714,7.5152],[122.0740,7.5240],[122.0778,7.5259],[122.0828,7.5213],[122.0857,7.5273]]]},"type":"Feature","id":"88666b0105","properties":{"flclr":"#000000","name":"Danganon","level_id":"reg","layer_val":"0","parent_id":"0","gjsonid":"10"}},{"geometry":{"type":"Polygon","coordinates":[[[122.1047,7.5383],[122.1127,7.5334],[122.1131,7.5236],[122.1050,7.5284],[122.1020,7.5349],[122.1047,7.5383]]]},"type":"Feature","id":"315e13da87","properties":{"flclr":"#000000","name":"Bongon","level_id":"reg","layer_val":"0","parent_id":"0","gjsonid":"10"}},{"geometry":{"type":"Polygon","coordinates":[[[122.1127,7.5334],[122.1047,7.5383],[122.1129,7.5424],[122.1125,7.5467],[122.1297,7.5436],[122.1351,7.5383],[122.1235,7.5319],[122.1127,7.5334]]]},"type":"Feature","id":"63a97bbb95","properties":{"flclr":"#000000","name":"Talabiga","level_id":"reg","layer_val":"0","parent_id":"0","gjsonid":"10"}},{"geometry":{"type":"Polygon","coordinates":[[[122.1125,7.5467],[122.1162,7.5527],[122.1321,7.5421],[122.1297,7.5436],[122.1125,7.5467]]]},"type":"Feature","id":"b4b4552098","properties":{"flclr":"#000000","name":"Pugos","level_id":"reg","layer_val":"0","parent_id":"0","gjsonid":"10"}},{"geometry":{"type":"Polygon","coordinates":[[[122.1259,7.5836],[122.1222,7.5817],[122.1167,7.5894],[122.1266,7.5997],[122.1293,7.5978],[122.1238,7.5908],[122.1259,7.5836]]]},"type":"Feature","id":"73cb3598e2","properties":{"flclr":"#000000","name":"Lagundi","level_id":"reg","layer_val":"0","parent_id":"0","gjsonid":"10"}},{"geometry":{"type":"Polygon","coordinates":[[[122.1351,7.5383],[122.1312,7.5456],[122.1162,7.5527],[122.1253,7.5530],[122.1271,7.5600],[122.1364,7.5610],[122.1503,7.5513],[122.1509,7.5466],[122.1351,7.5383]]]},"type":"Feature","id":"a6f4c5082e","properties":{"flclr":"#000000","name":"Tapanayan","level_id":"reg","layer_val":"0","parent_id":"0","gjsonid":"10"}},{"geometry":{"type":"Polygon","coordinates":[[[122.1740,7.5798],[122.1660,7.5723],[122.1487,7.5762],[122.1555,7.5842],[122.1679,7.5868],[122.1740,7.5798]]]},"type":"Feature","id":"2b9d1594e8","properties":{"flclr":"#000000","name":"Pisa Puti","level_id":"reg","layer_val":"0","parent_id":"0","gjsonid":"10"}},{"geometry":{"type":"Polygon","coordinates":[[[122.1401,7.5386],[122.1442,7.5453],[122.1509,7.5466],[122.1503,7.5513],[122.1727,7.5422],[122.1571,7.5320],[122.1452,7.5349],[122.1402,7.5298],[122.1401,7.5386]]]},"type":"Feature","id":"33139c4b59","properties":{"flclr":"#000000","name":"Culasian","level_id":"reg","layer_val":"0","parent_id":"0","gjsonid":"10"}},{"geometry":{"type":"Polygon","coordinates":[[[122.1098,7.5151],[122.1419,7.5201],[122.1330,7.5027],[122.1469,7.4829],[122.1114,7.4940],[122.1097,7.5043],[122.1132,7.5113],[122.1098,7.5151]]]},"type":"Feature","id":"b5551f2244","properties":{"flclr":"#000000","name":"Balonkan","level_id":"reg","layer_val":"0","parent_id":"0","gjsonid":"10"}},{"geometry":{"type":"Polygon","coordinates":[[[122.1318,7.5915],[122.1258,7.5892],[122.1259,7.5836],[122.1238,7.5908],[122.1293,7.5978],[122.1318,7.5915]]]},"type":"Feature","id":"09f6c52076","properties":{"flclr":"#000000","name":"Macuyon","level_id":"reg","layer_val":"0","parent_id":"0","gjsonid":"10"}},{"geometry":{"type":"Polygon","coordinates":[[[122.1352,7.5891],[122.1354,7.5965],[122.1416,7.6027],[122.1522,7.6086],[122.1628,7.6076],[122.1475,7.5967],[122.1499,7.5919],[122.1351,7.5858],[122.1352,7.5891]]]},"type":"Feature","id":"ebe55c62aa","properties":{"flclr":"#000000","name":"San Nicolas (Pob.)","level_id":"reg","layer_val":"0","parent_id":"0","gjsonid":"10"}},{"geometry":{"type":"Polygon","coordinates":[[[122.1597,7.5726],[122.1715,7.5767],[122.1709,7.5718],[122.1794,7.5617],[122.1825,7.5409],[122.1571,7.5500],[122.1538,7.5621],[122.1597,7.5726]]]},"type":"Feature","id":"e2b4eeda26","properties":{"flclr":"#000000","name":"Pisa Itom","level_id":"reg","layer_val":"0","parent_id":"0","gjsonid":"10"}},{"geometry":{"type":"Polygon","coordinates":[[[122.1880,7.7384],[122.2046,7.7253],[122.1863,7.7087],[122.1724,7.7198],[122.1714,7.7272],[122.1880,7.7384]]]},"type":"Feature","id":"91f9ea5eb2","properties":{"flclr":"#000000","name":"Bulacan","level_id":"reg","layer_val":"0","parent_id":"0","gjsonid":"10"}},{"geometry":{"type":"Polygon","coordinates":[[[122.1351,7.5383],[122.1401,7.5386],[122.1358,7.5207],[122.1131,7.5236],[122.1127,7.5334],[122.1235,7.5319],[122.1351,7.5383]]]},"type":"Feature","id":"3ab084f9d6","properties":{"flclr":"#000000","name":"Pula Bato","level_id":"reg","layer_val":"0","parent_id":"0","gjsonid":"10"}},{"geometry":{"type":"Polygon","coordinates":[[[122.2373,7.4772],[122.2561,7.4844],[122.2744,7.5078],[122.2883,7.5131],[122.2974,7.4889],[122.3100,7.4748],[122.3412,7.4653],[122.3547,7.4551],[122.3515,7.4439],[122.3384,7.4449],[122.3346,7.4354],[122.3377,7.4209],[122.3241,7.4177],[122.2983,7.4216],[122.2775,7.4273],[122.2650,7.4571],[122.2373,7.4772]]]},"type":"Feature","id":"5484d4b87a","properties":{"flclr":"#000000","name":"Licomo","level_id":"reg","layer_val":"0","parent_id":"0","gjsonid":"10"}},{"geometry":{"type":"Polygon","coordinates":[[[122.3066,7.6010],[122.2594,7.5049],[122.2712,7.4999],[122.2561,7.4844],[122.2303,7.5108],[122.2201,7.5276],[122.1958,7.5318],[122.1922,7.5413],[122.2058,7.5730],[122.2102,7.5761],[122.2165,7.5713],[122.2241,7.5740],[122.2247,7.6058],[122.3066,7.6010]]]},"type":"Feature","id":"7f2410af2c","properties":{"flclr":"#000000","name":"Guban","level_id":"reg","layer_val":"0","parent_id":"0","gjsonid":"10"}},{"geometry":{"type":"Polygon","coordinates":[[[122.1727,7.5422],[122.1825,7.5409],[122.1879,7.5201],[122.1807,7.5210],[122.1802,7.5247],[122.1629,7.5186],[122.1635,7.5206],[122.1591,7.5288],[122.1539,7.5191],[122.1475,7.5270],[122.1419,7.5201],[122.1356,7.5228],[122.1418,7.5339],[122.1571,7.5320],[122.1727,7.5422]]]},"type":"Feature","id":"e085d8099e","properties":{"flclr":"#000000","name":"Motong","level_id":"reg","layer_val":"0","parent_id":"0","gjsonid":"10"}},{"geometry":{"type":"Polygon","coordinates":[[[122.2561,7.4844],[122.2373,7.4772],[122.2264,7.4533],[122.1858,7.4718],[122.1469,7.4829],[122.1330,7.5027],[122.1455,7.5264],[122.1534,7.5190],[122.1591,7.5288],[122.1629,7.5186],[122.1802,7.5247],[122.1863,7.5195],[122.1887,7.5274],[122.1958,7.5318],[122.2201,7.5276],[122.2303,7.5108],[122.2561,7.4844]]]},"type":"Feature","id":"0d848ccc52","properties":{"flclr":"#000000","name":"Sipawa","level_id":"reg","layer_val":"0","parent_id":"0","gjsonid":"10"}},{"geometry":{"type":"Polygon","coordinates":[[[122.1869,7.5867],[122.1764,7.5815],[122.1732,7.5898],[122.1650,7.5915],[122.1731,7.6025],[122.1787,7.6039],[122.1869,7.5867]]]},"type":"Feature","id":"53feaf3c3a","properties":{"flclr":"#000000","name":"Pulang Lupa","level_id":"reg","layer_val":"0","parent_id":"0","gjsonid":"10"}},{"geometry":{"type":"Polygon","coordinates":[[[122.1936,7.7139],[122.2046,7.7253],[122.2180,7.7172],[122.2324,7.7435],[122.2749,7.7529],[122.3008,7.7426],[122.2989,7.7391],[122.3218,7.7325],[122.2562,7.6968],[122.2072,7.6790],[122.1936,7.7139]]]},"type":"Feature","id":"0c031d2180","properties":{"flclr":"#000000","name":"Tabayo","level_id":"reg","layer_val":"0","parent_id":"0","gjsonid":"10"}},{"geometry":{"type":"Polygon","coordinates":[[[122.1958,7.5318],[122.1887,7.5274],[122.1794,7.5617],[122.1709,7.5718],[122.1760,7.5821],[122.1877,7.5876],[122.2001,7.5785],[122.2001,7.5732],[122.2058,7.5730],[122.1922,7.5413],[122.1958,7.5318]]]},"type":"Feature","id":"e97e564f97","properties":{"flclr":"#000000","name":"Libucon","level_id":"reg","layer_val":"0","parent_id":"0","gjsonid":"10"}},{"geometry":{"type":"Polygon","coordinates":[[[122.1406,7.5850],[122.1446,7.5917],[122.1478,7.5913],[122.1433,7.5850],[122.1406,7.5850]]]},"type":"Feature","id":"e668392be7","properties":{"flclr":"#000000","name":"Saint Mary (Pob.)","level_id":"reg","layer_val":"0","parent_id":"0","gjsonid":"10"}},{"geometry":{"type":"Polygon","coordinates":[[[122.1393,7.5868],[122.1406,7.5850],[122.1395,7.5843],[122.1375,7.5867],[122.1393,7.5868]]]},"type":"Feature","id":"7af7cc1719","properties":{"flclr":"#000000","name":"San Roque (Pob.)","level_id":"reg","layer_val":"0","parent_id":"0","gjsonid":"10"}},{"geometry":{"type":"Polygon","coordinates":[[[122.1571,7.5500],[122.1364,7.5610],[122.1487,7.5762],[122.1597,7.5726],[122.1538,7.5621],[122.1571,7.5500]]]},"type":"Feature","id":"cd102ba4d5","properties":{"flclr":"#000000","name":"Bitugan","level_id":"reg","layer_val":"0","parent_id":"0","gjsonid":"10"}},{"geometry":{"type":"Polygon","coordinates":[[[122.1311,7.5966],[122.1180,7.6049],[122.1163,7.6070],[122.1362,7.6090],[122.1311,7.5966]]]},"type":"Feature","id":"fb031b49cb","properties":{"flclr":"#000000","name":"Balubuan","level_id":"reg","layer_val":"0","parent_id":"0","gjsonid":"10"}},{"geometry":{"type":"Polygon","coordinates":[[[122.1478,7.5913],[122.1536,7.5899],[122.1548,7.5858],[122.1433,7.5850],[122.1478,7.5913]]]},"type":"Feature","id":"d63e3bd81c","properties":{"flclr":"#000000","name":"San Vicente (Pob.)","level_id":"reg","layer_val":"0","parent_id":"0","gjsonid":"10"}},{"geometry":{"type":"Polygon","coordinates":[[[122.1163,7.6070],[122.1266,7.5997],[122.1159,7.5891],[122.1052,7.5970],[122.1096,7.6058],[122.1163,7.6070]]]},"type":"Feature","id":"7433a1f241","properties":{"flclr":"#000000","name":"Balatakan","level_id":"reg","layer_val":"0","parent_id":"0","gjsonid":"10"}},{"geometry":{"type":"Polygon","coordinates":[[[122.1311,7.5966],[122.1362,7.6090],[122.1522,7.6086],[122.1360,7.5976],[122.1365,7.5898],[122.1311,7.5966]]]},"type":"Feature","id":"1057ba9fd7","properties":{"flclr":"#000000","name":"Pi\u00f1a","level_id":"reg","layer_val":"0","parent_id":"0","gjsonid":"10"}},{"geometry":{"type":"Polygon","coordinates":[[[122.1395,7.5843],[122.1548,7.5858],[122.1557,7.5829],[122.1402,7.5683],[122.1395,7.5843]]]},"type":"Feature","id":"09114c13f7","properties":{"flclr":"#000000","name":"Sirawai Proper (Pob.)","level_id":"reg","layer_val":"0","parent_id":"0","gjsonid":"10"}},{"geometry":{"type":"Polygon","coordinates":[[[122.3158,7.6317],[122.3066,7.6010],[122.2247,7.6058],[122.1794,7.6165],[122.1585,7.6084],[122.1618,7.6755],[122.2072,7.6790],[122.2562,7.6968],[122.3218,7.7325],[122.2989,7.7391],[122.3277,7.7535],[122.3336,7.7608],[122.3603,7.7476],[122.3461,7.7248],[122.3445,7.6957],[122.3310,7.6833],[122.3158,7.6317]]]},"type":"Feature","id":"243d555210","properties":{"flclr":"#000000","name":"Candiz","level_id":"reg","layer_val":"0","parent_id":"0","gjsonid":"10"}},{"geometry":{"type":"Polygon","coordinates":[[[122.1618,7.6755],[122.1612,7.6593],[122.1371,7.6651],[122.1352,7.6787],[122.1519,7.6806],[122.1618,7.6755]]]},"type":"Feature","id":"2106bea25f","properties":{"flclr":"#000000","name":"Andres Micubo Jr. (Balili)","level_id":"reg","layer_val":"0","parent_id":"0","gjsonid":"10"}},{"geometry":{"type":"Polygon","coordinates":[[[122.2241,7.5757],[122.2183,7.5712],[122.2117,7.5761],[122.2004,7.5731],[122.1966,7.5825],[122.1817,7.5939],[122.1944,7.5925],[122.2241,7.5757]]]},"type":"Feature","id":"977005412e","properties":{"flclr":"#000000","name":"Catuyan","level_id":"reg","layer_val":"0","parent_id":"0","gjsonid":"10"}},{"geometry":{"type":"Polygon","coordinates":[[[122.1722,7.6013],[122.1650,7.5915],[122.1536,7.5899],[122.1475,7.5965],[122.1575,7.6057],[122.1722,7.6013]]]},"type":"Feature","id":"ee5e6ea5d5","properties":{"flclr":"#000000","name":"Panabutan","level_id":"reg","layer_val":"0","parent_id":"0","gjsonid":"10"}},{"geometry":{"type":"Polygon","coordinates":[[[122.1650,7.5915],[122.1749,7.5880],[122.1740,7.5798],[122.1681,7.5868],[122.1555,7.5842],[122.1536,7.5899],[122.1650,7.5915]]]},"type":"Feature","id":"4adaf7f371","properties":{"flclr":"#000000","name":"Do\u00f1a Cecilia","level_id":"reg","layer_val":"0","parent_id":"0","gjsonid":"10"}},{"geometry":{"type":"Polygon","coordinates":[[[122.2247,7.6058],[122.2241,7.5757],[122.1944,7.5925],[122.1817,7.5939],[122.1787,7.6039],[122.1722,7.6013],[122.1609,7.6055],[122.1626,7.6109],[122.1794,7.6165],[122.2247,7.6058]]]},"type":"Feature","id":"c7f3cea308","properties":{"flclr":"#000000","name":"Sipakit","level_id":"reg","layer_val":"0","parent_id":"0","gjsonid":"10"}},{"geometry":{"type":"Polygon","coordinates":[[[122.1050,7.5284],[122.1128,7.5225],[122.0979,7.5193],[122.0968,7.5224],[122.1050,7.5284]]]},"type":"Feature","id":"1af553ee64","properties":{"flclr":"#000000","name":"Piacan","level_id":"reg","layer_val":"0","parent_id":"0","gjsonid":"10"}},{"geometry":{"type":"Polygon","coordinates":[[[122.1585,7.6084],[122.1214,7.6076],[122.1227,7.6178],[122.1194,7.6210],[122.1263,7.6250],[122.1279,7.6358],[122.1599,7.6319],[122.1585,7.6084]]]},"type":"Feature","id":"10274e7054","properties":{"flclr":"#000000","name":"Malambuhangin","level_id":"reg","layer_val":"0","parent_id":"0","gjsonid":"10"}},{"geometry":{"type":"Polygon","coordinates":[[[122.1220,7.7006],[122.1186,7.7156],[122.1443,7.7235],[122.1403,7.7106],[122.1284,7.7124],[122.1293,7.7056],[122.1220,7.7006]]]},"type":"Feature","id":"cee1ca478c","properties":{"flclr":"#000000","name":"Mateo Francisco","level_id":"reg","layer_val":"0","parent_id":"0","gjsonid":"10"}},{"geometry":{"type":"Polygon","coordinates":[[[122.1599,7.6319],[122.1292,7.6345],[122.1348,7.6409],[122.1361,7.6531],[122.1295,7.6839],[122.1345,7.6826],[122.1371,7.6651],[122.1612,7.6593],[122.1599,7.6319]]]},"type":"Feature","id":"07d1fe0117","properties":{"flclr":"#000000","name":"Latabon","level_id":"reg","layer_val":"0","parent_id":"0","gjsonid":"10"}},{"geometry":{"type":"Polygon","coordinates":[[[121.9896,7.1504],[121.9725,7.1498],[121.9220,7.1742],[121.9180,7.1769],[121.9233,7.1889],[121.9264,7.1930],[121.9896,7.1504]]]},"type":"Feature","id":"87ebd163df","properties":{"flclr":"#000000","name":"Bongalao","level_id":"reg","layer_val":"0","parent_id":"0","gjsonid":"10"}},{"geometry":{"type":"Polygon","coordinates":[[[121.9474,7.1501],[121.9284,7.1396],[121.9175,7.1416],[121.9096,7.1538],[121.9141,7.1702],[121.9474,7.1501]]]},"type":"Feature","id":"972b682417","properties":{"flclr":"#000000","name":"Limpapa","level_id":"reg","layer_val":"0","parent_id":"0","gjsonid":"10"}},{"geometry":{"type":"Polygon","coordinates":[[[121.9180,7.1769],[121.9381,7.1687],[121.9725,7.1498],[121.9474,7.1501],[121.9151,7.1713],[121.9180,7.1769]]]},"type":"Feature","id":"35b6b08941","properties":{"flclr":"#000000","name":"Lingayon","level_id":"reg","layer_val":"0","parent_id":"0","gjsonid":"10"}},{"geometry":{"type":"Polygon","coordinates":[[[121.9978,7.1972],[122.0460,7.2060],[122.0620,7.1500],[122.0256,7.1512],[121.9888,7.1861],[121.9603,7.1997],[121.9426,7.2136],[121.9611,7.2278],[121.9662,7.2411],[121.9978,7.1972]]]},"type":"Feature","id":"218c76340a","properties":{"flclr":"#000000","name":"Lintangan","level_id":"reg","layer_val":"0","parent_id":"0","gjsonid":"10"}},{"geometry":{"type":"Polygon","coordinates":[[[122.0426,7.2463],[122.0137,7.2696],[122.0120,7.2787],[122.0481,7.2838],[122.0426,7.2463]]]},"type":"Feature","id":"98c44e3ee7","properties":{"flclr":"#000000","name":"Nala (Pob.)","level_id":"reg","layer_val":"0","parent_id":"0","gjsonid":"10"}},{"geometry":{"type":"Polygon","coordinates":[[[122.0137,7.2696],[122.0426,7.2463],[122.0404,7.2409],[122.0284,7.2541],[122.0143,7.2561],[122.0097,7.2641],[122.0137,7.2696]]]},"type":"Feature","id":"9ab58b2116","properties":{"flclr":"#000000","name":"Cusipan","level_id":"reg","layer_val":"0","parent_id":"0","gjsonid":"10"}},{"geometry":{"type":"Polygon","coordinates":[[[122.1420,7.2559],[122.1459,7.2419],[122.1364,7.2193],[122.0937,7.2627],[122.0952,7.2818],[122.0822,7.2916],[122.0892,7.3096],[122.1229,7.2977],[122.1382,7.2760],[122.1420,7.2559]]]},"type":"Feature","id":"283ed26b6c","properties":{"flclr":"#000000","name":"Culaguan","level_id":"reg","layer_val":"0","parent_id":"0","gjsonid":"10"}},{"geometry":{"type":"Polygon","coordinates":[[[122.0404,7.2409],[122.0337,7.2219],[121.9905,7.2586],[122.0007,7.2586],[122.0097,7.2641],[122.0143,7.2561],[122.0284,7.2541],[122.0404,7.2409]]]},"type":"Feature","id":"d1ae1e3e95","properties":{"flclr":"#000000","name":"Pangian","level_id":"reg","layer_val":"0","parent_id":"0","gjsonid":"10"}},{"geometry":{"type":"Polygon","coordinates":[[[122.0625,7.2868],[122.0502,7.2798],[122.0481,7.2838],[122.0622,7.2916],[122.0625,7.2868]]]},"type":"Feature","id":"f48d007554","properties":{"flclr":"#000000","name":"Pasilnahut","level_id":"reg","layer_val":"0","parent_id":"0","gjsonid":"10"}},{"geometry":{"type":"Polygon","coordinates":[[[122.0754,7.2796],[122.0652,7.2874],[122.0715,7.2955],[122.0822,7.2916],[122.0754,7.2796]]]},"type":"Feature","id":"95ad3668de","properties":{"flclr":"#000000","name":"Jatian","level_id":"reg","layer_val":"0","parent_id":"0","gjsonid":"10"}},{"geometry":{"type":"Polygon","coordinates":[[[122.0754,7.2796],[122.0822,7.2916],[122.0952,7.2818],[122.0937,7.2627],[122.0846,7.2531],[122.0859,7.2445],[122.1205,7.2046],[122.1101,7.1942],[122.0692,7.2407],[122.0669,7.2609],[122.0731,7.2650],[122.0754,7.2796]]]},"type":"Feature","id":"e6502ca364","properties":{"flclr":"#000000","name":"Cabbunan","level_id":"reg","layer_val":"0","parent_id":"0","gjsonid":"10"}},{"geometry":{"type":"Polygon","coordinates":[[[122.0937,7.2627],[122.1364,7.2193],[122.1205,7.2046],[122.0859,7.2445],[122.0846,7.2531],[122.0937,7.2627]]]},"type":"Feature","id":"31e4c5b900","properties":{"flclr":"#000000","name":"Lakiki","level_id":"reg","layer_val":"0","parent_id":"0","gjsonid":"10"}},{"geometry":{"type":"Polygon","coordinates":[[[122.0822,7.2916],[122.0709,7.2964],[122.0714,7.3070],[122.0667,7.3074],[122.0668,7.3117],[122.0724,7.3160],[122.0892,7.3096],[122.0822,7.2916]]]},"type":"Feature","id":"853549c6d2","properties":{"flclr":"#000000","name":"Puliran","level_id":"reg","layer_val":"0","parent_id":"0","gjsonid":"10"}},{"geometry":{"type":"Polygon","coordinates":[[[122.0736,7.3918],[122.0614,7.3748],[122.0493,7.3812],[122.0434,7.3800],[122.0439,7.3873],[122.0561,7.3980],[122.0736,7.3918]]]},"type":"Feature","id":"acc0f38437","properties":{"flclr":"#000000","name":"Panganuran","level_id":"reg","layer_val":"0","parent_id":"0","gjsonid":"10"}},{"geometry":{"type":"Polygon","coordinates":[[[122.0614,7.3748],[122.0736,7.3918],[122.1469,7.3693],[122.1410,7.3369],[122.1285,7.3158],[122.1213,7.3243],[122.1155,7.3187],[122.0497,7.3400],[122.0614,7.3748]]]},"type":"Feature","id":"e418dbec84","properties":{"flclr":"#000000","name":"Dinulan","level_id":"reg","layer_val":"0","parent_id":"0","gjsonid":"10"}},{"geometry":{"type":"Polygon","coordinates":[[[122.0724,7.3160],[122.0667,7.3074],[122.0643,7.3147],[122.0500,7.3157],[122.0369,7.3263],[122.0355,7.3436],[122.0773,7.3305],[122.0724,7.3160]]]},"type":"Feature","id":"ec6144789e","properties":{"flclr":"#000000","name":"Kamarangan","level_id":"reg","layer_val":"0","parent_id":"0","gjsonid":"10"}},{"geometry":{"type":"Polygon","coordinates":[[[122.0622,7.2916],[122.0659,7.3077],[122.0702,7.3082],[122.0715,7.2955],[122.0652,7.2874],[122.0622,7.2916]]]},"type":"Feature","id":"746d5b14f0","properties":{"flclr":"#000000","name":"Poblacion","level_id":"reg","layer_val":"0","parent_id":"0","gjsonid":"10"}},{"geometry":{"type":"Polygon","coordinates":[[[122.1229,7.2977],[122.1410,7.3369],[122.1469,7.3693],[122.1606,7.3662],[122.1599,7.3455],[122.1808,7.2818],[122.1766,7.2712],[122.1610,7.2614],[122.1533,7.2676],[122.1464,7.2663],[122.1420,7.2559],[122.1382,7.2760],[122.1229,7.2977]]]},"type":"Feature","id":"b16baa132b","properties":{"flclr":"#000000","name":"Lunday","level_id":"reg","layer_val":"0","parent_id":"0","gjsonid":"10"}},{"geometry":{"type":"Polygon","coordinates":[[[122.0497,7.3400],[122.0355,7.3436],[122.0298,7.3580],[122.0472,7.3689],[122.0441,7.3794],[122.0488,7.3813],[122.0614,7.3748],[122.0497,7.3400]]]},"type":"Feature","id":"fc6e7229ff","properties":{"flclr":"#000000","name":"Lambagoan","level_id":"reg","layer_val":"0","parent_id":"0","gjsonid":"10"}},{"geometry":{"type":"Polygon","coordinates":[[[122.1285,7.3158],[122.1229,7.2977],[122.0724,7.3160],[122.0773,7.3305],[122.1155,7.3187],[122.1213,7.3243],[122.1285,7.3158]]]},"type":"Feature","id":"a4713ef5bf","properties":{"flclr":"#000000","name":"Basak","level_id":"reg","layer_val":"0","parent_id":"0","gjsonid":"10"}},{"geometry":{"type":"Polygon","coordinates":[[[122.0831,7.5035],[122.0873,7.5110],[122.1114,7.4940],[122.1858,7.4718],[122.2264,7.4533],[122.2172,7.4439],[122.0723,7.4834],[122.0752,7.4891],[122.0899,7.4953],[122.0887,7.5031],[122.0831,7.5035]]]},"type":"Feature","id":"31ab37d7c8","properties":{"flclr":"#000000","name":"Cawit-cawit","level_id":"reg","layer_val":"0","parent_id":"0","gjsonid":"10"}}]}