{"type":"FeatureCollection","features":[{"geometry":{"type":"Polygon","coordinates":[[[122.0506,6.3362],[122.0498,6.3420],[122.0527,6.3340],[122.0489,6.3235],[122.0379,6.3146],[122.0372,6.3197],[122.0478,6.3294],[122.0458,6.3361],[122.0506,6.3362]]]},"type":"Feature","id":"df95e9ae38","properties":{"flclr":"#000000","name":"Pisak-pisak","level_id":"reg","layer_val":"0","parent_id":"0","gjsonid":"17"}},{"geometry":{"type":"Polygon","coordinates":[[[121.6902,6.0255],[121.6836,6.0366],[121.6883,6.0409],[121.6710,6.0356],[121.6744,6.0542],[121.6916,6.0447],[121.6901,6.0344],[121.6947,6.0341],[121.6952,6.0401],[121.7063,6.0401],[121.7031,6.0370],[121.7072,6.0331],[121.7110,6.0316],[121.7135,6.0366],[121.7274,6.0288],[121.7012,6.0170],[121.6929,6.0055],[121.6933,5.9947],[121.6783,5.9931],[121.6694,5.9863],[121.6564,5.9903],[121.6546,5.9943],[121.6605,6.0026],[121.6660,6.0014],[121.6692,6.0082],[121.6775,6.0080],[121.6772,6.0131],[121.6846,6.0172],[121.6871,6.0250],[121.6929,6.0231],[121.6902,6.0255]]]},"type":"Feature","id":"e13891d198","properties":{"flclr":"#000000","name":"South Paarol","level_id":"reg","layer_val":"0","parent_id":"0","gjsonid":"17"}},{"geometry":{"type":"Polygon","coordinates":[[[121.9207,6.3138],[121.9193,6.3221],[121.9242,6.3278],[121.9299,6.3182],[121.9207,6.3138]]]},"type":"Feature","id":"c544285089","properties":{"flclr":"#000000","name":"Kaumpurnah","level_id":"reg","layer_val":"0","parent_id":"0","gjsonid":"17"}},{"geometry":{"type":"Polygon","coordinates":[[[121.8597,6.1604],[121.8605,6.1606],[121.8613,6.1588],[121.8602,6.1593],[121.8597,6.1604]]]},"type":"Feature","id":"f6ec23871f","properties":{"flclr":"#000000","name":"Danao","level_id":"reg","layer_val":"0","parent_id":"0","gjsonid":"17"}},{"geometry":{"type":"Polygon","coordinates":[[[121.9720,6.2968],[121.9739,6.2985],[121.9744,6.2984],[121.9730,6.2961],[121.9720,6.2968]]]},"type":"Feature","id":"f1487af73f","properties":{"flclr":"#000000","name":"Tong-Umus","level_id":"reg","layer_val":"0","parent_id":"0","gjsonid":"17"}},{"geometry":{"type":"Polygon","coordinates":[[[121.9892,6.3124],[121.9950,6.3141],[121.9956,6.3099],[121.9935,6.3081],[121.9892,6.3124]]]},"type":"Feature","id":"1861b2b64a","properties":{"flclr":"#000000","name":"Sulloh (Tapiantana)","level_id":"reg","layer_val":"0","parent_id":"0","gjsonid":"17"}},{"geometry":{"type":"Polygon","coordinates":[[[122.0002,6.3163],[122.0049,6.3142],[122.0163,6.2954],[122.0064,6.3027],[122.0002,6.3163]]]},"type":"Feature","id":"24d29f4bbf","properties":{"flclr":"#000000","name":"Sulloh (Tapiantana)","level_id":"reg","layer_val":"0","parent_id":"0","gjsonid":"17"}},{"geometry":{"type":"Polygon","coordinates":[[[121.7620,6.1421],[121.7636,6.1470],[121.7680,6.1400],[121.7621,6.1402],[121.7620,6.1421]]]},"type":"Feature","id":"0c0cbe0f5b","properties":{"flclr":"#000000","name":"Tinutungan","level_id":"reg","layer_val":"0","parent_id":"0","gjsonid":"17"}},{"geometry":{"type":"Polygon","coordinates":[[[121.6555,6.0808],[121.6596,6.0902],[121.6663,6.0905],[121.6670,6.0821],[121.6573,6.0780],[121.6555,6.0808]]]},"type":"Feature","id":"5f716193e6","properties":{"flclr":"#000000","name":"North Paarol","level_id":"reg","layer_val":"0","parent_id":"0","gjsonid":"17"}},{"geometry":{"type":"Polygon","coordinates":[[[121.8685,6.1584],[121.8698,6.1583],[121.8703,6.1563],[121.8690,6.1569],[121.8685,6.1584]]]},"type":"Feature","id":"158660c586","properties":{"flclr":"#000000","name":"Danao","level_id":"reg","layer_val":"0","parent_id":"0","gjsonid":"17"}},{"geometry":{"type":"Polygon","coordinates":[[[121.8336,6.2316],[121.8359,6.2403],[121.8462,6.2357],[121.8468,6.2239],[121.8402,6.2153],[121.8336,6.2316]]]},"type":"Feature","id":"9355a88018","properties":{"flclr":"#000000","name":"Tattalan","level_id":"reg","layer_val":"0","parent_id":"0","gjsonid":"17"}},{"geometry":{"type":"Polygon","coordinates":[[[121.7878,6.0480],[121.7917,6.0460],[121.7928,6.0439],[121.7898,6.0457],[121.7878,6.0480]]]},"type":"Feature","id":"27b1fa6363","properties":{"flclr":"#000000","name":"Sigumbal","level_id":"reg","layer_val":"0","parent_id":"0","gjsonid":"17"}},{"geometry":{"type":"Polygon","coordinates":[[[121.7807,6.0518],[121.7850,6.0504],[121.7871,6.0476],[121.7851,6.0481],[121.7807,6.0518]]]},"type":"Feature","id":"9f18025d42","properties":{"flclr":"#000000","name":"Sigumbal","level_id":"reg","layer_val":"0","parent_id":"0","gjsonid":"17"}},{"geometry":{"type":"Polygon","coordinates":[[[121.7723,6.0597],[121.7732,6.0588],[121.7737,6.0577],[121.7726,6.0589],[121.7723,6.0597]]]},"type":"Feature","id":"66297bbd50","properties":{"flclr":"#000000","name":"Sigumbal","level_id":"reg","layer_val":"0","parent_id":"0","gjsonid":"17"}},{"geometry":{"type":"Polygon","coordinates":[[[121.7637,6.0719],[121.7641,6.0725],[121.7644,6.0724],[121.7644,6.0714],[121.7637,6.0719]]]},"type":"Feature","id":"2c054c03f4","properties":{"flclr":"#000000","name":"Sigumbal","level_id":"reg","layer_val":"0","parent_id":"0","gjsonid":"17"}},{"geometry":{"type":"Polygon","coordinates":[[[121.8012,6.0358],[121.8083,6.0275],[121.8204,6.0190],[121.8074,6.0277],[121.8012,6.0358]]]},"type":"Feature","id":"b4f2414273","properties":{"flclr":"#000000","name":"Luuk (Pob.)","level_id":"reg","layer_val":"0","parent_id":"0","gjsonid":"17"}},{"geometry":{"type":"Polygon","coordinates":[[[121.7977,6.0392],[121.7981,6.0392],[121.8008,6.0362],[121.7982,6.0381],[121.7977,6.0392]]]},"type":"Feature","id":"942136e2c8","properties":{"flclr":"#000000","name":"Luuk (Pob.)","level_id":"reg","layer_val":"0","parent_id":"0","gjsonid":"17"}},{"geometry":{"type":"Polygon","coordinates":[[[121.7938,6.0434],[121.7945,6.0433],[121.7976,6.0395],[121.7938,6.0427],[121.7938,6.0434]]]},"type":"Feature","id":"b40e6847bd","properties":{"flclr":"#000000","name":"Luuk (Pob.)","level_id":"reg","layer_val":"0","parent_id":"0","gjsonid":"17"}},{"geometry":{"type":"Polygon","coordinates":[[[121.6579,6.0084],[121.6615,6.0202],[121.6682,6.0254],[121.6661,6.0154],[121.6605,6.0151],[121.6579,6.0084]]]},"type":"Feature","id":"c6603c8532","properties":{"flclr":"#000000","name":"South Paarol","level_id":"reg","layer_val":"0","parent_id":"0","gjsonid":"17"}},{"geometry":{"type":"Polygon","coordinates":[[[121.6772,6.0544],[121.6829,6.0546],[121.6873,6.0482],[121.6896,6.0520],[121.6837,6.0548],[121.7011,6.0477],[121.6844,6.0473],[121.6772,6.0544]]]},"type":"Feature","id":"e7c9d2515d","properties":{"flclr":"#000000","name":"South Paarol","level_id":"reg","layer_val":"0","parent_id":"0","gjsonid":"17"}},{"geometry":{"type":"Polygon","coordinates":[[[121.6646,6.0382],[121.6658,6.0387],[121.6666,6.0358],[121.6653,6.0357],[121.6646,6.0382]]]},"type":"Feature","id":"d5ba189868","properties":{"flclr":"#000000","name":"South Paarol","level_id":"reg","layer_val":"0","parent_id":"0","gjsonid":"17"}},{"geometry":{"type":"Polygon","coordinates":[[[121.8381,6.0109],[121.8421,6.0063],[121.8487,6.0010],[121.8434,6.0049],[121.8380,6.0104],[121.8381,6.0109]]]},"type":"Feature","id":"043191d598","properties":{"flclr":"#000000","name":"Luuk (Pob.)","level_id":"reg","layer_val":"0","parent_id":"0","gjsonid":"17"}},{"geometry":{"type":"Polygon","coordinates":[[[121.8299,6.0192],[121.8368,6.0129],[121.8371,6.0118],[121.8318,6.0169],[121.8299,6.0192]]]},"type":"Feature","id":"a6069868c2","properties":{"flclr":"#000000","name":"Luuk (Pob.)","level_id":"reg","layer_val":"0","parent_id":"0","gjsonid":"17"}},{"geometry":{"type":"Polygon","coordinates":[[[121.8285,6.0196],[121.8286,6.0198],[121.8287,6.0205],[121.8289,6.0198],[121.8285,6.0196]]]},"type":"Feature","id":"63abd48ec9","properties":{"flclr":"#000000","name":"Luuk (Pob.)","level_id":"reg","layer_val":"0","parent_id":"0","gjsonid":"17"}},{"geometry":{"type":"Polygon","coordinates":[[[121.9299,6.3182],[121.9309,6.3060],[121.9241,6.3046],[121.9207,6.3139],[121.9299,6.3182]]]},"type":"Feature","id":"b66cf897d2","properties":{"flclr":"#000000","name":"Lanawan","level_id":"reg","layer_val":"0","parent_id":"0","gjsonid":"17"}},{"geometry":{"type":"Polygon","coordinates":[[[121.9964,6.2843],[121.9961,6.2896],[122.0071,6.2920],[122.0093,6.2966],[122.0160,6.2934],[122.0138,6.2881],[121.9964,6.2843]]]},"type":"Feature","id":"1427269985","properties":{"flclr":"#000000","name":"Sulloh (Tapiantana)","level_id":"reg","layer_val":"0","parent_id":"0","gjsonid":"17"}},{"geometry":{"type":"Polygon","coordinates":[[[121.9735,6.3111],[121.9761,6.2981],[121.9619,6.2879],[121.9564,6.2968],[121.9583,6.3097],[121.9631,6.3131],[121.9735,6.3111]]]},"type":"Feature","id":"c3b98a8cd8","properties":{"flclr":"#000000","name":"Tong-Umus","level_id":"reg","layer_val":"0","parent_id":"0","gjsonid":"17"}},{"geometry":{"type":"Polygon","coordinates":[[[121.9961,6.2896],[121.9964,6.2843],[121.9808,6.2791],[121.9735,6.3111],[121.9891,6.3085],[121.9943,6.3001],[121.9897,6.2863],[121.9961,6.2896]]]},"type":"Feature","id":"b152a5f5fa","properties":{"flclr":"#000000","name":"Tambulig Buton","level_id":"reg","layer_val":"0","parent_id":"0","gjsonid":"17"}},{"geometry":{"type":"Polygon","coordinates":[[[121.9805,6.2810],[121.9705,6.2787],[121.9661,6.2855],[121.9696,6.2856],[121.9805,6.2810]]]},"type":"Feature","id":"124c6a0787","properties":{"flclr":"#000000","name":"Tong-Umus","level_id":"reg","layer_val":"0","parent_id":"0","gjsonid":"17"}},{"geometry":{"type":"Polygon","coordinates":[[[121.9761,6.2986],[121.9782,6.2971],[121.9782,6.2912],[121.9713,6.2937],[121.9761,6.2986]]]},"type":"Feature","id":"4c239c9f38","properties":{"flclr":"#000000","name":"Tong-Umus","level_id":"reg","layer_val":"0","parent_id":"0","gjsonid":"17"}},{"geometry":{"type":"Polygon","coordinates":[[[121.8238,6.1633],[121.8290,6.1474],[121.8124,6.1391],[121.8086,6.1519],[121.8238,6.1633]]]},"type":"Feature","id":"73c61767f9","properties":{"flclr":"#000000","name":"Dungon","level_id":"reg","layer_val":"0","parent_id":"0","gjsonid":"17"}},{"geometry":{"type":"Polygon","coordinates":[[[121.8086,6.1519],[121.8124,6.1391],[121.8073,6.1412],[121.8114,6.1367],[121.8056,6.1316],[121.7952,6.1403],[121.7958,6.1577],[121.8086,6.1519]]]},"type":"Feature","id":"0923b1afc4","properties":{"flclr":"#000000","name":"Tinutungan","level_id":"reg","layer_val":"0","parent_id":"0","gjsonid":"17"}},{"geometry":{"type":"Polygon","coordinates":[[[121.8323,6.1345],[121.8201,6.1388],[121.8448,6.1489],[121.8540,6.1314],[121.8517,6.1284],[121.8323,6.1345]]]},"type":"Feature","id":"92d218ed44","properties":{"flclr":"#000000","name":"Danao","level_id":"reg","layer_val":"0","parent_id":"0","gjsonid":"17"}},{"geometry":{"type":"Polygon","coordinates":[[[121.8201,6.1388],[121.8323,6.1345],[121.8329,6.1201],[121.8287,6.1186],[121.8329,6.1178],[121.8218,6.1191],[121.8126,6.1274],[121.8146,6.1358],[121.8201,6.1388]]]},"type":"Feature","id":"9bc452d326","properties":{"flclr":"#000000","name":"Kahikukuk","level_id":"reg","layer_val":"0","parent_id":"0","gjsonid":"17"}},{"geometry":{"type":"Polygon","coordinates":[[[121.8517,6.1284],[121.8462,6.1190],[121.8334,6.1188],[121.8323,6.1345],[121.8517,6.1284]]]},"type":"Feature","id":"c17dc6db0f","properties":{"flclr":"#000000","name":"Tambun-bun","level_id":"reg","layer_val":"0","parent_id":"0","gjsonid":"17"}},{"geometry":{"type":"Polygon","coordinates":[[[121.8238,6.1633],[121.8086,6.1519],[121.7971,6.1595],[121.8066,6.1746],[121.8167,6.1775],[121.8238,6.1633]]]},"type":"Feature","id":"5b5c9f541e","properties":{"flclr":"#000000","name":"Tainga-Bakkao","level_id":"reg","layer_val":"0","parent_id":"0","gjsonid":"17"}},{"geometry":{"type":"Polygon","coordinates":[[[121.7172,6.0694],[121.7229,6.0615],[121.7211,6.0576],[121.7090,6.0644],[121.7172,6.0694]]]},"type":"Feature","id":"5973e5d953","properties":{"flclr":"#000000","name":"South Paarol","level_id":"reg","layer_val":"0","parent_id":"0","gjsonid":"17"}},{"geometry":{"type":"Polygon","coordinates":[[[121.7172,6.0694],[121.7090,6.0644],[121.7032,6.0740],[121.7116,6.0737],[121.7172,6.0694]]]},"type":"Feature","id":"71b31a5985","properties":{"flclr":"#000000","name":"North Paarol","level_id":"reg","layer_val":"0","parent_id":"0","gjsonid":"17"}},{"geometry":{"type":"Polygon","coordinates":[[[121.8778,6.0008],[121.8742,6.0258],[121.8904,6.0290],[121.8910,6.0322],[121.8982,6.0292],[121.9495,6.0548],[121.9478,6.0473],[121.9321,6.0333],[121.8778,6.0008]]]},"type":"Feature","id":"d4236f4f4d","properties":{"flclr":"#000000","name":"Tabialan","level_id":"reg","layer_val":"0","parent_id":"0","gjsonid":"17"}},{"geometry":{"type":"Polygon","coordinates":[[[121.7960,6.0603],[121.7910,6.0490],[121.7717,6.0613],[121.7576,6.0781],[121.7610,6.0854],[121.7644,6.0837],[121.7607,6.0884],[121.7647,6.0948],[121.7763,6.0873],[121.7960,6.0603]]]},"type":"Feature","id":"f76e4629df","properties":{"flclr":"#000000","name":"Sigumbal","level_id":"reg","layer_val":"0","parent_id":"0","gjsonid":"17"}},{"geometry":{"type":"Polygon","coordinates":[[[121.8739,6.0255],[121.8778,6.0008],[121.8523,5.9989],[121.8407,6.0085],[121.8402,6.0177],[121.8360,6.0165],[121.8315,6.0215],[121.8198,6.0199],[121.8067,6.0296],[121.8057,6.0404],[121.7932,6.0505],[121.7960,6.0603],[121.8184,6.0395],[121.8418,6.0333],[121.8413,6.0299],[121.8535,6.0248],[121.8544,6.0189],[121.8564,6.0226],[121.8706,6.0184],[121.8700,6.0241],[121.8739,6.0255]]]},"type":"Feature","id":"08f104ad52","properties":{"flclr":"#000000","name":"Luuk (Pob.)","level_id":"reg","layer_val":"0","parent_id":"0","gjsonid":"17"}}]}