{"type":"FeatureCollection","features":[{"geometry":{"type":"Polygon","coordinates":[[[118.1289,9.1486],[118.1219,9.1404],[118.0993,9.1593],[118.0370,9.1843],[118.0645,9.1890],[118.1289,9.1486]]]},"type":"Feature","id":"9142978da7","properties":{"flclr":"#000000","name":"Abo-abo","level_id":"reg","layer_val":"0","parent_id":"0","gjsonid":"5"}},{"geometry":{"type":"Polygon","coordinates":[[[118.7717,9.7408],[118.7683,9.7212],[118.7448,9.7378],[118.7506,9.7418],[118.7717,9.7408]]]},"type":"Feature","id":"d4ff6bf02a","properties":{"flclr":"#000000","name":"Bancao-bancao","level_id":"reg","layer_val":"0","parent_id":"0","gjsonid":"5"}},{"geometry":{"type":"Polygon","coordinates":[[[118.7322,9.7355],[118.7327,9.7383],[118.7344,9.7379],[118.7339,9.7340],[118.7322,9.7355]]]},"type":"Feature","id":"8d64c09d3f","properties":{"flclr":"#000000","name":"Princesa (Pob.)","level_id":"reg","layer_val":"0","parent_id":"0","gjsonid":"5"}},{"geometry":{"type":"Polygon","coordinates":[[[118.7344,9.7379],[118.7327,9.7383],[118.7331,9.7405],[118.7350,9.7404],[118.7344,9.7379]]]},"type":"Feature","id":"76577d583b","properties":{"flclr":"#000000","name":"Magkakaibigan (Pob.)","level_id":"reg","layer_val":"0","parent_id":"0","gjsonid":"5"}},{"geometry":{"type":"Polygon","coordinates":[[[118.7361,9.7374],[118.7344,9.7379],[118.7350,9.7404],[118.7365,9.7404],[118.7361,9.7374]]]},"type":"Feature","id":"118729eb1c","properties":{"flclr":"#000000","name":"Masikap (Pob.)","level_id":"reg","layer_val":"0","parent_id":"0","gjsonid":"5"}},{"geometry":{"type":"Polygon","coordinates":[[[118.7294,9.7414],[118.7269,9.7427],[118.7280,9.7440],[118.7325,9.7442],[118.7294,9.7414]]]},"type":"Feature","id":"429b6f6601","properties":{"flclr":"#000000","name":"Bagong Pag-Asa (Pob.)","level_id":"reg","layer_val":"0","parent_id":"0","gjsonid":"5"}},{"geometry":{"type":"Polygon","coordinates":[[[118.7278,9.7422],[118.7294,9.7414],[118.7299,9.7395],[118.7277,9.7399],[118.7278,9.7422]]]},"type":"Feature","id":"cbecaf6b46","properties":{"flclr":"#000000","name":"Liwanag (Pob.)","level_id":"reg","layer_val":"0","parent_id":"0","gjsonid":"5"}},{"geometry":{"type":"Polygon","coordinates":[[[118.7300,9.7402],[118.7291,9.7423],[118.7313,9.7425],[118.7310,9.7401],[118.7300,9.7402]]]},"type":"Feature","id":"27a1a9a582","properties":{"flclr":"#000000","name":"Matiyaga (Pob.)","level_id":"reg","layer_val":"0","parent_id":"0","gjsonid":"5"}},{"geometry":{"type":"Polygon","coordinates":[[[118.7300,9.7402],[118.7310,9.7401],[118.7309,9.7378],[118.7290,9.7394],[118.7300,9.7402]]]},"type":"Feature","id":"219af08868","properties":{"flclr":"#000000","name":"Mabuhay (Pob.)","level_id":"reg","layer_val":"0","parent_id":"0","gjsonid":"5"}},{"geometry":{"type":"Polygon","coordinates":[[[118.7309,9.7378],[118.7314,9.7362],[118.7307,9.7360],[118.7305,9.7377],[118.7309,9.7378]]]},"type":"Feature","id":"6487295dbe","properties":{"flclr":"#000000","name":"Pagkakaisa (Pob.)","level_id":"reg","layer_val":"0","parent_id":"0","gjsonid":"5"}},{"geometry":{"type":"Polygon","coordinates":[[[118.1346,9.2632],[118.1656,9.2967],[118.1898,9.1750],[118.2032,9.1643],[118.1901,9.1543],[118.1787,9.1522],[118.1667,9.1707],[118.1346,9.2632]]]},"type":"Feature","id":"09df30e2e7","properties":{"flclr":"#000000","name":"Aramaywan","level_id":"reg","layer_val":"0","parent_id":"0","gjsonid":"5"}},{"geometry":{"type":"Polygon","coordinates":[[[118.7340,9.7300],[118.7330,9.7300],[118.7317,9.7321],[118.7307,9.7360],[118.7340,9.7300]]]},"type":"Feature","id":"d6f85bcdde","properties":{"flclr":"#000000","name":"Bagong Silang (Pob.)","level_id":"reg","layer_val":"0","parent_id":"0","gjsonid":"5"}},{"geometry":{"type":"Polygon","coordinates":[[[118.7374,9.7299],[118.7336,9.7303],[118.7344,9.7379],[118.7367,9.7373],[118.7374,9.7299]]]},"type":"Feature","id":"654acc9c2f","properties":{"flclr":"#000000","name":"Masipag (Pob.)","level_id":"reg","layer_val":"0","parent_id":"0","gjsonid":"5"}},{"geometry":{"type":"Polygon","coordinates":[[[118.7403,9.7291],[118.7374,9.7299],[118.7367,9.7373],[118.7435,9.7338],[118.7403,9.7291]]]},"type":"Feature","id":"3ea3ff4805","properties":{"flclr":"#000000","name":"Maunlad (Pob.)","level_id":"reg","layer_val":"0","parent_id":"0","gjsonid":"5"}},{"geometry":{"type":"Polygon","coordinates":[[[118.7544,9.7273],[118.7414,9.7283],[118.7402,9.7318],[118.7516,9.7344],[118.7544,9.7273]]]},"type":"Feature","id":"19cc7fce07","properties":{"flclr":"#000000","name":"Bagong Sikat (Pob.)","level_id":"reg","layer_val":"0","parent_id":"0","gjsonid":"5"}},{"geometry":{"type":"Polygon","coordinates":[[[118.1656,9.2967],[118.1346,9.2632],[118.0734,9.3124],[118.0868,9.3161],[118.0876,9.3337],[118.0990,9.3377],[118.1056,9.3272],[118.1269,9.3430],[118.1220,9.3604],[118.1447,9.3630],[118.1855,9.3066],[118.1656,9.2967]]]},"type":"Feature","id":"15f9fe39e0","properties":{"flclr":"#000000","name":"Isugod","level_id":"reg","layer_val":"0","parent_id":"0","gjsonid":"5"}},{"geometry":{"type":"Polygon","coordinates":[[[118.1114,9.2825],[118.1346,9.2632],[118.1204,9.2518],[118.1155,9.2071],[118.0814,9.2090],[118.0791,9.2448],[118.0935,9.2494],[118.1114,9.2825]]]},"type":"Feature","id":"c4a619f45e","properties":{"flclr":"#000000","name":"Calatagbak","level_id":"reg","layer_val":"0","parent_id":"0","gjsonid":"5"}},{"geometry":{"type":"Polygon","coordinates":[[[118.7724,9.7502],[118.7717,9.7408],[118.7383,9.7431],[118.7477,9.7520],[118.7724,9.7502]]]},"type":"Feature","id":"bb6522e5e4","properties":{"flclr":"#000000","name":"San Miguel","level_id":"reg","layer_val":"0","parent_id":"0","gjsonid":"5"}},{"geometry":{"type":"Polygon","coordinates":[[[118.7426,9.7401],[118.7450,9.7400],[118.7435,9.7338],[118.7402,9.7366],[118.7426,9.7401]]]},"type":"Feature","id":"b8acad6700","properties":{"flclr":"#000000","name":"Tanglaw (Pob.)","level_id":"reg","layer_val":"0","parent_id":"0","gjsonid":"5"}},{"geometry":{"type":"Polygon","coordinates":[[[118.7461,9.7505],[118.7411,9.7455],[118.7351,9.7487],[118.7401,9.7535],[118.7461,9.7505]]]},"type":"Feature","id":"c9d148ba16","properties":{"flclr":"#000000","name":"Mandaragat","level_id":"reg","layer_val":"0","parent_id":"0","gjsonid":"5"}},{"geometry":{"type":"Polygon","coordinates":[[[118.3296,9.1749],[118.3150,9.1790],[118.3096,9.1913],[118.3106,9.2088],[118.3268,9.2193],[118.3296,9.1749]]]},"type":"Feature","id":"4a241ddffe","properties":{"flclr":"#000000","name":"Teresa","level_id":"reg","layer_val":"0","parent_id":"0","gjsonid":"5"}},{"geometry":{"type":"Polygon","coordinates":[[[118.7722,9.7654],[118.7724,9.7502],[118.7375,9.7512],[118.7330,9.7617],[118.7393,9.7691],[118.7722,9.7654]]]},"type":"Feature","id":"77b9cd78f6","properties":{"flclr":"#000000","name":"San Pedro","level_id":"reg","layer_val":"0","parent_id":"0","gjsonid":"5"}},{"geometry":{"type":"Polygon","coordinates":[[[118.7727,9.7911],[118.7722,9.7654],[118.7473,9.7646],[118.7483,9.7824],[118.7727,9.7911]]]},"type":"Feature","id":"d6b6acb9f5","properties":{"flclr":"#000000","name":"San Manuel","level_id":"reg","layer_val":"0","parent_id":"0","gjsonid":"5"}},{"geometry":{"type":"Polygon","coordinates":[[[118.7658,9.8140],[118.7734,9.7916],[118.7618,9.7816],[118.7421,9.7818],[118.7410,9.8062],[118.7533,9.8040],[118.7658,9.8140]]]},"type":"Feature","id":"d8786d12a2","properties":{"flclr":"#000000","name":"San Jose","level_id":"reg","layer_val":"0","parent_id":"0","gjsonid":"5"}},{"geometry":{"type":"Polygon","coordinates":[[[118.4751,9.3044],[118.4524,9.2917],[118.3929,9.3461],[118.3543,9.4168],[118.3786,9.4260],[118.4044,9.3849],[118.3994,9.3578],[118.4238,9.3514],[118.4457,9.3195],[118.4751,9.3044]]]},"type":"Feature","id":"d4d87921bd","properties":{"flclr":"#000000","name":"Taritien","level_id":"reg","layer_val":"0","parent_id":"0","gjsonid":"5"}},{"geometry":{"type":"Polygon","coordinates":[[[118.7421,9.7818],[118.7482,9.7808],[118.7473,9.7638],[118.7353,9.7662],[118.7310,9.7771],[118.7254,9.7666],[118.7243,9.7832],[118.7421,9.7818]]]},"type":"Feature","id":"7f94726b34","properties":{"flclr":"#000000","name":"Tiniguiban","level_id":"reg","layer_val":"0","parent_id":"0","gjsonid":"5"}},{"geometry":{"type":"Polygon","coordinates":[[[118.7085,9.8274],[118.7081,9.7952],[118.6925,9.7699],[118.6739,9.7769],[118.6738,9.7921],[118.6520,9.8092],[118.6361,9.8113],[118.6734,9.8709],[118.7085,9.8274]]]},"type":"Feature","id":"3a2c797ba5","properties":{"flclr":"#000000","name":"Irawan","level_id":"reg","layer_val":"0","parent_id":"0","gjsonid":"5"}},{"geometry":{"type":"Polygon","coordinates":[[[118.6981,9.7833],[118.7081,9.7952],[118.7085,9.8274],[118.7243,9.8241],[118.7279,9.7962],[118.7155,9.7713],[118.7085,9.7793],[118.7001,9.7733],[118.6981,9.7833]]]},"type":"Feature","id":"0e51b8926b","properties":{"flclr":"#000000","name":"Sicsican","level_id":"reg","layer_val":"0","parent_id":"0","gjsonid":"5"}},{"geometry":{"type":"Polygon","coordinates":[[[118.3274,9.2183],[118.3087,9.2330],[118.3020,9.2566],[118.2855,9.2738],[118.2554,9.3469],[118.2976,9.3540],[118.3530,9.2351],[118.3274,9.2183]]]},"type":"Feature","id":"fcd507a469","properties":{"flclr":"#000000","name":"Princess Urduja","level_id":"reg","layer_val":"0","parent_id":"0","gjsonid":"5"}},{"geometry":{"type":"Polygon","coordinates":[[[118.5527,9.6409],[118.6304,9.6644],[118.7048,9.6121],[118.6746,9.5621],[118.6467,9.5628],[118.5959,9.5108],[118.5433,9.5699],[118.5527,9.6409]]]},"type":"Feature","id":"33b7b6510b","properties":{"flclr":"#000000","name":"Inagawan Sub-Colony","level_id":"reg","layer_val":"0","parent_id":"0","gjsonid":"5"}},{"geometry":{"type":"Polygon","coordinates":[[[118.3344,9.3643],[118.3275,9.4066],[118.4172,9.3140],[118.3937,9.2985],[118.4149,9.2736],[118.3983,9.2610],[118.3929,9.2586],[118.3766,9.2832],[118.3705,9.3096],[118.3344,9.3643]]]},"type":"Feature","id":"0f8ebdf0c0","properties":{"flclr":"#000000","name":"Narra (Pob.)","level_id":"reg","layer_val":"0","parent_id":"0","gjsonid":"5"}},{"geometry":{"type":"Polygon","coordinates":[[[118.7279,9.7962],[118.7240,9.8112],[118.7251,9.8229],[118.7423,9.8065],[118.7421,9.7818],[118.7209,9.7821],[118.7279,9.7962]]]},"type":"Feature","id":"14824fda37","properties":{"flclr":"#000000","name":"Santa Monica","level_id":"reg","layer_val":"0","parent_id":"0","gjsonid":"5"}},{"geometry":{"type":"Polygon","coordinates":[[[118.7359,9.7443],[118.7382,9.7468],[118.7411,9.7455],[118.7367,9.7424],[118.7359,9.7443]]]},"type":"Feature","id":"b781763645","properties":{"flclr":"#000000","name":"Matahimik (Pob.)","level_id":"reg","layer_val":"0","parent_id":"0","gjsonid":"5"}},{"geometry":{"type":"Polygon","coordinates":[[[118.7516,9.7344],[118.7476,9.7339],[118.7436,9.7358],[118.7532,9.7378],[118.7516,9.7344]]]},"type":"Feature","id":"286740b660","properties":{"flclr":"#000000","name":"Milagrosa (Pob.)","level_id":"reg","layer_val":"0","parent_id":"0","gjsonid":"5"}},{"geometry":{"type":"Polygon","coordinates":[[[118.7381,9.7431],[118.7402,9.7426],[118.7402,9.7366],[118.7372,9.7373],[118.7381,9.7431]]]},"type":"Feature","id":"2379facf08","properties":{"flclr":"#000000","name":"Manggahan (Pob.)","level_id":"reg","layer_val":"0","parent_id":"0","gjsonid":"5"}},{"geometry":{"type":"Polygon","coordinates":[[[118.7322,9.7355],[118.7315,9.7356],[118.7307,9.7386],[118.7326,9.7372],[118.7322,9.7355]]]},"type":"Feature","id":"7dbe4df01f","properties":{"flclr":"#000000","name":"Masigla (Pob.)","level_id":"reg","layer_val":"0","parent_id":"0","gjsonid":"5"}},{"geometry":{"type":"Polygon","coordinates":[[[118.4026,9.2440],[118.3636,9.2291],[118.3530,9.2351],[118.2976,9.3540],[118.3344,9.3643],[118.4026,9.2440]]]},"type":"Feature","id":"4983babe86","properties":{"flclr":"#000000","name":"Malinao","level_id":"reg","layer_val":"0","parent_id":"0","gjsonid":"5"}},{"geometry":{"type":"Polygon","coordinates":[[[118.7325,9.7442],[118.7342,9.7443],[118.7340,9.7424],[118.7321,9.7425],[118.7325,9.7442]]]},"type":"Feature","id":"5b2eae62c9","properties":{"flclr":"#000000","name":"Seaside (Pob.)","level_id":"reg","layer_val":"0","parent_id":"0","gjsonid":"5"}},{"geometry":{"type":"Polygon","coordinates":[[[118.7327,9.7383],[118.7307,9.7385],[118.7310,9.7401],[118.7329,9.7399],[118.7327,9.7383]]]},"type":"Feature","id":"ed1b05cb06","properties":{"flclr":"#000000","name":"Kalipay (Pob.)","level_id":"reg","layer_val":"0","parent_id":"0","gjsonid":"5"}},{"geometry":{"type":"Polygon","coordinates":[[[118.7333,9.7425],[118.7359,9.7443],[118.7365,9.7404],[118.7331,9.7405],[118.7333,9.7425]]]},"type":"Feature","id":"4870964498","properties":{"flclr":"#000000","name":"Tagumpay (Pob.)","level_id":"reg","layer_val":"0","parent_id":"0","gjsonid":"5"}},{"geometry":{"type":"Polygon","coordinates":[[[118.7365,9.7404],[118.7381,9.7431],[118.7372,9.7373],[118.7361,9.7374],[118.7365,9.7404]]]},"type":"Feature","id":"cb3fe5836c","properties":{"flclr":"#000000","name":"Model (Pob.)","level_id":"reg","layer_val":"0","parent_id":"0","gjsonid":"5"}},{"geometry":{"type":"Polygon","coordinates":[[[118.7426,9.7401],[118.7404,9.7376],[118.7402,9.7426],[118.7418,9.7425],[118.7426,9.7401]]]},"type":"Feature","id":"844a475b75","properties":{"flclr":"#000000","name":"Maningning (Pob.)","level_id":"reg","layer_val":"0","parent_id":"0","gjsonid":"5"}},{"geometry":{"type":"Polygon","coordinates":[[[118.6278,9.7707],[118.6361,9.8113],[118.6511,9.8097],[118.6738,9.7921],[118.6739,9.7769],[118.6914,9.7702],[118.6989,9.7325],[118.6842,9.7333],[118.6562,9.7079],[118.6583,9.7197],[118.6278,9.7707]]]},"type":"Feature","id":"5def322c60","properties":{"flclr":"#000000","name":"Iwahig (Pob.)","level_id":"reg","layer_val":"0","parent_id":"0","gjsonid":"5"}},{"geometry":{"type":"Polygon","coordinates":[[[118.7313,9.7425],[118.7333,9.7425],[118.7329,9.7399],[118.7310,9.7401],[118.7313,9.7425]]]},"type":"Feature","id":"e9efc0687b","properties":{"flclr":"#000000","name":"Maligaya (Pob.)","level_id":"reg","layer_val":"0","parent_id":"0","gjsonid":"5"}},{"geometry":{"type":"Polygon","coordinates":[[[118.6304,9.6644],[118.6562,9.7079],[118.6842,9.7333],[118.6989,9.7325],[118.6992,9.7091],[118.7290,9.7085],[118.7003,9.6773],[118.7109,9.6419],[118.7049,9.6128],[118.6304,9.6644]]]},"type":"Feature","id":"ceb6122f96","properties":{"flclr":"#000000","name":"Santa Lucia (Pob.)","level_id":"reg","layer_val":"0","parent_id":"0","gjsonid":"5"}},{"geometry":{"type":"Polygon","coordinates":[[[118.4965,9.3102],[118.4866,9.2938],[118.4351,9.3337],[118.4462,9.3442],[118.4643,9.3285],[118.4834,9.3274],[118.4965,9.3102]]]},"type":"Feature","id":"e321f5b000","properties":{"flclr":"#000000","name":"Malatgao","level_id":"reg","layer_val":"0","parent_id":"0","gjsonid":"5"}},{"geometry":{"type":"Polygon","coordinates":[[[118.4462,9.3442],[118.4627,9.3663],[118.4844,9.3477],[118.4630,9.3293],[118.4462,9.3442]]]},"type":"Feature","id":"ea87e08651","properties":{"flclr":"#000000","name":"Sandoval","level_id":"reg","layer_val":"0","parent_id":"0","gjsonid":"5"}},{"geometry":{"type":"Polygon","coordinates":[[[118.6499,9.5336],[118.6325,9.5328],[118.6259,9.5405],[118.6581,9.5658],[118.6557,9.5527],[118.6496,9.5558],[118.6499,9.5336]]]},"type":"Feature","id":"d2334bbd13","properties":{"flclr":"#000000","name":"Inagawan","level_id":"reg","layer_val":"0","parent_id":"0","gjsonid":"5"}},{"geometry":{"type":"Polygon","coordinates":[[[118.4455,9.3492],[118.4389,9.3385],[118.3994,9.3578],[118.4044,9.3849],[118.3786,9.4260],[118.4010,9.4346],[118.4105,9.4101],[118.4405,9.3848],[118.4455,9.3492]]]},"type":"Feature","id":"393e482ed4","properties":{"flclr":"#000000","name":"Estrella Village","level_id":"reg","layer_val":"0","parent_id":"0","gjsonid":"5"}},{"geometry":{"type":"Polygon","coordinates":[[[118.6259,9.5405],[118.6325,9.5328],[118.6499,9.5336],[118.6371,9.5044],[118.6227,9.5074],[118.6214,9.4906],[118.5959,9.5108],[118.6259,9.5405]]]},"type":"Feature","id":"7b650ebbf5","properties":{"flclr":"#000000","name":"Kamuning","level_id":"reg","layer_val":"0","parent_id":"0","gjsonid":"5"}},{"geometry":{"type":"Polygon","coordinates":[[[118.5008,9.3229],[118.4965,9.3102],[118.4834,9.3274],[118.4630,9.3293],[118.4787,9.3402],[118.5008,9.3229]]]},"type":"Feature","id":"8c456a6606","properties":{"flclr":"#000000","name":"Tinagong Dagat","level_id":"reg","layer_val":"0","parent_id":"0","gjsonid":"5"}},{"geometry":{"type":"Polygon","coordinates":[[[118.3225,9.4047],[118.3344,9.3643],[118.2554,9.3469],[118.1845,9.4099],[118.1905,9.4422],[118.1932,9.4422],[118.1944,9.4434],[118.1952,9.4454],[118.1948,9.4471],[118.1960,9.4486],[118.2065,9.4403],[118.1971,9.4505],[118.1949,9.4483],[118.1946,9.4473],[118.1949,9.4452],[118.1933,9.4430],[118.1975,9.4715],[118.2720,9.5210],[118.2871,9.5393],[118.2850,9.5496],[118.3225,9.4047]]]},"type":"Feature","id":"2d6f44ac9e","properties":{"flclr":"#000000","name":"Berong","level_id":"reg","layer_val":"0","parent_id":"0","gjsonid":"5"}},{"geometry":{"type":"Polygon","coordinates":[[[118.2002,9.3133],[118.1855,9.3066],[118.1447,9.3630],[118.1187,9.3634],[118.1269,9.3977],[118.1454,9.3952],[118.1877,9.4088],[118.2554,9.3469],[118.2002,9.3133]]]},"type":"Feature","id":"13edc9a67a","properties":{"flclr":"#000000","name":"Aramaywan","level_id":"reg","layer_val":"0","parent_id":"0","gjsonid":"5"}},{"geometry":{"type":"Polygon","coordinates":[[[118.1855,9.3066],[118.2002,9.3133],[118.2536,9.1875],[118.2566,9.1700],[118.2228,9.1571],[118.2137,9.1701],[118.2038,9.1640],[118.1898,9.1750],[118.1656,9.2967],[118.1855,9.3066]]]},"type":"Feature","id":"93440f482a","properties":{"flclr":"#000000","name":"Calategas","level_id":"reg","layer_val":"0","parent_id":"0","gjsonid":"5"}},{"geometry":{"type":"Polygon","coordinates":[[[118.3274,9.2183],[118.3428,9.2281],[118.3598,9.1912],[118.3297,9.1747],[118.3274,9.2183]]]},"type":"Feature","id":"6a2db2bbc4","properties":{"flclr":"#000000","name":"Batang-batang","level_id":"reg","layer_val":"0","parent_id":"0","gjsonid":"5"}},{"geometry":{"type":"Polygon","coordinates":[[[118.4451,9.3001],[118.4524,9.2917],[118.4438,9.2776],[118.4321,9.2799],[118.4235,9.2653],[118.3937,9.2985],[118.4172,9.3140],[118.4168,9.3056],[118.4320,9.3047],[118.4360,9.2946],[118.4451,9.3001]]]},"type":"Feature","id":"d61353d452","properties":{"flclr":"#000000","name":"Antipuluan","level_id":"reg","layer_val":"0","parent_id":"0","gjsonid":"5"}},{"geometry":{"type":"Polygon","coordinates":[[[118.3530,9.2351],[118.3636,9.2291],[118.3946,9.2409],[118.3882,9.2242],[118.3623,9.2088],[118.3580,9.1940],[118.3421,9.2313],[118.3530,9.2351]]]},"type":"Feature","id":"1a46af4e88","properties":{"flclr":"#000000","name":"Caguisan","level_id":"reg","layer_val":"0","parent_id":"0","gjsonid":"5"}},{"geometry":{"type":"Polygon","coordinates":[[[118.1751,9.1553],[118.1559,9.1476],[118.1548,9.1659],[118.1155,9.2071],[118.1204,9.2518],[118.1346,9.2632],[118.1751,9.1553]]]},"type":"Feature","id":"4d1bb411be","properties":{"flclr":"#000000","name":"Tacras","level_id":"reg","layer_val":"0","parent_id":"0","gjsonid":"5"}},{"geometry":{"type":"Polygon","coordinates":[[[118.1530,9.1425],[118.1479,9.1354],[118.0645,9.1890],[118.0814,9.2090],[118.1530,9.1425]]]},"type":"Feature","id":"a093e3f481","properties":{"flclr":"#000000","name":"Ipilan","level_id":"reg","layer_val":"0","parent_id":"0","gjsonid":"5"}},{"geometry":{"type":"Polygon","coordinates":[[[118.1559,9.1476],[118.1530,9.1425],[118.1366,9.1506],[118.0814,9.2090],[118.1155,9.2071],[118.1548,9.1659],[118.1559,9.1476]]]},"type":"Feature","id":"5593ce29bd","properties":{"flclr":"#000000","name":"Burirao","level_id":"reg","layer_val":"0","parent_id":"0","gjsonid":"5"}},{"geometry":{"type":"Polygon","coordinates":[[[118.4149,9.2736],[118.4230,9.2653],[118.4208,9.2457],[118.4056,9.2534],[118.4036,9.2649],[118.4149,9.2736]]]},"type":"Feature","id":"904badf0b8","properties":{"flclr":"#000000","name":"Panacan 2","level_id":"reg","layer_val":"0","parent_id":"0","gjsonid":"5"}},{"geometry":{"type":"Polygon","coordinates":[[[118.4036,9.2649],[118.4059,9.2529],[118.4214,9.2445],[118.4026,9.2440],[118.3929,9.2586],[118.4036,9.2649]]]},"type":"Feature","id":"d2543d5805","properties":{"flclr":"#000000","name":"Panacan","level_id":"reg","layer_val":"0","parent_id":"0","gjsonid":"5"}},{"geometry":{"type":"Polygon","coordinates":[[[118.5352,9.4535],[118.5206,9.4727],[118.5284,9.4845],[118.4785,9.5301],[118.4955,9.5459],[118.5250,9.5032],[118.5488,9.4915],[118.5696,9.4945],[118.5818,9.4842],[118.5763,9.4632],[118.5665,9.4606],[118.5717,9.4529],[118.5486,9.4460],[118.5352,9.4535]]]},"type":"Feature","id":"8d916c0b16","properties":{"flclr":"#000000","name":"Iraan","level_id":"reg","layer_val":"0","parent_id":"0","gjsonid":"5"}},{"geometry":{"type":"Polygon","coordinates":[[[118.5352,9.4535],[118.5478,9.4466],[118.5478,9.4365],[118.5311,9.4412],[118.5352,9.4535]]]},"type":"Feature","id":"58984a2fe9","properties":{"flclr":"#000000","name":"Mabini","level_id":"reg","layer_val":"0","parent_id":"0","gjsonid":"5"}},{"geometry":{"type":"Polygon","coordinates":[[[118.4815,9.3503],[118.4938,9.3650],[118.5022,9.3606],[118.5110,9.3533],[118.5126,9.3312],[118.5008,9.3229],[118.4787,9.3402],[118.4815,9.3503]]]},"type":"Feature","id":"9f1208bb09","properties":{"flclr":"#000000","name":"Apo-Aporawan","level_id":"reg","layer_val":"0","parent_id":"0","gjsonid":"5"}},{"geometry":{"type":"Polygon","coordinates":[[[118.4010,9.4346],[118.3225,9.4047],[118.2865,9.5499],[118.3084,9.5729],[118.3213,9.5788],[118.4377,9.4650],[118.4229,9.4429],[118.4010,9.4346]]]},"type":"Feature","id":"2be2c13546","properties":{"flclr":"#000000","name":"Culandanum","level_id":"reg","layer_val":"0","parent_id":"0","gjsonid":"5"}},{"geometry":{"type":"Polygon","coordinates":[[[118.3275,9.4066],[118.3543,9.4168],[118.3929,9.3461],[118.4451,9.3001],[118.4363,9.2945],[118.4320,9.3047],[118.4168,9.3056],[118.4172,9.3140],[118.3275,9.4066]]]},"type":"Feature","id":"f0193dd90a","properties":{"flclr":"#000000","name":"Elvita","level_id":"reg","layer_val":"0","parent_id":"0","gjsonid":"5"}},{"geometry":{"type":"Polygon","coordinates":[[[118.5342,9.4562],[118.4979,9.4683],[118.4619,9.4994],[118.4784,9.5305],[118.5284,9.4845],[118.5206,9.4727],[118.5342,9.4562]]]},"type":"Feature","id":"14efb447a5","properties":{"flclr":"#000000","name":"Barake","level_id":"reg","layer_val":"0","parent_id":"0","gjsonid":"5"}},{"geometry":{"type":"Polygon","coordinates":[[[118.5050,9.4665],[118.5342,9.4562],[118.5304,9.4445],[118.4999,9.4519],[118.4914,9.4444],[118.5050,9.4665]]]},"type":"Feature","id":"c52cd80d53","properties":{"flclr":"#000000","name":"Magbabadil","level_id":"reg","layer_val":"0","parent_id":"0","gjsonid":"5"}},{"geometry":{"type":"Polygon","coordinates":[[[118.5304,9.4445],[118.5478,9.4365],[118.5401,9.4206],[118.5130,9.4453],[118.5304,9.4445]]]},"type":"Feature","id":"9e40b13247","properties":{"flclr":"#000000","name":"Gogognan","level_id":"reg","layer_val":"0","parent_id":"0","gjsonid":"5"}},{"geometry":{"type":"Polygon","coordinates":[[[118.5625,9.4247],[118.5552,9.4147],[118.5410,9.4215],[118.5454,9.4308],[118.5625,9.4247]]]},"type":"Feature","id":"43098f85b8","properties":{"flclr":"#000000","name":"Tagpait","level_id":"reg","layer_val":"0","parent_id":"0","gjsonid":"5"}},{"geometry":{"type":"Polygon","coordinates":[[[118.4319,9.3964],[118.4567,9.3813],[118.4627,9.3663],[118.4455,9.3492],[118.4319,9.3964]]]},"type":"Feature","id":"cfd5670218","properties":{"flclr":"#000000","name":"Bagong Sikat","level_id":"reg","layer_val":"0","parent_id":"0","gjsonid":"5"}},{"geometry":{"type":"Polygon","coordinates":[[[118.4627,9.3663],[118.4567,9.3813],[118.4319,9.3964],[118.4505,9.4183],[118.4662,9.3915],[118.4867,9.3819],[118.4627,9.3663]]]},"type":"Feature","id":"87d183e3ce","properties":{"flclr":"#000000","name":"Jose Rizal","level_id":"reg","layer_val":"0","parent_id":"0","gjsonid":"5"}},{"geometry":{"type":"Polygon","coordinates":[[[118.5022,9.3606],[118.4938,9.3650],[118.4815,9.3503],[118.4627,9.3663],[118.4874,9.3787],[118.4879,9.3914],[118.4763,9.4014],[118.4917,9.4217],[118.5218,9.3855],[118.5022,9.3606]]]},"type":"Feature","id":"3d6a79bbce","properties":{"flclr":"#000000","name":"Plaridel","level_id":"reg","layer_val":"0","parent_id":"0","gjsonid":"5"}},{"geometry":{"type":"Polygon","coordinates":[[[118.5898,9.4592],[118.5861,9.4419],[118.5774,9.4448],[118.5625,9.4247],[118.5557,9.4277],[118.5486,9.4402],[118.5532,9.4505],[118.5717,9.4529],[118.5665,9.4606],[118.5785,9.4707],[118.5898,9.4592]]]},"type":"Feature","id":"ca90295c8b","properties":{"flclr":"#000000","name":"San Juan","level_id":"reg","layer_val":"0","parent_id":"0","gjsonid":"5"}},{"geometry":{"type":"Polygon","coordinates":[[[118.5915,9.5163],[118.6214,9.4906],[118.6110,9.4855],[118.6029,9.4635],[118.5898,9.4592],[118.5785,9.4707],[118.5818,9.4842],[118.5679,9.4968],[118.5703,9.5086],[118.5915,9.5163]]]},"type":"Feature","id":"15d2ddbf9c","properties":{"flclr":"#000000","name":"Isaub","level_id":"reg","layer_val":"0","parent_id":"0","gjsonid":"5"}},{"geometry":{"type":"Polygon","coordinates":[[[118.4955,9.5459],[118.4377,9.4650],[118.3213,9.5788],[118.3423,9.6152],[118.3305,9.6308],[118.3356,9.6416],[118.3550,9.6574],[118.3787,9.6466],[118.3908,9.6625],[118.4101,9.6664],[118.4091,9.6810],[118.5330,9.5795],[118.4955,9.5459]]]},"type":"Feature","id":"14c3fef91f","properties":{"flclr":"#000000","name":"Aporawan","level_id":"reg","layer_val":"0","parent_id":"0","gjsonid":"5"}},{"geometry":{"type":"Polygon","coordinates":[[[118.5478,9.4365],[118.5478,9.4466],[118.5517,9.4470],[118.5557,9.4277],[118.5414,9.4281],[118.5478,9.4365]]]},"type":"Feature","id":"5777243e99","properties":{"flclr":"#000000","name":"Poblacion","level_id":"reg","layer_val":"0","parent_id":"0","gjsonid":"5"}},{"geometry":{"type":"Polygon","coordinates":[[[118.4914,9.4444],[118.4448,9.4463],[118.4377,9.4650],[118.4619,9.4994],[118.5051,9.4670],[118.4914,9.4444]]]},"type":"Feature","id":"1a50efdcfa","properties":{"flclr":"#000000","name":"Cabigaan","level_id":"reg","layer_val":"0","parent_id":"0","gjsonid":"5"}},{"geometry":{"type":"Polygon","coordinates":[[[118.4664,9.4431],[118.5042,9.4514],[118.5287,9.4262],[118.5552,9.4147],[118.5306,9.3795],[118.4917,9.4217],[118.4774,9.4118],[118.4639,9.4313],[118.4664,9.4431]]]},"type":"Feature","id":"72842428e8","properties":{"flclr":"#000000","name":"Ramon Magsaysay","level_id":"reg","layer_val":"0","parent_id":"0","gjsonid":"5"}},{"geometry":{"type":"Polygon","coordinates":[[[118.5218,9.3855],[118.5306,9.3795],[118.5340,9.3854],[118.5362,9.3705],[118.5444,9.3701],[118.5384,9.3564],[118.5272,9.3580],[118.5132,9.3303],[118.5110,9.3533],[118.5022,9.3606],[118.5218,9.3855]]]},"type":"Feature","id":"25e12b9310","properties":{"flclr":"#000000","name":"Tigman","level_id":"reg","layer_val":"0","parent_id":"0","gjsonid":"5"}},{"geometry":{"type":"Polygon","coordinates":[[[118.4229,9.4429],[118.4232,9.4332],[118.4505,9.4183],[118.4309,9.3892],[118.4105,9.4101],[118.4010,9.4346],[118.4229,9.4429]]]},"type":"Feature","id":"8c201ed496","properties":{"flclr":"#000000","name":"Dumague\u00f1a","level_id":"reg","layer_val":"0","parent_id":"0","gjsonid":"5"}},{"geometry":{"type":"Polygon","coordinates":[[[118.4505,9.4183],[118.4219,9.4346],[118.4377,9.4650],[118.4448,9.4463],[118.4664,9.4431],[118.4639,9.4313],[118.4817,9.4071],[118.4763,9.4014],[118.4879,9.3914],[118.4874,9.3787],[118.4811,9.3900],[118.4662,9.3915],[118.4505,9.4183]]]},"type":"Feature","id":"827f783f52","properties":{"flclr":"#000000","name":"Apoc-apoc","level_id":"reg","layer_val":"0","parent_id":"0","gjsonid":"5"}},{"geometry":{"type":"Polygon","coordinates":[[[118.2566,9.1700],[118.2487,9.2073],[118.2002,9.3133],[118.2554,9.3469],[118.2855,9.2738],[118.3020,9.2566],[118.3087,9.2330],[118.3268,9.2193],[118.3106,9.2088],[118.3164,9.1810],[118.2971,9.1833],[118.2566,9.1700]]]},"type":"Feature","id":"136f2d6d93","properties":{"flclr":"#000000","name":"Bato-bato","level_id":"reg","layer_val":"0","parent_id":"0","gjsonid":"5"}},{"geometry":{"type":"Polygon","coordinates":[[[118.6194,9.4357],[118.6113,9.4314],[118.6093,9.4491],[118.6293,9.4619],[118.6306,9.4450],[118.6194,9.4357]]]},"type":"Feature","id":"11fa0f496c","properties":{"flclr":"#000000","name":"San Juan","level_id":"reg","layer_val":"0","parent_id":"0","gjsonid":"5"}},{"geometry":{"type":"Polygon","coordinates":[[[118.4955,9.5459],[118.5330,9.5795],[118.5915,9.5163],[118.5703,9.5086],[118.5696,9.4945],[118.5488,9.4915],[118.5250,9.5032],[118.4955,9.5459]]]},"type":"Feature","id":"fdf626195d","properties":{"flclr":"#000000","name":"Sagpangan","level_id":"reg","layer_val":"0","parent_id":"0","gjsonid":"5"}},{"geometry":{"type":"Polygon","coordinates":[[[118.7341,9.6817],[118.7601,9.6890],[118.7601,9.6663],[118.7321,9.6524],[118.7236,9.6680],[118.7341,9.6817]]]},"type":"Feature","id":"e3388d89bf","properties":{"flclr":"#000000","name":"Barangay ng mga Mangingisda","level_id":"reg","layer_val":"0","parent_id":"0","gjsonid":"5"}},{"geometry":{"type":"Polygon","coordinates":[[[118.7049,9.6128],[118.7109,9.6419],[118.7003,9.6773],[118.7206,9.6844],[118.7310,9.7001],[118.7384,9.6954],[118.7188,9.6525],[118.7360,9.6500],[118.7342,9.6430],[118.7049,9.6128]]]},"type":"Feature","id":"05e21936be","properties":{"flclr":"#000000","name":"Luzviminda","level_id":"reg","layer_val":"0","parent_id":"0","gjsonid":"5"}},{"geometry":{"type":"Polygon","coordinates":[[[118.2473,8.8912],[118.2502,8.8902],[118.2564,8.8856],[118.2501,8.8873],[118.2473,8.8912]]]},"type":"Feature","id":"0a065fad99","properties":{"flclr":"#000000","name":"Pulot Shore (Pulot I)","level_id":"reg","layer_val":"0","parent_id":"0","gjsonid":"5"}},{"geometry":{"type":"Polygon","coordinates":[[[118.1337,9.0683],[118.1387,9.0705],[118.1436,9.0664],[118.1363,9.0622],[118.1337,9.0683]]]},"type":"Feature","id":"2599d475bc","properties":{"flclr":"#000000","name":"Panitian","level_id":"reg","layer_val":"0","parent_id":"0","gjsonid":"5"}},{"geometry":{"type":"Polygon","coordinates":[[[118.1224,9.0952],[118.1265,9.0970],[118.1307,9.0932],[118.1261,9.0890],[118.1224,9.0952]]]},"type":"Feature","id":"b19db870fc","properties":{"flclr":"#000000","name":"Panitian","level_id":"reg","layer_val":"0","parent_id":"0","gjsonid":"5"}},{"geometry":{"type":"Polygon","coordinates":[[[118.1548,9.0887],[118.1604,9.0879],[118.1596,9.0832],[118.1571,9.0846],[118.1548,9.0887]]]},"type":"Feature","id":"d0127d745f","properties":{"flclr":"#000000","name":"Panitian","level_id":"reg","layer_val":"0","parent_id":"0","gjsonid":"5"}},{"geometry":{"type":"Polygon","coordinates":[[[118.1309,9.1029],[118.1345,9.1020],[118.1345,9.0997],[118.1325,9.0998],[118.1309,9.1029]]]},"type":"Feature","id":"7c6c9d72d7","properties":{"flclr":"#000000","name":"Panitian","level_id":"reg","layer_val":"0","parent_id":"0","gjsonid":"5"}},{"geometry":{"type":"Polygon","coordinates":[[[118.5626,9.6844],[118.5433,9.5699],[118.4081,9.6859],[118.4383,9.7211],[118.4864,9.7414],[118.5626,9.6844]]]},"type":"Feature","id":"87312c4464","properties":{"flclr":"#000000","name":"Napsan","level_id":"reg","layer_val":"0","parent_id":"0","gjsonid":"5"}},{"geometry":{"type":"Polygon","coordinates":[[[118.5527,9.6409],[118.5929,9.7553],[118.6278,9.7707],[118.6583,9.7197],[118.6562,9.7079],[118.6304,9.6644],[118.5527,9.6409]]]},"type":"Feature","id":"f100ee7536","properties":{"flclr":"#000000","name":"Montible (Pob.)","level_id":"reg","layer_val":"0","parent_id":"0","gjsonid":"5"}},{"geometry":{"type":"Polygon","coordinates":[[[118.6278,9.7707],[118.5929,9.7553],[118.5280,9.7839],[118.5679,9.8322],[118.5685,9.8457],[118.6361,9.8113],[118.6278,9.7707]]]},"type":"Feature","id":"b07705123e","properties":{"flclr":"#000000","name":"Simpocan","level_id":"reg","layer_val":"0","parent_id":"0","gjsonid":"5"}},{"geometry":{"type":"Polygon","coordinates":[[[118.5929,9.7553],[118.5626,9.6844],[118.4889,9.7413],[118.5281,9.7828],[118.5929,9.7553]]]},"type":"Feature","id":"9bd558dcc4","properties":{"flclr":"#000000","name":"Bagong Bayan","level_id":"reg","layer_val":"0","parent_id":"0","gjsonid":"5"}},{"geometry":{"type":"Polygon","coordinates":[[[118.3792,9.2055],[118.3814,9.2060],[118.3817,9.2020],[118.3802,9.2026],[118.3792,9.2055]]]},"type":"Feature","id":"71c458b90b","properties":{"flclr":"#000000","name":"Caguisan","level_id":"reg","layer_val":"0","parent_id":"0","gjsonid":"5"}},{"geometry":{"type":"Polygon","coordinates":[[[118.3852,9.2211],[118.3865,9.2197],[118.3861,9.2189],[118.3854,9.2197],[118.3852,9.2211]]]},"type":"Feature","id":"8f1b1a298e","properties":{"flclr":"#000000","name":"Caguisan","level_id":"reg","layer_val":"0","parent_id":"0","gjsonid":"5"}},{"geometry":{"type":"Polygon","coordinates":[[[118.1691,9.1334],[118.1717,9.1340],[118.1743,9.1333],[118.1714,9.1296],[118.1691,9.1334]]]},"type":"Feature","id":"399768cf4e","properties":{"flclr":"#000000","name":"Tacras","level_id":"reg","layer_val":"0","parent_id":"0","gjsonid":"5"}},{"geometry":{"type":"Polygon","coordinates":[[[118.4994,9.2495],[118.5005,9.2491],[118.5010,9.2479],[118.5001,9.2480],[118.4994,9.2495]]]},"type":"Feature","id":"375138adb7","properties":{"flclr":"#000000","name":"Antipuluan","level_id":"reg","layer_val":"0","parent_id":"0","gjsonid":"5"}},{"geometry":{"type":"Polygon","coordinates":[[[118.1575,9.1149],[118.1599,9.1139],[118.1599,9.1136],[118.1580,9.1137],[118.1575,9.1149]]]},"type":"Feature","id":"5ba7016cc8","properties":{"flclr":"#000000","name":"Ipilan","level_id":"reg","layer_val":"0","parent_id":"0","gjsonid":"5"}},{"geometry":{"type":"Polygon","coordinates":[[[118.1596,9.1254],[118.1636,9.1261],[118.1650,9.1210],[118.1609,9.1219],[118.1596,9.1254]]]},"type":"Feature","id":"90c4c1607c","properties":{"flclr":"#000000","name":"Ipilan","level_id":"reg","layer_val":"0","parent_id":"0","gjsonid":"5"}},{"geometry":{"type":"Polygon","coordinates":[[[118.6250,9.4817],[118.6295,9.4824],[118.6288,9.4778],[118.6264,9.4780],[118.6250,9.4817]]]},"type":"Feature","id":"7e0d81ec13","properties":{"flclr":"#000000","name":"Isaub","level_id":"reg","layer_val":"0","parent_id":"0","gjsonid":"5"}},{"geometry":{"type":"Polygon","coordinates":[[[118.5630,9.4234],[118.5638,9.4246],[118.5630,9.4225],[118.5630,9.4234]]]},"type":"Feature","id":"d1ded62fa3","properties":{"flclr":"#000000","name":"San Juan","level_id":"reg","layer_val":"0","parent_id":"0","gjsonid":"5"}},{"geometry":{"type":"Polygon","coordinates":[[[118.5635,9.4268],[118.5666,9.4295],[118.5674,9.4292],[118.5674,9.4259],[118.5635,9.4268]]]},"type":"Feature","id":"8bbab83c74","properties":{"flclr":"#000000","name":"San Juan","level_id":"reg","layer_val":"0","parent_id":"0","gjsonid":"5"}},{"geometry":{"type":"Polygon","coordinates":[[[118.6211,9.4851],[118.6240,9.4874],[118.6287,9.4864],[118.6236,9.4809],[118.6211,9.4851]]]},"type":"Feature","id":"c4bf897fea","properties":{"flclr":"#000000","name":"Isaub","level_id":"reg","layer_val":"0","parent_id":"0","gjsonid":"5"}},{"geometry":{"type":"Polygon","coordinates":[[[118.5797,9.3747],[118.5819,9.3768],[118.5848,9.3768],[118.5813,9.3710],[118.5797,9.3747]]]},"type":"Feature","id":"147c933543","properties":{"flclr":"#000000","name":"Poblacion","level_id":"reg","layer_val":"0","parent_id":"0","gjsonid":"5"}}]}