{"type":"FeatureCollection","features":[{"geometry":{"type":"Polygon","coordinates":[[[118.4547,7.0782],[118.4568,7.0820],[118.4606,7.0800],[118.4579,7.0770],[118.4547,7.0782]]]},"type":"Feature","id":"a217a1a408","properties":{"flclr":"#000000","name":"Umus Mataha","level_id":"reg","layer_val":"0","parent_id":"0","gjsonid":"17"}},{"geometry":{"type":"Polygon","coordinates":[[[118.4591,7.0452],[118.4599,7.0448],[118.4595,7.0443],[118.4593,7.0444],[118.4591,7.0452]]]},"type":"Feature","id":"d1ed8b632a","properties":{"flclr":"#000000","name":"Umus Mataha","level_id":"reg","layer_val":"0","parent_id":"0","gjsonid":"17"}},{"geometry":{"type":"Polygon","coordinates":[[[118.4620,7.0792],[118.4623,7.0791],[118.4623,7.0787],[118.4620,7.0792]]]},"type":"Feature","id":"06f6c4c6bd","properties":{"flclr":"#000000","name":"Umus Mataha","level_id":"reg","layer_val":"0","parent_id":"0","gjsonid":"17"}},{"geometry":{"type":"Polygon","coordinates":[[[118.4205,7.1003],[118.4211,7.1009],[118.4232,7.0975],[118.4214,7.0983],[118.4205,7.1003]]]},"type":"Feature","id":"f4f36308f4","properties":{"flclr":"#000000","name":"Umus Mataha","level_id":"reg","layer_val":"0","parent_id":"0","gjsonid":"17"}},{"geometry":{"type":"Polygon","coordinates":[[[118.4211,7.1247],[118.4260,7.1256],[118.4261,7.1226],[118.4239,7.1219],[118.4211,7.1247]]]},"type":"Feature","id":"39f00f4ffe","properties":{"flclr":"#000000","name":"Umus Mataha","level_id":"reg","layer_val":"0","parent_id":"0","gjsonid":"17"}},{"geometry":{"type":"Polygon","coordinates":[[[118.4141,7.1748],[118.4198,7.1794],[118.4233,7.1769],[118.4177,7.1696],[118.4141,7.1748]]]},"type":"Feature","id":"09cfe47eb1","properties":{"flclr":"#000000","name":"Umus Mataha","level_id":"reg","layer_val":"0","parent_id":"0","gjsonid":"17"}},{"geometry":{"type":"Polygon","coordinates":[[[118.4246,7.0979],[118.4253,7.0983],[118.4265,7.0998],[118.4261,7.0986],[118.4246,7.0979]]]},"type":"Feature","id":"6e41d440f3","properties":{"flclr":"#000000","name":"Umus Mataha","level_id":"reg","layer_val":"0","parent_id":"0","gjsonid":"17"}},{"geometry":{"type":"Polygon","coordinates":[[[118.4358,7.0870],[118.4375,7.0884],[118.4403,7.0870],[118.4398,7.0827],[118.4363,7.0838],[118.4358,7.0870]],[[118.4374,7.0855],[118.4391,7.0851],[118.4389,7.0872],[118.4380,7.0867],[118.4374,7.0855]]]},"type":"Feature","id":"da47d2c432","properties":{"flclr":"#000000","name":"Umus Mataha","level_id":"reg","layer_val":"0","parent_id":"0","gjsonid":"17"}},{"geometry":{"type":"Polygon","coordinates":[[[118.4082,7.0211],[118.4163,7.0232],[118.4162,7.0133],[118.4139,7.0194],[118.4082,7.0211]]]},"type":"Feature","id":"02de525d5d","properties":{"flclr":"#000000","name":"Sikub","level_id":"reg","layer_val":"0","parent_id":"0","gjsonid":"17"}},{"geometry":{"type":"Polygon","coordinates":[[[118.4192,7.0181],[118.4197,7.0180],[118.4203,7.0168],[118.4195,7.0174],[118.4192,7.0181]]]},"type":"Feature","id":"442a3939b1","properties":{"flclr":"#000000","name":"Sikub","level_id":"reg","layer_val":"0","parent_id":"0","gjsonid":"17"}},{"geometry":{"type":"Polygon","coordinates":[[[118.4583,7.0122],[118.4466,7.0077],[118.4340,7.0278],[118.4488,7.0340],[118.4583,7.0122]]]},"type":"Feature","id":"8d23e5e8c0","properties":{"flclr":"#000000","name":"Kompang","level_id":"reg","layer_val":"0","parent_id":"0","gjsonid":"17"}},{"geometry":{"type":"Polygon","coordinates":[[[118.5158,7.0457],[118.5228,7.0413],[118.5265,7.0296],[118.5125,7.0297],[118.5158,7.0457]]]},"type":"Feature","id":"41581649ce","properties":{"flclr":"#000000","name":"Liyubud","level_id":"reg","layer_val":"0","parent_id":"0","gjsonid":"17"}},{"geometry":{"type":"Polygon","coordinates":[[[118.4846,7.0085],[118.5241,7.0176],[118.5185,7.0014],[118.4764,6.9902],[118.4670,6.9946],[118.4846,7.0085]]]},"type":"Feature","id":"d8ec5af501","properties":{"flclr":"#000000","name":"Lubbak Parang","level_id":"reg","layer_val":"0","parent_id":"0","gjsonid":"17"}},{"geometry":{"type":"Polygon","coordinates":[[[118.4846,7.0085],[118.4721,7.0319],[118.4858,7.0386],[118.4988,7.0118],[118.4846,7.0085]]]},"type":"Feature","id":"c54b2926b8","properties":{"flclr":"#000000","name":"Sapa","level_id":"reg","layer_val":"0","parent_id":"0","gjsonid":"17"}},{"geometry":{"type":"Polygon","coordinates":[[[118.4754,7.0184],[118.4846,7.0085],[118.4670,6.9946],[118.4583,7.0122],[118.4754,7.0184]]]},"type":"Feature","id":"b36ca6808d","properties":{"flclr":"#000000","name":"Tabulian","level_id":"reg","layer_val":"0","parent_id":"0","gjsonid":"17"}},{"geometry":{"type":"Polygon","coordinates":[[[118.4928,7.0241],[118.5125,7.0297],[118.5268,7.0287],[118.5241,7.0176],[118.4988,7.0118],[118.4928,7.0241]]]},"type":"Feature","id":"5165d0fcc9","properties":{"flclr":"#000000","name":"Guppah","level_id":"reg","layer_val":"0","parent_id":"0","gjsonid":"17"}},{"geometry":{"type":"Polygon","coordinates":[[[118.5125,7.0297],[118.4928,7.0241],[118.4858,7.0386],[118.5104,7.0490],[118.5125,7.0297]]]},"type":"Feature","id":"1dff035948","properties":{"flclr":"#000000","name":"Duhul Batu","level_id":"reg","layer_val":"0","parent_id":"0","gjsonid":"17"}},{"geometry":{"type":"Polygon","coordinates":[[[118.4721,7.0319],[118.4754,7.0184],[118.4583,7.0122],[118.4501,7.0359],[118.4721,7.0319]]]},"type":"Feature","id":"becf4f79c7","properties":{"flclr":"#000000","name":"Umus Mataha","level_id":"reg","layer_val":"0","parent_id":"0","gjsonid":"17"}},{"geometry":{"type":"Polygon","coordinates":[[[118.4340,7.0277],[118.4439,7.0118],[118.4466,7.0077],[118.4231,7.0131],[118.4201,7.0239],[118.4340,7.0277]]]},"type":"Feature","id":"21902f8a37","properties":{"flclr":"#000000","name":"Sikub","level_id":"reg","layer_val":"0","parent_id":"0","gjsonid":"17"}}]}