{"type":"FeatureCollection","features":[{"geometry":{"type":"Polygon","coordinates":[[[118.3105,6.0789],[118.3176,6.0739],[118.3175,6.0737],[118.3088,6.0719],[118.3105,6.0789]]]},"type":"Feature","id":"b4f80cb95f","properties":{"flclr":"#000000","name":"Taganak Poblacion","level_id":"reg","layer_val":"0","parent_id":"0","gjsonid":"17"}},{"geometry":{"type":"Polygon","coordinates":[[[118.3176,6.0739],[118.3105,6.0789],[118.3194,6.0867],[118.3213,6.0823],[118.3176,6.0739]]]},"type":"Feature","id":"50c6047ecc","properties":{"flclr":"#000000","name":"Likud Bakkao","level_id":"reg","layer_val":"0","parent_id":"0","gjsonid":"17"}},{"geometry":{"type":"Polygon","coordinates":[[[118.4583,7.0122],[118.4466,7.0077],[118.4340,7.0278],[118.4488,7.0340],[118.4583,7.0122]]]},"type":"Feature","id":"8d23e5e8c0","properties":{"flclr":"#000000","name":"Kompang","level_id":"reg","layer_val":"0","parent_id":"0","gjsonid":"17"}},{"geometry":{"type":"Polygon","coordinates":[[[118.4846,7.0085],[118.5241,7.0176],[118.5185,7.0014],[118.4764,6.9902],[118.4670,6.9946],[118.4846,7.0085]]]},"type":"Feature","id":"d8ec5af501","properties":{"flclr":"#000000","name":"Lubbak Parang","level_id":"reg","layer_val":"0","parent_id":"0","gjsonid":"17"}},{"geometry":{"type":"Polygon","coordinates":[[[118.5185,7.0014],[118.5163,6.9846],[118.4743,6.9836],[118.4764,6.9902],[118.5185,7.0014]]]},"type":"Feature","id":"fd6c8efa3f","properties":{"flclr":"#000000","name":"Mahalo","level_id":"reg","layer_val":"0","parent_id":"0","gjsonid":"17"}},{"geometry":{"type":"Polygon","coordinates":[[[118.4846,7.0085],[118.4721,7.0319],[118.4858,7.0386],[118.4988,7.0118],[118.4846,7.0085]]]},"type":"Feature","id":"c54b2926b8","properties":{"flclr":"#000000","name":"Sapa","level_id":"reg","layer_val":"0","parent_id":"0","gjsonid":"17"}},{"geometry":{"type":"Polygon","coordinates":[[[118.4754,7.0184],[118.4846,7.0085],[118.4670,6.9946],[118.4583,7.0122],[118.4754,7.0184]]]},"type":"Feature","id":"b36ca6808d","properties":{"flclr":"#000000","name":"Tabulian","level_id":"reg","layer_val":"0","parent_id":"0","gjsonid":"17"}},{"geometry":{"type":"Polygon","coordinates":[[[118.4583,7.0122],[118.4670,6.9946],[118.4623,6.9833],[118.4415,6.9999],[118.4583,7.0122]]]},"type":"Feature","id":"57111c5768","properties":{"flclr":"#000000","name":"Pawan","level_id":"reg","layer_val":"0","parent_id":"0","gjsonid":"17"}},{"geometry":{"type":"Polygon","coordinates":[[[118.4928,7.0241],[118.5125,7.0297],[118.5268,7.0287],[118.5241,7.0176],[118.4988,7.0118],[118.4928,7.0241]]]},"type":"Feature","id":"5165d0fcc9","properties":{"flclr":"#000000","name":"Guppah","level_id":"reg","layer_val":"0","parent_id":"0","gjsonid":"17"}},{"geometry":{"type":"Polygon","coordinates":[[[118.4721,7.0319],[118.4754,7.0184],[118.4583,7.0122],[118.4501,7.0359],[118.4721,7.0319]]]},"type":"Feature","id":"becf4f79c7","properties":{"flclr":"#000000","name":"Umus Mataha","level_id":"reg","layer_val":"0","parent_id":"0","gjsonid":"17"}},{"geometry":{"type":"Polygon","coordinates":[[[118.4340,7.0277],[118.4439,7.0118],[118.4466,7.0077],[118.4231,7.0131],[118.4201,7.0239],[118.4340,7.0277]]]},"type":"Feature","id":"21902f8a37","properties":{"flclr":"#000000","name":"Sikub","level_id":"reg","layer_val":"0","parent_id":"0","gjsonid":"17"}},{"geometry":{"type":"Polygon","coordinates":[[[118.4412,7.0057],[118.4415,6.9999],[118.4285,6.9910],[118.4305,7.0082],[118.4232,7.0130],[118.4412,7.0057]]]},"type":"Feature","id":"a9e1d73654","properties":{"flclr":"#000000","name":"Tanduan","level_id":"reg","layer_val":"0","parent_id":"0","gjsonid":"17"}},{"geometry":{"type":"Polygon","coordinates":[[[118.4623,6.9833],[118.4670,6.9946],[118.4764,6.9902],[118.4735,6.9752],[118.4623,6.9833]]]},"type":"Feature","id":"3bc2d30d4c","properties":{"flclr":"#000000","name":"Boki","level_id":"reg","layer_val":"0","parent_id":"0","gjsonid":"17"}},{"geometry":{"type":"Polygon","coordinates":[[[118.4735,6.9752],[118.4743,6.9836],[118.5163,6.9846],[118.5175,6.9754],[118.5370,6.9652],[118.5141,6.9739],[118.4828,6.9679],[118.4814,6.9831],[118.4735,6.9752]],[[118.4927,6.9737],[118.4961,6.9710],[118.4990,6.9722],[118.4978,6.9764],[118.4927,6.9737]]]},"type":"Feature","id":"e0431a8346","properties":{"flclr":"#000000","name":"Lupa Pula (Pob.)","level_id":"reg","layer_val":"0","parent_id":"0","gjsonid":"17"}},{"geometry":{"type":"Polygon","coordinates":[[[118.4415,6.9999],[118.4623,6.9833],[118.4595,6.9792],[118.4285,6.9910],[118.4415,6.9999]]]},"type":"Feature","id":"7b3905a531","properties":{"flclr":"#000000","name":"Erok-erok","level_id":"reg","layer_val":"0","parent_id":"0","gjsonid":"17"}},{"geometry":{"type":"Polygon","coordinates":[[[118.4442,6.1050],[118.4488,6.1068],[118.4508,6.1052],[118.4475,6.1006],[118.4442,6.1050]]]},"type":"Feature","id":"f411e193ca","properties":{"flclr":"#000000","name":"Taganak Poblacion","level_id":"reg","layer_val":"0","parent_id":"0","gjsonid":"17"}},{"geometry":{"type":"Polygon","coordinates":[[[118.1485,6.2060],[118.1498,6.2068],[118.1508,6.2040],[118.1499,6.2034],[118.1485,6.2060]]]},"type":"Feature","id":"9682147199","properties":{"flclr":"#000000","name":"Taganak Poblacion","level_id":"reg","layer_val":"0","parent_id":"0","gjsonid":"17"}},{"geometry":{"type":"Polygon","coordinates":[[[118.5022,6.5334],[118.5044,6.5335],[118.5044,6.5332],[118.5028,6.5326],[118.5022,6.5334]]]},"type":"Feature","id":"1f379a1ce4","properties":{"flclr":"#000000","name":"Taganak Poblacion","level_id":"reg","layer_val":"0","parent_id":"0","gjsonid":"17"}},{"geometry":{"type":"Polygon","coordinates":[[[118.4782,6.1584],[118.4791,6.1584],[118.4792,6.1575],[118.4783,6.1574],[118.4782,6.1584]]]},"type":"Feature","id":"4bb481e3ee","properties":{"flclr":"#000000","name":"Taganak Poblacion","level_id":"reg","layer_val":"0","parent_id":"0","gjsonid":"17"}},{"geometry":{"type":"Polygon","coordinates":[[[118.4196,7.0088],[118.4220,7.0097],[118.4233,7.0079],[118.4218,7.0074],[118.4196,7.0088]]]},"type":"Feature","id":"0c91e0760b","properties":{"flclr":"#000000","name":"Tanduan","level_id":"reg","layer_val":"0","parent_id":"0","gjsonid":"17"}},{"geometry":{"type":"Polygon","coordinates":[[[118.4082,7.0211],[118.4163,7.0232],[118.4162,7.0133],[118.4139,7.0194],[118.4082,7.0211]]]},"type":"Feature","id":"02de525d5d","properties":{"flclr":"#000000","name":"Sikub","level_id":"reg","layer_val":"0","parent_id":"0","gjsonid":"17"}},{"geometry":{"type":"Polygon","coordinates":[[[118.4143,7.0120],[118.4148,7.0122],[118.4146,7.0118],[118.4143,7.0120]]]},"type":"Feature","id":"4b425a28b3","properties":{"flclr":"#000000","name":"Sikub","level_id":"reg","layer_val":"0","parent_id":"0","gjsonid":"17"}},{"geometry":{"type":"Polygon","coordinates":[[[118.3937,6.8736],[118.3942,6.8776],[118.4006,6.8796],[118.3987,6.8714],[118.3937,6.8736]]]},"type":"Feature","id":"9de7f87142","properties":{"flclr":"#000000","name":"Boki","level_id":"reg","layer_val":"0","parent_id":"0","gjsonid":"17"}},{"geometry":{"type":"Polygon","coordinates":[[[118.4057,6.8868],[118.4072,6.8893],[118.4104,6.8880],[118.4080,6.8842],[118.4057,6.8868]]]},"type":"Feature","id":"0e27d18564","properties":{"flclr":"#000000","name":"Boki","level_id":"reg","layer_val":"0","parent_id":"0","gjsonid":"17"}},{"geometry":{"type":"Polygon","coordinates":[[[118.4521,6.9801],[118.4532,6.9806],[118.4542,6.9801],[118.4523,6.9798],[118.4521,6.9801]]]},"type":"Feature","id":"31bab94ad7","properties":{"flclr":"#000000","name":"Erok-erok","level_id":"reg","layer_val":"0","parent_id":"0","gjsonid":"17"}},{"geometry":{"type":"Polygon","coordinates":[[[118.4361,6.9878],[118.4365,6.9887],[118.4373,6.9888],[118.4371,6.9868],[118.4361,6.9878]]]},"type":"Feature","id":"c0b93f994e","properties":{"flclr":"#000000","name":"Erok-erok","level_id":"reg","layer_val":"0","parent_id":"0","gjsonid":"17"}},{"geometry":{"type":"Polygon","coordinates":[[[118.4377,6.9874],[118.4380,6.9878],[118.4385,6.9874],[118.4380,6.9867],[118.4377,6.9874]]]},"type":"Feature","id":"2d3eee2ee8","properties":{"flclr":"#000000","name":"Erok-erok","level_id":"reg","layer_val":"0","parent_id":"0","gjsonid":"17"}}]}