{"type":"FeatureCollection","features":[{"geometry":{"type":"Polygon","coordinates":[[[119.3938,4.8905],[119.3877,4.8987],[119.3973,4.9065],[119.4100,4.8750],[119.3938,4.8905]]]},"type":"Feature","id":"adfe32a44a","properties":{"flclr":"#000000","name":"Sipangkot","level_id":"reg","layer_val":"0","parent_id":"0","gjsonid":"17"}},{"geometry":{"type":"Polygon","coordinates":[[[119.4515,4.8612],[119.4452,4.9065],[119.4554,4.9139],[119.4792,4.8749],[119.4515,4.8612]]]},"type":"Feature","id":"18566fed4a","properties":{"flclr":"#000000","name":"Talisay","level_id":"reg","layer_val":"0","parent_id":"0","gjsonid":"17"}},{"geometry":{"type":"Polygon","coordinates":[[[119.4574,4.6618],[119.4577,4.6619],[119.4580,4.6623],[119.4578,4.6619],[119.4574,4.6618]]]},"type":"Feature","id":"b1bc9c1d00","properties":{"flclr":"#000000","name":"Hadji Mohtar Sulayman","level_id":"reg","layer_val":"0","parent_id":"0","gjsonid":"17"}},{"geometry":{"type":"Polygon","coordinates":[[[119.5056,4.7582],[119.4752,4.8439],[119.4535,4.8447],[119.4873,4.8543],[119.5056,4.7582]]]},"type":"Feature","id":"1e12e1ae61","properties":{"flclr":"#000000","name":"Hadji Imam Bidin","level_id":"reg","layer_val":"0","parent_id":"0","gjsonid":"17"}},{"geometry":{"type":"Polygon","coordinates":[[[119.4785,4.8360],[119.5056,4.7582],[119.4658,4.7606],[119.4715,4.7640],[119.4658,4.7629],[119.4581,4.8361],[119.4785,4.8360]]]},"type":"Feature","id":"f1d20db739","properties":{"flclr":"#000000","name":"Nunukan","level_id":"reg","layer_val":"0","parent_id":"0","gjsonid":"17"}},{"geometry":{"type":"Polygon","coordinates":[[[119.4553,4.6419],[119.4555,4.6431],[119.4566,4.6410],[119.4557,4.6410],[119.4553,4.6419]]]},"type":"Feature","id":"8fc911b48f","properties":{"flclr":"#000000","name":"Ligayan","level_id":"reg","layer_val":"0","parent_id":"0","gjsonid":"17"}},{"geometry":{"type":"Polygon","coordinates":[[[119.4658,4.5881],[119.4685,4.5910],[119.4677,4.5943],[119.4707,4.5901],[119.4658,4.5881]]]},"type":"Feature","id":"1a707a8cda","properties":{"flclr":"#000000","name":"Ligayan","level_id":"reg","layer_val":"0","parent_id":"0","gjsonid":"17"}},{"geometry":{"type":"Polygon","coordinates":[[[119.4673,4.5996],[119.4697,4.6024],[119.4720,4.5985],[119.4706,4.5979],[119.4673,4.5996]]]},"type":"Feature","id":"7cb6c0f56c","properties":{"flclr":"#000000","name":"Ligayan","level_id":"reg","layer_val":"0","parent_id":"0","gjsonid":"17"}},{"geometry":{"type":"Polygon","coordinates":[[[119.4708,4.5964],[119.4712,4.5969],[119.4711,4.5961],[119.4708,4.5964]]]},"type":"Feature","id":"da4e4e7eff","properties":{"flclr":"#000000","name":"Ligayan","level_id":"reg","layer_val":"0","parent_id":"0","gjsonid":"17"}},{"geometry":{"type":"Polygon","coordinates":[[[119.3893,4.6578],[119.3895,4.6585],[119.3896,4.6586],[119.3898,4.6583],[119.3893,4.6578]]]},"type":"Feature","id":"715616bbef","properties":{"flclr":"#000000","name":"Imam Sapie","level_id":"reg","layer_val":"0","parent_id":"0","gjsonid":"17"}},{"geometry":{"type":"Polygon","coordinates":[[[119.0306,4.7117],[119.0325,4.7102],[119.0323,4.7085],[119.0311,4.7090],[119.0306,4.7117]]]},"type":"Feature","id":"651a03856f","properties":{"flclr":"#000000","name":"South Larap (Larap)","level_id":"reg","layer_val":"0","parent_id":"0","gjsonid":"17"}},{"geometry":{"type":"Polygon","coordinates":[[[119.1458,4.7222],[119.1480,4.7215],[119.1479,4.7169],[119.1466,4.7181],[119.1458,4.7222]]]},"type":"Feature","id":"09a1ce39c1","properties":{"flclr":"#000000","name":"South Larap (Larap)","level_id":"reg","layer_val":"0","parent_id":"0","gjsonid":"17"}},{"geometry":{"type":"Polygon","coordinates":[[[119.3939,4.6787],[119.3943,4.6788],[119.3942,4.6786],[119.3939,4.6787]]]},"type":"Feature","id":"40a5393b64","properties":{"flclr":"#000000","name":"Datu Baguinda Putih","level_id":"reg","layer_val":"0","parent_id":"0","gjsonid":"17"}},{"geometry":{"type":"Polygon","coordinates":[[[119.2057,4.6701],[119.2073,4.6711],[119.2090,4.6700],[119.2075,4.6689],[119.2057,4.6701]]]},"type":"Feature","id":"6fca702183","properties":{"flclr":"#000000","name":"South Larap (Larap)","level_id":"reg","layer_val":"0","parent_id":"0","gjsonid":"17"}},{"geometry":{"type":"Polygon","coordinates":[[[119.3812,4.6308],[119.3851,4.6348],[119.3858,4.6344],[119.3849,4.6292],[119.3812,4.6308]]]},"type":"Feature","id":"5997fd88b5","properties":{"flclr":"#000000","name":"Sitangkai Poblacion","level_id":"reg","layer_val":"0","parent_id":"0","gjsonid":"17"}},{"geometry":{"type":"Polygon","coordinates":[[[119.3847,4.6373],[119.3852,4.6387],[119.3870,4.6401],[119.3868,4.6379],[119.3847,4.6373]]]},"type":"Feature","id":"d0229033aa","properties":{"flclr":"#000000","name":"Sitangkai Poblacion","level_id":"reg","layer_val":"0","parent_id":"0","gjsonid":"17"}},{"geometry":{"type":"Polygon","coordinates":[[[119.3892,4.6146],[119.3893,4.6148],[119.3894,4.6147],[119.3892,4.6146]]]},"type":"Feature","id":"fd3a79d4db","properties":{"flclr":"#000000","name":"Sitangkai Poblacion","level_id":"reg","layer_val":"0","parent_id":"0","gjsonid":"17"}},{"geometry":{"type":"Polygon","coordinates":[[[119.3826,4.6232],[119.3915,4.6228],[119.3919,4.6161],[119.3838,4.6167],[119.3826,4.6232]]]},"type":"Feature","id":"2958e017dc","properties":{"flclr":"#000000","name":"Sitangkai Poblacion","level_id":"reg","layer_val":"0","parent_id":"0","gjsonid":"17"}},{"geometry":{"type":"Polygon","coordinates":[[[119.3938,4.6494],[119.3940,4.6494],[119.3940,4.6492],[119.3938,4.6494]]]},"type":"Feature","id":"ba171f54be","properties":{"flclr":"#000000","name":"Sitangkai Poblacion","level_id":"reg","layer_val":"0","parent_id":"0","gjsonid":"17"}},{"geometry":{"type":"Polygon","coordinates":[[[119.3964,4.6404],[119.3966,4.6404],[119.3966,4.6403],[119.3964,4.6402],[119.3964,4.6404]]]},"type":"Feature","id":"df4920effe","properties":{"flclr":"#000000","name":"Sitangkai Poblacion","level_id":"reg","layer_val":"0","parent_id":"0","gjsonid":"17"}},{"geometry":{"type":"Polygon","coordinates":[[[119.3924,4.6178],[119.3928,4.6185],[119.3933,4.6184],[119.3931,4.6173],[119.3924,4.6178]]]},"type":"Feature","id":"a4f02771a1","properties":{"flclr":"#000000","name":"Sitangkai Poblacion","level_id":"reg","layer_val":"0","parent_id":"0","gjsonid":"17"}},{"geometry":{"type":"Polygon","coordinates":[[[119.3932,4.6392],[119.3936,4.6394],[119.3937,4.6393],[119.3933,4.6391],[119.3932,4.6392]]]},"type":"Feature","id":"7a0df5db0a","properties":{"flclr":"#000000","name":"Sitangkai Poblacion","level_id":"reg","layer_val":"0","parent_id":"0","gjsonid":"17"}},{"geometry":{"type":"Polygon","coordinates":[[[119.3955,4.6386],[119.3957,4.6387],[119.3956,4.6385],[119.3955,4.6386]]]},"type":"Feature","id":"6aaefd46f5","properties":{"flclr":"#000000","name":"Sitangkai Poblacion","level_id":"reg","layer_val":"0","parent_id":"0","gjsonid":"17"}},{"geometry":{"type":"Polygon","coordinates":[[[119.3938,4.6202],[119.3943,4.6201],[119.3943,4.6193],[119.3939,4.6194],[119.3938,4.6202]]]},"type":"Feature","id":"73c8d3c717","properties":{"flclr":"#000000","name":"Sitangkai Poblacion","level_id":"reg","layer_val":"0","parent_id":"0","gjsonid":"17"}},{"geometry":{"type":"Polygon","coordinates":[[[119.3901,4.6502],[119.3979,4.6486],[119.4001,4.6427],[119.3919,4.6418],[119.3901,4.6502]]]},"type":"Feature","id":"4297c63f1f","properties":{"flclr":"#000000","name":"Sitangkai Poblacion","level_id":"reg","layer_val":"0","parent_id":"0","gjsonid":"17"}},{"geometry":{"type":"Polygon","coordinates":[[[119.3929,4.6509],[119.3946,4.6510],[119.3951,4.6499],[119.3944,4.6498],[119.3929,4.6509]]]},"type":"Feature","id":"e121fddfc6","properties":{"flclr":"#000000","name":"Sitangkai Poblacion","level_id":"reg","layer_val":"0","parent_id":"0","gjsonid":"17"}},{"geometry":{"type":"Polygon","coordinates":[[[119.4041,4.6337],[119.4045,4.6335],[119.4045,4.6333],[119.4043,4.6333],[119.4041,4.6337]]]},"type":"Feature","id":"6c9be07ded","properties":{"flclr":"#000000","name":"Sitangkai Poblacion","level_id":"reg","layer_val":"0","parent_id":"0","gjsonid":"17"}},{"geometry":{"type":"Polygon","coordinates":[[[119.3898,4.6601],[119.3915,4.6635],[119.3933,4.6630],[119.3936,4.6611],[119.3898,4.6601]]]},"type":"Feature","id":"0e71814866","properties":{"flclr":"#000000","name":"Imam Sapie","level_id":"reg","layer_val":"0","parent_id":"0","gjsonid":"17"}},{"geometry":{"type":"Polygon","coordinates":[[[119.3908,4.6750],[119.3914,4.6747],[119.3914,4.6745],[119.3912,4.6746],[119.3908,4.6750]]]},"type":"Feature","id":"35b27d6777","properties":{"flclr":"#000000","name":"Datu Baguinda Putih","level_id":"reg","layer_val":"0","parent_id":"0","gjsonid":"17"}},{"geometry":{"type":"Polygon","coordinates":[[[119.3917,4.6734],[119.3919,4.6737],[119.3924,4.6739],[119.3921,4.6734],[119.3917,4.6734]]]},"type":"Feature","id":"21d911260d","properties":{"flclr":"#000000","name":"Datu Baguinda Putih","level_id":"reg","layer_val":"0","parent_id":"0","gjsonid":"17"}},{"geometry":{"type":"Polygon","coordinates":[[[119.3920,4.6767],[119.3931,4.6783],[119.3950,4.6779],[119.3930,4.6754],[119.3920,4.6767]]]},"type":"Feature","id":"44e6b1ea51","properties":{"flclr":"#000000","name":"Datu Baguinda Putih","level_id":"reg","layer_val":"0","parent_id":"0","gjsonid":"17"}},{"geometry":{"type":"Polygon","coordinates":[[[119.2343,4.7268],[119.2355,4.7277],[119.2395,4.7281],[119.2374,4.7261],[119.2343,4.7268]]]},"type":"Feature","id":"1e982807ec","properties":{"flclr":"#000000","name":"North Larap","level_id":"reg","layer_val":"0","parent_id":"0","gjsonid":"17"}},{"geometry":{"type":"Polygon","coordinates":[[[119.4161,4.7838],[119.4162,4.7840],[119.4165,4.7839],[119.4161,4.7838]]]},"type":"Feature","id":"5d2c7de7ef","properties":{"flclr":"#000000","name":"North Larap","level_id":"reg","layer_val":"0","parent_id":"0","gjsonid":"17"}},{"geometry":{"type":"Polygon","coordinates":[[[119.4094,4.8577],[119.4120,4.8669],[119.4169,4.8469],[119.4133,4.8476],[119.4094,4.8577]]]},"type":"Feature","id":"72d6eda629","properties":{"flclr":"#000000","name":"Sipangkot","level_id":"reg","layer_val":"0","parent_id":"0","gjsonid":"17"}},{"geometry":{"type":"Polygon","coordinates":[[[119.3878,4.8954],[119.3880,4.8956],[119.3880,4.8954],[119.3879,4.8952],[119.3878,4.8954]]]},"type":"Feature","id":"c9cfb01fea","properties":{"flclr":"#000000","name":"Sipangkot","level_id":"reg","layer_val":"0","parent_id":"0","gjsonid":"17"}},{"geometry":{"type":"Polygon","coordinates":[[[119.4032,4.9041],[119.4039,4.9042],[119.4059,4.9018],[119.4040,4.9029],[119.4032,4.9041]]]},"type":"Feature","id":"c03b93b9bf","properties":{"flclr":"#000000","name":"Sipangkot","level_id":"reg","layer_val":"0","parent_id":"0","gjsonid":"17"}},{"geometry":{"type":"Polygon","coordinates":[[[119.4042,4.8978],[119.4043,4.8980],[119.4044,4.8975],[119.4043,4.8976],[119.4042,4.8978]]]},"type":"Feature","id":"01a0796be8","properties":{"flclr":"#000000","name":"Sipangkot","level_id":"reg","layer_val":"0","parent_id":"0","gjsonid":"17"}},{"geometry":{"type":"Polygon","coordinates":[[[119.4046,4.8973],[119.4075,4.8999],[119.4089,4.8982],[119.4051,4.8970],[119.4046,4.8973]]]},"type":"Feature","id":"6fe4cabe8a","properties":{"flclr":"#000000","name":"Sipangkot","level_id":"reg","layer_val":"0","parent_id":"0","gjsonid":"17"}},{"geometry":{"type":"Polygon","coordinates":[[[119.4016,4.8792],[119.4017,4.8792],[119.4017,4.8791],[119.4016,4.8792]]]},"type":"Feature","id":"8e9742572f","properties":{"flclr":"#000000","name":"Sipangkot","level_id":"reg","layer_val":"0","parent_id":"0","gjsonid":"17"}},{"geometry":{"type":"Polygon","coordinates":[[[119.4053,4.8998],[119.4056,4.8998],[119.4058,4.8996],[119.4055,4.8994],[119.4053,4.8998]]]},"type":"Feature","id":"c39bce057b","properties":{"flclr":"#000000","name":"Sipangkot","level_id":"reg","layer_val":"0","parent_id":"0","gjsonid":"17"}},{"geometry":{"type":"Polygon","coordinates":[[[119.4063,4.9004],[119.4065,4.9003],[119.4065,4.9002],[119.4063,4.9002],[119.4063,4.9004]]]},"type":"Feature","id":"242bc055bc","properties":{"flclr":"#000000","name":"Sipangkot","level_id":"reg","layer_val":"0","parent_id":"0","gjsonid":"17"}},{"geometry":{"type":"Polygon","coordinates":[[[119.3871,4.8974],[119.3874,4.8976],[119.3878,4.8977],[119.3877,4.8973],[119.3871,4.8974]]]},"type":"Feature","id":"2b9d0fe543","properties":{"flclr":"#000000","name":"Sipangkot","level_id":"reg","layer_val":"0","parent_id":"0","gjsonid":"17"}},{"geometry":{"type":"Polygon","coordinates":[[[119.4765,4.6624],[119.4694,4.6534],[119.4583,4.6585],[119.4617,4.6686],[119.4765,4.6624]]]},"type":"Feature","id":"521de6725a","properties":{"flclr":"#000000","name":"Ungus-ungus","level_id":"reg","layer_val":"0","parent_id":"0","gjsonid":"17"}},{"geometry":{"type":"Polygon","coordinates":[[[119.4542,4.8470],[119.4859,4.8573],[119.4873,4.8543],[119.4535,4.8447],[119.4542,4.8470]]]},"type":"Feature","id":"f41b581a2d","properties":{"flclr":"#000000","name":"Datu Amilhamja Jaafar","level_id":"reg","layer_val":"0","parent_id":"0","gjsonid":"17"}},{"geometry":{"type":"Polygon","coordinates":[[[119.4833,4.8652],[119.4851,4.8600],[119.4536,4.8497],[119.4522,4.8564],[119.4833,4.8652]]]},"type":"Feature","id":"d22491fb46","properties":{"flclr":"#000000","name":"Hadji Taha","level_id":"reg","layer_val":"0","parent_id":"0","gjsonid":"17"}},{"geometry":{"type":"Polygon","coordinates":[[[119.4995,4.7276],[119.4978,4.7208],[119.4628,4.7260],[119.4644,4.7343],[119.4995,4.7276]]]},"type":"Feature","id":"af9996ba0e","properties":{"flclr":"#000000","name":"Sheik Makdum","level_id":"reg","layer_val":"0","parent_id":"0","gjsonid":"17"}},{"geometry":{"type":"Polygon","coordinates":[[[119.4851,4.8600],[119.4859,4.8573],[119.4542,4.8470],[119.4536,4.8497],[119.4851,4.8600]]]},"type":"Feature","id":"762d4dd7a1","properties":{"flclr":"#000000","name":"Sibutu (Pob.)","level_id":"reg","layer_val":"0","parent_id":"0","gjsonid":"17"}},{"geometry":{"type":"Polygon","coordinates":[[[119.4978,4.7208],[119.4939,4.7122],[119.4609,4.7152],[119.4628,4.7255],[119.4978,4.7208]]]},"type":"Feature","id":"81479c6e3f","properties":{"flclr":"#000000","name":"Tandu Banak","level_id":"reg","layer_val":"0","parent_id":"0","gjsonid":"17"}},{"geometry":{"type":"Polygon","coordinates":[[[119.4875,4.6893],[119.4797,4.6697],[119.4632,4.6758],[119.4620,4.6806],[119.4646,4.6844],[119.4637,4.6875],[119.4560,4.6813],[119.4582,4.6967],[119.4875,4.6893]]]},"type":"Feature","id":"1e398b037a","properties":{"flclr":"#000000","name":"Tongehat","level_id":"reg","layer_val":"0","parent_id":"0","gjsonid":"17"}},{"geometry":{"type":"Polygon","coordinates":[[[119.4609,4.7152],[119.4939,4.7122],[119.4875,4.6893],[119.4582,4.6967],[119.4609,4.7152]]]},"type":"Feature","id":"80e15f55eb","properties":{"flclr":"#000000","name":"Taungoh","level_id":"reg","layer_val":"0","parent_id":"0","gjsonid":"17"}},{"geometry":{"type":"Polygon","coordinates":[[[119.4581,4.8361],[119.4752,4.8439],[119.4785,4.8360],[119.4581,4.8361]]]},"type":"Feature","id":"afa06d6140","properties":{"flclr":"#000000","name":"Ambulong Sapal","level_id":"reg","layer_val":"0","parent_id":"0","gjsonid":"17"}},{"geometry":{"type":"Polygon","coordinates":[[[119.5066,4.7581],[119.4995,4.7276],[119.4643,4.7344],[119.4705,4.7436],[119.4659,4.7604],[119.5066,4.7581]]]},"type":"Feature","id":"cf818e798b","properties":{"flclr":"#000000","name":"Tongsibalo","level_id":"reg","layer_val":"0","parent_id":"0","gjsonid":"17"}},{"geometry":{"type":"Polygon","coordinates":[[[119.4792,4.8749],[119.4833,4.8652],[119.4522,4.8564],[119.4515,4.8612],[119.4792,4.8749]]]},"type":"Feature","id":"34a29121d8","properties":{"flclr":"#000000","name":"Imam Hadji Mohammad","level_id":"reg","layer_val":"0","parent_id":"0","gjsonid":"17"}},{"geometry":{"type":"Polygon","coordinates":[[[119.4583,4.6585],[119.4694,4.6534],[119.4578,4.6421],[119.4553,4.6495],[119.4583,4.6585]]]},"type":"Feature","id":"08aae0080c","properties":{"flclr":"#000000","name":"Ligayan","level_id":"reg","layer_val":"0","parent_id":"0","gjsonid":"17"}},{"geometry":{"type":"Polygon","coordinates":[[[119.4797,4.6697],[119.4765,4.6624],[119.4586,4.6701],[119.4557,4.6620],[119.4551,4.6777],[119.4610,4.6699],[119.4632,4.6758],[119.4797,4.6697]]]},"type":"Feature","id":"6f3dcc84f8","properties":{"flclr":"#000000","name":"Hadji Mohtar Sulayman","level_id":"reg","layer_val":"0","parent_id":"0","gjsonid":"17"}},{"geometry":{"type":"Polygon","coordinates":[[[119.4181,4.7329],[119.4141,4.7109],[119.4032,4.7141],[119.4080,4.7389],[119.3893,4.7444],[119.3957,4.7476],[119.4181,4.7329]]]},"type":"Feature","id":"133bf73c72","properties":{"flclr":"#000000","name":"Tongusong","level_id":"reg","layer_val":"0","parent_id":"0","gjsonid":"17"}},{"geometry":{"type":"Polygon","coordinates":[[[119.4032,4.7141],[119.4141,4.7109],[119.4112,4.6920],[119.4077,4.6870],[119.3962,4.6853],[119.3935,4.7023],[119.4032,4.7141]]]},"type":"Feature","id":"ab705e0544","properties":{"flclr":"#000000","name":"Tongmageng","level_id":"reg","layer_val":"0","parent_id":"0","gjsonid":"17"}},{"geometry":{"type":"Polygon","coordinates":[[[119.4186,4.7418],[119.4181,4.7329],[119.3955,4.7477],[119.4004,4.7594],[119.4186,4.7418]]]},"type":"Feature","id":"663dbb0a3a","properties":{"flclr":"#000000","name":"South Larap (Larap)","level_id":"reg","layer_val":"0","parent_id":"0","gjsonid":"17"}},{"geometry":{"type":"Polygon","coordinates":[[[119.3962,4.6853],[119.4024,4.6862],[119.3999,4.6681],[119.3932,4.6697],[119.3962,4.6853]]]},"type":"Feature","id":"2aeb912e5d","properties":{"flclr":"#000000","name":"Datu Baguinda Putih","level_id":"reg","layer_val":"0","parent_id":"0","gjsonid":"17"}},{"geometry":{"type":"Polygon","coordinates":[[[119.4024,4.6862],[119.4155,4.6762],[119.4055,4.6778],[119.4014,4.6675],[119.4024,4.6862]]]},"type":"Feature","id":"73a1cd13d7","properties":{"flclr":"#000000","name":"Panglima Alari","level_id":"reg","layer_val":"0","parent_id":"0","gjsonid":"17"}},{"geometry":{"type":"Polygon","coordinates":[[[119.4186,4.7418],[119.4056,4.7611],[119.4221,4.7881],[119.4229,4.7820],[119.4186,4.7418]]]},"type":"Feature","id":"af6c455120","properties":{"flclr":"#000000","name":"North Larap","level_id":"reg","layer_val":"0","parent_id":"0","gjsonid":"17"}}]}