{"type":"FeatureCollection","features":[{"geometry":{"type":"Polygon","coordinates":[[[123.5517,12.4510],[123.5539,12.4335],[123.5423,12.4309],[123.5458,12.4400],[123.5517,12.4510]]]},"type":"Feature","id":"c9da50cafe","properties":{"flclr":"#000000","name":"Ubongan Dacu","level_id":"reg","layer_val":"0","parent_id":"0","gjsonid":"6"}},{"geometry":{"type":"Polygon","coordinates":[[[123.7691,12.3916],[123.7593,12.3752],[123.7354,12.3987],[123.7437,12.4072],[123.7481,12.3989],[123.7691,12.3916]]]},"type":"Feature","id":"070d767a06","properties":{"flclr":"#000000","name":"Burgos","level_id":"reg","layer_val":"0","parent_id":"0","gjsonid":"6"}},{"geometry":{"type":"Polygon","coordinates":[[[123.6349,12.3770],[123.6381,12.3742],[123.6342,12.3621],[123.6251,12.3617],[123.6349,12.3770]]]},"type":"Feature","id":"3b5b20a820","properties":{"flclr":"#000000","name":"Nursery","level_id":"reg","layer_val":"0","parent_id":"0","gjsonid":"6"}},{"geometry":{"type":"Polygon","coordinates":[[[123.5517,12.4510],[123.5458,12.4400],[123.5371,12.4484],[123.5457,12.4588],[123.5549,12.4625],[123.5517,12.4510]]]},"type":"Feature","id":"b641b56f8b","properties":{"flclr":"#000000","name":"Magdalena","level_id":"reg","layer_val":"0","parent_id":"0","gjsonid":"6"}},{"geometry":{"type":"Polygon","coordinates":[[[123.4560,12.5089],[123.4652,12.5026],[123.4722,12.4940],[123.4598,12.4905],[123.4480,12.4964],[123.4560,12.5089]]]},"type":"Feature","id":"884240fa3a","properties":{"flclr":"#000000","name":"Lahong Proper","level_id":"reg","layer_val":"0","parent_id":"0","gjsonid":"6"}},{"geometry":{"type":"Polygon","coordinates":[[[123.4598,12.4905],[123.4722,12.4940],[123.4828,12.4845],[123.4802,12.4781],[123.4551,12.4837],[123.4598,12.4905]]]},"type":"Feature","id":"57f69f3796","properties":{"flclr":"#000000","name":"Tinapian","level_id":"reg","layer_val":"0","parent_id":"0","gjsonid":"6"}},{"geometry":{"type":"Polygon","coordinates":[[[123.6921,12.4905],[123.6792,12.4979],[123.6768,12.5004],[123.6905,12.5059],[123.6991,12.5043],[123.6951,12.4960],[123.6979,12.4911],[123.6921,12.4905]]]},"type":"Feature","id":"af9ccd33bf","properties":{"flclr":"#000000","name":"Ipil","level_id":"reg","layer_val":"0","parent_id":"0","gjsonid":"6"}},{"geometry":{"type":"Polygon","coordinates":[[[123.7525,12.4719],[123.7701,12.4786],[123.7734,12.4616],[123.7462,12.4595],[123.7525,12.4719]]]},"type":"Feature","id":"f31be743f5","properties":{"flclr":"#000000","name":"Resurreccion","level_id":"reg","layer_val":"0","parent_id":"0","gjsonid":"6"}},{"geometry":{"type":"Polygon","coordinates":[[[123.6971,12.5172],[123.7022,12.5172],[123.7064,12.4988],[123.7168,12.4844],[123.7054,12.4857],[123.6957,12.4942],[123.6990,12.5012],[123.6971,12.5172]]]},"type":"Feature","id":"421e51b164","properties":{"flclr":"#000000","name":"Buenasuerte","level_id":"reg","layer_val":"0","parent_id":"0","gjsonid":"6"}},{"geometry":{"type":"Polygon","coordinates":[[[123.6581,12.5668],[123.6667,12.5555],[123.6426,12.5371],[123.6350,12.5417],[123.6263,12.5585],[123.6581,12.5668]]]},"type":"Feature","id":"eeeeceee09","properties":{"flclr":"#000000","name":"Bartolabac","level_id":"reg","layer_val":"0","parent_id":"0","gjsonid":"6"}},{"geometry":{"type":"Polygon","coordinates":[[[123.6667,12.5555],[123.6949,12.5721],[123.7001,12.5640],[123.6758,12.5438],[123.6667,12.5555]]]},"type":"Feature","id":"d760849090","properties":{"flclr":"#000000","name":"Roosevelt","level_id":"reg","layer_val":"0","parent_id":"0","gjsonid":"6"}},{"geometry":{"type":"Polygon","coordinates":[[[123.7202,12.5771],[123.7244,12.5697],[123.7200,12.5547],[123.7246,12.5432],[123.6956,12.5406],[123.6953,12.5484],[123.7121,12.5622],[123.7202,12.5771]]]},"type":"Feature","id":"e506a5046c","properties":{"flclr":"#000000","name":"Burgos","level_id":"reg","layer_val":"0","parent_id":"0","gjsonid":"6"}},{"geometry":{"type":"Polygon","coordinates":[[[123.7398,12.5309],[123.7513,12.5307],[123.7539,12.5258],[123.7315,12.5165],[123.7398,12.5309]]]},"type":"Feature","id":"fa587cfa28","properties":{"flclr":"#000000","name":"Washington","level_id":"reg","layer_val":"0","parent_id":"0","gjsonid":"6"}},{"geometry":{"type":"Polygon","coordinates":[[[123.7315,12.5165],[123.7418,12.5207],[123.7466,12.5134],[123.7297,12.5037],[123.7151,12.5186],[123.7315,12.5165]]]},"type":"Feature","id":"e9aefc5531","properties":{"flclr":"#000000","name":"Dorong-an Daplian","level_id":"reg","layer_val":"0","parent_id":"0","gjsonid":"6"}},{"geometry":{"type":"Polygon","coordinates":[[[123.7624,12.4840],[123.7638,12.4794],[123.7701,12.4786],[123.7525,12.4719],[123.7483,12.4808],[123.7624,12.4840]]]},"type":"Feature","id":"342ea0e3a9","properties":{"flclr":"#000000","name":"Magsasaka Pob. (District 3)","level_id":"reg","layer_val":"0","parent_id":"0","gjsonid":"6"}},{"geometry":{"type":"Polygon","coordinates":[[[123.7001,12.5640],[123.7070,12.5563],[123.7028,12.5569],[123.6953,12.5484],[123.6956,12.5406],[123.6784,12.5319],[123.6758,12.5438],[123.7001,12.5640]]]},"type":"Feature","id":"72437b52ca","properties":{"flclr":"#000000","name":"Almi\u00f1e","level_id":"reg","layer_val":"0","parent_id":"0","gjsonid":"6"}},{"geometry":{"type":"Polygon","coordinates":[[[123.7337,12.5709],[123.7354,12.5486],[123.7295,12.5478],[123.7311,12.5645],[123.7337,12.5709]]]},"type":"Feature","id":"5c39f4e14b","properties":{"flclr":"#000000","name":"District III (Pob.)","level_id":"reg","layer_val":"0","parent_id":"0","gjsonid":"6"}},{"geometry":{"type":"Polygon","coordinates":[[[123.7313,12.5701],[123.7337,12.5709],[123.7295,12.5478],[123.7267,12.5482],[123.7313,12.5701]]]},"type":"Feature","id":"7926a36714","properties":{"flclr":"#000000","name":"District I (Pob.)","level_id":"reg","layer_val":"0","parent_id":"0","gjsonid":"6"}},{"geometry":{"type":"Polygon","coordinates":[[[123.6667,12.5555],[123.6758,12.5438],[123.6784,12.5319],[123.6650,12.5290],[123.6559,12.5200],[123.6426,12.5371],[123.6667,12.5555]]]},"type":"Feature","id":"47b56746c3","properties":{"flclr":"#000000","name":"Pi\u00f1a","level_id":"reg","layer_val":"0","parent_id":"0","gjsonid":"6"}},{"geometry":{"type":"Polygon","coordinates":[[[123.7462,12.4595],[123.7475,12.4395],[123.7283,12.4424],[123.7228,12.4497],[123.7462,12.4595]]]},"type":"Feature","id":"b1ec1e554c","properties":{"flclr":"#000000","name":"Del Rosario","level_id":"reg","layer_val":"0","parent_id":"0","gjsonid":"6"}},{"geometry":{"type":"Polygon","coordinates":[[[123.7246,12.5432],[123.7245,12.5485],[123.7354,12.5486],[123.7347,12.5623],[123.7382,12.5634],[123.7490,12.5371],[123.7421,12.5323],[123.7225,12.5334],[123.7246,12.5432]]]},"type":"Feature","id":"b9e8e02f6e","properties":{"flclr":"#000000","name":"Calipat-An","level_id":"reg","layer_val":"0","parent_id":"0","gjsonid":"6"}},{"geometry":{"type":"Polygon","coordinates":[[[123.7246,12.5432],[123.7151,12.5186],[123.7022,12.5172],[123.6984,12.5406],[123.7246,12.5432]]]},"type":"Feature","id":"458de01426","properties":{"flclr":"#000000","name":"Luna","level_id":"reg","layer_val":"0","parent_id":"0","gjsonid":"6"}},{"geometry":{"type":"Polygon","coordinates":[[[123.7403,12.5323],[123.7315,12.5165],[123.7151,12.5186],[123.7225,12.5334],[123.7403,12.5323]]]},"type":"Feature","id":"81ab46a750","properties":{"flclr":"#000000","name":"Interior","level_id":"reg","layer_val":"0","parent_id":"0","gjsonid":"6"}},{"geometry":{"type":"Polygon","coordinates":[[[123.6633,12.5090],[123.6559,12.5200],[123.6650,12.5290],[123.6784,12.5319],[123.6853,12.5141],[123.6633,12.5090]]]},"type":"Feature","id":"33bc410547","properties":{"flclr":"#000000","name":"Bagacay","level_id":"reg","layer_val":"0","parent_id":"0","gjsonid":"6"}},{"geometry":{"type":"Polygon","coordinates":[[[123.6956,12.5406],[123.7022,12.5172],[123.6853,12.5141],[123.6784,12.5319],[123.6956,12.5406]]]},"type":"Feature","id":"2f071da4c0","properties":{"flclr":"#000000","name":"San Isidro","level_id":"reg","layer_val":"0","parent_id":"0","gjsonid":"6"}},{"geometry":{"type":"Polygon","coordinates":[[[123.7061,12.4571],[123.6973,12.4509],[123.6834,12.4653],[123.6928,12.4700],[123.7061,12.4571]]]},"type":"Feature","id":"8219adb8bf","properties":{"flclr":"#000000","name":"Altavista","level_id":"reg","layer_val":"0","parent_id":"0","gjsonid":"6"}},{"geometry":{"type":"Polygon","coordinates":[[[123.6928,12.4700],[123.6834,12.4653],[123.6862,12.4812],[123.6743,12.4894],[123.6792,12.4979],[123.6921,12.4905],[123.6928,12.4700]]]},"type":"Feature","id":"29be8298c7","properties":{"flclr":"#000000","name":"Talisay","level_id":"reg","layer_val":"0","parent_id":"0","gjsonid":"6"}},{"geometry":{"type":"Polygon","coordinates":[[[123.7539,12.5258],[123.7513,12.5168],[123.7466,12.5134],[123.7418,12.5207],[123.7539,12.5258]]]},"type":"Feature","id":"a42382200c","properties":{"flclr":"#000000","name":"Daplian","level_id":"reg","layer_val":"0","parent_id":"0","gjsonid":"6"}},{"geometry":{"type":"Polygon","coordinates":[[[123.7345,12.4955],[123.7446,12.4962],[123.7402,12.4760],[123.7141,12.4876],[123.7230,12.4945],[123.7345,12.4955]]]},"type":"Feature","id":"3b355a7a62","properties":{"flclr":"#000000","name":"Magkaipit","level_id":"reg","layer_val":"0","parent_id":"0","gjsonid":"6"}},{"geometry":{"type":"Polygon","coordinates":[[[123.7313,12.5701],[123.7267,12.5482],[123.7245,12.5485],[123.7200,12.5547],[123.7225,12.5645],[123.7242,12.5692],[123.7313,12.5701]]]},"type":"Feature","id":"f452966565","properties":{"flclr":"#000000","name":"District II (Pob.)","level_id":"reg","layer_val":"0","parent_id":"0","gjsonid":"6"}},{"geometry":{"type":"Polygon","coordinates":[[[123.7074,12.4361],[123.7283,12.4424],[123.7372,12.4201],[123.7234,12.4149],[123.7155,12.4333],[123.7074,12.4361]]]},"type":"Feature","id":"132eb9d53b","properties":{"flclr":"#000000","name":"Costa Rica","level_id":"reg","layer_val":"0","parent_id":"0","gjsonid":"6"}},{"geometry":{"type":"Polygon","coordinates":[[[123.7283,12.4424],[123.7074,12.4361],[123.6973,12.4509],[123.7121,12.4615],[123.7283,12.4424]]]},"type":"Feature","id":"303fdbfee1","properties":{"flclr":"#000000","name":"Ca\u00f1elas","level_id":"reg","layer_val":"0","parent_id":"0","gjsonid":"6"}},{"geometry":{"type":"Polygon","coordinates":[[[123.7475,12.4395],[123.7462,12.4595],[123.7578,12.4598],[123.7671,12.4369],[123.7475,12.4395]]]},"type":"Feature","id":"3329d91e8e","properties":{"flclr":"#000000","name":"Lumbia","level_id":"reg","layer_val":"0","parent_id":"0","gjsonid":"6"}},{"geometry":{"type":"Polygon","coordinates":[[[123.7621,12.4892],[123.7624,12.4840],[123.7402,12.4760],[123.7432,12.4870],[123.7486,12.4850],[123.7564,12.4930],[123.7564,12.4897],[123.7621,12.4892]]]},"type":"Feature","id":"25491d82bf","properties":{"flclr":"#000000","name":"Bayanihan Pob. (District 4)","level_id":"reg","layer_val":"0","parent_id":"0","gjsonid":"6"}},{"geometry":{"type":"Polygon","coordinates":[[[123.6792,12.4979],[123.6743,12.4894],[123.6705,12.4911],[123.6633,12.5090],[123.6726,12.5113],[123.6792,12.4979]]]},"type":"Feature","id":"bb32b4409e","properties":{"flclr":"#000000","name":"Lahong","level_id":"reg","layer_val":"0","parent_id":"0","gjsonid":"6"}},{"geometry":{"type":"Polygon","coordinates":[[[123.6853,12.5141],[123.6971,12.5172],[123.6991,12.5043],[123.6905,12.5059],[123.6768,12.5004],[123.6726,12.5113],[123.6853,12.5141]]]},"type":"Feature","id":"5e667bdf5a","properties":{"flclr":"#000000","name":"Salvacion","level_id":"reg","layer_val":"0","parent_id":"0","gjsonid":"6"}},{"geometry":{"type":"Polygon","coordinates":[[[123.7121,12.4615],[123.7061,12.4571],[123.6928,12.4700],[123.6933,12.4741],[123.7115,12.4795],[123.7199,12.4678],[123.7121,12.4615]]]},"type":"Feature","id":"1cf6d07c04","properties":{"flclr":"#000000","name":"Buenavista","level_id":"reg","layer_val":"0","parent_id":"0","gjsonid":"6"}},{"geometry":{"type":"Polygon","coordinates":[[[123.7151,12.5186],[123.7345,12.4955],[123.7230,12.4945],[123.7141,12.4876],[123.7064,12.4988],[123.7022,12.5172],[123.7151,12.5186]]]},"type":"Feature","id":"a2a0e1e783","properties":{"flclr":"#000000","name":"Buenos Aires","level_id":"reg","layer_val":"0","parent_id":"0","gjsonid":"6"}},{"geometry":{"type":"Polygon","coordinates":[[[123.7466,12.5134],[123.7513,12.5168],[123.7552,12.4998],[123.7345,12.4955],[123.7297,12.5037],[123.7466,12.5134]]]},"type":"Feature","id":"eacee3a75a","properties":{"flclr":"#000000","name":"Minio","level_id":"reg","layer_val":"0","parent_id":"0","gjsonid":"6"}},{"geometry":{"type":"Polygon","coordinates":[[[123.7126,12.4827],[123.7199,12.4857],[123.7402,12.4760],[123.7199,12.4678],[123.7126,12.4827]]]},"type":"Feature","id":"f2207b40a1","properties":{"flclr":"#000000","name":"Valparaiso","level_id":"reg","layer_val":"0","parent_id":"0","gjsonid":"6"}},{"geometry":{"type":"Polygon","coordinates":[[[123.7126,12.4827],[123.6933,12.4741],[123.6921,12.4905],[123.6985,12.4914],[123.7126,12.4827]]]},"type":"Feature","id":"8bbdd695cb","properties":{"flclr":"#000000","name":"Sowa","level_id":"reg","layer_val":"0","parent_id":"0","gjsonid":"6"}},{"geometry":{"type":"Polygon","coordinates":[[[123.7621,12.4892],[123.7564,12.4930],[123.7487,12.4850],[123.7441,12.4873],[123.7420,12.4844],[123.7446,12.4962],[123.7642,12.5039],[123.7705,12.4933],[123.7621,12.4892]]]},"type":"Feature","id":"6ad3e0528e","properties":{"flclr":"#000000","name":"Corbada","level_id":"reg","layer_val":"0","parent_id":"0","gjsonid":"6"}},{"geometry":{"type":"Polygon","coordinates":[[[123.7199,12.4678],[123.7483,12.4808],[123.7525,12.4719],[123.7462,12.4595],[123.7228,12.4497],[123.7121,12.4615],[123.7199,12.4678]]]},"type":"Feature","id":"ee68a92bde","properties":{"flclr":"#000000","name":"Progreso","level_id":"reg","layer_val":"0","parent_id":"0","gjsonid":"6"}},{"geometry":{"type":"Polygon","coordinates":[[[123.6975,12.3277],[123.7036,12.3190],[123.7100,12.3051],[123.6949,12.3110],[123.6901,12.3244],[123.6975,12.3277]]]},"type":"Feature","id":"80427c8d59","properties":{"flclr":"#000000","name":"Dacu","level_id":"reg","layer_val":"0","parent_id":"0","gjsonid":"6"}},{"geometry":{"type":"Polygon","coordinates":[[[123.4772,12.2235],[123.4867,12.2296],[123.4995,12.2180],[123.4858,12.2104],[123.4756,12.2115],[123.4772,12.2235]]]},"type":"Feature","id":"826fa9d904","properties":{"flclr":"#000000","name":"Tinaclipan (Bato)","level_id":"reg","layer_val":"0","parent_id":"0","gjsonid":"6"}},{"geometry":{"type":"Polygon","coordinates":[[[123.6847,12.2647],[123.6593,12.2624],[123.6517,12.2785],[123.6870,12.2776],[123.6847,12.2647]]]},"type":"Feature","id":"3f0ee89495","properties":{"flclr":"#000000","name":"Baang","level_id":"reg","layer_val":"0","parent_id":"0","gjsonid":"6"}},{"geometry":{"type":"Polygon","coordinates":[[[123.6257,12.3644],[123.6249,12.3611],[123.6210,12.3602],[123.6233,12.3657],[123.6257,12.3644]]]},"type":"Feature","id":"2e4c6a6b50","properties":{"flclr":"#000000","name":"F. Magallanes","level_id":"reg","layer_val":"0","parent_id":"0","gjsonid":"6"}},{"geometry":{"type":"Polygon","coordinates":[[[123.6949,12.3110],[123.7097,12.3052],[123.6871,12.2913],[123.6807,12.3063],[123.6855,12.3111],[123.6949,12.3110]]]},"type":"Feature","id":"0003d9042b","properties":{"flclr":"#000000","name":"Lalaguna","level_id":"reg","layer_val":"0","parent_id":"0","gjsonid":"6"}},{"geometry":{"type":"Polygon","coordinates":[[[123.6901,12.3244],[123.6935,12.3192],[123.6949,12.3110],[123.6855,12.3111],[123.6776,12.3184],[123.6901,12.3244]]]},"type":"Feature","id":"37a460234e","properties":{"flclr":"#000000","name":"Nasunduan","level_id":"reg","layer_val":"0","parent_id":"0","gjsonid":"6"}},{"geometry":{"type":"Polygon","coordinates":[[[123.6776,12.3184],[123.6855,12.3111],[123.6807,12.3063],[123.6830,12.2983],[123.6696,12.3034],[123.6713,12.3170],[123.6776,12.3184]]]},"type":"Feature","id":"37433b1ead","properties":{"flclr":"#000000","name":"Umabay Exterior","level_id":"reg","layer_val":"0","parent_id":"0","gjsonid":"6"}},{"geometry":{"type":"Polygon","coordinates":[[[123.6598,12.2798],[123.6696,12.3034],[123.6898,12.2905],[123.6870,12.2776],[123.6598,12.2798]]]},"type":"Feature","id":"fa3ef4fd66","properties":{"flclr":"#000000","name":"Umabay Interior","level_id":"reg","layer_val":"0","parent_id":"0","gjsonid":"6"}},{"geometry":{"type":"Polygon","coordinates":[[[123.6696,12.3034],[123.6598,12.2798],[123.6466,12.3020],[123.6547,12.3112],[123.6696,12.3034]]]},"type":"Feature","id":"3bed7557ea","properties":{"flclr":"#000000","name":"Pinamalatican","level_id":"reg","layer_val":"0","parent_id":"0","gjsonid":"6"}},{"geometry":{"type":"Polygon","coordinates":[[[123.3887,12.1371],[123.3729,12.1115],[123.3600,12.1008],[123.3581,12.1058],[123.3324,12.1222],[123.3612,12.1574],[123.3887,12.1371]]]},"type":"Feature","id":"94639e8e9a","properties":{"flclr":"#000000","name":"Calumpang (Taisan)","level_id":"reg","layer_val":"0","parent_id":"0","gjsonid":"6"}},{"geometry":{"type":"Polygon","coordinates":[[[123.6696,12.3034],[123.6608,12.3078],[123.6596,12.3127],[123.6639,12.3145],[123.6599,12.3200],[123.6631,12.3305],[123.6744,12.3350],[123.6796,12.3254],[123.6713,12.3170],[123.6696,12.3034]]]},"type":"Feature","id":"2de8d7c227","properties":{"flclr":"#000000","name":"Tabuc","level_id":"reg","layer_val":"0","parent_id":"0","gjsonid":"6"}},{"geometry":{"type":"Polygon","coordinates":[[[123.6901,12.3347],[123.6975,12.3277],[123.6752,12.3182],[123.6796,12.3254],[123.6766,12.3282],[123.6901,12.3347]]]},"type":"Feature","id":"2fcc337cc6","properties":{"flclr":"#000000","name":"Luyong Catungan","level_id":"reg","layer_val":"0","parent_id":"0","gjsonid":"6"}},{"geometry":{"type":"Polygon","coordinates":[[[123.6901,12.3347],[123.6750,12.3291],[123.6786,12.3319],[123.6664,12.3487],[123.6861,12.3405],[123.6901,12.3347]]]},"type":"Feature","id":"758c470750","properties":{"flclr":"#000000","name":"Fabrica","level_id":"reg","layer_val":"0","parent_id":"0","gjsonid":"6"}},{"geometry":{"type":"Polygon","coordinates":[[[123.6543,12.3407],[123.6560,12.3404],[123.6611,12.3426],[123.6602,12.3379],[123.6499,12.3355],[123.6543,12.3407]]]},"type":"Feature","id":"370ed929a0","properties":{"flclr":"#000000","name":"Poblacion Dist. II","level_id":"reg","layer_val":"0","parent_id":"0","gjsonid":"6"}},{"geometry":{"type":"Polygon","coordinates":[[[123.6499,12.3355],[123.6683,12.3445],[123.6744,12.3350],[123.6631,12.3305],[123.6616,12.3257],[123.6470,12.3305],[123.6499,12.3355]]]},"type":"Feature","id":"52e5bd4269","properties":{"flclr":"#000000","name":"Poblacion Dist. I","level_id":"reg","layer_val":"0","parent_id":"0","gjsonid":"6"}},{"geometry":{"type":"Polygon","coordinates":[[[123.6233,12.3657],[123.6215,12.3625],[123.6169,12.3666],[123.6194,12.3688],[123.6233,12.3657]]]},"type":"Feature","id":"88bab22588","properties":{"flclr":"#000000","name":"Pating (Pob.)","level_id":"reg","layer_val":"0","parent_id":"0","gjsonid":"6"}},{"geometry":{"type":"Polygon","coordinates":[[[123.6612,12.2618],[123.6847,12.2647],[123.6871,12.2422],[123.6765,12.2302],[123.6545,12.2419],[123.6612,12.2618]]]},"type":"Feature","id":"d61c6fc147","properties":{"flclr":"#000000","name":"Sawmill","level_id":"reg","layer_val":"0","parent_id":"0","gjsonid":"6"}},{"geometry":{"type":"Polygon","coordinates":[[[123.7307,12.2736],[123.7343,12.2702],[123.7291,12.2624],[123.6875,12.2200],[123.6765,12.2302],[123.6871,12.2422],[123.6847,12.2647],[123.7307,12.2736]]]},"type":"Feature","id":"6800bc7ecc","properties":{"flclr":"#000000","name":"Balatucan","level_id":"reg","layer_val":"0","parent_id":"0","gjsonid":"6"}},{"geometry":{"type":"Polygon","coordinates":[[[123.6545,12.2419],[123.6765,12.2302],[123.6322,12.2122],[123.6265,12.2164],[123.6545,12.2419]]]},"type":"Feature","id":"abfcc2f88d","properties":{"flclr":"#000000","name":"Mapuyo","level_id":"reg","layer_val":"0","parent_id":"0","gjsonid":"6"}},{"geometry":{"type":"Polygon","coordinates":[[[123.6470,12.3305],[123.6616,12.3257],[123.6599,12.3198],[123.6639,12.3145],[123.6596,12.3127],[123.6608,12.3078],[123.6466,12.3162],[123.6360,12.3140],[123.6360,12.3195],[123.6470,12.3305]]]},"type":"Feature","id":"0845a38514","properties":{"flclr":"#000000","name":"Mandali","level_id":"reg","layer_val":"0","parent_id":"0","gjsonid":"6"}},{"geometry":{"type":"Polygon","coordinates":[[[123.6466,12.3020],[123.6598,12.2798],[123.6376,12.2716],[123.6360,12.2969],[123.6466,12.3020]]]},"type":"Feature","id":"e0da5cd917","properties":{"flclr":"#000000","name":"Polot","level_id":"reg","layer_val":"0","parent_id":"0","gjsonid":"6"}},{"geometry":{"type":"Polygon","coordinates":[[[123.3600,12.1008],[123.3424,12.0909],[123.3248,12.1101],[123.3324,12.1222],[123.3581,12.1058],[123.3600,12.1008]]]},"type":"Feature","id":"25fd8df560","properties":{"flclr":"#000000","name":"Pamangpangon","level_id":"reg","layer_val":"0","parent_id":"0","gjsonid":"6"}},{"geometry":{"type":"Polygon","coordinates":[[[123.6407,12.3500],[123.6432,12.3450],[123.6304,12.3224],[123.6231,12.3241],[123.6233,12.3332],[123.6352,12.3392],[123.6407,12.3500]]]},"type":"Feature","id":"c7c4d2bb95","properties":{"flclr":"#000000","name":"Tugbo","level_id":"reg","layer_val":"0","parent_id":"0","gjsonid":"6"}},{"geometry":{"type":"Polygon","coordinates":[[[123.6418,12.2294],[123.6265,12.2164],[123.6171,12.2228],[123.6073,12.2414],[123.6224,12.2400],[123.6418,12.2294]]]},"type":"Feature","id":"d6c2702949","properties":{"flclr":"#000000","name":"Santa Maria","level_id":"reg","layer_val":"0","parent_id":"0","gjsonid":"6"}},{"geometry":{"type":"Polygon","coordinates":[[[123.6231,12.3241],[123.6394,12.3227],[123.6359,12.3099],[123.6204,12.3082],[123.6231,12.3241]]]},"type":"Feature","id":"a3974d00c2","properties":{"flclr":"#000000","name":"Holjogon","level_id":"reg","layer_val":"0","parent_id":"0","gjsonid":"6"}},{"geometry":{"type":"Polygon","coordinates":[[[123.6204,12.3082],[123.6309,12.3078],[123.6360,12.3140],[123.6466,12.3162],[123.6547,12.3112],[123.6360,12.2969],[123.6180,12.2975],[123.6204,12.3082]]]},"type":"Feature","id":"9b6c762fe3","properties":{"flclr":"#000000","name":"Tugawe","level_id":"reg","layer_val":"0","parent_id":"0","gjsonid":"6"}},{"geometry":{"type":"Polygon","coordinates":[[[123.6180,12.2975],[123.6360,12.2969],[123.6376,12.2716],[123.6201,12.2654],[123.6144,12.2671],[123.6133,12.2855],[123.6180,12.2975]]]},"type":"Feature","id":"1e0b030cbe","properties":{"flclr":"#000000","name":"Sambulawan","level_id":"reg","layer_val":"0","parent_id":"0","gjsonid":"6"}},{"geometry":{"type":"Polygon","coordinates":[[[123.6144,12.2671],[123.6201,12.2654],[123.6224,12.2400],[123.6073,12.2414],[123.6042,12.2467],[123.6144,12.2671]]]},"type":"Feature","id":"f2d4ea26e0","properties":{"flclr":"#000000","name":"Guintorelan","level_id":"reg","layer_val":"0","parent_id":"0","gjsonid":"6"}},{"geometry":{"type":"Polygon","coordinates":[[[123.6201,12.2654],[123.6459,12.2729],[123.6512,12.2787],[123.6592,12.2626],[123.6224,12.2400],[123.6201,12.2654]]]},"type":"Feature","id":"d391e55ecb","properties":{"flclr":"#000000","name":"Lomocloc","level_id":"reg","layer_val":"0","parent_id":"0","gjsonid":"6"}},{"geometry":{"type":"Polygon","coordinates":[[[123.6469,12.1258],[123.6693,12.1403],[123.7151,12.0988],[123.7140,12.0852],[123.7079,12.0833],[123.7076,12.0751],[123.7012,12.0806],[123.6942,12.0765],[123.6859,12.0828],[123.6808,12.0808],[123.6469,12.1258]]]},"type":"Feature","id":"c8254773e0","properties":{"flclr":"#000000","name":"Matagbac","level_id":"reg","layer_val":"0","parent_id":"0","gjsonid":"6"}},{"geometry":{"type":"Polygon","coordinates":[[[123.6224,12.2400],[123.6592,12.2626],[123.6611,12.2624],[123.6573,12.2436],[123.6418,12.2294],[123.6224,12.2400]]]},"type":"Feature","id":"bd6be4805a","properties":{"flclr":"#000000","name":"Mabuhay","level_id":"reg","layer_val":"0","parent_id":"0","gjsonid":"6"}},{"geometry":{"type":"Polygon","coordinates":[[[123.6870,12.2776],[123.7032,12.2849],[123.7023,12.2892],[123.7174,12.2896],[123.7283,12.2820],[123.7307,12.2736],[123.6847,12.2647],[123.6870,12.2776]]]},"type":"Feature","id":"8048435ca4","properties":{"flclr":"#000000","name":"Marintoc","level_id":"reg","layer_val":"0","parent_id":"0","gjsonid":"6"}},{"geometry":{"type":"Polygon","coordinates":[[[123.7214,12.2889],[123.7023,12.2892],[123.7032,12.2849],[123.6870,12.2776],[123.6898,12.2905],[123.7097,12.3052],[123.7098,12.2996],[123.7214,12.2889]]]},"type":"Feature","id":"c130c99e0f","properties":{"flclr":"#000000","name":"Bagacay","level_id":"reg","layer_val":"0","parent_id":"0","gjsonid":"6"}},{"geometry":{"type":"Polygon","coordinates":[[[123.6433,12.3482],[123.6545,12.3402],[123.6394,12.3227],[123.6304,12.3224],[123.6433,12.3482]]]},"type":"Feature","id":"a5d671cd94","properties":{"flclr":"#000000","name":"Pinamarbuhan","level_id":"reg","layer_val":"0","parent_id":"0","gjsonid":"6"}},{"geometry":{"type":"Polygon","coordinates":[[[123.6765,12.2302],[123.6875,12.2200],[123.6618,12.1989],[123.6458,12.1986],[123.6322,12.2122],[123.6765,12.2302]]]},"type":"Feature","id":"9617e4751a","properties":{"flclr":"#000000","name":"Barag","level_id":"reg","layer_val":"0","parent_id":"0","gjsonid":"6"}},{"geometry":{"type":"Polygon","coordinates":[[[123.6618,12.1989],[123.6875,12.2200],[123.7122,12.2191],[123.7171,12.2131],[123.7028,12.2014],[123.7057,12.1904],[123.6761,12.1776],[123.6756,12.1889],[123.6618,12.1989]]]},"type":"Feature","id":"9128e3ab2e","properties":{"flclr":"#000000","name":"Madao","level_id":"reg","layer_val":"0","parent_id":"0","gjsonid":"6"}},{"geometry":{"type":"Polygon","coordinates":[[[123.5393,12.2268],[123.5331,12.2246],[123.5239,12.2296],[123.5216,12.2259],[123.5201,12.2289],[123.5175,12.2642],[123.5196,12.2901],[123.5241,12.2919],[123.5358,12.2731],[123.5403,12.2726],[123.5399,12.2630],[123.5442,12.2624],[123.5435,12.2534],[123.5476,12.2521],[123.5351,12.2396],[123.5411,12.2345],[123.5393,12.2268]]]},"type":"Feature","id":"4d8470c015","properties":{"flclr":"#000000","name":"Cayabon","level_id":"reg","layer_val":"0","parent_id":"0","gjsonid":"6"}},{"geometry":{"type":"Polygon","coordinates":[[[123.5212,12.2261],[123.5239,12.2296],[123.5331,12.2246],[123.5381,12.2278],[123.5362,12.2232],[123.5422,12.2223],[123.5597,12.2011],[123.5508,12.1952],[123.5384,12.2110],[123.5175,12.2153],[123.5212,12.2261]]]},"type":"Feature","id":"0a99ba4b66","properties":{"flclr":"#000000","name":"Calasuche","level_id":"reg","layer_val":"0","parent_id":"0","gjsonid":"6"}},{"geometry":{"type":"Polygon","coordinates":[[[123.6469,12.1258],[123.6808,12.0808],[123.6732,12.0744],[123.6740,12.0696],[123.6677,12.0711],[123.6631,12.0798],[123.6485,12.0776],[123.6471,12.0859],[123.6074,12.1044],[123.6262,12.1286],[123.6469,12.1258]]]},"type":"Feature","id":"86f3497792","properties":{"flclr":"#000000","name":"Sawmill","level_id":"reg","layer_val":"0","parent_id":"0","gjsonid":"6"}},{"geometry":{"type":"Polygon","coordinates":[[[123.4756,12.2115],[123.4521,12.2112],[123.4546,12.2230],[123.4485,12.2281],[123.4505,12.2324],[123.4456,12.2423],[123.4621,12.2523],[123.4784,12.2200],[123.4756,12.2115]]]},"type":"Feature","id":"bc93ec8cca","properties":{"flclr":"#000000","name":"Capaculan","level_id":"reg","layer_val":"0","parent_id":"0","gjsonid":"6"}},{"geometry":{"type":"Polygon","coordinates":[[[123.4621,12.2523],[123.4449,12.2423],[123.4219,12.2916],[123.4396,12.3091],[123.4673,12.2739],[123.4731,12.2571],[123.4621,12.2523]]]},"type":"Feature","id":"413619c4e5","properties":{"flclr":"#000000","name":"Matiporon","level_id":"reg","layer_val":"0","parent_id":"0","gjsonid":"6"}},{"geometry":{"type":"Polygon","coordinates":[[[123.4396,12.3091],[123.4532,12.3278],[123.4845,12.3167],[123.4927,12.2742],[123.4915,12.2468],[123.4699,12.2598],[123.4673,12.2739],[123.4396,12.3091]]]},"type":"Feature","id":"c3990b0648","properties":{"flclr":"#000000","name":"Matanglad","level_id":"reg","layer_val":"0","parent_id":"0","gjsonid":"6"}},{"geometry":{"type":"Polygon","coordinates":[[[123.4532,12.3278],[123.4219,12.2916],[123.3886,12.2990],[123.4033,12.3367],[123.4532,12.3278]]]},"type":"Feature","id":"0e1a675b09","properties":{"flclr":"#000000","name":"Moises R. Espinosa","level_id":"reg","layer_val":"0","parent_id":"0","gjsonid":"6"}},{"geometry":{"type":"Polygon","coordinates":[[[123.5175,12.2153],[123.5087,12.2165],[123.5080,12.2219],[123.5212,12.2261],[123.5175,12.2153]]]},"type":"Feature","id":"96d9598858","properties":{"flclr":"#000000","name":"Poblacion East","level_id":"reg","layer_val":"0","parent_id":"0","gjsonid":"6"}},{"geometry":{"type":"Polygon","coordinates":[[[123.4867,12.2296],[123.4738,12.2246],[123.4621,12.2523],[123.4753,12.2571],[123.4907,12.2480],[123.4927,12.2381],[123.4867,12.2296]]]},"type":"Feature","id":"40f20447d4","properties":{"flclr":"#000000","name":"Tawad","level_id":"reg","layer_val":"0","parent_id":"0","gjsonid":"6"}},{"geometry":{"type":"Polygon","coordinates":[[[123.3990,12.2974],[123.4219,12.2916],[123.4486,12.2371],[123.4485,12.2281],[123.4545,12.2233],[123.4529,12.2102],[123.4359,12.2051],[123.4334,12.2322],[123.4277,12.2334],[123.3851,12.2748],[123.3990,12.2974]]]},"type":"Feature","id":"e125982e93","properties":{"flclr":"#000000","name":"Narangasan","level_id":"reg","layer_val":"0","parent_id":"0","gjsonid":"6"}},{"geometry":{"type":"Polygon","coordinates":[[[123.6074,12.1044],[123.6471,12.0859],[123.6445,12.0686],[123.6004,12.0755],[123.5989,12.0804],[123.6126,12.0940],[123.6074,12.1044]]]},"type":"Feature","id":"9a9d19b9bf","properties":{"flclr":"#000000","name":"Bara","level_id":"reg","layer_val":"0","parent_id":"0","gjsonid":"6"}},{"geometry":{"type":"Polygon","coordinates":[[[123.5792,12.1567],[123.5664,12.1673],[123.5637,12.1813],[123.5508,12.1952],[123.5603,12.2023],[123.5955,12.1993],[123.6052,12.2010],[123.6057,12.2065],[123.6093,12.2050],[123.6126,12.1845],[123.6055,12.1789],[123.6011,12.1636],[123.5920,12.1703],[123.5911,12.1577],[123.5847,12.1609],[123.5792,12.1567]]]},"type":"Feature","id":"a3eed7dc6f","properties":{"flclr":"#000000","name":"Magsalangi","level_id":"reg","layer_val":"0","parent_id":"0","gjsonid":"6"}},{"geometry":{"type":"Polygon","coordinates":[[[123.6458,12.1986],[123.6618,12.1989],[123.6756,12.1889],[123.6731,12.1835],[123.6765,12.1767],[123.6693,12.1403],[123.6469,12.1258],[123.6394,12.1618],[123.6203,12.1981],[123.6458,12.1986]]]},"type":"Feature","id":"f40c12bf40","properties":{"flclr":"#000000","name":"San Carlos","level_id":"reg","layer_val":"0","parent_id":"0","gjsonid":"6"}},{"geometry":{"type":"Polygon","coordinates":[[[123.6291,12.3685],[123.6257,12.3644],[123.6194,12.3688],[123.6268,12.3701],[123.6291,12.3685]]]},"type":"Feature","id":"2a9f57052a","properties":{"flclr":"#000000","name":"Centro (Pob.)","level_id":"reg","layer_val":"0","parent_id":"0","gjsonid":"6"}},{"geometry":{"type":"Polygon","coordinates":[[[123.3887,12.1371],[123.3612,12.1574],[123.3888,12.2089],[123.4001,12.1990],[123.4058,12.2006],[123.4093,12.1923],[123.4154,12.1942],[123.4232,12.1888],[123.4211,12.1806],[123.3887,12.1371]]]},"type":"Feature","id":"9b36b2cf21","properties":{"flclr":"#000000","name":"Bangad","level_id":"reg","layer_val":"0","parent_id":"0","gjsonid":"6"}},{"geometry":{"type":"Polygon","coordinates":[[[123.5080,12.2219],[123.5087,12.2165],[123.4977,12.2208],[123.4977,12.2216],[123.5080,12.2219]]]},"type":"Feature","id":"98d7c323d9","properties":{"flclr":"#000000","name":"Poblacion West","level_id":"reg","layer_val":"0","parent_id":"0","gjsonid":"6"}},{"geometry":{"type":"Polygon","coordinates":[[[123.5178,12.2440],[123.5212,12.2261],[123.4977,12.2216],[123.4868,12.2292],[123.4927,12.2381],[123.4914,12.2491],[123.5178,12.2440]]]},"type":"Feature","id":"6475ef541a","properties":{"flclr":"#000000","name":"Bacolod","level_id":"reg","layer_val":"0","parent_id":"0","gjsonid":"6"}},{"geometry":{"type":"Polygon","coordinates":[[[123.5178,12.2440],[123.4914,12.2491],[123.4927,12.2742],[123.4845,12.3167],[123.5091,12.3119],[123.5241,12.2919],[123.5196,12.2901],[123.5178,12.2440]]]},"type":"Feature","id":"4f8fca81ab","properties":{"flclr":"#000000","name":"Bonbon","level_id":"reg","layer_val":"0","parent_id":"0","gjsonid":"6"}},{"geometry":{"type":"Polygon","coordinates":[[[123.6073,12.2414],[123.6171,12.2228],[123.6458,12.1986],[123.6129,12.1979],[123.6057,12.2065],[123.6052,12.2010],[123.5955,12.1993],[123.5603,12.2023],[123.5422,12.2223],[123.5362,12.2232],[123.5413,12.2332],[123.5351,12.2396],[123.5398,12.2440],[123.5518,12.2314],[123.5644,12.2285],[123.5691,12.2222],[123.5744,12.2287],[123.5798,12.2275],[123.5826,12.2320],[123.6073,12.2414]]]},"type":"Feature","id":"3deadbddfc","properties":{"flclr":"#000000","name":"Jamorawon","level_id":"reg","layer_val":"0","parent_id":"0","gjsonid":"6"}},{"geometry":{"type":"Polygon","coordinates":[[[123.5770,12.4063],[123.5935,12.3951],[123.5888,12.3845],[123.5747,12.3835],[123.5711,12.3989],[123.5770,12.4063]]]},"type":"Feature","id":"32a87c79e2","properties":{"flclr":"#000000","name":"Cawayan Exterior","level_id":"reg","layer_val":"0","parent_id":"0","gjsonid":"6"}},{"geometry":{"type":"Polygon","coordinates":[[[123.5659,12.4338],[123.5675,12.4219],[123.5386,12.4198],[123.5423,12.4309],[123.5659,12.4338]]]},"type":"Feature","id":"bb458a1835","properties":{"flclr":"#000000","name":"Anas","level_id":"reg","layer_val":"0","parent_id":"0","gjsonid":"6"}},{"geometry":{"type":"Polygon","coordinates":[[[123.6129,12.1979],[123.6203,12.1981],[123.6394,12.1618],[123.6469,12.1258],[123.6262,12.1286],[123.6074,12.1044],[123.5938,12.1310],[123.5945,12.1368],[123.5792,12.1567],[123.5847,12.1609],[123.5911,12.1577],[123.5920,12.1703],[123.6011,12.1636],[123.6055,12.1789],[123.6126,12.1845],[123.6129,12.1979]]]},"type":"Feature","id":"f4e447c381","properties":{"flclr":"#000000","name":"Tigbao","level_id":"reg","layer_val":"0","parent_id":"0","gjsonid":"6"}},{"geometry":{"type":"Polygon","coordinates":[[[123.6169,12.3666],[123.6150,12.3695],[123.6210,12.3714],[123.6204,12.3700],[123.6169,12.3666]]]},"type":"Feature","id":"c5672e67a4","properties":{"flclr":"#000000","name":"Bapor (Pob.)","level_id":"reg","layer_val":"0","parent_id":"0","gjsonid":"6"}},{"geometry":{"type":"Polygon","coordinates":[[[123.5868,12.3658],[123.5868,12.3588],[123.5819,12.3568],[123.5832,12.3465],[123.5775,12.3427],[123.5561,12.3498],[123.5651,12.3688],[123.5760,12.3645],[123.5868,12.3658]]]},"type":"Feature","id":"beaf40878c","properties":{"flclr":"#000000","name":"Pawa","level_id":"reg","layer_val":"0","parent_id":"0","gjsonid":"6"}},{"geometry":{"type":"Polygon","coordinates":[[[123.5747,12.3835],[123.5824,12.3852],[123.5868,12.3658],[123.5714,12.3652],[123.5542,12.3810],[123.5747,12.3835]]]},"type":"Feature","id":"34c9184fed","properties":{"flclr":"#000000","name":"Batuhan","level_id":"reg","layer_val":"0","parent_id":"0","gjsonid":"6"}},{"geometry":{"type":"Polygon","coordinates":[[[123.5570,12.4600],[123.5664,12.4400],[123.5651,12.4319],[123.5535,12.4337],[123.5517,12.4510],[123.5570,12.4600]]]},"type":"Feature","id":"99616147d8","properties":{"flclr":"#000000","name":"B. Titong","level_id":"reg","layer_val":"0","parent_id":"0","gjsonid":"6"}},{"geometry":{"type":"Polygon","coordinates":[[[123.5711,12.3989],[123.5747,12.3835],[123.5542,12.3810],[123.5340,12.4096],[123.5711,12.3989]]]},"type":"Feature","id":"585da6dcb3","properties":{"flclr":"#000000","name":"Cawayan Interior","level_id":"reg","layer_val":"0","parent_id":"0","gjsonid":"6"}},{"geometry":{"type":"Polygon","coordinates":[[[123.5622,12.2588],[123.5734,12.2972],[123.5927,12.2822],[123.6158,12.2750],[123.6042,12.2467],[123.6073,12.2414],[123.5622,12.2588]]]},"type":"Feature","id":"661df95741","properties":{"flclr":"#000000","name":"Cagay","level_id":"reg","layer_val":"0","parent_id":"0","gjsonid":"6"}},{"geometry":{"type":"Polygon","coordinates":[[[123.5691,12.2750],[123.5622,12.2588],[123.5462,12.2490],[123.5442,12.2624],[123.5399,12.2630],[123.5407,12.2718],[123.5358,12.2731],[123.5181,12.3002],[123.5343,12.2983],[123.5691,12.2750]]]},"type":"Feature","id":"a8bcd28895","properties":{"flclr":"#000000","name":"Asid","level_id":"reg","layer_val":"0","parent_id":"0","gjsonid":"6"}},{"geometry":{"type":"Polygon","coordinates":[[[123.5462,12.2490],[123.5622,12.2588],[123.6073,12.2414],[123.5826,12.2320],[123.5798,12.2275],[123.5744,12.2287],[123.5691,12.2222],[123.5644,12.2285],[123.5518,12.2314],[123.5404,12.2440],[123.5462,12.2490]]]},"type":"Feature","id":"a5800ece7a","properties":{"flclr":"#000000","name":"Tagbon","level_id":"reg","layer_val":"0","parent_id":"0","gjsonid":"6"}},{"geometry":{"type":"Polygon","coordinates":[[[123.5502,12.3183],[123.5408,12.3198],[123.5291,12.3346],[123.4999,12.3523],[123.5085,12.3710],[123.5463,12.3396],[123.5524,12.3257],[123.5502,12.3183]]]},"type":"Feature","id":"fc542c2af9","properties":{"flclr":"#000000","name":"Biyong","level_id":"reg","layer_val":"0","parent_id":"0","gjsonid":"6"}},{"geometry":{"type":"Polygon","coordinates":[[[123.4999,12.3523],[123.5291,12.3346],[123.5408,12.3198],[123.5502,12.3183],[123.5396,12.3019],[123.5343,12.2983],[123.5181,12.3002],[123.5091,12.3119],[123.4845,12.3167],[123.4999,12.3523]]]},"type":"Feature","id":"ab1df4683d","properties":{"flclr":"#000000","name":"Igang","level_id":"reg","layer_val":"0","parent_id":"0","gjsonid":"6"}},{"geometry":{"type":"Polygon","coordinates":[[[123.6268,12.3701],[123.6229,12.3676],[123.6202,12.3697],[123.6234,12.3733],[123.6268,12.3701]]]},"type":"Feature","id":"7d4e9e5dfb","properties":{"flclr":"#000000","name":"Kalipay (Pob.)","level_id":"reg","layer_val":"0","parent_id":"0","gjsonid":"6"}},{"geometry":{"type":"Polygon","coordinates":[[[123.5340,12.4096],[123.5542,12.3810],[123.5406,12.3712],[123.5085,12.3710],[123.5108,12.3820],[123.5340,12.4096]]]},"type":"Feature","id":"4abea6f6f5","properties":{"flclr":"#000000","name":"Mapi\u00f1a","level_id":"reg","layer_val":"0","parent_id":"0","gjsonid":"6"}},{"geometry":{"type":"Polygon","coordinates":[[[123.5542,12.3810],[123.5651,12.3688],[123.5561,12.3498],[123.5463,12.3396],[123.5085,12.3710],[123.5406,12.3712],[123.5542,12.3810]]]},"type":"Feature","id":"323f9fc02f","properties":{"flclr":"#000000","name":"Bayombon","level_id":"reg","layer_val":"0","parent_id":"0","gjsonid":"6"}},{"geometry":{"type":"Polygon","coordinates":[[[123.5386,12.4198],[123.5675,12.4219],[123.5759,12.4032],[123.5711,12.3989],[123.5340,12.4096],[123.5386,12.4198]]]},"type":"Feature","id":"3697af361a","properties":{"flclr":"#000000","name":"Bolo","level_id":"reg","layer_val":"0","parent_id":"0","gjsonid":"6"}},{"geometry":{"type":"Polygon","coordinates":[[[123.5934,12.3887],[123.6069,12.3854],[123.6099,12.3774],[123.5932,12.3776],[123.5874,12.3716],[123.5824,12.3852],[123.5934,12.3887]]]},"type":"Feature","id":"8b2bfbeae8","properties":{"flclr":"#000000","name":"Bantigue","level_id":"reg","layer_val":"0","parent_id":"0","gjsonid":"6"}},{"geometry":{"type":"Polygon","coordinates":[[[123.5502,12.3183],[123.5524,12.3257],[123.5463,12.3396],[123.5561,12.3498],[123.5775,12.3427],[123.5725,12.3347],[123.5728,12.3273],[123.5782,12.3234],[123.5691,12.2750],[123.5343,12.2983],[123.5502,12.3183]]]},"type":"Feature","id":"b76868051c","properties":{"flclr":"#000000","name":"Malinta","level_id":"reg","layer_val":"0","parent_id":"0","gjsonid":"6"}},{"geometry":{"type":"Polygon","coordinates":[[[123.5734,12.2972],[123.5782,12.3234],[123.6214,12.3159],[123.6133,12.2855],[123.6158,12.2750],[123.5927,12.2822],[123.5734,12.2972]]]},"type":"Feature","id":"5050723a64","properties":{"flclr":"#000000","name":"Sinalongan","level_id":"reg","layer_val":"0","parent_id":"0","gjsonid":"6"}},{"geometry":{"type":"Polygon","coordinates":[[[123.5775,12.3427],[123.5832,12.3465],[123.5951,12.3312],[123.6066,12.3352],[123.6184,12.3294],[123.6214,12.3159],[123.5782,12.3234],[123.5726,12.3290],[123.5775,12.3427]]]},"type":"Feature","id":"cd87417cda","properties":{"flclr":"#000000","name":"Usab","level_id":"reg","layer_val":"0","parent_id":"0","gjsonid":"6"}},{"geometry":{"type":"Polygon","coordinates":[[[123.6184,12.3294],[123.6066,12.3352],[123.5951,12.3312],[123.5832,12.3465],[123.6031,12.3591],[123.6190,12.3396],[123.6184,12.3294]]]},"type":"Feature","id":"1f2c1ee828","properties":{"flclr":"#000000","name":"Mayngaran","level_id":"reg","layer_val":"0","parent_id":"0","gjsonid":"6"}},{"geometry":{"type":"Polygon","coordinates":[[[123.6342,12.3621],[123.6414,12.3594],[123.6419,12.3502],[123.6355,12.3456],[123.6352,12.3392],[123.6233,12.3332],[123.6223,12.3211],[123.6184,12.3294],[123.6210,12.3602],[123.6342,12.3621]]]},"type":"Feature","id":"838d89e6bc","properties":{"flclr":"#000000","name":"Tugbo","level_id":"reg","layer_val":"0","parent_id":"0","gjsonid":"6"}},{"geometry":{"type":"Polygon","coordinates":[[[123.6210,12.3602],[123.6190,12.3396],[123.6031,12.3591],[123.6114,12.3644],[123.6210,12.3602]]]},"type":"Feature","id":"825da5eb83","properties":{"flclr":"#000000","name":"Kinamaligan","level_id":"reg","layer_val":"0","parent_id":"0","gjsonid":"6"}},{"geometry":{"type":"Polygon","coordinates":[[[123.6349,12.3770],[123.6291,12.3685],[123.6234,12.3733],[123.6264,12.3791],[123.6349,12.3770]]]},"type":"Feature","id":"bc3215c119","properties":{"flclr":"#000000","name":"Ibingay","level_id":"reg","layer_val":"0","parent_id":"0","gjsonid":"6"}},{"geometry":{"type":"Polygon","coordinates":[[[123.6194,12.3703],[123.6150,12.3695],[123.6160,12.3771],[123.6193,12.3725],[123.6194,12.3703]]]},"type":"Feature","id":"2677a84828","properties":{"flclr":"#000000","name":"Bagumbayan","level_id":"reg","layer_val":"0","parent_id":"0","gjsonid":"6"}},{"geometry":{"type":"Polygon","coordinates":[[[123.6254,12.3785],[123.6252,12.3745],[123.6194,12.3703],[123.6160,12.3771],[123.6254,12.3785]]]},"type":"Feature","id":"7e72df75df","properties":{"flclr":"#000000","name":"Espinosa","level_id":"reg","layer_val":"0","parent_id":"0","gjsonid":"6"}},{"geometry":{"type":"Polygon","coordinates":[[[123.3944,12.3133],[123.3886,12.2990],[123.3653,12.3032],[123.3431,12.3179],[123.3541,12.3319],[123.3944,12.3133]]]},"type":"Feature","id":"c253df99d4","properties":{"flclr":"#000000","name":"Bat-Ongan","level_id":"reg","layer_val":"0","parent_id":"0","gjsonid":"6"}},{"geometry":{"type":"Polygon","coordinates":[[[123.2307,12.1200],[123.2361,12.1209],[123.2358,12.1246],[123.2455,12.1213],[123.2498,12.1264],[123.2666,12.1207],[123.2754,12.1235],[123.2582,12.0868],[123.2361,12.1027],[123.2307,12.1200]]]},"type":"Feature","id":"439a830f71","properties":{"flclr":"#000000","name":"Looc","level_id":"reg","layer_val":"0","parent_id":"0","gjsonid":"6"}},{"geometry":{"type":"Polygon","coordinates":[[[123.2971,12.2395],[123.2966,12.2452],[123.2943,12.2391],[123.2769,12.2607],[123.2872,12.2652],[123.3090,12.2893],[123.3351,12.2807],[123.3052,12.2571],[123.3071,12.2465],[123.2971,12.2395]]]},"type":"Feature","id":"880e41c90f","properties":{"flclr":"#000000","name":"Dayao","level_id":"reg","layer_val":"0","parent_id":"0","gjsonid":"6"}},{"geometry":{"type":"Polygon","coordinates":[[[123.4033,12.3367],[123.3944,12.3133],[123.3541,12.3319],[123.3598,12.3430],[123.4033,12.3367]]]},"type":"Feature","id":"2a2272ec56","properties":{"flclr":"#000000","name":"Mabatobato","level_id":"reg","layer_val":"0","parent_id":"0","gjsonid":"6"}},{"geometry":{"type":"Polygon","coordinates":[[[123.2776,12.1579],[123.2878,12.1398],[123.2803,12.1361],[123.2610,12.1536],[123.2720,12.1620],[123.2776,12.1579]]]},"type":"Feature","id":"945df49cf6","properties":{"flclr":"#000000","name":"Canomoy","level_id":"reg","layer_val":"0","parent_id":"0","gjsonid":"6"}},{"geometry":{"type":"Polygon","coordinates":[[[123.2438,12.2259],[123.2327,12.2370],[123.2337,12.2452],[123.2596,12.2670],[123.2593,12.2448],[123.2513,12.2420],[123.2438,12.2259]]]},"type":"Feature","id":"e54e0cf1a3","properties":{"flclr":"#000000","name":"Maolingon","level_id":"reg","layer_val":"0","parent_id":"0","gjsonid":"6"}},{"geometry":{"type":"Polygon","coordinates":[[[123.2878,12.1385],[123.2775,12.1574],[123.2835,12.1742],[123.2911,12.1730],[123.2970,12.1641],[123.3016,12.1697],[123.3097,12.1668],[123.3114,12.1565],[123.3100,12.1460],[123.2953,12.1369],[123.2878,12.1385]]]},"type":"Feature","id":"f902a1b135","properties":{"flclr":"#000000","name":"Ayat","level_id":"reg","layer_val":"0","parent_id":"0","gjsonid":"6"}},{"geometry":{"type":"Polygon","coordinates":[[[123.2327,12.2370],[123.2438,12.2259],[123.2279,12.2169],[123.2166,12.2386],[123.2189,12.2411],[123.2327,12.2370]]]},"type":"Feature","id":"125fce1670","properties":{"flclr":"#000000","name":"Guincaiptan","level_id":"reg","layer_val":"0","parent_id":"0","gjsonid":"6"}},{"geometry":{"type":"Polygon","coordinates":[[[123.2943,12.2391],[123.2915,12.2290],[123.2905,12.2173],[123.2873,12.2472],[123.2943,12.2391]]]},"type":"Feature","id":"ee26d61883","properties":{"flclr":"#000000","name":"Laguinbanwa","level_id":"reg","layer_val":"0","parent_id":"0","gjsonid":"6"}},{"geometry":{"type":"Polygon","coordinates":[[[123.2988,12.2343],[123.3228,12.2340],[123.3579,12.2314],[123.3457,12.2053],[123.3216,12.2071],[123.3003,12.2168],[123.2945,12.2257],[123.2988,12.2343]]]},"type":"Feature","id":"f4be784dc1","properties":{"flclr":"#000000","name":"Tagpu","level_id":"reg","layer_val":"0","parent_id":"0","gjsonid":"6"}},{"geometry":{"type":"Polygon","coordinates":[[[123.2754,12.1235],[123.2931,12.1179],[123.2939,12.1006],[123.2737,12.0874],[123.2582,12.0868],[123.2754,12.1235]]]},"type":"Feature","id":"c7646cfb3d","properties":{"flclr":"#000000","name":"Pinamangcaan","level_id":"reg","layer_val":"0","parent_id":"0","gjsonid":"6"}},{"geometry":{"type":"Polygon","coordinates":[[[123.3579,12.2314],[123.2988,12.2343],[123.2971,12.2395],[123.3071,12.2465],[123.3052,12.2571],[123.3351,12.2807],[123.3801,12.2667],[123.3579,12.2314]]]},"type":"Feature","id":"b1198b7482","properties":{"flclr":"#000000","name":"Alas","level_id":"reg","layer_val":"0","parent_id":"0","gjsonid":"6"}},{"geometry":{"type":"Polygon","coordinates":[[[123.3090,12.2893],[123.3431,12.3179],[123.3653,12.3032],[123.3990,12.2974],[123.3801,12.2667],[123.3090,12.2893]]]},"type":"Feature","id":"4766c42283","properties":{"flclr":"#000000","name":"Cabitan","level_id":"reg","layer_val":"0","parent_id":"0","gjsonid":"6"}},{"geometry":{"type":"Polygon","coordinates":[[[123.3241,12.3024],[123.3090,12.2893],[123.2945,12.2740],[123.2878,12.2953],[123.2956,12.3220],[123.3017,12.3160],[123.3064,12.3181],[123.3241,12.3024]]]},"type":"Feature","id":"66fb1a6a16","properties":{"flclr":"#000000","name":"Santa Fe","level_id":"reg","layer_val":"0","parent_id":"0","gjsonid":"6"}},{"geometry":{"type":"Polygon","coordinates":[[[123.3003,12.2168],[123.3216,12.2071],[123.3457,12.2053],[123.3350,12.1875],[123.3146,12.1987],[123.3006,12.2011],[123.2973,12.2057],[123.3003,12.2168]]]},"type":"Feature","id":"b0e3a6ffd7","properties":{"flclr":"#000000","name":"Nanipsan","level_id":"reg","layer_val":"0","parent_id":"0","gjsonid":"6"}},{"geometry":{"type":"Polygon","coordinates":[[[123.2769,12.2607],[123.2596,12.2670],[123.2422,12.2934],[123.2542,12.3105],[123.2559,12.3233],[123.2644,12.3321],[123.2685,12.3466],[123.2795,12.3443],[123.2769,12.3346],[123.2894,12.3312],[123.2861,12.3218],[123.2911,12.3258],[123.2956,12.3220],[123.2878,12.2953],[123.2945,12.2740],[123.2769,12.2607]]]},"type":"Feature","id":"cdc83b3243","properties":{"flclr":"#000000","name":"Bugtong","level_id":"reg","layer_val":"0","parent_id":"0","gjsonid":"6"}},{"geometry":{"type":"Polygon","coordinates":[[[123.2596,12.2670],[123.2769,12.2607],[123.2873,12.2472],[123.2862,12.2393],[123.2766,12.2350],[123.2670,12.2441],[123.2593,12.2448],[123.2596,12.2670]]]},"type":"Feature","id":"527134f9c0","properties":{"flclr":"#000000","name":"Nailaban","level_id":"reg","layer_val":"0","parent_id":"0","gjsonid":"6"}},{"geometry":{"type":"Polygon","coordinates":[[[123.3801,12.2667],[123.3851,12.2748],[123.4351,12.2297],[123.4368,12.2050],[123.4278,12.1992],[123.4232,12.1888],[123.4154,12.1942],[123.4093,12.1923],[123.4058,12.2006],[123.4000,12.1990],[123.3579,12.2314],[123.3801,12.2667]]]},"type":"Feature","id":"a4fc3676bb","properties":{"flclr":"#000000","name":"Paraiso (Potot)","level_id":"reg","layer_val":"0","parent_id":"0","gjsonid":"6"}},{"geometry":{"type":"Polygon","coordinates":[[[123.2973,12.2057],[123.3011,12.2034],[123.3020,12.1878],[123.3073,12.1877],[123.3047,12.1833],[123.3099,12.1798],[123.3088,12.1746],[123.3188,12.1785],[123.3230,12.1717],[123.3114,12.1565],[123.3097,12.1668],[123.3016,12.1697],[123.2970,12.1641],[123.2910,12.1731],[123.2835,12.1742],[123.2815,12.1707],[123.2781,12.1798],[123.2676,12.1851],[123.2696,12.1984],[123.2828,12.2138],[123.2860,12.2142],[123.2873,12.2022],[123.2973,12.2057]]]},"type":"Feature","id":"8139a81e13","properties":{"flclr":"#000000","name":"Lantangan","level_id":"reg","layer_val":"0","parent_id":"0","gjsonid":"6"}},{"geometry":{"type":"Polygon","coordinates":[[[123.2862,12.2393],[123.2897,12.2175],[123.2869,12.2150],[123.2766,12.2350],[123.2862,12.2393]]]},"type":"Feature","id":"cc9726bc76","properties":{"flclr":"#000000","name":"Poblacion","level_id":"reg","layer_val":"0","parent_id":"0","gjsonid":"6"}},{"geometry":{"type":"Polygon","coordinates":[[[123.2803,12.1361],[123.2754,12.1235],[123.2677,12.1206],[123.2479,12.1262],[123.2393,12.1375],[123.2610,12.1536],[123.2803,12.1361]]]},"type":"Feature","id":"26693122f4","properties":{"flclr":"#000000","name":"Buri","level_id":"reg","layer_val":"0","parent_id":"0","gjsonid":"6"}},{"geometry":{"type":"Polygon","coordinates":[[[123.2596,12.2670],[123.2370,12.2496],[123.2344,12.2423],[123.2209,12.2533],[123.2230,12.2685],[123.2441,12.2895],[123.2596,12.2670]]]},"type":"Feature","id":"badb600660","properties":{"flclr":"#000000","name":"Tumalaytay","level_id":"reg","layer_val":"0","parent_id":"0","gjsonid":"6"}},{"geometry":{"type":"Polygon","coordinates":[[[123.3114,12.1565],[123.3408,12.1951],[123.3579,12.2314],[123.3888,12.2089],[123.3690,12.1686],[123.3324,12.1222],[123.3188,12.1447],[123.3100,12.1460],[123.3114,12.1565]]]},"type":"Feature","id":"4825a6d699","properties":{"flclr":"#000000","name":"San Juan","level_id":"reg","layer_val":"0","parent_id":"0","gjsonid":"6"}},{"geometry":{"type":"Polygon","coordinates":[[[123.3350,12.1875],[123.3230,12.1717],[123.3188,12.1785],[123.3096,12.1739],[123.3099,12.1798],[123.3050,12.1817],[123.3071,12.1883],[123.3020,12.1878],[123.3006,12.2011],[123.3146,12.1987],[123.3350,12.1875]]]},"type":"Feature","id":"9080749cfc","properties":{"flclr":"#000000","name":"Centro","level_id":"reg","layer_val":"0","parent_id":"0","gjsonid":"6"}},{"geometry":{"type":"Polygon","coordinates":[[[123.2803,12.1361],[123.2953,12.1369],[123.3135,12.1481],[123.3324,12.1222],[123.3248,12.1101],[123.3142,12.1093],[123.2754,12.1235],[123.2803,12.1361]]]},"type":"Feature","id":"e4298a0a78","properties":{"flclr":"#000000","name":"San Pablo","level_id":"reg","layer_val":"0","parent_id":"0","gjsonid":"6"}},{"geometry":{"type":"Polygon","coordinates":[[[123.7324,12.0662],[123.7475,12.0874],[123.7754,12.0914],[123.7628,12.0664],[123.7324,12.0662]]]},"type":"Feature","id":"f0554b3e03","properties":{"flclr":"#000000","name":"Pulot","level_id":"reg","layer_val":"0","parent_id":"0","gjsonid":"6"}},{"geometry":{"type":"Polygon","coordinates":[[[123.7237,11.9686],[123.7461,11.9473],[123.7417,11.9484],[123.7216,11.9310],[123.7275,11.9465],[123.7107,11.9565],[123.7151,11.9647],[123.7237,11.9686]]]},"type":"Feature","id":"7fd81b2c24","properties":{"flclr":"#000000","name":"Recodo","level_id":"reg","layer_val":"0","parent_id":"0","gjsonid":"6"}},{"geometry":{"type":"Polygon","coordinates":[[[123.7475,12.0874],[123.7324,12.0662],[123.7234,12.0713],[123.7211,12.0865],[123.7391,12.0951],[123.7475,12.0874]]]},"type":"Feature","id":"6faa167966","properties":{"flclr":"#000000","name":"Lague-lague","level_id":"reg","layer_val":"0","parent_id":"0","gjsonid":"6"}},{"geometry":{"type":"Polygon","coordinates":[[[123.6745,11.8772],[123.6723,11.8711],[123.6675,11.8715],[123.6686,11.8799],[123.6745,11.8772]]]},"type":"Feature","id":"899c89c585","properties":{"flclr":"#000000","name":"Punta Batsan","level_id":"reg","layer_val":"0","parent_id":"0","gjsonid":"6"}},{"geometry":{"type":"Polygon","coordinates":[[[123.6675,11.8715],[123.6594,11.8800],[123.6566,11.8936],[123.6637,11.8932],[123.6675,11.8715]]]},"type":"Feature","id":"973f830cb3","properties":{"flclr":"#000000","name":"Talisay","level_id":"reg","layer_val":"0","parent_id":"0","gjsonid":"6"}},{"geometry":{"type":"Polygon","coordinates":[[[123.7314,11.9818],[123.7220,11.9924],[123.7162,12.0092],[123.7381,12.0090],[123.7621,12.0006],[123.7572,11.9739],[123.7512,11.9676],[123.7314,11.9818]]]},"type":"Feature","id":"2cd64e6251","properties":{"flclr":"#000000","name":"Pin-As","level_id":"reg","layer_val":"0","parent_id":"0","gjsonid":"6"}},{"geometry":{"type":"Polygon","coordinates":[[[123.7722,12.0239],[123.7507,12.0048],[123.7162,12.0092],[123.7139,12.0141],[123.7324,12.0662],[123.7508,12.0389],[123.7722,12.0239]]]},"type":"Feature","id":"3b44f4e6ae","properties":{"flclr":"#000000","name":"Dalipe","level_id":"reg","layer_val":"0","parent_id":"0","gjsonid":"6"}},{"geometry":{"type":"Polygon","coordinates":[[[123.7162,12.0092],[123.7165,12.0025],[123.6875,12.0281],[123.6899,12.0303],[123.6847,12.0384],[123.6975,12.0570],[123.7189,12.0277],[123.7137,12.0176],[123.7162,12.0092]]]},"type":"Feature","id":"3ed6106fec","properties":{"flclr":"#000000","name":"Pananawan","level_id":"reg","layer_val":"0","parent_id":"0","gjsonid":"6"}},{"geometry":{"type":"Polygon","coordinates":[[[123.6929,12.0236],[123.6682,12.0342],[123.6827,12.0514],[123.6975,12.0570],[123.6847,12.0384],[123.6929,12.0236]]]},"type":"Feature","id":"8d1b2a3e13","properties":{"flclr":"#000000","name":"Cabayugan","level_id":"reg","layer_val":"0","parent_id":"0","gjsonid":"6"}},{"geometry":{"type":"Polygon","coordinates":[[[123.7732,12.0529],[123.7508,12.0389],[123.7324,12.0662],[123.7628,12.0664],[123.7732,12.0529]]]},"type":"Feature","id":"7250a07449","properties":{"flclr":"#000000","name":"R.M. Magbalon (Bebinan)","level_id":"reg","layer_val":"0","parent_id":"0","gjsonid":"6"}},{"geometry":{"type":"Polygon","coordinates":[[[123.7324,12.0662],[123.7189,12.0277],[123.6975,12.0570],[123.6942,12.0765],[123.7012,12.0806],[123.7064,12.0742],[123.7083,12.0837],[123.7211,12.0856],[123.7234,12.0713],[123.7324,12.0662]]]},"type":"Feature","id":"ac1d1babde","properties":{"flclr":"#000000","name":"Taberna","level_id":"reg","layer_val":"0","parent_id":"0","gjsonid":"6"}},{"geometry":{"type":"Polygon","coordinates":[[[123.7754,12.0914],[123.7475,12.0874],[123.7391,12.0951],[123.7487,12.1036],[123.7449,12.1159],[123.7651,12.1188],[123.7725,12.1096],[123.7801,12.1076],[123.7754,12.0914]]]},"type":"Feature","id":"48f848d802","properties":{"flclr":"#000000","name":"Mactan","level_id":"reg","layer_val":"0","parent_id":"0","gjsonid":"6"}},{"geometry":{"type":"Polygon","coordinates":[[[123.6637,11.8932],[123.6566,11.8936],[123.6591,11.9037],[123.6704,11.9049],[123.6756,11.9014],[123.6755,11.8903],[123.6637,11.8932]]]},"type":"Feature","id":"712904c0fa","properties":{"flclr":"#000000","name":"Naro","level_id":"reg","layer_val":"0","parent_id":"0","gjsonid":"6"}},{"geometry":{"type":"Polygon","coordinates":[[[123.6431,12.0674],[123.6485,12.0776],[123.6631,12.0798],[123.6677,12.0711],[123.6740,12.0696],[123.6736,12.0749],[123.6859,12.0828],[123.6942,12.0765],[123.6975,12.0570],[123.6827,12.0514],[123.6682,12.0342],[123.6504,12.0457],[123.6411,12.0645],[123.6431,12.0674]]]},"type":"Feature","id":"207aa65cc2","properties":{"flclr":"#000000","name":"Malbug","level_id":"reg","layer_val":"0","parent_id":"0","gjsonid":"6"}},{"geometry":{"type":"Polygon","coordinates":[[[123.7461,11.9473],[123.7523,11.9552],[123.7603,11.9482],[123.7509,11.9427],[123.7446,11.9223],[123.7216,11.9310],[123.7417,11.9484],[123.7461,11.9473]]]},"type":"Feature","id":"d4ea929f81","properties":{"flclr":"#000000","name":"Begia","level_id":"reg","layer_val":"0","parent_id":"0","gjsonid":"6"}},{"geometry":{"type":"Polygon","coordinates":[[[123.7641,11.9266],[123.7579,11.9213],[123.7446,11.9223],[123.7512,11.9431],[123.7620,11.9376],[123.7641,11.9266]]]},"type":"Feature","id":"910c0e660d","properties":{"flclr":"#000000","name":"Mahayahay","level_id":"reg","layer_val":"0","parent_id":"0","gjsonid":"6"}},{"geometry":{"type":"Polygon","coordinates":[[[123.6755,11.8903],[123.6761,11.8821],[123.6745,11.8772],[123.6686,11.8799],[123.6637,11.8932],[123.6755,11.8903]]]},"type":"Feature","id":"47fadab9df","properties":{"flclr":"#000000","name":"Looc","level_id":"reg","layer_val":"0","parent_id":"0","gjsonid":"6"}},{"geometry":{"type":"Polygon","coordinates":[[[123.7234,12.4149],[123.7372,12.4201],[123.7437,12.4072],[123.7354,12.3987],[123.7306,12.3993],[123.7234,12.4149]]]},"type":"Feature","id":"7ecba6823e","properties":{"flclr":"#000000","name":"Danao","level_id":"reg","layer_val":"0","parent_id":"0","gjsonid":"6"}},{"geometry":{"type":"Polygon","coordinates":[[[123.7372,12.4201],[123.7296,12.4376],[123.7283,12.4424],[123.7433,12.4402],[123.7520,12.4216],[123.7372,12.4201]]]},"type":"Feature","id":"65437c4734","properties":{"flclr":"#000000","name":"Rizal","level_id":"reg","layer_val":"0","parent_id":"0","gjsonid":"6"}},{"geometry":{"type":"Polygon","coordinates":[[[123.7475,12.4395],[123.7567,12.4383],[123.7636,12.4204],[123.7520,12.4216],[123.7433,12.4402],[123.7475,12.4395]]]},"type":"Feature","id":"75fa35c5fb","properties":{"flclr":"#000000","name":"Mabuhay","level_id":"reg","layer_val":"0","parent_id":"0","gjsonid":"6"}},{"geometry":{"type":"Polygon","coordinates":[[[123.7520,12.4216],[123.7636,12.4204],[123.7691,12.3916],[123.7481,12.3989],[123.7372,12.4201],[123.7520,12.4216]]]},"type":"Feature","id":"cc8fab3c3b","properties":{"flclr":"#000000","name":"Canares","level_id":"reg","layer_val":"0","parent_id":"0","gjsonid":"6"}},{"geometry":{"type":"Polygon","coordinates":[[[123.1794,11.9120],[123.1676,11.9026],[123.1594,11.9056],[123.1690,11.9188],[123.1794,11.9120]]]},"type":"Feature","id":"b85a020879","properties":{"flclr":"#000000","name":"Calumpang","level_id":"reg","layer_val":"0","parent_id":"0","gjsonid":"6"}},{"geometry":{"type":"Polygon","coordinates":[[[123.1707,11.9360],[123.1512,11.9431],[123.1568,11.9527],[123.1569,11.9646],[123.1713,11.9573],[123.1707,11.9360]]]},"type":"Feature","id":"9fa40d879e","properties":{"flclr":"#000000","name":"Guinbanwahan","level_id":"reg","layer_val":"0","parent_id":"0","gjsonid":"6"}},{"geometry":{"type":"Polygon","coordinates":[[[123.1629,11.9368],[123.1775,11.9313],[123.1594,11.9056],[123.1490,11.9231],[123.1629,11.9368]]]},"type":"Feature","id":"e9e544f86d","properties":{"flclr":"#000000","name":"Pulanduta","level_id":"reg","layer_val":"0","parent_id":"0","gjsonid":"6"}},{"geometry":{"type":"Polygon","coordinates":[[[123.1512,11.9431],[123.1631,11.9353],[123.1490,11.9231],[123.1425,11.9311],[123.1512,11.9431]]]},"type":"Feature","id":"13818f25a5","properties":{"flclr":"#000000","name":"Danao","level_id":"reg","layer_val":"0","parent_id":"0","gjsonid":"6"}},{"geometry":{"type":"Polygon","coordinates":[[[123.1909,11.9283],[123.1794,11.9120],[123.1690,11.9188],[123.1775,11.9313],[123.1909,11.9283]]]},"type":"Feature","id":"cdadda70b6","properties":{"flclr":"#000000","name":"Bongcanaway","level_id":"reg","layer_val":"0","parent_id":"0","gjsonid":"6"}},{"geometry":{"type":"Polygon","coordinates":[[[123.2333,11.9568],[123.2205,11.9520],[123.1942,11.9837],[123.2025,11.9934],[123.2333,11.9568]]]},"type":"Feature","id":"4de4429f8c","properties":{"flclr":"#000000","name":"Quinayangan Tonga","level_id":"reg","layer_val":"0","parent_id":"0","gjsonid":"6"}},{"geometry":{"type":"Polygon","coordinates":[[[123.2361,11.9626],[123.2333,11.9568],[123.2237,11.9697],[123.2304,11.9716],[123.2361,11.9626]]]},"type":"Feature","id":"e4ffc2b541","properties":{"flclr":"#000000","name":"Quinayangan Diotay","level_id":"reg","layer_val":"0","parent_id":"0","gjsonid":"6"}},{"geometry":{"type":"Polygon","coordinates":[[[123.2473,11.9711],[123.2361,11.9626],[123.2304,11.9716],[123.2399,11.9798],[123.2473,11.9711]]]},"type":"Feature","id":"e34f74a1f2","properties":{"flclr":"#000000","name":"San Antonio","level_id":"reg","layer_val":"0","parent_id":"0","gjsonid":"6"}},{"geometry":{"type":"Polygon","coordinates":[[[123.2205,11.9520],[123.2082,11.9483],[123.2037,11.9552],[123.1772,11.9681],[123.1942,11.9837],[123.2205,11.9520]]]},"type":"Feature","id":"9b540bebdb","properties":{"flclr":"#000000","name":"San Andres (Quinayangan Dacu)","level_id":"reg","layer_val":"0","parent_id":"0","gjsonid":"6"}},{"geometry":{"type":"Polygon","coordinates":[[[123.2127,12.0061],[123.2106,12.0029],[123.1904,12.0113],[123.1950,12.0244],[123.1918,12.0318],[123.2287,12.0313],[123.2127,12.0061]]]},"type":"Feature","id":"98f23b3c8a","properties":{"flclr":"#000000","name":"Ilaya","level_id":"reg","layer_val":"0","parent_id":"0","gjsonid":"6"}},{"geometry":{"type":"Polygon","coordinates":[[[123.2106,12.0029],[123.2127,12.0061],[123.2269,11.9880],[123.2399,11.9798],[123.2339,11.9732],[123.2237,11.9697],[123.2025,11.9934],[123.2106,12.0029]]]},"type":"Feature","id":"5cace83314","properties":{"flclr":"#000000","name":"Sampad","level_id":"reg","layer_val":"0","parent_id":"0","gjsonid":"6"}},{"geometry":{"type":"Polygon","coordinates":[[[123.2307,12.1200],[123.2355,12.1084],[123.2101,12.1060],[123.2170,12.1325],[123.2263,12.1322],[123.2307,12.1200]]]},"type":"Feature","id":"29b5e29874","properties":{"flclr":"#000000","name":"Talisay","level_id":"reg","layer_val":"0","parent_id":"0","gjsonid":"6"}},{"geometry":{"type":"Polygon","coordinates":[[[123.2361,12.1027],[123.2582,12.0868],[123.2573,12.0544],[123.2275,12.0607],[123.2361,12.1027]]]},"type":"Feature","id":"7bc40c1f5c","properties":{"flclr":"#000000","name":"Tonga","level_id":"reg","layer_val":"0","parent_id":"0","gjsonid":"6"}},{"geometry":{"type":"Polygon","coordinates":[[[123.2333,12.0765],[123.2275,12.0607],[123.2097,12.0579],[123.2056,12.0634],[123.2053,12.0813],[123.2333,12.0765]]]},"type":"Feature","id":"008c223550","properties":{"flclr":"#000000","name":"Panubigan","level_id":"reg","layer_val":"0","parent_id":"0","gjsonid":"6"}},{"geometry":{"type":"Polygon","coordinates":[[[123.2101,12.1060],[123.2355,12.1084],[123.2333,12.0765],[123.2053,12.0813],[123.2101,12.1060]]]},"type":"Feature","id":"25bc32e47d","properties":{"flclr":"#000000","name":"Pajo","level_id":"reg","layer_val":"0","parent_id":"0","gjsonid":"6"}},{"geometry":{"type":"Polygon","coordinates":[[[123.2056,12.0634],[123.2097,12.0579],[123.2264,12.0617],[123.2573,12.0544],[123.2295,12.0423],[123.2007,12.0463],[123.1936,12.0438],[123.2056,12.0634]]]},"type":"Feature","id":"f09338aa7d","properties":{"flclr":"#000000","name":"Palane","level_id":"reg","layer_val":"0","parent_id":"0","gjsonid":"6"}},{"geometry":{"type":"Polygon","coordinates":[[[123.2486,11.9974],[123.2528,12.0012],[123.2551,11.9921],[123.2473,11.9711],[123.2399,11.9798],[123.2486,11.9974]]]},"type":"Feature","id":"a125837e01","properties":{"flclr":"#000000","name":"Baybay (Lumocab)","level_id":"reg","layer_val":"0","parent_id":"0","gjsonid":"6"}},{"geometry":{"type":"Polygon","coordinates":[[[123.5079,12.4575],[123.5180,12.4457],[123.4985,12.4414],[123.4969,12.4518],[123.5079,12.4575]]]},"type":"Feature","id":"18cf01afc7","properties":{"flclr":"#000000","name":"Sog-Ong","level_id":"reg","layer_val":"0","parent_id":"0","gjsonid":"6"}},{"geometry":{"type":"Polygon","coordinates":[[[123.2931,12.1179],[123.3142,12.1093],[123.3187,12.0911],[123.3139,12.0874],[123.3135,12.0755],[123.3051,12.0790],[123.2949,12.0715],[123.2931,12.1179]]]},"type":"Feature","id":"7092e7ef6e","properties":{"flclr":"#000000","name":"Villa Alvarez","level_id":"reg","layer_val":"0","parent_id":"0","gjsonid":"6"}},{"geometry":{"type":"Polygon","coordinates":[[[123.2127,12.0061],[123.2187,12.0150],[123.2486,11.9974],[123.2399,11.9798],[123.2269,11.9880],[123.2127,12.0061]]]},"type":"Feature","id":"17a46084b5","properties":{"flclr":"#000000","name":"Victory (Victoria)","level_id":"reg","layer_val":"0","parent_id":"0","gjsonid":"6"}},{"geometry":{"type":"Polygon","coordinates":[[[123.2295,12.0423],[123.2573,12.0544],[123.2486,11.9974],[123.2187,12.0150],[123.2284,12.0297],[123.2295,12.0423]]]},"type":"Feature","id":"2bef44d5a2","properties":{"flclr":"#000000","name":"Mapili","level_id":"reg","layer_val":"0","parent_id":"0","gjsonid":"6"}},{"geometry":{"type":"Polygon","coordinates":[[[123.1904,12.0113],[123.2106,12.0029],[123.1874,11.9757],[123.1695,11.9842],[123.1804,12.0036],[123.1904,12.0113]]]},"type":"Feature","id":"d91423e3ee","properties":{"flclr":"#000000","name":"Dao","level_id":"reg","layer_val":"0","parent_id":"0","gjsonid":"6"}},{"geometry":{"type":"Polygon","coordinates":[[[123.1695,11.9842],[123.1874,11.9757],[123.1713,11.9573],[123.1569,11.9646],[123.1695,11.9842]]]},"type":"Feature","id":"40007e590e","properties":{"flclr":"#000000","name":"Ubo","level_id":"reg","layer_val":"0","parent_id":"0","gjsonid":"6"}},{"geometry":{"type":"Polygon","coordinates":[[[123.5178,12.4631],[123.5230,12.4561],[123.5288,12.4554],[123.5180,12.4457],[123.5079,12.4575],[123.5178,12.4631]]]},"type":"Feature","id":"ff9ca50c25","properties":{"flclr":"#000000","name":"Polot","level_id":"reg","layer_val":"0","parent_id":"0","gjsonid":"6"}},{"geometry":{"type":"Polygon","coordinates":[[[123.2551,11.9921],[123.2491,12.0160],[123.2553,12.0244],[123.2532,12.0332],[123.2661,12.0346],[123.2942,12.0508],[123.3126,12.0502],[123.2952,12.0183],[123.2755,12.0120],[123.2551,11.9921]]]},"type":"Feature","id":"377614645c","properties":{"flclr":"#000000","name":"Jangan","level_id":"reg","layer_val":"0","parent_id":"0","gjsonid":"6"}},{"geometry":{"type":"Polygon","coordinates":[[[123.1713,11.9573],[123.1772,11.9681],[123.2037,11.9552],[123.2082,11.9483],[123.1909,11.9283],[123.1852,11.9271],[123.1707,11.9360],[123.1713,11.9573]]]},"type":"Feature","id":"d4fda7e6b5","properties":{"flclr":"#000000","name":"Mabuhay (Bongcanaway III)","level_id":"reg","layer_val":"0","parent_id":"0","gjsonid":"6"}},{"geometry":{"type":"Polygon","coordinates":[[[123.2573,12.0544],[123.2582,12.0868],[123.2737,12.0874],[123.2925,12.0981],[123.2942,12.0508],[123.2661,12.0346],[123.2544,12.0393],[123.2573,12.0544]]]},"type":"Feature","id":"fc63f16497","properties":{"flclr":"#000000","name":"Mapitogo","level_id":"reg","layer_val":"0","parent_id":"0","gjsonid":"6"}},{"geometry":{"type":"Polygon","coordinates":[[[123.1930,12.0452],[123.2295,12.0423],[123.2287,12.0313],[123.1918,12.0318],[123.1930,12.0452]]]},"type":"Feature","id":"81560864b9","properties":{"flclr":"#000000","name":"Poblacion (Balud)","level_id":"reg","layer_val":"0","parent_id":"0","gjsonid":"6"}},{"geometry":{"type":"Polygon","coordinates":[[[123.3380,12.0933],[123.3334,12.0914],[123.3298,12.0810],[123.3159,12.0884],[123.3187,12.0911],[123.3142,12.1093],[123.3248,12.1101],[123.3380,12.0933]]]},"type":"Feature","id":"2c5bd04cb4","properties":{"flclr":"#000000","name":"Casamongan","level_id":"reg","layer_val":"0","parent_id":"0","gjsonid":"6"}},{"geometry":{"type":"Polygon","coordinates":[[[123.5288,12.4554],[123.5386,12.4517],[123.5318,12.4460],[123.5180,12.4457],[123.5288,12.4554]]]},"type":"Feature","id":"864b681af9","properties":{"flclr":"#000000","name":"Madangcalan","level_id":"reg","layer_val":"0","parent_id":"0","gjsonid":"6"}},{"geometry":{"type":"Polygon","coordinates":[[[123.4563,12.4072],[123.4532,12.4371],[123.4804,12.4329],[123.4880,12.3940],[123.4624,12.3639],[123.4563,12.4072]]]},"type":"Feature","id":"087691ca72","properties":{"flclr":"#000000","name":"Gabi","level_id":"reg","layer_val":"0","parent_id":"0","gjsonid":"6"}},{"geometry":{"type":"Polygon","coordinates":[[[123.3159,12.0884],[123.3298,12.0810],[123.3228,12.0682],[123.3133,12.0760],[123.3159,12.0884]]]},"type":"Feature","id":"be3a14ff45","properties":{"flclr":"#000000","name":"Salvacion","level_id":"reg","layer_val":"0","parent_id":"0","gjsonid":"6"}},{"geometry":{"type":"Polygon","coordinates":[[[123.3135,12.0755],[123.3228,12.0682],[123.3126,12.0502],[123.2942,12.0508],[123.2949,12.0715],[123.3051,12.0790],[123.3135,12.0755]]]},"type":"Feature","id":"981b3e57bb","properties":{"flclr":"#000000","name":"Panguiranan","level_id":"reg","layer_val":"0","parent_id":"0","gjsonid":"6"}},{"geometry":{"type":"Polygon","coordinates":[[[123.4647,12.4522],[123.4746,12.4683],[123.4991,12.4614],[123.4966,12.4560],[123.4856,12.4525],[123.4647,12.4522]]]},"type":"Feature","id":"abd7f126ff","properties":{"flclr":"#000000","name":"Batuila","level_id":"reg","layer_val":"0","parent_id":"0","gjsonid":"6"}},{"geometry":{"type":"Polygon","coordinates":[[[123.4746,12.4683],[123.4647,12.4522],[123.4519,12.4496],[123.4543,12.4602],[123.4696,12.4803],[123.4802,12.4781],[123.4746,12.4683]]]},"type":"Feature","id":"b058f9fd2e","properties":{"flclr":"#000000","name":"Baao","level_id":"reg","layer_val":"0","parent_id":"0","gjsonid":"6"}},{"geometry":{"type":"Polygon","coordinates":[[[123.4519,12.4496],[123.4816,12.4523],[123.4804,12.4329],[123.4532,12.4371],[123.4519,12.4496]]]},"type":"Feature","id":"2a4289a4cc","properties":{"flclr":"#000000","name":"Banase","level_id":"reg","layer_val":"0","parent_id":"0","gjsonid":"6"}},{"geometry":{"type":"Polygon","coordinates":[[[123.4696,12.4803],[123.4543,12.4602],[123.4414,12.4655],[123.4526,12.4831],[123.4696,12.4803]]]},"type":"Feature","id":"3dd7c7c080","properties":{"flclr":"#000000","name":"Docol","level_id":"reg","layer_val":"0","parent_id":"0","gjsonid":"6"}},{"geometry":{"type":"Polygon","coordinates":[[[123.4414,12.4655],[123.4299,12.4661],[123.4327,12.4993],[123.4598,12.4905],[123.4414,12.4655]]]},"type":"Feature","id":"e0121c8846","properties":{"flclr":"#000000","name":"Lahong Interior","level_id":"reg","layer_val":"0","parent_id":"0","gjsonid":"6"}},{"geometry":{"type":"Polygon","coordinates":[[[123.4299,12.4661],[123.4543,12.4602],[123.4519,12.4496],[123.4563,12.4072],[123.4277,12.4089],[123.4299,12.4661]]]},"type":"Feature","id":"7132a833d6","properties":{"flclr":"#000000","name":"Eastern Capsay","level_id":"reg","layer_val":"0","parent_id":"0","gjsonid":"6"}},{"geometry":{"type":"Polygon","coordinates":[[[123.5365,12.4490],[123.5458,12.4400],[123.5340,12.4096],[123.5180,12.4457],[123.5365,12.4490]]]},"type":"Feature","id":"303cfdaca6","properties":{"flclr":"#000000","name":"Obongon Diot","level_id":"reg","layer_val":"0","parent_id":"0","gjsonid":"6"}},{"geometry":{"type":"Polygon","coordinates":[[[123.4802,12.4781],[123.4828,12.4845],[123.4967,12.4774],[123.4893,12.4646],[123.4746,12.4683],[123.4802,12.4781]]]},"type":"Feature","id":"85b3eef23e","properties":{"flclr":"#000000","name":"Potoson","level_id":"reg","layer_val":"0","parent_id":"0","gjsonid":"6"}},{"geometry":{"type":"Polygon","coordinates":[[[123.4462,12.5165],[123.4560,12.5089],[123.4480,12.4964],[123.4411,12.4993],[123.4462,12.5165]]]},"type":"Feature","id":"71d043f699","properties":{"flclr":"#000000","name":"Manoboc","level_id":"reg","layer_val":"0","parent_id":"0","gjsonid":"6"}},{"geometry":{"type":"Polygon","coordinates":[[[123.4342,12.5187],[123.4462,12.5165],[123.4411,12.4993],[123.4327,12.4993],[123.4342,12.5187]]]},"type":"Feature","id":"3d7101be0f","properties":{"flclr":"#000000","name":"Cagpandan","level_id":"reg","layer_val":"0","parent_id":"0","gjsonid":"6"}},{"geometry":{"type":"Polygon","coordinates":[[[123.5003,12.4744],[123.5178,12.4631],[123.5005,12.4533],[123.4966,12.4560],[123.5001,12.4644],[123.4955,12.4682],[123.5003,12.4744]]]},"type":"Feature","id":"627b54f5be","properties":{"flclr":"#000000","name":"Lipata","level_id":"reg","layer_val":"0","parent_id":"0","gjsonid":"6"}},{"geometry":{"type":"Polygon","coordinates":[[[123.5180,12.4457],[123.5211,12.4351],[123.5062,12.4176],[123.4968,12.4148],[123.4985,12.4414],[123.5180,12.4457]]]},"type":"Feature","id":"be13652346","properties":{"flclr":"#000000","name":"Lagta","level_id":"reg","layer_val":"0","parent_id":"0","gjsonid":"6"}},{"geometry":{"type":"Polygon","coordinates":[[[123.3456,12.4381],[123.3496,12.4509],[123.3562,12.4577],[123.3604,12.4568],[123.3619,12.4506],[123.3729,12.4419],[123.3707,12.4228],[123.3665,12.4188],[123.3387,12.4188],[123.3386,12.4277],[123.3456,12.4381]]]},"type":"Feature","id":"a40d9d7469","properties":{"flclr":"#000000","name":"San Isidro","level_id":"reg","layer_val":"0","parent_id":"0","gjsonid":"6"}},{"geometry":{"type":"Polygon","coordinates":[[[123.4968,12.4148],[123.5062,12.4176],[123.5211,12.4351],[123.5340,12.4096],[123.5098,12.4081],[123.4880,12.3940],[123.4850,12.4153],[123.4968,12.4148]]]},"type":"Feature","id":"08aeb6874e","properties":{"flclr":"#000000","name":"Gangao","level_id":"reg","layer_val":"0","parent_id":"0","gjsonid":"6"}},{"geometry":{"type":"Polygon","coordinates":[[[123.4967,12.4774],[123.5003,12.4744],[123.4955,12.4684],[123.4991,12.4616],[123.4893,12.4646],[123.4967,12.4774]]]},"type":"Feature","id":"96aac76ba5","properties":{"flclr":"#000000","name":"Poblacion","level_id":"reg","layer_val":"0","parent_id":"0","gjsonid":"6"}},{"geometry":{"type":"Polygon","coordinates":[[[123.5168,12.4086],[123.5340,12.4096],[123.5139,12.3833],[123.5100,12.3887],[123.5168,12.4086]]]},"type":"Feature","id":"e74d794175","properties":{"flclr":"#000000","name":"Canjunday","level_id":"reg","layer_val":"0","parent_id":"0","gjsonid":"6"}},{"geometry":{"type":"Polygon","coordinates":[[[123.3387,12.4188],[123.3665,12.4188],[123.3790,12.4141],[123.3736,12.4097],[123.3764,12.3797],[123.3423,12.3798],[123.3387,12.4188]]]},"type":"Feature","id":"eea1dbb1bf","properties":{"flclr":"#000000","name":"Cabangcalan","level_id":"reg","layer_val":"0","parent_id":"0","gjsonid":"6"}},{"geometry":{"type":"Polygon","coordinates":[[[123.3809,12.4987],[123.3777,12.5076],[123.3803,12.5102],[123.3848,12.5064],[123.3887,12.5113],[123.3896,12.5014],[123.3809,12.4987]]]},"type":"Feature","id":"5b53057bc2","properties":{"flclr":"#000000","name":"Talabaan","level_id":"reg","layer_val":"0","parent_id":"0","gjsonid":"6"}},{"geometry":{"type":"Polygon","coordinates":[[[123.4966,12.4560],[123.5005,12.4533],[123.4969,12.4518],[123.4968,12.4148],[123.4888,12.4130],[123.4804,12.4329],[123.4817,12.4524],[123.4966,12.4560]]]},"type":"Feature","id":"7a99bc212a","properties":{"flclr":"#000000","name":"Cagara","level_id":"reg","layer_val":"0","parent_id":"0","gjsonid":"6"}},{"geometry":{"type":"Polygon","coordinates":[[[123.4318,12.4914],[123.4299,12.4661],[123.4122,12.4656],[123.4087,12.4922],[123.4318,12.4914]]]},"type":"Feature","id":"7d86949410","properties":{"flclr":"#000000","name":"Pinanaan","level_id":"reg","layer_val":"0","parent_id":"0","gjsonid":"6"}},{"geometry":{"type":"Polygon","coordinates":[[[123.4087,12.4922],[123.4086,12.4844],[123.3853,12.4843],[123.3864,12.4902],[123.3809,12.4987],[123.3896,12.5014],[123.4085,12.4963],[123.4087,12.4922]]]},"type":"Feature","id":"49f3899898","properties":{"flclr":"#000000","name":"Bangon","level_id":"reg","layer_val":"0","parent_id":"0","gjsonid":"6"}},{"geometry":{"type":"Polygon","coordinates":[[[123.3803,12.4622],[123.3965,12.4660],[123.4020,12.4554],[123.3930,12.4295],[123.3828,12.4428],[123.3882,12.4517],[123.3812,12.4519],[123.3803,12.4622]]]},"type":"Feature","id":"1f687ca3c0","properties":{"flclr":"#000000","name":"Panique","level_id":"reg","layer_val":"0","parent_id":"0","gjsonid":"6"}},{"geometry":{"type":"Polygon","coordinates":[[[123.4122,12.4656],[123.4299,12.4661],[123.4280,12.4419],[123.4007,12.4435],[123.4020,12.4554],[123.3965,12.4660],[123.4122,12.4656]]]},"type":"Feature","id":"a7c9842812","properties":{"flclr":"#000000","name":"Capsay","level_id":"reg","layer_val":"0","parent_id":"0","gjsonid":"6"}},{"geometry":{"type":"Polygon","coordinates":[[[123.3738,12.4841],[123.3837,12.4868],[123.3861,12.4742],[123.3965,12.4660],[123.3800,12.4639],[123.3795,12.4701],[123.3742,12.4730],[123.3741,12.4794],[123.3779,12.4802],[123.3738,12.4841]]]},"type":"Feature","id":"11850cf497","properties":{"flclr":"#000000","name":"Puro","level_id":"reg","layer_val":"0","parent_id":"0","gjsonid":"6"}},{"geometry":{"type":"Polygon","coordinates":[[[123.4563,12.4072],[123.4593,12.3858],[123.4380,12.3863],[123.4367,12.3833],[123.4332,12.3867],[123.4284,12.3821],[123.4290,12.3864],[123.4163,12.3947],[123.4212,12.4009],[123.4252,12.3981],[123.4277,12.4089],[123.4563,12.4072]]]},"type":"Feature","id":"63d617cb6d","properties":{"flclr":"#000000","name":"Balete","level_id":"reg","layer_val":"0","parent_id":"0","gjsonid":"6"}},{"geometry":{"type":"Polygon","coordinates":[[[123.3901,12.4295],[123.3715,12.4276],[123.3730,12.4411],[123.3695,12.4455],[123.3882,12.4517],[123.3827,12.4433],[123.3901,12.4295]]]},"type":"Feature","id":"21036ed042","properties":{"flclr":"#000000","name":"Lanang","level_id":"reg","layer_val":"0","parent_id":"0","gjsonid":"6"}},{"geometry":{"type":"Polygon","coordinates":[[[123.3715,12.4276],[123.3930,12.4295],[123.4007,12.4435],[123.4280,12.4419],[123.4267,12.4224],[123.4122,12.4224],[123.4085,12.3980],[123.3852,12.4090],[123.3809,12.4058],[123.3736,12.4096],[123.3794,12.4137],[123.3663,12.4191],[123.3715,12.4276]]]},"type":"Feature","id":"761042e827","properties":{"flclr":"#000000","name":"Luy-a","level_id":"reg","layer_val":"0","parent_id":"0","gjsonid":"6"}},{"geometry":{"type":"Polygon","coordinates":[[[123.3777,12.5076],[123.3863,12.4892],[123.3738,12.4841],[123.3673,12.4937],[123.3720,12.5053],[123.3777,12.5076]]]},"type":"Feature","id":"fa5b21d2f6","properties":{"flclr":"#000000","name":"Amoroy","level_id":"reg","layer_val":"0","parent_id":"0","gjsonid":"6"}},{"geometry":{"type":"Polygon","coordinates":[[[123.2795,12.5773],[123.2873,12.5732],[123.3034,12.5757],[123.2961,12.5546],[123.2938,12.5284],[123.2850,12.5261],[123.2677,12.5714],[123.2795,12.5773]]]},"type":"Feature","id":"529a9a4e12","properties":{"flclr":"#000000","name":"Sawang","level_id":"reg","layer_val":"0","parent_id":"0","gjsonid":"6"}},{"geometry":{"type":"Polygon","coordinates":[[[123.4085,12.3980],[123.4122,12.4224],[123.4267,12.4224],[123.4254,12.3983],[123.4212,12.4009],[123.4163,12.3948],[123.4257,12.3857],[123.4047,12.3857],[123.4085,12.3980]]]},"type":"Feature","id":"7363961c1a","properties":{"flclr":"#000000","name":"Concepcion","level_id":"reg","layer_val":"0","parent_id":"0","gjsonid":"6"}},{"geometry":{"type":"Polygon","coordinates":[[[123.3764,12.3797],[123.3751,12.4093],[123.3809,12.4058],[123.3852,12.4090],[123.4102,12.3966],[123.4022,12.3858],[123.4069,12.3780],[123.3764,12.3797]]]},"type":"Feature","id":"77f53c4e9e","properties":{"flclr":"#000000","name":"Malubi","level_id":"reg","layer_val":"0","parent_id":"0","gjsonid":"6"}},{"geometry":{"type":"Polygon","coordinates":[[[123.3387,12.4188],[123.3417,12.4043],[123.3161,12.4082],[123.3132,12.4395],[123.3022,12.4722],[123.3574,12.4894],[123.3604,12.4810],[123.3569,12.4770],[123.3260,12.4592],[123.3318,12.4520],[123.3257,12.4420],[123.3285,12.4341],[123.3331,12.4483],[123.3387,12.4420],[123.3457,12.4423],[123.3387,12.4188]]]},"type":"Feature","id":"48b0c676e9","properties":{"flclr":"#000000","name":"San Agustin","level_id":"reg","layer_val":"0","parent_id":"0","gjsonid":"6"}},{"geometry":{"type":"Polygon","coordinates":[[[123.2381,12.5623],[123.2763,12.5553],[123.2850,12.5261],[123.2762,12.5211],[123.2466,12.5298],[123.2382,12.5513],[123.2381,12.5623]]]},"type":"Feature","id":"ab163ef0d5","properties":{"flclr":"#000000","name":"Mataba","level_id":"reg","layer_val":"0","parent_id":"0","gjsonid":"6"}},{"geometry":{"type":"Polygon","coordinates":[[[123.3278,12.5669],[123.3549,12.5500],[123.3331,12.5459],[123.3317,12.5293],[123.3104,12.5324],[123.3278,12.5669]]]},"type":"Feature","id":"560df467ea","properties":{"flclr":"#000000","name":"Tigbao","level_id":"reg","layer_val":"0","parent_id":"0","gjsonid":"6"}},{"geometry":{"type":"Polygon","coordinates":[[[123.2850,12.5261],[123.3190,12.5312],[123.3251,12.5161],[123.3211,12.5041],[123.2854,12.4900],[123.2770,12.5211],[123.2850,12.5261]]]},"type":"Feature","id":"5cd2b132da","properties":{"flclr":"#000000","name":"Mariposa","level_id":"reg","layer_val":"0","parent_id":"0","gjsonid":"6"}},{"geometry":{"type":"Polygon","coordinates":[[[123.2770,12.5211],[123.2854,12.4900],[123.2519,12.4717],[123.2466,12.5298],[123.2770,12.5211]]]},"type":"Feature","id":"7fe5c72ae9","properties":{"flclr":"#000000","name":"Tinigban","level_id":"reg","layer_val":"0","parent_id":"0","gjsonid":"6"}},{"geometry":{"type":"Polygon","coordinates":[[[123.3190,12.5312],[123.3422,12.5271],[123.3425,12.5231],[123.3523,12.5194],[123.3587,12.4925],[123.3022,12.4722],[123.2933,12.4946],[123.3211,12.5041],[123.3251,12.5161],[123.3190,12.5312]]]},"type":"Feature","id":"412f99cf4d","properties":{"flclr":"#000000","name":"Matalangtalang","level_id":"reg","layer_val":"0","parent_id":"0","gjsonid":"6"}},{"geometry":{"type":"Polygon","coordinates":[[[123.3422,12.5271],[123.3317,12.5293],[123.3331,12.5459],[123.3549,12.5500],[123.3795,12.5421],[123.3402,12.5395],[123.3422,12.5271]]]},"type":"Feature","id":"472e5df4b2","properties":{"flclr":"#000000","name":"Don Pablo Dela Rosa","level_id":"reg","layer_val":"0","parent_id":"0","gjsonid":"6"}},{"geometry":{"type":"Polygon","coordinates":[[[123.3345,12.3489],[123.3598,12.3430],[123.3431,12.3179],[123.3241,12.3024],[123.3064,12.3181],[123.3000,12.3172],[123.3050,12.3478],[123.3345,12.3489]]]},"type":"Feature","id":"320dea2089","properties":{"flclr":"#000000","name":"Macabug","level_id":"reg","layer_val":"0","parent_id":"0","gjsonid":"6"}},{"geometry":{"type":"Polygon","coordinates":[[[123.3161,12.4082],[123.3417,12.4043],[123.3423,12.3798],[123.3345,12.3489],[123.3127,12.3455],[123.3050,12.3475],[123.3045,12.3570],[123.2981,12.3558],[123.2922,12.3613],[123.2958,12.3628],[123.2925,12.3661],[123.2957,12.3734],[123.3039,12.3742],[123.2982,12.3874],[123.3044,12.3846],[123.3067,12.3914],[123.3134,12.3869],[123.3111,12.3920],[123.3161,12.4082]]]},"type":"Feature","id":"82f1bd1c61","properties":{"flclr":"#000000","name":"Cabas-An","level_id":"reg","layer_val":"0","parent_id":"0","gjsonid":"6"}},{"geometry":{"type":"Polygon","coordinates":[[[123.3034,12.5757],[123.3134,12.5762],[123.3278,12.5669],[123.3104,12.5324],[123.2938,12.5284],[123.2961,12.5546],[123.3034,12.5757]]]},"type":"Feature","id":"b3ee0c52ed","properties":{"flclr":"#000000","name":"Talib","level_id":"reg","layer_val":"0","parent_id":"0","gjsonid":"6"}},{"geometry":{"type":"Polygon","coordinates":[[[123.3000,12.3172],[123.2916,12.3258],[123.2861,12.3218],[123.2897,12.3308],[123.2769,12.3346],[123.2795,12.3443],[123.2635,12.3452],[123.2665,12.3549],[123.2615,12.3592],[123.2635,12.3665],[123.2591,12.3780],[123.2724,12.3821],[123.2774,12.4002],[123.2906,12.3895],[123.2966,12.3907],[123.2941,12.3880],[123.3039,12.3759],[123.2957,12.3734],[123.2925,12.3661],[123.2981,12.3558],[123.3047,12.3565],[123.3060,12.3440],[123.3000,12.3172]]]},"type":"Feature","id":"541cf7154f","properties":{"flclr":"#000000","name":"Amutag","level_id":"reg","layer_val":"0","parent_id":"0","gjsonid":"6"}},{"geometry":{"type":"Polygon","coordinates":[[[123.3965,12.4660],[123.3861,12.4742],[123.3854,12.4845],[123.4086,12.4844],[123.4122,12.4656],[123.3965,12.4660]]]},"type":"Feature","id":"bedafc78a3","properties":{"flclr":"#000000","name":"Syndicate","level_id":"reg","layer_val":"0","parent_id":"0","gjsonid":"6"}},{"geometry":{"type":"Polygon","coordinates":[[[123.3132,12.4395],[123.3161,12.4082],[123.3111,12.3920],[123.3134,12.3869],[123.3067,12.3914],[123.3044,12.3846],[123.2998,12.3887],[123.2960,12.3852],[123.2966,12.3907],[123.2906,12.3895],[123.2774,12.4002],[123.2786,12.4141],[123.2883,12.4213],[123.2755,12.4195],[123.2762,12.4282],[123.2820,12.4261],[123.3132,12.4395]]]},"type":"Feature","id":"65d5a84e09","properties":{"flclr":"#000000","name":"Dayhagan","level_id":"reg","layer_val":"0","parent_id":"0","gjsonid":"6"}},{"geometry":{"type":"Polygon","coordinates":[[[123.4047,12.3857],[123.4209,12.3836],[123.4285,12.3866],[123.4286,12.3821],[123.4332,12.3867],[123.4367,12.3833],[123.4380,12.3863],[123.4593,12.3858],[123.4624,12.3639],[123.4080,12.3602],[123.4047,12.3857]]]},"type":"Feature","id":"4932f5b056","properties":{"flclr":"#000000","name":"Pangle","level_id":"reg","layer_val":"0","parent_id":"0","gjsonid":"6"}},{"geometry":{"type":"Polygon","coordinates":[[[123.4085,12.4963],[123.3896,12.5014],[123.3898,12.5082],[123.4020,12.5145],[123.4082,12.5055],[123.4085,12.4963]]]},"type":"Feature","id":"645a2e417b","properties":{"flclr":"#000000","name":"Ambolong","level_id":"reg","layer_val":"0","parent_id":"0","gjsonid":"6"}},{"geometry":{"type":"Polygon","coordinates":[[[123.3984,12.5122],[123.3898,12.5082],[123.3887,12.5113],[123.3951,12.5140],[123.3984,12.5122]]]},"type":"Feature","id":"511f33b890","properties":{"flclr":"#000000","name":"Poblacion","level_id":"reg","layer_val":"0","parent_id":"0","gjsonid":"6"}},{"geometry":{"type":"Polygon","coordinates":[[[123.4068,12.5238],[123.4167,12.5208],[123.4250,12.5018],[123.4327,12.4993],[123.4318,12.4914],[123.4087,12.4922],[123.4082,12.5055],[123.4024,12.5141],[123.4068,12.5238]]]},"type":"Feature","id":"b0307a0b4b","properties":{"flclr":"#000000","name":"Jaboyoan","level_id":"reg","layer_val":"0","parent_id":"0","gjsonid":"6"}},{"geometry":{"type":"Polygon","coordinates":[[[123.4327,12.4993],[123.4250,12.5018],[123.4167,12.5208],[123.4218,12.5207],[123.4222,12.5166],[123.4342,12.5187],[123.4327,12.4993]]]},"type":"Feature","id":"b65e12c445","properties":{"flclr":"#000000","name":"Tinago","level_id":"reg","layer_val":"0","parent_id":"0","gjsonid":"6"}},{"geometry":{"type":"Polygon","coordinates":[[[123.3976,12.5135],[123.3997,12.5201],[123.4068,12.5238],[123.4024,12.5141],[123.3976,12.5135]]]},"type":"Feature","id":"30bca8bf23","properties":{"flclr":"#000000","name":"Bagauma","level_id":"reg","layer_val":"0","parent_id":"0","gjsonid":"6"}},{"geometry":{"type":"Polygon","coordinates":[[[123.2524,12.4716],[123.2933,12.4946],[123.3132,12.4395],[123.2820,12.4261],[123.2803,12.4289],[123.2893,12.4402],[123.2832,12.4376],[123.2663,12.4576],[123.2543,12.4532],[123.2524,12.4716]]]},"type":"Feature","id":"40e4fe2b3c","properties":{"flclr":"#000000","name":"Calanay","level_id":"reg","layer_val":"0","parent_id":"0","gjsonid":"6"}},{"geometry":{"type":"Polygon","coordinates":[[[123.7122,12.2191],[123.7117,12.2322],[123.7130,12.2451],[123.7274,12.2365],[123.7336,12.2211],[123.7223,12.2153],[123.7223,12.2086],[123.7122,12.2191]]]},"type":"Feature","id":"c2b9935424","properties":{"flclr":"#000000","name":"Centro","level_id":"reg","layer_val":"0","parent_id":"0","gjsonid":"6"}},{"geometry":{"type":"Polygon","coordinates":[[[123.7130,12.2451],[123.7122,12.2191],[123.6875,12.2200],[123.7087,12.2405],[123.7130,12.2451]]]},"type":"Feature","id":"f4b5fc0ceb","properties":{"flclr":"#000000","name":"San Jose","level_id":"reg","layer_val":"0","parent_id":"0","gjsonid":"6"}},{"geometry":{"type":"Polygon","coordinates":[[[123.7646,12.2251],[123.7647,12.2172],[123.7725,12.2120],[123.7707,12.2074],[123.7596,12.1975],[123.7481,12.1979],[123.7414,12.1895],[123.7346,12.1996],[123.7363,12.2097],[123.7646,12.2251]]]},"type":"Feature","id":"b3604bd5f0","properties":{"flclr":"#000000","name":"Dapdap","level_id":"reg","layer_val":"0","parent_id":"0","gjsonid":"6"}},{"geometry":{"type":"Polygon","coordinates":[[[123.7570,12.2400],[123.7646,12.2251],[123.7363,12.2097],[123.7336,12.2211],[123.7570,12.2400]]]},"type":"Feature","id":"634fdc376f","properties":{"flclr":"#000000","name":"Sawang","level_id":"reg","layer_val":"0","parent_id":"0","gjsonid":"6"}},{"geometry":{"type":"Polygon","coordinates":[[[123.7487,12.2462],[123.7540,12.2474],[123.7570,12.2400],[123.7336,12.2211],[123.7274,12.2365],[123.7487,12.2462]]]},"type":"Feature","id":"9392cda325","properties":{"flclr":"#000000","name":"Marcella","level_id":"reg","layer_val":"0","parent_id":"0","gjsonid":"6"}},{"geometry":{"type":"Polygon","coordinates":[[[123.7396,12.1934],[123.7414,12.1895],[123.7481,12.1979],[123.7533,12.1968],[123.7643,12.1855],[123.7589,12.1759],[123.7346,12.1616],[123.7311,12.1686],[123.7341,12.1674],[123.7354,12.1717],[123.7274,12.1742],[123.7229,12.1847],[123.7396,12.1934]]]},"type":"Feature","id":"f9b99d5640","properties":{"flclr":"#000000","name":"Libertad","level_id":"reg","layer_val":"0","parent_id":"0","gjsonid":"6"}},{"geometry":{"type":"Polygon","coordinates":[[[123.7767,12.1376],[123.7677,12.1189],[123.7449,12.1159],[123.7478,12.1367],[123.7581,12.1472],[123.7631,12.1485],[123.7767,12.1376]]]},"type":"Feature","id":"770cd12a5c","properties":{"flclr":"#000000","name":"San Isidro","level_id":"reg","layer_val":"0","parent_id":"0","gjsonid":"6"}},{"geometry":{"type":"Polygon","coordinates":[[[123.7654,12.1462],[123.7599,12.1482],[123.7512,12.1392],[123.7334,12.1454],[123.7346,12.1616],[123.7589,12.1759],[123.7720,12.1751],[123.7768,12.1678],[123.7654,12.1462]]]},"type":"Feature","id":"8de4bcb190","properties":{"flclr":"#000000","name":"Aurora","level_id":"reg","layer_val":"0","parent_id":"0","gjsonid":"6"}},{"geometry":{"type":"Polygon","coordinates":[[[123.7396,12.1934],[123.7262,12.1864],[123.7058,12.1907],[123.7028,12.2014],[123.7171,12.2131],[123.7248,12.2092],[123.7223,12.2153],[123.7336,12.2211],[123.7375,12.2044],[123.7346,12.1996],[123.7396,12.1934]]]},"type":"Feature","id":"50a97a51fb","properties":{"flclr":"#000000","name":"Simawa","level_id":"reg","layer_val":"0","parent_id":"0","gjsonid":"6"}},{"geometry":{"type":"Polygon","coordinates":[[[123.7341,12.2710],[123.7488,12.2464],[123.7274,12.2365],[123.7130,12.2451],[123.7341,12.2710]]]},"type":"Feature","id":"c420062148","properties":{"flclr":"#000000","name":"Armenia","level_id":"reg","layer_val":"0","parent_id":"0","gjsonid":"6"}},{"geometry":{"type":"Polygon","coordinates":[[[123.7026,12.1529],[123.7229,12.1496],[123.7131,12.1391],[123.7114,12.1345],[123.7155,12.1350],[123.7102,12.1281],[123.6985,12.1349],[123.7044,12.1411],[123.6989,12.1427],[123.6978,12.1494],[123.7026,12.1529]]]},"type":"Feature","id":"66c4856bcf","properties":{"flclr":"#000000","name":"San Vicente","level_id":"reg","layer_val":"0","parent_id":"0","gjsonid":"6"}},{"geometry":{"type":"Polygon","coordinates":[[[123.7242,12.1078],[123.7166,12.1035],[123.7206,12.0983],[123.7151,12.0988],[123.6693,12.1403],[123.6765,12.1767],[123.6953,12.1575],[123.7013,12.1578],[123.6989,12.1427],[123.7044,12.1411],[123.6985,12.1349],[123.7095,12.1281],[123.7149,12.1307],[123.7124,12.1142],[123.7242,12.1078]]]},"type":"Feature","id":"cd7b55be85","properties":{"flclr":"#000000","name":"San Antonio","level_id":"reg","layer_val":"0","parent_id":"0","gjsonid":"6"}},{"geometry":{"type":"Polygon","coordinates":[[[123.7151,12.0988],[123.7210,12.0988],[123.7177,12.1047],[123.7394,12.1094],[123.7440,12.1161],[123.7481,12.1114],[123.7449,12.0978],[123.7188,12.0836],[123.7133,12.0844],[123.7151,12.0988]]]},"type":"Feature","id":"10c4697fb7","properties":{"flclr":"#000000","name":"Candelaria","level_id":"reg","layer_val":"0","parent_id":"0","gjsonid":"6"}},{"geometry":{"type":"Polygon","coordinates":[[[123.7058,12.1907],[123.7262,12.1864],[123.7229,12.1834],[123.7274,12.1742],[123.7355,12.1714],[123.7341,12.1674],[123.7311,12.1688],[123.7351,12.1637],[123.7330,12.1546],[123.7259,12.1551],[123.7218,12.1497],[123.7000,12.1534],[123.7013,12.1578],[123.6953,12.1575],[123.6762,12.1769],[123.7058,12.1907]]]},"type":"Feature","id":"ff3ccaa663","properties":{"flclr":"#000000","name":"Bonifacio","level_id":"reg","layer_val":"0","parent_id":"0","gjsonid":"6"}},{"geometry":{"type":"Polygon","coordinates":[[[123.7218,12.1497],[123.7259,12.1551],[123.7330,12.1546],[123.7346,12.1616],[123.7334,12.1454],[123.7513,12.1390],[123.7428,12.1110],[123.7279,12.1066],[123.7124,12.1142],[123.7156,12.1355],[123.7114,12.1357],[123.7218,12.1497]]]},"type":"Feature","id":"f0ff60add5","properties":{"flclr":"#000000","name":"San Ramon","level_id":"reg","layer_val":"0","parent_id":"0","gjsonid":"6"}},{"geometry":{"type":"Polygon","coordinates":[[[123.2584,12.1725],[123.2383,12.1692],[123.2320,12.1705],[123.2516,12.1792],[123.2625,12.1922],[123.2536,12.1740],[123.2584,12.1725]]]},"type":"Feature","id":"a6e18c1b05","properties":{"flclr":"#000000","name":"Polo Dacu","level_id":"reg","layer_val":"0","parent_id":"0","gjsonid":"6"}},{"geometry":{"type":"Polygon","coordinates":[[[123.2386,12.3523],[123.2374,12.3728],[123.2436,12.3813],[123.2517,12.3836],[123.2544,12.3778],[123.2431,12.3630],[123.2407,12.3439],[123.2386,12.3523]]]},"type":"Feature","id":"6509101970","properties":{"flclr":"#000000","name":"Amutag","level_id":"reg","layer_val":"0","parent_id":"0","gjsonid":"6"}},{"geometry":{"type":"Polygon","coordinates":[[[123.3510,12.4526],[123.3466,12.4450],[123.3422,12.4455],[123.3425,12.4549],[123.3566,12.4626],[123.3625,12.4717],[123.3681,12.4677],[123.3743,12.4690],[123.3801,12.4630],[123.3812,12.4519],[123.3763,12.4458],[123.3695,12.4455],[123.3584,12.4577],[123.3510,12.4526]]]},"type":"Feature","id":"e47fb80d83","properties":{"flclr":"#000000","name":"Balawing","level_id":"reg","layer_val":"0","parent_id":"0","gjsonid":"6"}},{"geometry":{"type":"Polygon","coordinates":[[[123.3384,12.3638],[123.4080,12.3602],[123.4033,12.3367],[123.3345,12.3489],[123.3384,12.3638]]]},"type":"Feature","id":"e1e4e07e41","properties":{"flclr":"#000000","name":"Managanaga","level_id":"reg","layer_val":"0","parent_id":"0","gjsonid":"6"}},{"geometry":{"type":"Polygon","coordinates":[[[123.5449,12.0407],[123.5485,12.0402],[123.5486,12.0330],[123.5457,12.0352],[123.5449,12.0407]]]},"type":"Feature","id":"602940cce4","properties":{"flclr":"#000000","name":"Guinluthangan","level_id":"reg","layer_val":"0","parent_id":"0","gjsonid":"6"}},{"geometry":{"type":"Polygon","coordinates":[[[123.2250,12.1631],[123.2270,12.1661],[123.2319,12.1673],[123.2303,12.1615],[123.2250,12.1631]]]},"type":"Feature","id":"4711bef93a","properties":{"flclr":"#000000","name":"Cagmasoso","level_id":"reg","layer_val":"0","parent_id":"0","gjsonid":"6"}},{"geometry":{"type":"Polygon","coordinates":[[[123.5518,11.9622],[123.5567,11.9519],[123.5555,11.9488],[123.5529,11.9529],[123.5518,11.9622]]]},"type":"Feature","id":"a26e0d7d30","properties":{"flclr":"#000000","name":"Gilotongan","level_id":"reg","layer_val":"0","parent_id":"0","gjsonid":"6"}},{"geometry":{"type":"Polygon","coordinates":[[[123.7237,11.9686],[123.7337,11.9813],[123.7512,11.9676],[123.7523,11.9552],[123.7461,11.9473],[123.7237,11.9686]]]},"type":"Feature","id":"8b8e34a55b","properties":{"flclr":"#000000","name":"Guiom","level_id":"reg","layer_val":"0","parent_id":"0","gjsonid":"6"}},{"geometry":{"type":"Polygon","coordinates":[[[123.5943,11.9181],[123.6052,11.9167],[123.6114,11.9096],[123.6058,11.9053],[123.5943,11.9181]]]},"type":"Feature","id":"db2015d65c","properties":{"flclr":"#000000","name":"Chico Island","level_id":"reg","layer_val":"0","parent_id":"0","gjsonid":"6"}},{"geometry":{"type":"Polygon","coordinates":[[[123.5881,11.9362],[123.5897,11.9353],[123.5897,11.9343],[123.5876,11.9354],[123.5881,11.9362]]]},"type":"Feature","id":"2640faf592","properties":{"flclr":"#000000","name":"Chico Island","level_id":"reg","layer_val":"0","parent_id":"0","gjsonid":"6"}},{"geometry":{"type":"Polygon","coordinates":[[[123.6322,12.0199],[123.6351,12.0207],[123.6384,12.0253],[123.6359,12.0168],[123.6322,12.0199]]]},"type":"Feature","id":"f75456c241","properties":{"flclr":"#000000","name":"Pe\u00f1a Island","level_id":"reg","layer_val":"0","parent_id":"0","gjsonid":"6"}},{"geometry":{"type":"Polygon","coordinates":[[[123.1635,12.0389],[123.1680,12.0421],[123.1717,12.0397],[123.1670,12.0343],[123.1635,12.0389]]]},"type":"Feature","id":"bda4746f1d","properties":{"flclr":"#000000","name":"Dao","level_id":"reg","layer_val":"0","parent_id":"0","gjsonid":"6"}},{"geometry":{"type":"Polygon","coordinates":[[[123.1183,11.9923],[123.1202,11.9979],[123.1228,11.9980],[123.1252,11.9934],[123.1218,11.9870],[123.1183,11.9923]]]},"type":"Feature","id":"83858f0ee4","properties":{"flclr":"#000000","name":"Ubo","level_id":"reg","layer_val":"0","parent_id":"0","gjsonid":"6"}},{"geometry":{"type":"Polygon","coordinates":[[[123.1310,12.0206],[123.1334,12.0172],[123.1303,12.0147],[123.1296,12.0194],[123.1310,12.0206]]]},"type":"Feature","id":"fc01c68835","properties":{"flclr":"#000000","name":"Ubo","level_id":"reg","layer_val":"0","parent_id":"0","gjsonid":"6"}},{"geometry":{"type":"Polygon","coordinates":[[[123.4080,12.3602],[123.3864,12.3589],[123.3384,12.3638],[123.3423,12.3798],[123.3978,12.3794],[123.4069,12.3780],[123.4080,12.3602]]]},"type":"Feature","id":"7f9af296ec","properties":{"flclr":"#000000","name":"Nabongsoran","level_id":"reg","layer_val":"0","parent_id":"0","gjsonid":"6"}},{"geometry":{"type":"Polygon","coordinates":[[[123.4532,12.3278],[123.4624,12.3639],[123.4880,12.3940],[123.5098,12.4081],[123.5168,12.4086],[123.5100,12.3887],[123.5143,12.3857],[123.5118,12.3740],[123.4845,12.3167],[123.4532,12.3278]]]},"type":"Feature","id":"b2dcdb40ad","properties":{"flclr":"#000000","name":"Cancahorao","level_id":"reg","layer_val":"0","parent_id":"0","gjsonid":"6"}},{"geometry":{"type":"Polygon","coordinates":[[[123.4624,12.3639],[123.4532,12.3278],[123.4033,12.3367],[123.4080,12.3602],[123.4624,12.3639]]]},"type":"Feature","id":"937e95a1e4","properties":{"flclr":"#000000","name":"Manamoc","level_id":"reg","layer_val":"0","parent_id":"0","gjsonid":"6"}},{"geometry":{"type":"Polygon","coordinates":[[[123.2506,12.4042],[123.2523,12.4073],[123.2567,12.4083],[123.2508,12.4005],[123.2506,12.4042]]]},"type":"Feature","id":"85da85ff2e","properties":{"flclr":"#000000","name":"Dayhagan","level_id":"reg","layer_val":"0","parent_id":"0","gjsonid":"6"}},{"geometry":{"type":"Polygon","coordinates":[[[123.3684,12.4787],[123.3698,12.4781],[123.3690,12.4764],[123.3686,12.4765],[123.3684,12.4787]]]},"type":"Feature","id":"84d9bf8c20","properties":{"flclr":"#000000","name":"Puro","level_id":"reg","layer_val":"0","parent_id":"0","gjsonid":"6"}},{"geometry":{"type":"Polygon","coordinates":[[[123.3712,12.4774],[123.3722,12.4751],[123.3710,12.4743],[123.3708,12.4769],[123.3712,12.4774]]]},"type":"Feature","id":"a098a2ace8","properties":{"flclr":"#000000","name":"Puro","level_id":"reg","layer_val":"0","parent_id":"0","gjsonid":"6"}},{"geometry":{"type":"Polygon","coordinates":[[[123.3698,12.4824],[123.3723,12.4816],[123.3715,12.4796],[123.3690,12.4805],[123.3698,12.4824]]]},"type":"Feature","id":"cd15007fa7","properties":{"flclr":"#000000","name":"Puro","level_id":"reg","layer_val":"0","parent_id":"0","gjsonid":"6"}},{"geometry":{"type":"Polygon","coordinates":[[[123.3717,12.4842],[123.3724,12.4845],[123.3729,12.4842],[123.3718,12.4837],[123.3717,12.4842]]]},"type":"Feature","id":"a804dd39ea","properties":{"flclr":"#000000","name":"Puro","level_id":"reg","layer_val":"0","parent_id":"0","gjsonid":"6"}},{"geometry":{"type":"Polygon","coordinates":[[[123.2533,12.4247],[123.2531,12.4358],[123.2550,12.4396],[123.2592,12.4314],[123.2542,12.4208],[123.2533,12.4247]]]},"type":"Feature","id":"1b52a2079c","properties":{"flclr":"#000000","name":"Calanay","level_id":"reg","layer_val":"0","parent_id":"0","gjsonid":"6"}},{"geometry":{"type":"Polygon","coordinates":[[[123.3590,12.4739],[123.3600,12.4739],[123.3596,12.4730],[123.3591,12.4729],[123.3590,12.4739]]]},"type":"Feature","id":"8da4aecfe8","properties":{"flclr":"#000000","name":"Balawing","level_id":"reg","layer_val":"0","parent_id":"0","gjsonid":"6"}}]}