{"type":"FeatureCollection","features":[{"geometry":{"type":"Polygon","coordinates":[[[123.0670,11.7333],[123.0682,11.7332],[123.0682,11.7312],[123.0660,11.7326],[123.0670,11.7333]]]},"type":"Feature","id":"5e065d4d6d","properties":{"flclr":"#000000","name":"Sapatos","level_id":"reg","layer_val":"0","parent_id":"0","gjsonid":"6"}},{"geometry":{"type":"Polygon","coordinates":[[[123.1033,11.7551],[123.1082,11.7569],[123.1097,11.7561],[123.1072,11.7510],[123.1033,11.7551]]]},"type":"Feature","id":"01eebe0a06","properties":{"flclr":"#000000","name":"Sapatos","level_id":"reg","layer_val":"0","parent_id":"0","gjsonid":"6"}},{"geometry":{"type":"Polygon","coordinates":[[[123.1581,11.4385],[123.1592,11.4384],[123.1594,11.4376],[123.1579,11.4374],[123.1581,11.4385]]]},"type":"Feature","id":"b698d030b3","properties":{"flclr":"#000000","name":"Manipulon","level_id":"reg","layer_val":"0","parent_id":"0","gjsonid":"7"}},{"geometry":{"type":"Polygon","coordinates":[[[123.1482,11.3081],[123.1514,11.3098],[123.1523,11.3089],[123.1501,11.3050],[123.1482,11.3081]]]},"type":"Feature","id":"7db1f780c3","properties":{"flclr":"#000000","name":"Naborot","level_id":"reg","layer_val":"0","parent_id":"0","gjsonid":"7"}},{"geometry":{"type":"Polygon","coordinates":[[[123.1644,11.4634],[123.1720,11.4664],[123.1744,11.4567],[123.1722,11.4605],[123.1644,11.4634]]]},"type":"Feature","id":"b8a9298b0c","properties":{"flclr":"#000000","name":"Loguingot (Loguingot Island)","level_id":"reg","layer_val":"0","parent_id":"0","gjsonid":"7"}},{"geometry":{"type":"Polygon","coordinates":[[[123.1658,11.4386],[123.1692,11.4380],[123.1696,11.4368],[123.1686,11.4365],[123.1658,11.4386]]]},"type":"Feature","id":"46b67c2942","properties":{"flclr":"#000000","name":"Manipulon","level_id":"reg","layer_val":"0","parent_id":"0","gjsonid":"7"}},{"geometry":{"type":"Polygon","coordinates":[[[123.1720,11.4381],[123.1754,11.4385],[123.1771,11.4374],[123.1741,11.4349],[123.1720,11.4381]]]},"type":"Feature","id":"729e1095d4","properties":{"flclr":"#000000","name":"Manipulon","level_id":"reg","layer_val":"0","parent_id":"0","gjsonid":"7"}},{"geometry":{"type":"Polygon","coordinates":[[[123.1764,11.4303],[123.1825,11.4389],[123.1883,11.4389],[123.1808,11.4244],[123.1764,11.4303]]]},"type":"Feature","id":"b3aa488fa3","properties":{"flclr":"#000000","name":"Bayas (Bayas Island)","level_id":"reg","layer_val":"0","parent_id":"0","gjsonid":"7"}},{"geometry":{"type":"Polygon","coordinates":[[[123.1795,11.4234],[123.1803,11.4237],[123.1802,11.4228],[123.1796,11.4230],[123.1795,11.4234]]]},"type":"Feature","id":"d84a6fff6f","properties":{"flclr":"#000000","name":"Bayas (Bayas Island)","level_id":"reg","layer_val":"0","parent_id":"0","gjsonid":"7"}},{"geometry":{"type":"Polygon","coordinates":[[[123.3370,11.2028],[123.3414,11.2014],[123.3410,11.1977],[123.3383,11.1973],[123.3370,11.2028]]]},"type":"Feature","id":"07560e1a59","properties":{"flclr":"#000000","name":"Salvacion","level_id":"reg","layer_val":"0","parent_id":"0","gjsonid":"7"}},{"geometry":{"type":"Polygon","coordinates":[[[123.1544,11.2310],[123.1566,11.2346],[123.1630,11.2327],[123.1609,11.2279],[123.1544,11.2310]]]},"type":"Feature","id":"9a5622eba5","properties":{"flclr":"#000000","name":"Botlog","level_id":"reg","layer_val":"0","parent_id":"0","gjsonid":"7"}},{"geometry":{"type":"Polygon","coordinates":[[[123.1931,11.2279],[123.1974,11.2280],[123.1963,11.2238],[123.1930,11.2269],[123.1931,11.2279]]]},"type":"Feature","id":"55ee6a258f","properties":{"flclr":"#000000","name":"Malangabang","level_id":"reg","layer_val":"0","parent_id":"0","gjsonid":"7"}},{"geometry":{"type":"Polygon","coordinates":[[[123.1947,11.2373],[123.1960,11.2383],[123.1962,11.2360],[123.1951,11.2357],[123.1947,11.2373]]]},"type":"Feature","id":"1e477683a2","properties":{"flclr":"#000000","name":"Malangabang","level_id":"reg","layer_val":"0","parent_id":"0","gjsonid":"7"}},{"geometry":{"type":"Polygon","coordinates":[[[123.1556,11.1820],[123.1588,11.1883],[123.1606,11.1896],[123.1566,11.1776],[123.1556,11.1820]]]},"type":"Feature","id":"9d19583c2b","properties":{"flclr":"#000000","name":"Polopina","level_id":"reg","layer_val":"0","parent_id":"0","gjsonid":"7"}},{"geometry":{"type":"Polygon","coordinates":[[[123.1681,11.1812],[123.1695,11.1815],[123.1698,11.1801],[123.1685,11.1799],[123.1681,11.1812]]]},"type":"Feature","id":"35e273417d","properties":{"flclr":"#000000","name":"Polopina","level_id":"reg","layer_val":"0","parent_id":"0","gjsonid":"7"}},{"geometry":{"type":"Polygon","coordinates":[[[123.1729,11.1871],[123.1788,11.1885],[123.1802,11.1864],[123.1762,11.1831],[123.1729,11.1871]]]},"type":"Feature","id":"58eae431ea","properties":{"flclr":"#000000","name":"Polopina","level_id":"reg","layer_val":"0","parent_id":"0","gjsonid":"7"}},{"geometry":{"type":"Polygon","coordinates":[[[123.1683,11.3143],[123.1695,11.3154],[123.1704,11.3155],[123.1702,11.3141],[123.1683,11.3143]]]},"type":"Feature","id":"27880f2285","properties":{"flclr":"#000000","name":"Talotu-an","level_id":"reg","layer_val":"0","parent_id":"0","gjsonid":"7"}},{"geometry":{"type":"Polygon","coordinates":[[[123.1727,11.3154],[123.1749,11.3205],[123.1818,11.3198],[123.1781,11.3148],[123.1727,11.3154]]]},"type":"Feature","id":"cbf6c48ec1","properties":{"flclr":"#000000","name":"Talotu-an","level_id":"reg","layer_val":"0","parent_id":"0","gjsonid":"7"}},{"geometry":{"type":"Polygon","coordinates":[[[123.1722,11.2604],[123.1760,11.2650],[123.1798,11.2640],[123.1772,11.2560],[123.1722,11.2604]]]},"type":"Feature","id":"693ef37430","properties":{"flclr":"#000000","name":"Tambaliza","level_id":"reg","layer_val":"0","parent_id":"0","gjsonid":"7"}},{"geometry":{"type":"Polygon","coordinates":[[[123.2504,11.4864],[123.2559,11.4888],[123.2597,11.4865],[123.2558,11.4833],[123.2504,11.4864]]]},"type":"Feature","id":"0fca2b4416","properties":{"flclr":"#000000","name":"Isla De Cana","level_id":"reg","layer_val":"0","parent_id":"0","gjsonid":"7"}},{"geometry":{"type":"Polygon","coordinates":[[[123.1802,11.4837],[123.1899,11.4947],[123.1964,11.4905],[123.1852,11.4759],[123.1802,11.4837]]]},"type":"Feature","id":"77d37379cb","properties":{"flclr":"#000000","name":"Manlot","level_id":"reg","layer_val":"0","parent_id":"0","gjsonid":"7"}},{"geometry":{"type":"Polygon","coordinates":[[[123.1818,11.4937],[123.1856,11.4942],[123.1865,11.4920],[123.1833,11.4899],[123.1818,11.4937]]]},"type":"Feature","id":"89c211f897","properties":{"flclr":"#000000","name":"Manlot","level_id":"reg","layer_val":"0","parent_id":"0","gjsonid":"7"}},{"geometry":{"type":"Polygon","coordinates":[[[123.1845,11.4717],[123.1892,11.4760],[123.1920,11.4696],[123.1853,11.4697],[123.1845,11.4717]]]},"type":"Feature","id":"f74532b5fc","properties":{"flclr":"#000000","name":"Talingting","level_id":"reg","layer_val":"0","parent_id":"0","gjsonid":"7"}},{"geometry":{"type":"Polygon","coordinates":[[[123.1229,11.5129],[123.1230,11.5191],[123.1296,11.5178],[123.1283,11.5099],[123.1387,11.4999],[123.1334,11.4983],[123.1229,11.5129]]]},"type":"Feature","id":"669c25bc0b","properties":{"flclr":"#000000","name":"Tupaz","level_id":"reg","layer_val":"0","parent_id":"0","gjsonid":"7"}},{"geometry":{"type":"Polygon","coordinates":[[[123.3545,11.5726],[123.3603,11.5748],[123.3617,11.5729],[123.3580,11.5686],[123.3545,11.5726]]]},"type":"Feature","id":"5a3afb5759","properties":{"flclr":"#000000","name":"Gabi","level_id":"reg","layer_val":"0","parent_id":"0","gjsonid":"7"}},{"geometry":{"type":"Polygon","coordinates":[[[123.2759,11.5875],[123.2780,11.5902],[123.2821,11.5863],[123.2826,11.5760],[123.2789,11.5760],[123.2759,11.5875]]]},"type":"Feature","id":"2a75d00eab","properties":{"flclr":"#000000","name":"Lantangan","level_id":"reg","layer_val":"0","parent_id":"0","gjsonid":"7"}},{"geometry":{"type":"Polygon","coordinates":[[[123.3440,11.5581],[123.3462,11.5622],[123.3471,11.5622],[123.3458,11.5536],[123.3440,11.5581]]]},"type":"Feature","id":"a9a5e7f4b6","properties":{"flclr":"#000000","name":"Lantangan","level_id":"reg","layer_val":"0","parent_id":"0","gjsonid":"7"}},{"geometry":{"type":"Polygon","coordinates":[[[123.3455,11.5688],[123.3493,11.5717],[123.3492,11.5648],[123.3466,11.5644],[123.3455,11.5688]]]},"type":"Feature","id":"5bb6ddd53b","properties":{"flclr":"#000000","name":"Lantangan","level_id":"reg","layer_val":"0","parent_id":"0","gjsonid":"7"}},{"geometry":{"type":"Polygon","coordinates":[[[123.2752,11.4602],[123.2759,11.4605],[123.2764,11.4598],[123.2754,11.4590],[123.2752,11.4602]]]},"type":"Feature","id":"9964077baa","properties":{"flclr":"#000000","name":"Buaya","level_id":"reg","layer_val":"0","parent_id":"0","gjsonid":"7"}},{"geometry":{"type":"Polygon","coordinates":[[[123.2769,11.4566],[123.2847,11.4588],[123.2866,11.4563],[123.2802,11.4539],[123.2769,11.4566]]]},"type":"Feature","id":"3934f8d7f9","properties":{"flclr":"#000000","name":"Buaya","level_id":"reg","layer_val":"0","parent_id":"0","gjsonid":"7"}},{"geometry":{"type":"Polygon","coordinates":[[[123.2024,11.5872],[123.2078,11.5944],[123.2204,11.5896],[123.2171,11.5826],[123.2084,11.5797],[123.2024,11.5825],[123.2024,11.5872]]]},"type":"Feature","id":"c26c7330e7","properties":{"flclr":"#000000","name":"Buenavista","level_id":"reg","layer_val":"0","parent_id":"0","gjsonid":"7"}},{"geometry":{"type":"Polygon","coordinates":[[[123.2247,11.5479],[123.2337,11.5598],[123.2402,11.5607],[123.2289,11.5452],[123.2254,11.5440],[123.2247,11.5479]]]},"type":"Feature","id":"3ad51e856d","properties":{"flclr":"#000000","name":"Buenavista","level_id":"reg","layer_val":"0","parent_id":"0","gjsonid":"7"}},{"geometry":{"type":"Polygon","coordinates":[[[123.1970,11.5169],[123.1986,11.5177],[123.1987,11.5158],[123.1970,11.5159],[123.1970,11.5169]]]},"type":"Feature","id":"ee207086ef","properties":{"flclr":"#000000","name":"Tabugon","level_id":"reg","layer_val":"0","parent_id":"0","gjsonid":"7"}},{"geometry":{"type":"Polygon","coordinates":[[[123.1925,11.5303],[123.1952,11.5398],[123.1972,11.5407],[123.2007,11.5321],[123.1973,11.5273],[123.1925,11.5303]]]},"type":"Feature","id":"75e3b40f41","properties":{"flclr":"#000000","name":"Tabugon","level_id":"reg","layer_val":"0","parent_id":"0","gjsonid":"7"}},{"geometry":{"type":"Polygon","coordinates":[[[123.1422,11.4135],[123.1449,11.4123],[123.1443,11.4092],[123.1428,11.4094],[123.1422,11.4135]]]},"type":"Feature","id":"f55bb2a89b","properties":{"flclr":"#000000","name":"Banban","level_id":"reg","layer_val":"0","parent_id":"0","gjsonid":"7"}},{"geometry":{"type":"Polygon","coordinates":[[[123.1578,11.3884],[123.1641,11.3886],[123.1653,11.3853],[123.1623,11.3839],[123.1578,11.3884]]]},"type":"Feature","id":"51f0dab58d","properties":{"flclr":"#000000","name":"Tanao","level_id":"reg","layer_val":"0","parent_id":"0","gjsonid":"7"}},{"geometry":{"type":"Polygon","coordinates":[[[123.7232,11.4889],[123.7252,11.4886],[123.7272,11.4861],[123.7261,11.4863],[123.7232,11.4889]]]},"type":"Feature","id":"1ab027eb98","properties":{"flclr":"#000000","name":"Poblacion","level_id":"reg","layer_val":"0","parent_id":"0","gjsonid":"8"}},{"geometry":{"type":"Polygon","coordinates":[[[123.6858,11.2214],[123.6852,11.2214],[123.6846,11.2207],[123.6850,11.2220],[123.6858,11.2214]]]},"type":"Feature","id":"c8b45518f5","properties":{"flclr":"#000000","name":"Patao","level_id":"reg","layer_val":"0","parent_id":"0","gjsonid":"8"}},{"geometry":{"type":"Polygon","coordinates":[[[123.1186,11.8437],[123.1417,11.8567],[123.1421,11.8563],[123.1378,11.8457],[123.1264,11.8366],[123.1196,11.8367],[123.1186,11.8437]]]},"type":"Feature","id":"d4c32cd0b8","properties":{"flclr":"#000000","name":"Cantil","level_id":"reg","layer_val":"0","parent_id":"0","gjsonid":"6"}},{"geometry":{"type":"Polygon","coordinates":[[[123.1417,11.8567],[123.1400,11.8554],[123.1186,11.8437],[123.1218,11.8580],[123.1332,11.8626],[123.1417,11.8567]]]},"type":"Feature","id":"ad7d2656e5","properties":{"flclr":"#000000","name":"Jintotolo","level_id":"reg","layer_val":"0","parent_id":"0","gjsonid":"6"}},{"geometry":{"type":"Polygon","coordinates":[[[123.0571,11.2621],[123.0394,11.2611],[123.0387,11.2716],[123.0482,11.2779],[123.0571,11.2621]]]},"type":"Feature","id":"2fea4a1319","properties":{"flclr":"#000000","name":"Aldeguer","level_id":"reg","layer_val":"0","parent_id":"0","gjsonid":"7"}},{"geometry":{"type":"Polygon","coordinates":[[[123.0225,11.3928],[123.0125,11.4035],[123.0095,11.4175],[123.0134,11.4222],[123.0398,11.4279],[123.0481,11.4186],[123.0460,11.4038],[123.0351,11.3952],[123.0225,11.3928]]]},"type":"Feature","id":"f8aa44a05c","properties":{"flclr":"#000000","name":"Tabun-acan","level_id":"reg","layer_val":"0","parent_id":"0","gjsonid":"7"}},{"geometry":{"type":"Polygon","coordinates":[[[123.0460,11.4038],[123.0470,11.4091],[123.0592,11.4088],[123.0726,11.4206],[123.0800,11.4208],[123.0766,11.4104],[123.0685,11.4043],[123.0595,11.4014],[123.0460,11.4038]]]},"type":"Feature","id":"727e037d83","properties":{"flclr":"#000000","name":"Zaragosa","level_id":"reg","layer_val":"0","parent_id":"0","gjsonid":"7"}},{"geometry":{"type":"Polygon","coordinates":[[[123.0415,11.4921],[123.0366,11.4955],[123.0347,11.5102],[123.0402,11.5150],[123.0473,11.5084],[123.0415,11.4921]]]},"type":"Feature","id":"3d31a3f609","properties":{"flclr":"#000000","name":"San Ramon","level_id":"reg","layer_val":"0","parent_id":"0","gjsonid":"7"}},{"geometry":{"type":"Polygon","coordinates":[[[123.0289,11.4727],[123.0489,11.4732],[123.0584,11.4657],[123.0555,11.4554],[123.0456,11.4476],[123.0201,11.4602],[123.0289,11.4727]]]},"type":"Feature","id":"71963323e2","properties":{"flclr":"#000000","name":"Sinamongan","level_id":"reg","layer_val":"0","parent_id":"0","gjsonid":"7"}},{"geometry":{"type":"Polygon","coordinates":[[[123.0489,11.4732],[123.0423,11.4756],[123.0417,11.4857],[123.0473,11.5084],[123.0564,11.5064],[123.0622,11.4979],[123.0598,11.4853],[123.0489,11.4732]]]},"type":"Feature","id":"2d6fdc8ab4","properties":{"flclr":"#000000","name":"Santa Fe","level_id":"reg","layer_val":"0","parent_id":"0","gjsonid":"7"}},{"geometry":{"type":"Polygon","coordinates":[[[123.0584,11.4657],[123.0489,11.4732],[123.0604,11.4878],[123.0733,11.4877],[123.0676,11.4744],[123.0584,11.4657]]]},"type":"Feature","id":"54206665f9","properties":{"flclr":"#000000","name":"San Nicolas","level_id":"reg","layer_val":"0","parent_id":"0","gjsonid":"7"}},{"geometry":{"type":"Polygon","coordinates":[[[123.0733,11.4877],[123.0604,11.4878],[123.0622,11.4979],[123.0564,11.5064],[123.0748,11.5028],[123.0733,11.4877]]]},"type":"Feature","id":"e94241144b","properties":{"flclr":"#000000","name":"San Pedro","level_id":"reg","layer_val":"0","parent_id":"0","gjsonid":"7"}},{"geometry":{"type":"Polygon","coordinates":[[[123.0545,11.5072],[123.0437,11.5088],[123.0402,11.5150],[123.0575,11.5198],[123.0584,11.5103],[123.0545,11.5072]]]},"type":"Feature","id":"75e11ec56a","properties":{"flclr":"#000000","name":"Casanayan","level_id":"reg","layer_val":"0","parent_id":"0","gjsonid":"7"}},{"geometry":{"type":"Polygon","coordinates":[[[123.0575,11.5198],[123.0648,11.5240],[123.0782,11.5132],[123.0748,11.5028],[123.0545,11.5072],[123.0584,11.5103],[123.0575,11.5198]]]},"type":"Feature","id":"707b231d6c","properties":{"flclr":"#000000","name":"San Antonio","level_id":"reg","layer_val":"0","parent_id":"0","gjsonid":"7"}},{"geometry":{"type":"Polygon","coordinates":[[[123.0782,11.5132],[123.0648,11.5240],[123.0756,11.5274],[123.0783,11.5360],[123.0915,11.5302],[123.0856,11.5145],[123.0782,11.5132]]]},"type":"Feature","id":"331e1f7a78","properties":{"flclr":"#000000","name":"Balogo","level_id":"reg","layer_val":"0","parent_id":"0","gjsonid":"7"}},{"geometry":{"type":"Polygon","coordinates":[[[123.0915,11.5302],[123.0870,11.5339],[123.0783,11.5360],[123.0941,11.5434],[123.0973,11.5398],[123.0915,11.5302]]]},"type":"Feature","id":"ab1288b862","properties":{"flclr":"#000000","name":"Dayhagan","level_id":"reg","layer_val":"0","parent_id":"0","gjsonid":"7"}},{"geometry":{"type":"Polygon","coordinates":[[[123.0807,11.3807],[123.0863,11.3795],[123.0890,11.3669],[123.0831,11.3664],[123.0807,11.3807]]]},"type":"Feature","id":"9ecf5f8e7f","properties":{"flclr":"#000000","name":"Batuan","level_id":"reg","layer_val":"0","parent_id":"0","gjsonid":"7"}},{"geometry":{"type":"Polygon","coordinates":[[[123.0274,11.2215],[123.0212,11.2381],[123.0474,11.2304],[123.0438,11.2181],[123.0332,11.2241],[123.0274,11.2215]]]},"type":"Feature","id":"391f5926f9","properties":{"flclr":"#000000","name":"Zerrudo","level_id":"reg","layer_val":"0","parent_id":"0","gjsonid":"7"}},{"geometry":{"type":"Polygon","coordinates":[[[123.0474,11.2304],[123.0465,11.2383],[123.0586,11.2369],[123.0580,11.2277],[123.0438,11.2181],[123.0474,11.2304]]]},"type":"Feature","id":"602efd3698","properties":{"flclr":"#000000","name":"Bakabak","level_id":"reg","layer_val":"0","parent_id":"0","gjsonid":"7"}},{"geometry":{"type":"Polygon","coordinates":[[[123.0465,11.2383],[123.0474,11.2304],[123.0370,11.2336],[123.0375,11.2455],[123.0436,11.2444],[123.0465,11.2383]]]},"type":"Feature","id":"26c47e99ac","properties":{"flclr":"#000000","name":"Salcedo","level_id":"reg","layer_val":"0","parent_id":"0","gjsonid":"7"}},{"geometry":{"type":"Polygon","coordinates":[[[123.0586,11.2369],[123.0465,11.2383],[123.0442,11.2612],[123.0601,11.2589],[123.0625,11.2495],[123.0586,11.2369]]]},"type":"Feature","id":"90c04fcf64","properties":{"flclr":"#000000","name":"Crespo","level_id":"reg","layer_val":"0","parent_id":"0","gjsonid":"7"}},{"geometry":{"type":"Polygon","coordinates":[[[123.0482,11.2779],[123.0367,11.2693],[123.0291,11.2871],[123.0359,11.2890],[123.0482,11.2779]]]},"type":"Feature","id":"f83a84c212","properties":{"flclr":"#000000","name":"Castor","level_id":"reg","layer_val":"0","parent_id":"0","gjsonid":"7"}},{"geometry":{"type":"Polygon","coordinates":[[[123.0992,11.2529],[123.0966,11.2437],[123.0921,11.2433],[123.0891,11.2488],[123.0992,11.2529]]]},"type":"Feature","id":"dbae2cdb60","properties":{"flclr":"#000000","name":"Nipa","level_id":"reg","layer_val":"0","parent_id":"0","gjsonid":"7"}},{"geometry":{"type":"Polygon","coordinates":[[[123.0879,11.3705],[123.0852,11.3815],[123.0895,11.3865],[123.1088,11.3814],[123.1070,11.3697],[123.0879,11.3705]]]},"type":"Feature","id":"5c17b7eb75","properties":{"flclr":"#000000","name":"Canas","level_id":"reg","layer_val":"0","parent_id":"0","gjsonid":"7"}},{"geometry":{"type":"Polygon","coordinates":[[[123.0961,11.2635],[123.0992,11.2529],[123.0891,11.2488],[123.0770,11.2504],[123.0870,11.2715],[123.0899,11.2653],[123.0961,11.2635]]]},"type":"Feature","id":"6163bc4418","properties":{"flclr":"#000000","name":"Siempreviva","level_id":"reg","layer_val":"0","parent_id":"0","gjsonid":"7"}},{"geometry":{"type":"Polygon","coordinates":[[[123.1025,11.3236],[123.1080,11.3176],[123.1080,11.3047],[123.0925,11.3037],[123.0879,11.3112],[123.0915,11.3224],[123.1025,11.3236]]]},"type":"Feature","id":"fc391e19a4","properties":{"flclr":"#000000","name":"Sua","level_id":"reg","layer_val":"0","parent_id":"0","gjsonid":"7"}},{"geometry":{"type":"Polygon","coordinates":[[[123.1004,11.3288],[123.1025,11.3236],[123.0911,11.3221],[123.0736,11.3346],[123.0780,11.3407],[123.1004,11.3288]]]},"type":"Feature","id":"8636b4673b","properties":{"flclr":"#000000","name":"Hacienda Conchita","level_id":"reg","layer_val":"0","parent_id":"0","gjsonid":"7"}},{"geometry":{"type":"Polygon","coordinates":[[[123.0735,11.3328],[123.0915,11.3224],[123.0884,11.3075],[123.0628,11.3209],[123.0735,11.3328]]]},"type":"Feature","id":"bcbdb2b1ce","properties":{"flclr":"#000000","name":"Cudionan","level_id":"reg","layer_val":"0","parent_id":"0","gjsonid":"7"}},{"geometry":{"type":"Polygon","coordinates":[[[123.0884,11.3075],[123.0925,11.3037],[123.0906,11.2928],[123.0818,11.2917],[123.0842,11.2976],[123.0766,11.2977],[123.0699,11.3048],[123.0628,11.3209],[123.0884,11.3075]]]},"type":"Feature","id":"cd6182eeaa","properties":{"flclr":"#000000","name":"San Nicolas","level_id":"reg","layer_val":"0","parent_id":"0","gjsonid":"7"}},{"geometry":{"type":"Polygon","coordinates":[[[123.0751,11.2995],[123.0842,11.2976],[123.0818,11.2917],[123.0917,11.2910],[123.0829,11.2865],[123.0600,11.2867],[123.0620,11.2926],[123.0751,11.2995]]]},"type":"Feature","id":"228bcfca50","properties":{"flclr":"#000000","name":"Capinang","level_id":"reg","layer_val":"0","parent_id":"0","gjsonid":"7"}},{"geometry":{"type":"Polygon","coordinates":[[[123.0601,11.2589],[123.0571,11.2621],[123.0533,11.2701],[123.0659,11.2648],[123.0601,11.2589]]]},"type":"Feature","id":"336f6da0c7","properties":{"flclr":"#000000","name":"Moto","level_id":"reg","layer_val":"0","parent_id":"0","gjsonid":"7"}},{"geometry":{"type":"Polygon","coordinates":[[[123.0636,11.2862],[123.0738,11.2858],[123.0907,11.2745],[123.0770,11.2504],[123.0601,11.2589],[123.0734,11.2693],[123.0636,11.2862]]]},"type":"Feature","id":"82c643a6d9","properties":{"flclr":"#000000","name":"Bondulan","level_id":"reg","layer_val":"0","parent_id":"0","gjsonid":"7"}},{"geometry":{"type":"Polygon","coordinates":[[[123.0907,11.2745],[123.0834,11.2762],[123.0738,11.2858],[123.0863,11.2873],[123.0927,11.2780],[123.0907,11.2745]]]},"type":"Feature","id":"f643eb0850","properties":{"flclr":"#000000","name":"Pase","level_id":"reg","layer_val":"0","parent_id":"0","gjsonid":"7"}},{"geometry":{"type":"Polygon","coordinates":[[[123.0682,11.2796],[123.0734,11.2693],[123.0727,11.2656],[123.0659,11.2648],[123.0571,11.2713],[123.0605,11.2776],[123.0682,11.2796]]]},"type":"Feature","id":"6001e435c2","properties":{"flclr":"#000000","name":"Santol","level_id":"reg","layer_val":"0","parent_id":"0","gjsonid":"7"}},{"geometry":{"type":"Polygon","coordinates":[[[123.0863,11.3795],[123.0759,11.3815],[123.0776,11.3871],[123.0895,11.3865],[123.0863,11.3795]]]},"type":"Feature","id":"8bd6cbff6b","properties":{"flclr":"#000000","name":"Amayong","level_id":"reg","layer_val":"0","parent_id":"0","gjsonid":"7"}},{"geometry":{"type":"Polygon","coordinates":[[[123.0831,11.3664],[123.0931,11.3647],[123.0983,11.3562],[123.0871,11.3510],[123.0793,11.3549],[123.0625,11.3452],[123.0546,11.3496],[123.0538,11.3443],[123.0493,11.3455],[123.0599,11.3681],[123.0713,11.3701],[123.0831,11.3664]]]},"type":"Feature","id":"576dc5f86e","properties":{"flclr":"#000000","name":"Mandu-awak","level_id":"reg","layer_val":"0","parent_id":"0","gjsonid":"7"}},{"geometry":{"type":"Polygon","coordinates":[[[123.1070,11.3697],[123.1088,11.3814],[123.1264,11.3787],[123.1199,11.3665],[123.1070,11.3697]]]},"type":"Feature","id":"e086e9b102","properties":{"flclr":"#000000","name":"Madanlog","level_id":"reg","layer_val":"0","parent_id":"0","gjsonid":"7"}},{"geometry":{"type":"Polygon","coordinates":[[[123.1472,11.3759],[123.1398,11.3628],[123.1203,11.3641],[123.1264,11.3787],[123.1472,11.3759]]]},"type":"Feature","id":"93d036e738","properties":{"flclr":"#000000","name":"Odiongan","level_id":"reg","layer_val":"0","parent_id":"0","gjsonid":"7"}},{"geometry":{"type":"Polygon","coordinates":[[[123.1199,11.3665],[123.1274,11.3632],[123.1340,11.3470],[123.1167,11.3552],[123.1126,11.3685],[123.1199,11.3665]]]},"type":"Feature","id":"bcb9cb3a8f","properties":{"flclr":"#000000","name":"Agdaliran","level_id":"reg","layer_val":"0","parent_id":"0","gjsonid":"7"}},{"geometry":{"type":"Polygon","coordinates":[[[123.1208,11.3524],[123.1340,11.3470],[123.1335,11.3426],[123.1163,11.3376],[123.1108,11.3437],[123.1208,11.3524]]]},"type":"Feature","id":"64d4449ba6","properties":{"flclr":"#000000","name":"Boro\u00f1gon","level_id":"reg","layer_val":"0","parent_id":"0","gjsonid":"7"}},{"geometry":{"type":"Polygon","coordinates":[[[123.0776,11.3871],[123.0759,11.3815],[123.0807,11.3807],[123.0831,11.3664],[123.0713,11.3701],[123.0599,11.3681],[123.0517,11.3553],[123.0378,11.3615],[123.0351,11.3952],[123.0497,11.3810],[123.0637,11.3810],[123.0776,11.3871]]]},"type":"Feature","id":"757b27f18b","properties":{"flclr":"#000000","name":"Talo-ato","level_id":"reg","layer_val":"0","parent_id":"0","gjsonid":"7"}},{"geometry":{"type":"Polygon","coordinates":[[[123.0907,11.2745],[123.0957,11.2751],[123.1006,11.2669],[123.0899,11.2653],[123.0870,11.2715],[123.0907,11.2745]]]},"type":"Feature","id":"0d13a3d827","properties":{"flclr":"#000000","name":"Poblacion","level_id":"reg","layer_val":"0","parent_id":"0","gjsonid":"7"}},{"geometry":{"type":"Polygon","coordinates":[[[123.1070,11.3697],[123.1126,11.3685],[123.1157,11.3603],[123.1025,11.3554],[123.0879,11.3705],[123.1070,11.3697]]]},"type":"Feature","id":"a65ef52249","properties":{"flclr":"#000000","name":"Tamangi","level_id":"reg","layer_val":"0","parent_id":"0","gjsonid":"7"}},{"geometry":{"type":"Polygon","coordinates":[[[123.0983,11.3562],[123.1160,11.3615],[123.1208,11.3524],[123.1151,11.3507],[123.1110,11.3421],[123.0974,11.3428],[123.0871,11.3510],[123.0983,11.3562]]]},"type":"Feature","id":"cc525a2aba","properties":{"flclr":"#000000","name":"Bagacay","level_id":"reg","layer_val":"0","parent_id":"0","gjsonid":"7"}},{"geometry":{"type":"Polygon","coordinates":[[[123.1087,11.3424],[123.0975,11.3291],[123.0780,11.3407],[123.0764,11.3385],[123.0721,11.3499],[123.0793,11.3549],[123.0974,11.3428],[123.1087,11.3424]]]},"type":"Feature","id":"26cac4dd51","properties":{"flclr":"#000000","name":"Cubay","level_id":"reg","layer_val":"0","parent_id":"0","gjsonid":"7"}},{"geometry":{"type":"Polygon","coordinates":[[[123.0381,11.3549],[123.0378,11.3615],[123.0517,11.3553],[123.0493,11.3455],[123.0538,11.3443],[123.0546,11.3496],[123.0625,11.3452],[123.0721,11.3499],[123.0764,11.3385],[123.0628,11.3209],[123.0656,11.3145],[123.0531,11.3046],[123.0498,11.3072],[123.0466,11.2936],[123.0359,11.2890],[123.0268,11.3020],[123.0381,11.3549]]]},"type":"Feature","id":"31be459b7b","properties":{"flclr":"#000000","name":"Pangi","level_id":"reg","layer_val":"0","parent_id":"0","gjsonid":"7"}},{"geometry":{"type":"Polygon","coordinates":[[[123.0588,11.2896],[123.0682,11.2796],[123.0533,11.2701],[123.0359,11.2890],[123.0533,11.2974],[123.0588,11.2896]]]},"type":"Feature","id":"31460b6319","properties":{"flclr":"#000000","name":"Dugman","level_id":"reg","layer_val":"0","parent_id":"0","gjsonid":"7"}},{"geometry":{"type":"Polygon","coordinates":[[[123.0906,11.2928],[123.0930,11.3042],[123.1080,11.3047],[123.1068,11.2908],[123.0955,11.2748],[123.0907,11.2745],[123.0918,11.2802],[123.0858,11.2875],[123.0906,11.2928]]]},"type":"Feature","id":"e0b9338fc2","properties":{"flclr":"#000000","name":"Tiabas","level_id":"reg","layer_val":"0","parent_id":"0","gjsonid":"7"}},{"geometry":{"type":"Polygon","coordinates":[[[123.2305,11.4617],[123.2174,11.4585],[123.2010,11.4638],[123.2200,11.4791],[123.2262,11.4663],[123.2232,11.4640],[123.2305,11.4617]]]},"type":"Feature","id":"9c6aa60d63","properties":{"flclr":"#000000","name":"Bito-on","level_id":"reg","layer_val":"0","parent_id":"0","gjsonid":"7"}},{"geometry":{"type":"Polygon","coordinates":[[[123.1604,11.4696],[123.1580,11.4590],[123.1560,11.4573],[123.1534,11.4662],[123.1604,11.4696]]]},"type":"Feature","id":"fea88eaed6","properties":{"flclr":"#000000","name":"Pa-on","level_id":"reg","layer_val":"0","parent_id":"0","gjsonid":"7"}},{"geometry":{"type":"Polygon","coordinates":[[[123.1574,11.4576],[123.1566,11.4551],[123.1534,11.4582],[123.1553,11.4587],[123.1574,11.4576]]]},"type":"Feature","id":"6ed7cf3c96","properties":{"flclr":"#000000","name":"Poblacion Zone III","level_id":"reg","layer_val":"0","parent_id":"0","gjsonid":"7"}},{"geometry":{"type":"Polygon","coordinates":[[[123.1061,11.4440],[123.1171,11.4411],[123.1114,11.4288],[123.1035,11.4295],[123.1061,11.4440]]]},"type":"Feature","id":"7f5862fc62","properties":{"flclr":"#000000","name":"Santa Ana","level_id":"reg","layer_val":"0","parent_id":"0","gjsonid":"7"}},{"geometry":{"type":"Polygon","coordinates":[[[123.1161,11.4425],[123.1061,11.4440],[123.1083,11.4522],[123.1152,11.4471],[123.1161,11.4425]]]},"type":"Feature","id":"1f446b56ea","properties":{"flclr":"#000000","name":"Malbog","level_id":"reg","layer_val":"0","parent_id":"0","gjsonid":"7"}},{"geometry":{"type":"Polygon","coordinates":[[[123.1362,11.4493],[123.1394,11.4426],[123.1225,11.4431],[123.1292,11.4478],[123.1362,11.4493]]]},"type":"Feature","id":"0b2c6d4cad","properties":{"flclr":"#000000","name":"Calapdan","level_id":"reg","layer_val":"0","parent_id":"0","gjsonid":"7"}},{"geometry":{"type":"Polygon","coordinates":[[[123.1394,11.4426],[123.1362,11.4493],[123.1414,11.4511],[123.1390,11.4573],[123.1422,11.4576],[123.1483,11.4482],[123.1465,11.4420],[123.1394,11.4426]]]},"type":"Feature","id":"14f6662a42","properties":{"flclr":"#000000","name":"Daan Banua","level_id":"reg","layer_val":"0","parent_id":"0","gjsonid":"7"}},{"geometry":{"type":"Polygon","coordinates":[[[123.1394,11.4319],[123.1388,11.4270],[123.1343,11.4230],[123.1330,11.4288],[123.1394,11.4319]]]},"type":"Feature","id":"14a786794d","properties":{"flclr":"#000000","name":"Jolog","level_id":"reg","layer_val":"0","parent_id":"0","gjsonid":"7"}},{"geometry":{"type":"Polygon","coordinates":[[[123.1330,11.4406],[123.1421,11.4430],[123.1468,11.4412],[123.1394,11.4319],[123.1331,11.4350],[123.1330,11.4406]]]},"type":"Feature","id":"4fc867913d","properties":{"flclr":"#000000","name":"Tanza","level_id":"reg","layer_val":"0","parent_id":"0","gjsonid":"7"}},{"geometry":{"type":"Polygon","coordinates":[[[123.1414,11.4822],[123.1470,11.4848],[123.1494,11.4783],[123.1438,11.4718],[123.1348,11.4803],[123.1414,11.4822]]]},"type":"Feature","id":"9ab01dc31f","properties":{"flclr":"#000000","name":"San Roque","level_id":"reg","layer_val":"0","parent_id":"0","gjsonid":"7"}},{"geometry":{"type":"Polygon","coordinates":[[[123.1161,11.4425],[123.1330,11.4406],[123.1307,11.4386],[123.1370,11.4320],[123.1328,11.4243],[123.1224,11.4234],[123.1200,11.4193],[123.1151,11.4216],[123.1110,11.4330],[123.1161,11.4425]]]},"type":"Feature","id":"edbf10b760","properties":{"flclr":"#000000","name":"Lumbia (Ana Cuenca)","level_id":"reg","layer_val":"0","parent_id":"0","gjsonid":"7"}},{"geometry":{"type":"Polygon","coordinates":[[[123.1225,11.4431],[123.1101,11.4511],[123.1107,11.4558],[123.1317,11.4519],[123.1405,11.4542],[123.1406,11.4501],[123.1225,11.4431]]]},"type":"Feature","id":"5bba66719f","properties":{"flclr":"#000000","name":"Lonoy (Roman Mosqueda)","level_id":"reg","layer_val":"0","parent_id":"0","gjsonid":"7"}},{"geometry":{"type":"Polygon","coordinates":[[[123.1157,11.4563],[123.1107,11.4558],[123.1165,11.4695],[123.1241,11.4747],[123.1254,11.4696],[123.1157,11.4563]]]},"type":"Feature","id":"c9afe10413","properties":{"flclr":"#000000","name":"Villa Pani-an","level_id":"reg","layer_val":"0","parent_id":"0","gjsonid":"7"}},{"geometry":{"type":"Polygon","coordinates":[[[123.1234,11.4535],[123.1157,11.4563],[123.1224,11.4664],[123.1239,11.4652],[123.1234,11.4535]]]},"type":"Feature","id":"50cf9f4b36","properties":{"flclr":"#000000","name":"Tabu-an","level_id":"reg","layer_val":"0","parent_id":"0","gjsonid":"7"}},{"geometry":{"type":"Polygon","coordinates":[[[123.1390,11.4573],[123.1353,11.4527],[123.1234,11.4535],[123.1251,11.4756],[123.1308,11.4732],[123.1390,11.4573]]]},"type":"Feature","id":"ec66d7117a","properties":{"flclr":"#000000","name":"Cano-an","level_id":"reg","layer_val":"0","parent_id":"0","gjsonid":"7"}},{"geometry":{"type":"Polygon","coordinates":[[[123.1549,11.4520],[123.1478,11.4510],[123.1422,11.4576],[123.1475,11.4573],[123.1549,11.4520]]]},"type":"Feature","id":"2b0e127951","properties":{"flclr":"#000000","name":"Poblacion Zone 1","level_id":"reg","layer_val":"0","parent_id":"0","gjsonid":"7"}},{"geometry":{"type":"Polygon","coordinates":[[[123.1348,11.4803],[123.1420,11.4725],[123.1467,11.4577],[123.1390,11.4573],[123.1314,11.4676],[123.1276,11.4751],[123.1348,11.4803]]]},"type":"Feature","id":"ad1c347b9a","properties":{"flclr":"#000000","name":"Bayuyan","level_id":"reg","layer_val":"0","parent_id":"0","gjsonid":"7"}},{"geometry":{"type":"Polygon","coordinates":[[[123.1475,11.4586],[123.1423,11.4635],[123.1417,11.4717],[123.1472,11.4761],[123.1521,11.4672],[123.1475,11.4586]]]},"type":"Feature","id":"cfc6248385","properties":{"flclr":"#000000","name":"Tacbuyan","level_id":"reg","layer_val":"0","parent_id":"0","gjsonid":"7"}},{"geometry":{"type":"Polygon","coordinates":[[[123.1478,11.4510],[123.1536,11.4512],[123.1535,11.4432],[123.1485,11.4411],[123.1478,11.4510]]]},"type":"Feature","id":"3c35ea692a","properties":{"flclr":"#000000","name":"Botongon","level_id":"reg","layer_val":"0","parent_id":"0","gjsonid":"7"}},{"geometry":{"type":"Polygon","coordinates":[[[123.1485,11.4598],[123.1492,11.4597],[123.1521,11.4672],[123.1553,11.4587],[123.1509,11.4570],[123.1485,11.4598]]]},"type":"Feature","id":"99a23e8409","properties":{"flclr":"#000000","name":"Bulaque\u00f1a","level_id":"reg","layer_val":"0","parent_id":"0","gjsonid":"7"}},{"geometry":{"type":"Polygon","coordinates":[[[123.1520,11.4693],[123.1470,11.4848],[123.1530,11.4873],[123.1581,11.4792],[123.1520,11.4693]]]},"type":"Feature","id":"68dc53a876","properties":{"flclr":"#000000","name":"Gogo","level_id":"reg","layer_val":"0","parent_id":"0","gjsonid":"7"}},{"geometry":{"type":"Polygon","coordinates":[[[123.1475,11.4586],[123.1534,11.4582],[123.1549,11.4520],[123.1487,11.4542],[123.1475,11.4586]]]},"type":"Feature","id":"6757b965e5","properties":{"flclr":"#000000","name":"Poblacion Zone II","level_id":"reg","layer_val":"0","parent_id":"0","gjsonid":"7"}},{"geometry":{"type":"Polygon","coordinates":[[[123.1520,11.4693],[123.1581,11.4792],[123.1658,11.4695],[123.1640,11.4652],[123.1606,11.4697],[123.1534,11.4662],[123.1520,11.4693]]]},"type":"Feature","id":"6c86803434","properties":{"flclr":"#000000","name":"Daculan","level_id":"reg","layer_val":"0","parent_id":"0","gjsonid":"7"}},{"geometry":{"type":"Polygon","coordinates":[[[123.0528,11.2213],[123.0584,11.2341],[123.0683,11.2323],[123.0679,11.2128],[123.0600,11.2113],[123.0528,11.2213]]]},"type":"Feature","id":"897daa9db8","properties":{"flclr":"#000000","name":"Calamigan","level_id":"reg","layer_val":"0","parent_id":"0","gjsonid":"7"}},{"geometry":{"type":"Polygon","coordinates":[[[123.0528,11.2213],[123.0600,11.2113],[123.0699,11.2102],[123.0600,11.2012],[123.0460,11.2043],[123.0490,11.2114],[123.0453,11.2184],[123.0528,11.2213]]]},"type":"Feature","id":"d720e6c363","properties":{"flclr":"#000000","name":"Agnaga","level_id":"reg","layer_val":"0","parent_id":"0","gjsonid":"7"}},{"geometry":{"type":"Polygon","coordinates":[[[123.0684,11.2120],[123.0683,11.2323],[123.0798,11.2306],[123.0852,11.2144],[123.0760,11.2172],[123.0684,11.2120]]]},"type":"Feature","id":"20c6b6a3f8","properties":{"flclr":"#000000","name":"Jamul-Awon","level_id":"reg","layer_val":"0","parent_id":"0","gjsonid":"7"}},{"geometry":{"type":"Polygon","coordinates":[[[123.0702,11.2095],[123.0684,11.2120],[123.0760,11.2172],[123.0852,11.2144],[123.0842,11.2090],[123.0702,11.2095]]]},"type":"Feature","id":"59c4ddf39c","properties":{"flclr":"#000000","name":"Batiti","level_id":"reg","layer_val":"0","parent_id":"0","gjsonid":"7"}},{"geometry":{"type":"Polygon","coordinates":[[[123.0937,11.2247],[123.0940,11.2083],[123.0842,11.2090],[123.0852,11.2187],[123.0798,11.2306],[123.0863,11.2243],[123.0937,11.2247]]]},"type":"Feature","id":"a358195b69","properties":{"flclr":"#000000","name":"Bacjawan Sur","level_id":"reg","layer_val":"0","parent_id":"0","gjsonid":"7"}},{"geometry":{"type":"Polygon","coordinates":[[[123.0702,11.2095],[123.0982,11.2097],[123.1058,11.1960],[123.0845,11.1887],[123.0664,11.1917],[123.0606,11.2014],[123.0702,11.2095]]]},"type":"Feature","id":"c0e45cc8fc","properties":{"flclr":"#000000","name":"Macalbang","level_id":"reg","layer_val":"0","parent_id":"0","gjsonid":"7"}},{"geometry":{"type":"Polygon","coordinates":[[[123.0664,11.1917],[123.0769,11.1890],[123.0682,11.1776],[123.0643,11.1870],[123.0664,11.1917]]]},"type":"Feature","id":"92fa5ab38c","properties":{"flclr":"#000000","name":"Tamis-ac","level_id":"reg","layer_val":"0","parent_id":"0","gjsonid":"7"}},{"geometry":{"type":"Polygon","coordinates":[[[123.0769,11.1890],[123.0845,11.1887],[123.0768,11.1736],[123.0682,11.1776],[123.0769,11.1890]]]},"type":"Feature","id":"c22ee9c867","properties":{"flclr":"#000000","name":"Ni\u00f1o","level_id":"reg","layer_val":"0","parent_id":"0","gjsonid":"7"}},{"geometry":{"type":"Polygon","coordinates":[[[123.0845,11.1887],[123.0940,11.1926],[123.0942,11.1662],[123.0806,11.1763],[123.0845,11.1887]]]},"type":"Feature","id":"3fbf4838ec","properties":{"flclr":"#000000","name":"Plandico","level_id":"reg","layer_val":"0","parent_id":"0","gjsonid":"7"}},{"geometry":{"type":"Polygon","coordinates":[[[123.0921,11.2433],[123.0956,11.2414],[123.0942,11.2255],[123.0863,11.2243],[123.0822,11.2358],[123.0921,11.2433]]]},"type":"Feature","id":"bfcb50bc7a","properties":{"flclr":"#000000","name":"Bacjawan Norte","level_id":"reg","layer_val":"0","parent_id":"0","gjsonid":"7"}},{"geometry":{"type":"Polygon","coordinates":[[[123.0586,11.2369],[123.0625,11.2495],[123.0601,11.2589],[123.0891,11.2488],[123.0921,11.2433],[123.0838,11.2378],[123.0816,11.2308],[123.0584,11.2341],[123.0586,11.2369]]]},"type":"Feature","id":"3d77144df4","properties":{"flclr":"#000000","name":"Aglosong","level_id":"reg","layer_val":"0","parent_id":"0","gjsonid":"7"}},{"geometry":{"type":"Polygon","coordinates":[[[123.2030,11.2460],[123.2174,11.2495],[123.2140,11.2351],[123.2025,11.2434],[123.2030,11.2460]]]},"type":"Feature","id":"5ee3cfcc9c","properties":{"flclr":"#000000","name":"Salvacion","level_id":"reg","layer_val":"0","parent_id":"0","gjsonid":"7"}},{"geometry":{"type":"Polygon","coordinates":[[[123.0940,11.1926],[123.1058,11.1960],[123.1028,11.2033],[123.1173,11.2127],[123.1226,11.1946],[123.0950,11.1834],[123.0929,11.1783],[123.0940,11.1926]]]},"type":"Feature","id":"101f4d2c13","properties":{"flclr":"#000000","name":"Lo-ong","level_id":"reg","layer_val":"0","parent_id":"0","gjsonid":"7"}},{"geometry":{"type":"Polygon","coordinates":[[[123.2030,11.2460],[123.2025,11.2434],[123.2121,11.2351],[123.1976,11.2350],[123.2030,11.2460]]]},"type":"Feature","id":"4c1cc03385","properties":{"flclr":"#000000","name":"Malangabang","level_id":"reg","layer_val":"0","parent_id":"0","gjsonid":"7"}},{"geometry":{"type":"Polygon","coordinates":[[[123.0956,11.2227],[123.1117,11.2167],[123.1173,11.2127],[123.1028,11.2033],[123.0949,11.2099],[123.0956,11.2227]]]},"type":"Feature","id":"714b50997a","properties":{"flclr":"#000000","name":"Poblacion","level_id":"reg","layer_val":"0","parent_id":"0","gjsonid":"7"}},{"geometry":{"type":"Polygon","coordinates":[[[123.1874,11.2070],[123.1623,11.2148],[123.1626,11.2186],[123.1671,11.2233],[123.1811,11.2184],[123.1898,11.2206],[123.1874,11.2070]]]},"type":"Feature","id":"d196d1f774","properties":{"flclr":"#000000","name":"Igbon","level_id":"reg","layer_val":"0","parent_id":"0","gjsonid":"7"}},{"geometry":{"type":"Polygon","coordinates":[[[123.1623,11.2148],[123.1658,11.2146],[123.1874,11.2070],[123.1731,11.1925],[123.1640,11.1934],[123.1567,11.2110],[123.1623,11.2148]]]},"type":"Feature","id":"cc315f336b","properties":{"flclr":"#000000","name":"Polopina","level_id":"reg","layer_val":"0","parent_id":"0","gjsonid":"7"}},{"geometry":{"type":"Polygon","coordinates":[[[123.1760,11.2826],[123.1824,11.2982],[123.1782,11.3025],[123.1806,11.3067],[123.1945,11.2911],[123.1841,11.2847],[123.1829,11.2787],[123.1760,11.2784],[123.1755,11.2737],[123.1760,11.2826]]]},"type":"Feature","id":"92754a8e3a","properties":{"flclr":"#000000","name":"Macatunao","level_id":"reg","layer_val":"0","parent_id":"0","gjsonid":"7"}},{"geometry":{"type":"Polygon","coordinates":[[[123.1782,11.3025],[123.1824,11.2982],[123.1760,11.2826],[123.1658,11.2871],[123.1555,11.2845],[123.1526,11.3021],[123.1563,11.3124],[123.1722,11.3097],[123.1693,11.3036],[123.1721,11.3002],[123.1782,11.3025]]]},"type":"Feature","id":"9a71fad634","properties":{"flclr":"#000000","name":"Talotu-an","level_id":"reg","layer_val":"0","parent_id":"0","gjsonid":"7"}},{"geometry":{"type":"Polygon","coordinates":[[[123.1555,11.2845],[123.1658,11.2871],[123.1760,11.2826],[123.1678,11.2683],[123.1709,11.2589],[123.1678,11.2540],[123.1595,11.2576],[123.1504,11.2469],[123.1479,11.2675],[123.1555,11.2845]]]},"type":"Feature","id":"c6f559a17b","properties":{"flclr":"#000000","name":"Tambaliza","level_id":"reg","layer_val":"0","parent_id":"0","gjsonid":"7"}},{"geometry":{"type":"Polygon","coordinates":[[[123.1505,11.5386],[123.1443,11.5259],[123.1344,11.5427],[123.1472,11.5434],[123.1505,11.5386]]]},"type":"Feature","id":"ef7a1a4c2f","properties":{"flclr":"#000000","name":"Cabilao Peque\u00f1o","level_id":"reg","layer_val":"0","parent_id":"0","gjsonid":"7"}},{"geometry":{"type":"Polygon","coordinates":[[[123.2256,11.4979],[123.2367,11.4945],[123.2352,11.4792],[123.2200,11.4791],[123.1968,11.4860],[123.2033,11.4922],[123.1977,11.5034],[123.2256,11.4979]]]},"type":"Feature","id":"2c971cbb36","properties":{"flclr":"#000000","name":"Barangcalan","level_id":"reg","layer_val":"0","parent_id":"0","gjsonid":"7"}},{"geometry":{"type":"Polygon","coordinates":[[[123.1509,11.5807],[123.1550,11.5758],[123.1468,11.5638],[123.1375,11.5754],[123.1509,11.5807]]]},"type":"Feature","id":"75addfccf6","properties":{"flclr":"#000000","name":"Cabuguana","level_id":"reg","layer_val":"0","parent_id":"0","gjsonid":"7"}},{"geometry":{"type":"Polygon","coordinates":[[[123.0782,11.5132],[123.0933,11.5190],[123.0903,11.5013],[123.0749,11.5041],[123.0782,11.5132]]]},"type":"Feature","id":"5e2da1a7b0","properties":{"flclr":"#000000","name":"Bolo","level_id":"reg","layer_val":"0","parent_id":"0","gjsonid":"7"}},{"geometry":{"type":"Polygon","coordinates":[[[123.1509,11.5807],[123.1414,11.5751],[123.1366,11.5854],[123.1502,11.5999],[123.1471,11.5892],[123.1509,11.5807]]]},"type":"Feature","id":"d29220332c","properties":{"flclr":"#000000","name":"Punta (Bolocawe)","level_id":"reg","layer_val":"0","parent_id":"0","gjsonid":"7"}},{"geometry":{"type":"Polygon","coordinates":[[[123.1326,11.5482],[123.1396,11.5595],[123.1472,11.5434],[123.1344,11.5427],[123.1326,11.5482]]]},"type":"Feature","id":"b8fb9502bd","properties":{"flclr":"#000000","name":"Cabilao Grande","level_id":"reg","layer_val":"0","parent_id":"0","gjsonid":"7"}},{"geometry":{"type":"Polygon","coordinates":[[[123.1324,11.5488],[123.1258,11.5436],[123.1055,11.5506],[123.1166,11.5603],[123.1324,11.5488]]]},"type":"Feature","id":"8893cbda43","properties":{"flclr":"#000000","name":"Guinticgan","level_id":"reg","layer_val":"0","parent_id":"0","gjsonid":"7"}},{"geometry":{"type":"Polygon","coordinates":[[[123.1134,11.5458],[123.1258,11.5436],[123.1222,11.5347],[123.1281,11.5208],[123.1051,11.5354],[123.1134,11.5458]]]},"type":"Feature","id":"1a04d66f35","properties":{"flclr":"#000000","name":"Abong","level_id":"reg","layer_val":"0","parent_id":"0","gjsonid":"7"}},{"geometry":{"type":"Polygon","coordinates":[[[123.0740,11.4898],[123.0749,11.5041],[123.0903,11.5013],[123.0904,11.5091],[123.0943,11.4948],[123.0862,11.4894],[123.0740,11.4898]]]},"type":"Feature","id":"acdf50f6de","properties":{"flclr":"#000000","name":"Nalumsan","level_id":"reg","layer_val":"0","parent_id":"0","gjsonid":"7"}},{"geometry":{"type":"Polygon","coordinates":[[[123.1915,11.5117],[123.1765,11.5101],[123.1755,11.5045],[123.1632,11.5123],[123.1672,11.5250],[123.1848,11.5274],[123.1915,11.5117]]]},"type":"Feature","id":"13e6891c27","properties":{"flclr":"#000000","name":"Binuluangan","level_id":"reg","layer_val":"0","parent_id":"0","gjsonid":"7"}},{"geometry":{"type":"Polygon","coordinates":[[[123.2352,11.4792],[123.2367,11.4641],[123.2238,11.4633],[123.2262,11.4663],[123.2200,11.4791],[123.2352,11.4792]]]},"type":"Feature","id":"9b5fee7b20","properties":{"flclr":"#000000","name":"Punta Batuanan","level_id":"reg","layer_val":"0","parent_id":"0","gjsonid":"7"}},{"geometry":{"type":"Polygon","coordinates":[[[123.1055,11.5506],[123.1134,11.5458],[123.1051,11.5354],[123.0989,11.5420],[123.1055,11.5506]]]},"type":"Feature","id":"761744b93e","properties":{"flclr":"#000000","name":"Dayhagan","level_id":"reg","layer_val":"0","parent_id":"0","gjsonid":"7"}},{"geometry":{"type":"Polygon","coordinates":[[[123.1324,11.5488],[123.1166,11.5603],[123.1282,11.5702],[123.1319,11.5598],[123.1383,11.5576],[123.1324,11.5488]]]},"type":"Feature","id":"be84f96754","properties":{"flclr":"#000000","name":"Barosbos","level_id":"reg","layer_val":"0","parent_id":"0","gjsonid":"7"}},{"geometry":{"type":"Polygon","coordinates":[[[123.1231,11.5209],[123.1223,11.5133],[123.1139,11.5102],[123.1085,11.5147],[123.0934,11.5159],[123.0931,11.5190],[123.0864,11.5162],[123.0992,11.5396],[123.1178,11.5294],[123.1231,11.5209]]]},"type":"Feature","id":"4d59146bdc","properties":{"flclr":"#000000","name":"Cawayan","level_id":"reg","layer_val":"0","parent_id":"0","gjsonid":"7"}},{"geometry":{"type":"Polygon","coordinates":[[[123.1366,11.5854],[123.1414,11.5751],[123.1372,11.5728],[123.1468,11.5638],[123.1376,11.5576],[123.1319,11.5598],[123.1282,11.5702],[123.1366,11.5854]]]},"type":"Feature","id":"895a0130bf","properties":{"flclr":"#000000","name":"Poblacion","level_id":"reg","layer_val":"0","parent_id":"0","gjsonid":"7"}},{"geometry":{"type":"Polygon","coordinates":[[[123.1258,11.5436],[123.1326,11.5482],[123.1443,11.5259],[123.1372,11.5056],[123.1320,11.5064],[123.1321,11.5154],[123.1222,11.5347],[123.1258,11.5436]]]},"type":"Feature","id":"047bcf11e1","properties":{"flclr":"#000000","name":"Tarong","level_id":"reg","layer_val":"0","parent_id":"0","gjsonid":"7"}},{"geometry":{"type":"Polygon","coordinates":[[[123.3580,11.6397],[123.3604,11.6320],[123.3497,11.6048],[123.3471,11.6286],[123.3580,11.6397]]]},"type":"Feature","id":"257659c00b","properties":{"flclr":"#000000","name":"Asluman","level_id":"reg","layer_val":"0","parent_id":"0","gjsonid":"7"}},{"geometry":{"type":"Polygon","coordinates":[[[123.1968,11.4860],[123.2200,11.4791],[123.2010,11.4638],[123.1902,11.4791],[123.1968,11.4860]]]},"type":"Feature","id":"86c739ad53","properties":{"flclr":"#000000","name":"Talingting","level_id":"reg","layer_val":"0","parent_id":"0","gjsonid":"7"}},{"geometry":{"type":"Polygon","coordinates":[[[123.2256,11.4979],[123.1977,11.5034],[123.2195,11.5104],[123.2256,11.4979]]]},"type":"Feature","id":"3aaa616664","properties":{"flclr":"#000000","name":"Tinigban","level_id":"reg","layer_val":"0","parent_id":"0","gjsonid":"7"}},{"geometry":{"type":"Polygon","coordinates":[[[123.2367,11.4945],[123.2267,11.4975],[123.2287,11.5167],[123.2401,11.5089],[123.2367,11.4945]]]},"type":"Feature","id":"76c1c94dfc","properties":{"flclr":"#000000","name":"Tinigban","level_id":"reg","layer_val":"0","parent_id":"0","gjsonid":"7"}},{"geometry":{"type":"Polygon","coordinates":[[[123.2673,11.4282],[123.2612,11.4221],[123.2491,11.4231],[123.2526,11.4285],[123.2450,11.4418],[123.2593,11.4438],[123.2673,11.4282]]]},"type":"Feature","id":"c425e36693","properties":{"flclr":"#000000","name":"Alipata","level_id":"reg","layer_val":"0","parent_id":"0","gjsonid":"7"}},{"geometry":{"type":"Polygon","coordinates":[[[123.1468,11.5638],[123.1550,11.5758],[123.1645,11.5664],[123.1632,11.5559],[123.1571,11.5556],[123.1505,11.5386],[123.1397,11.5579],[123.1468,11.5638]]]},"type":"Feature","id":"ff8e51ca34","properties":{"flclr":"#000000","name":"Bancal","level_id":"reg","layer_val":"0","parent_id":"0","gjsonid":"7"}},{"geometry":{"type":"Polygon","coordinates":[[[123.0948,11.5158],[123.1085,11.5147],[123.1126,11.5101],[123.1205,11.5124],[123.1334,11.4955],[123.1254,11.4950],[123.1199,11.4994],[123.1131,11.4947],[123.1050,11.5014],[123.1055,11.4935],[123.0930,11.4935],[123.0899,11.5115],[123.0948,11.5158]]]},"type":"Feature","id":"1439f15a11","properties":{"flclr":"#000000","name":"Tupaz","level_id":"reg","layer_val":"0","parent_id":"0","gjsonid":"7"}},{"geometry":{"type":"Polygon","coordinates":[[[123.3419,11.5821],[123.3288,11.5880],[123.3254,11.5960],[123.3299,11.5994],[123.3496,11.5947],[123.3573,11.6013],[123.3568,11.5827],[123.3469,11.5884],[123.3419,11.5821]]]},"type":"Feature","id":"c086f989d5","properties":{"flclr":"#000000","name":"Gabi","level_id":"reg","layer_val":"0","parent_id":"0","gjsonid":"7"}},{"geometry":{"type":"Polygon","coordinates":[[[123.3254,11.5960],[123.3288,11.5880],[123.3419,11.5821],[123.3349,11.5713],[123.3266,11.5723],[123.3289,11.5809],[123.3202,11.5860],[123.3254,11.5960]]]},"type":"Feature","id":"887ea0a385","properties":{"flclr":"#000000","name":"Lantangan","level_id":"reg","layer_val":"0","parent_id":"0","gjsonid":"7"}},{"geometry":{"type":"Polygon","coordinates":[[[123.2668,11.4595],[123.2751,11.4568],[123.2781,11.4468],[123.2673,11.4282],[123.2573,11.4495],[123.2617,11.4490],[123.2668,11.4595]]]},"type":"Feature","id":"5fc4283c2f","properties":{"flclr":"#000000","name":"Buaya","level_id":"reg","layer_val":"0","parent_id":"0","gjsonid":"7"}},{"geometry":{"type":"Polygon","coordinates":[[[123.1915,11.5117],[123.1868,11.5175],[123.1876,11.5246],[123.1795,11.5264],[123.1805,11.5345],[123.1877,11.5385],[123.1922,11.5256],[123.1968,11.5252],[123.1915,11.5117]]]},"type":"Feature","id":"b515a318d6","properties":{"flclr":"#000000","name":"Tabugon","level_id":"reg","layer_val":"0","parent_id":"0","gjsonid":"7"}},{"geometry":{"type":"Polygon","coordinates":[[[123.1200,11.4193],[123.1224,11.4234],[123.1343,11.4230],[123.1255,11.4108],[123.1183,11.4164],[123.1200,11.4193]]]},"type":"Feature","id":"38075b8697","properties":{"flclr":"#000000","name":"Embarcadero","level_id":"reg","layer_val":"0","parent_id":"0","gjsonid":"7"}},{"geometry":{"type":"Polygon","coordinates":[[[123.1059,11.4207],[123.1138,11.4187],[123.1123,11.4120],[123.1072,11.4114],[123.1059,11.4207]]]},"type":"Feature","id":"1e6ed91e48","properties":{"flclr":"#000000","name":"Poblacion","level_id":"reg","layer_val":"0","parent_id":"0","gjsonid":"7"}},{"geometry":{"type":"Polygon","coordinates":[[[123.1035,11.4295],[123.1004,11.4282],[123.0969,11.4400],[123.1054,11.4409],[123.1035,11.4295]]]},"type":"Feature","id":"93174eb2a3","properties":{"flclr":"#000000","name":"Santa Ana","level_id":"reg","layer_val":"0","parent_id":"0","gjsonid":"7"}},{"geometry":{"type":"Polygon","coordinates":[[[123.0968,11.4373],[123.1003,11.4282],[123.0925,11.4269],[123.0894,11.4298],[123.0968,11.4373]]]},"type":"Feature","id":"1038e31939","properties":{"flclr":"#000000","name":"Malico","level_id":"reg","layer_val":"0","parent_id":"0","gjsonid":"7"}},{"geometry":{"type":"Polygon","coordinates":[[[123.1003,11.4211],[123.1059,11.4207],[123.1072,11.4114],[123.1009,11.4118],[123.0974,11.4190],[123.1003,11.4211]]]},"type":"Feature","id":"fe6177a9a8","properties":{"flclr":"#000000","name":"Bolhog","level_id":"reg","layer_val":"0","parent_id":"0","gjsonid":"7"}},{"geometry":{"type":"Polygon","coordinates":[[[123.1072,11.4114],[123.1105,11.4117],[123.1016,11.3956],[123.0958,11.3975],[123.0974,11.4190],[123.1020,11.4104],[123.1072,11.4114]]]},"type":"Feature","id":"ac4e47fa67","properties":{"flclr":"#000000","name":"Calangag","level_id":"reg","layer_val":"0","parent_id":"0","gjsonid":"7"}},{"geometry":{"type":"Polygon","coordinates":[[[123.0947,11.4099],[123.0945,11.4036],[123.0973,11.3843],[123.0865,11.3873],[123.0879,11.4073],[123.0947,11.4099]]]},"type":"Feature","id":"de7cd0e616","properties":{"flclr":"#000000","name":"Pasayan","level_id":"reg","layer_val":"0","parent_id":"0","gjsonid":"7"}},{"geometry":{"type":"Polygon","coordinates":[[[123.0887,11.4084],[123.0869,11.3976],[123.0800,11.3992],[123.0818,11.4096],[123.0887,11.4084]]]},"type":"Feature","id":"593e496ee4","properties":{"flclr":"#000000","name":"Bulak Norte","level_id":"reg","layer_val":"0","parent_id":"0","gjsonid":"7"}},{"geometry":{"type":"Polygon","coordinates":[[[123.0800,11.3992],[123.0869,11.3976],[123.0865,11.3873],[123.0776,11.3871],[123.0714,11.3926],[123.0720,11.3989],[123.0800,11.3992]]]},"type":"Feature","id":"1ca24e0671","properties":{"flclr":"#000000","name":"Bulak Sur","level_id":"reg","layer_val":"0","parent_id":"0","gjsonid":"7"}},{"geometry":{"type":"Polygon","coordinates":[[[123.1035,11.4295],[123.1114,11.4288],[123.1151,11.4216],[123.1003,11.4211],[123.0992,11.4273],[123.1035,11.4295]]]},"type":"Feature","id":"f9676ce8bb","properties":{"flclr":"#000000","name":"Batad Viejo","level_id":"reg","layer_val":"0","parent_id":"0","gjsonid":"7"}},{"geometry":{"type":"Polygon","coordinates":[[[123.1105,11.4117],[123.1144,11.4164],[123.1112,11.4209],[123.1151,11.4216],[123.1232,11.4119],[123.1125,11.4028],[123.1065,11.4039],[123.1105,11.4117]]]},"type":"Feature","id":"5a2dbda990","properties":{"flclr":"#000000","name":"Hamod","level_id":"reg","layer_val":"0","parent_id":"0","gjsonid":"7"}},{"geometry":{"type":"Polygon","coordinates":[[[123.0705,11.3945],[123.0776,11.3871],[123.0561,11.3805],[123.0497,11.3810],[123.0351,11.3952],[123.0411,11.3999],[123.0552,11.3915],[123.0705,11.3945]]]},"type":"Feature","id":"a2dea840ac","properties":{"flclr":"#000000","name":"Alapasco","level_id":"reg","layer_val":"0","parent_id":"0","gjsonid":"7"}},{"geometry":{"type":"Polygon","coordinates":[[[123.0411,11.3999],[123.0463,11.4041],[123.0595,11.4014],[123.0818,11.4096],[123.0800,11.3992],[123.0720,11.3989],[123.0705,11.3945],[123.0552,11.3915],[123.0411,11.3999]]]},"type":"Feature","id":"3f3df50642","properties":{"flclr":"#000000","name":"Nangka","level_id":"reg","layer_val":"0","parent_id":"0","gjsonid":"7"}},{"geometry":{"type":"Polygon","coordinates":[[[123.0962,11.4166],[123.0947,11.4099],[123.0766,11.4104],[123.0810,11.4234],[123.0962,11.4166]]]},"type":"Feature","id":"505164667d","properties":{"flclr":"#000000","name":"Quiazan Lopez","level_id":"reg","layer_val":"0","parent_id":"0","gjsonid":"7"}},{"geometry":{"type":"Polygon","coordinates":[[[123.0894,11.4298],[123.0925,11.4269],[123.0886,11.4213],[123.0810,11.4234],[123.0835,11.4296],[123.0894,11.4298]]]},"type":"Feature","id":"c240db27c9","properties":{"flclr":"#000000","name":"Quiazan Florete","level_id":"reg","layer_val":"0","parent_id":"0","gjsonid":"7"}},{"geometry":{"type":"Polygon","coordinates":[[[123.0925,11.4269],[123.1003,11.4282],[123.1003,11.4211],[123.0940,11.4158],[123.0886,11.4213],[123.0925,11.4269]]]},"type":"Feature","id":"826bea2b89","properties":{"flclr":"#000000","name":"Drancalan","level_id":"reg","layer_val":"0","parent_id":"0","gjsonid":"7"}},{"geometry":{"type":"Polygon","coordinates":[[[123.1232,11.4119],[123.1277,11.4156],[123.1351,11.4121],[123.1351,11.4051],[123.1181,11.4065],[123.1232,11.4119]]]},"type":"Feature","id":"8715b477c2","properties":{"flclr":"#000000","name":"Salong","level_id":"reg","layer_val":"0","parent_id":"0","gjsonid":"7"}},{"geometry":{"type":"Polygon","coordinates":[[[123.1334,11.4040],[123.1428,11.4055],[123.1481,11.4015],[123.1360,11.3987],[123.1334,11.4040]]]},"type":"Feature","id":"054c2372a8","properties":{"flclr":"#000000","name":"Alinsolong","level_id":"reg","layer_val":"0","parent_id":"0","gjsonid":"7"}},{"geometry":{"type":"Polygon","coordinates":[[[123.1221,11.4057],[123.1346,11.4025],[123.1367,11.3768],[123.1173,11.3803],[123.1221,11.4057]]]},"type":"Feature","id":"f309873b5f","properties":{"flclr":"#000000","name":"Tapi-an","level_id":"reg","layer_val":"0","parent_id":"0","gjsonid":"7"}},{"geometry":{"type":"Polygon","coordinates":[[[123.1065,11.4039],[123.1221,11.4057],[123.1184,11.3891],[123.1027,11.3990],[123.1065,11.4039]]]},"type":"Feature","id":"e2c1e17462","properties":{"flclr":"#000000","name":"Cabagohan","level_id":"reg","layer_val":"0","parent_id":"0","gjsonid":"7"}},{"geometry":{"type":"Polygon","coordinates":[[[123.1027,11.3990],[123.1184,11.3891],[123.1173,11.3803],[123.0973,11.3843],[123.0958,11.3975],[123.1016,11.3956],[123.1027,11.3990]]]},"type":"Feature","id":"f8d35ec803","properties":{"flclr":"#000000","name":"Caw-i","level_id":"reg","layer_val":"0","parent_id":"0","gjsonid":"7"}},{"geometry":{"type":"Polygon","coordinates":[[[123.1351,11.4121],[123.1366,11.4119],[123.1430,11.4056],[123.1351,11.4051],[123.1351,11.4121]]]},"type":"Feature","id":"1a45d92d61","properties":{"flclr":"#000000","name":"Banban","level_id":"reg","layer_val":"0","parent_id":"0","gjsonid":"7"}},{"geometry":{"type":"Polygon","coordinates":[[[123.1461,11.3888],[123.1459,11.3848],[123.1518,11.3827],[123.1481,11.3765],[123.1367,11.3768],[123.1378,11.3902],[123.1461,11.3888]]]},"type":"Feature","id":"c7b8cd1e15","properties":{"flclr":"#000000","name":"Tanao","level_id":"reg","layer_val":"0","parent_id":"0","gjsonid":"7"}},{"geometry":{"type":"Polygon","coordinates":[[[123.1360,11.3987],[123.1444,11.3992],[123.1469,11.3908],[123.1516,11.3936],[123.1495,11.3877],[123.1392,11.3909],[123.1359,11.3857],[123.1360,11.3987]]]},"type":"Feature","id":"712c7db3cb","properties":{"flclr":"#000000","name":"Binon-an","level_id":"reg","layer_val":"0","parent_id":"0","gjsonid":"7"}},{"geometry":{"type":"Polygon","coordinates":[[[123.0733,11.4877],[123.0811,11.4898],[123.0822,11.4790],[123.0708,11.4775],[123.0678,11.4731],[123.0733,11.4877]]]},"type":"Feature","id":"213a4f62c5","properties":{"flclr":"#000000","name":"Kinalkalan","level_id":"reg","layer_val":"0","parent_id":"0","gjsonid":"7"}},{"geometry":{"type":"Polygon","coordinates":[[[123.0835,11.4296],[123.0800,11.4208],[123.0726,11.4206],[123.0592,11.4088],[123.0470,11.4091],[123.0471,11.4141],[123.0600,11.4152],[123.0789,11.4342],[123.0835,11.4296]]]},"type":"Feature","id":"18802110f7","properties":{"flclr":"#000000","name":"Gimamanay","level_id":"reg","layer_val":"0","parent_id":"0","gjsonid":"7"}},{"geometry":{"type":"Polygon","coordinates":[[[123.0515,11.4158],[123.0478,11.4145],[123.0398,11.4279],[123.0648,11.4494],[123.0659,11.4426],[123.0525,11.4275],[123.0515,11.4158]]]},"type":"Feature","id":"46b73b6a67","properties":{"flclr":"#000000","name":"Batuan","level_id":"reg","layer_val":"0","parent_id":"0","gjsonid":"7"}},{"geometry":{"type":"Polygon","coordinates":[[[123.0785,11.4338],[123.0600,11.4152],[123.0515,11.4158],[123.0693,11.4369],[123.0776,11.4375],[123.0785,11.4338]]]},"type":"Feature","id":"ba52b8c19c","properties":{"flclr":"#000000","name":"Salvacion","level_id":"reg","layer_val":"0","parent_id":"0","gjsonid":"7"}},{"geometry":{"type":"Polygon","coordinates":[[[123.0659,11.4426],[123.0818,11.4489],[123.0776,11.4375],[123.0686,11.4364],[123.0515,11.4158],[123.0525,11.4275],[123.0659,11.4426]]]},"type":"Feature","id":"8b8fef1757","properties":{"flclr":"#000000","name":"Cabalic","level_id":"reg","layer_val":"0","parent_id":"0","gjsonid":"7"}},{"geometry":{"type":"Polygon","coordinates":[[[123.0735,11.4476],[123.0659,11.4426],[123.0647,11.4523],[123.0757,11.4592],[123.0735,11.4476]]]},"type":"Feature","id":"21032a0132","properties":{"flclr":"#000000","name":"Bacolod","level_id":"reg","layer_val":"0","parent_id":"0","gjsonid":"7"}},{"geometry":{"type":"Polygon","coordinates":[[[123.0456,11.4476],[123.0547,11.4547],[123.0645,11.4560],[123.0648,11.4494],[123.0398,11.4279],[123.0456,11.4476]]]},"type":"Feature","id":"c2cd6c5026","properties":{"flclr":"#000000","name":"Salong","level_id":"reg","layer_val":"0","parent_id":"0","gjsonid":"7"}},{"geometry":{"type":"Polygon","coordinates":[[[123.0836,11.4645],[123.0861,11.4712],[123.1006,11.4786],[123.0995,11.4716],[123.0948,11.4727],[123.0886,11.4646],[123.0836,11.4645]]]},"type":"Feature","id":"eaa11f21b8","properties":{"flclr":"#000000","name":"Poblacion Sur","level_id":"reg","layer_val":"0","parent_id":"0","gjsonid":"7"}},{"geometry":{"type":"Polygon","coordinates":[[[123.0857,11.4706],[123.0836,11.4645],[123.0659,11.4527],[123.0641,11.4566],[123.0547,11.4547],[123.0584,11.4657],[123.0662,11.4704],[123.0857,11.4706]]]},"type":"Feature","id":"93c03a5bd8","properties":{"flclr":"#000000","name":"Aranjuez","level_id":"reg","layer_val":"0","parent_id":"0","gjsonid":"7"}},{"geometry":{"type":"Polygon","coordinates":[[[123.0776,11.4375],[123.0866,11.4531],[123.0976,11.4411],[123.0894,11.4298],[123.0835,11.4296],[123.0776,11.4375]]]},"type":"Feature","id":"cd198f17cb","properties":{"flclr":"#000000","name":"Quiasan","level_id":"reg","layer_val":"0","parent_id":"0","gjsonid":"7"}},{"geometry":{"type":"Polygon","coordinates":[[[123.0735,11.4476],[123.0757,11.4592],[123.0807,11.4623],[123.0818,11.4489],[123.0748,11.4436],[123.0735,11.4476]]]},"type":"Feature","id":"16354fe161","properties":{"flclr":"#000000","name":"Malapoc","level_id":"reg","layer_val":"0","parent_id":"0","gjsonid":"7"}},{"geometry":{"type":"Polygon","coordinates":[[[123.0807,11.4623],[123.0906,11.4626],[123.0906,11.4533],[123.0818,11.4489],[123.0807,11.4623]]]},"type":"Feature","id":"f823d959a4","properties":{"flclr":"#000000","name":"Dolores","level_id":"reg","layer_val":"0","parent_id":"0","gjsonid":"7"}},{"geometry":{"type":"Polygon","coordinates":[[[123.0888,11.4598],[123.0902,11.4691],[123.1038,11.4739],[123.0979,11.4617],[123.0888,11.4598]]]},"type":"Feature","id":"c48511adff","properties":{"flclr":"#000000","name":"Maya","level_id":"reg","layer_val":"0","parent_id":"0","gjsonid":"7"}},{"geometry":{"type":"Polygon","coordinates":[[[123.0670,11.4738],[123.0828,11.4820],[123.0873,11.4798],[123.0847,11.4724],[123.0584,11.4657],[123.0670,11.4738]]]},"type":"Feature","id":"63635e1a9b","properties":{"flclr":"#000000","name":"Camambugan","level_id":"reg","layer_val":"0","parent_id":"0","gjsonid":"7"}},{"geometry":{"type":"Polygon","coordinates":[[[123.0930,11.4935],[123.0967,11.4951],[123.0974,11.4894],[123.0923,11.4800],[123.0842,11.4803],[123.0811,11.4898],[123.0930,11.4935]]]},"type":"Feature","id":"0cdd1da472","properties":{"flclr":"#000000","name":"Balanti-an","level_id":"reg","layer_val":"0","parent_id":"0","gjsonid":"7"}},{"geometry":{"type":"Polygon","coordinates":[[[123.0847,11.4724],[123.0877,11.4758],[123.0894,11.4748],[123.0857,11.4706],[123.0847,11.4724]]]},"type":"Feature","id":"6e79c750ef","properties":{"flclr":"#000000","name":"Poblacion Norte","level_id":"reg","layer_val":"0","parent_id":"0","gjsonid":"7"}},{"geometry":{"type":"Polygon","coordinates":[[[123.0961,11.4765],[123.0896,11.4733],[123.0873,11.4798],[123.0941,11.4807],[123.0961,11.4765]]]},"type":"Feature","id":"8a1f48ca8a","properties":{"flclr":"#000000","name":"Mamhut Sur","level_id":"reg","layer_val":"0","parent_id":"0","gjsonid":"7"}},{"geometry":{"type":"Polygon","coordinates":[[[123.1038,11.4739],[123.1006,11.4786],[123.0961,11.4765],[123.0923,11.4800],[123.0924,11.4841],[123.0974,11.4894],[123.0967,11.4951],[123.1055,11.4935],[123.1050,11.5014],[123.1153,11.4956],[123.1160,11.4910],[123.1098,11.4748],[123.1072,11.4775],[123.1038,11.4739]]]},"type":"Feature","id":"f4c221e043","properties":{"flclr":"#000000","name":"Mamhut Norte","level_id":"reg","layer_val":"0","parent_id":"0","gjsonid":"7"}},{"geometry":{"type":"Polygon","coordinates":[[[123.1061,11.4440],[123.0976,11.4403],[123.0930,11.4434],[123.0888,11.4598],[123.0979,11.4617],[123.1037,11.4571],[123.1083,11.4522],[123.1061,11.4440]]]},"type":"Feature","id":"5ed26b3c99","properties":{"flclr":"#000000","name":"Tingui-an","level_id":"reg","layer_val":"0","parent_id":"0","gjsonid":"7"}},{"geometry":{"type":"Polygon","coordinates":[[[123.1037,11.4571],[123.0979,11.4617],[123.1042,11.4758],[123.1072,11.4775],[123.1085,11.4649],[123.1037,11.4571]]]},"type":"Feature","id":"1bd14391d3","properties":{"flclr":"#000000","name":"Ipil","level_id":"reg","layer_val":"0","parent_id":"0","gjsonid":"7"}},{"geometry":{"type":"Polygon","coordinates":[[[123.1037,11.4571],[123.1102,11.4732],[123.1191,11.4724],[123.1096,11.4519],[123.1037,11.4571]]]},"type":"Feature","id":"eca20d6f60","properties":{"flclr":"#000000","name":"Pani-an","level_id":"reg","layer_val":"0","parent_id":"0","gjsonid":"7"}},{"geometry":{"type":"Polygon","coordinates":[[[123.1153,11.4956],[123.1199,11.4994],[123.1411,11.4928],[123.1414,11.4822],[123.1213,11.4712],[123.1096,11.4712],[123.1153,11.4956]]]},"type":"Feature","id":"afdc0a1d6a","properties":{"flclr":"#000000","name":"Lawis","level_id":"reg","layer_val":"0","parent_id":"0","gjsonid":"7"}},{"geometry":{"type":"Polygon","coordinates":[[[123.0460,11.2043],[123.0606,11.2014],[123.0602,11.1909],[123.0477,11.1909],[123.0440,11.1949],[123.0460,11.2043]]]},"type":"Feature","id":"9183944ffa","properties":{"flclr":"#000000","name":"Puente Bunglas","level_id":"reg","layer_val":"0","parent_id":"0","gjsonid":"7"}},{"geometry":{"type":"Polygon","coordinates":[[[123.0455,11.2172],[123.0490,11.2114],[123.0443,11.2040],[123.0463,11.1973],[123.0434,11.1945],[123.0305,11.1998],[123.0455,11.2172]]]},"type":"Feature","id":"19a4855ff1","properties":{"flclr":"#000000","name":"Pinantan Elizalde","level_id":"reg","layer_val":"0","parent_id":"0","gjsonid":"7"}},{"geometry":{"type":"Polygon","coordinates":[[[123.0305,11.1998],[123.0477,11.1909],[123.0389,11.1793],[123.0293,11.1771],[123.0270,11.1860],[123.0305,11.1998]]]},"type":"Feature","id":"25c5f3de02","properties":{"flclr":"#000000","name":"Lanjagan","level_id":"reg","layer_val":"0","parent_id":"0","gjsonid":"7"}},{"geometry":{"type":"Polygon","coordinates":[[[123.0602,11.1909],[123.0606,11.2014],[123.0656,11.1966],[123.0655,11.1816],[123.0768,11.1736],[123.0718,11.1645],[123.0567,11.1678],[123.0602,11.1909]]]},"type":"Feature","id":"cdb8b5ca12","properties":{"flclr":"#000000","name":"Bucana Bunglas","level_id":"reg","layer_val":"0","parent_id":"0","gjsonid":"7"}},{"geometry":{"type":"Polygon","coordinates":[[[123.0567,11.1678],[123.0466,11.1697],[123.0489,11.1809],[123.0560,11.1773],[123.0567,11.1678]]]},"type":"Feature","id":"b644fe5de0","properties":{"flclr":"#000000","name":"Rojas","level_id":"reg","layer_val":"0","parent_id":"0","gjsonid":"7"}},{"geometry":{"type":"Polygon","coordinates":[[[123.0477,11.1909],[123.0602,11.1909],[123.0560,11.1773],[123.0479,11.1819],[123.0477,11.1909]]]},"type":"Feature","id":"435b10a940","properties":{"flclr":"#000000","name":"Pantalan Navarro","level_id":"reg","layer_val":"0","parent_id":"0","gjsonid":"7"}},{"geometry":{"type":"Polygon","coordinates":[[[123.0472,11.1871],[123.0466,11.1697],[123.0338,11.1678],[123.0306,11.1777],[123.0472,11.1871]]]},"type":"Feature","id":"e08c58b531","properties":{"flclr":"#000000","name":"Taguhangin","level_id":"reg","layer_val":"0","parent_id":"0","gjsonid":"7"}},{"geometry":{"type":"Polygon","coordinates":[[[123.6982,11.2424],[123.7215,11.2410],[123.7196,11.2266],[123.6930,11.2296],[123.6982,11.2424]]]},"type":"Feature","id":"dbaab0d953","properties":{"flclr":"#000000","name":"Kabac","level_id":"reg","layer_val":"0","parent_id":"0","gjsonid":"8"}},{"geometry":{"type":"Polygon","coordinates":[[[123.7235,11.2412],[123.7231,11.2595],[123.7378,11.2536],[123.7402,11.2455],[123.7235,11.2412]]]},"type":"Feature","id":"f8515a6031","properties":{"flclr":"#000000","name":"Kangwayan","level_id":"reg","layer_val":"0","parent_id":"0","gjsonid":"8"}},{"geometry":{"type":"Polygon","coordinates":[[[123.7243,11.2645],[123.7147,11.2664],[123.7185,11.2792],[123.7301,11.2773],[123.7243,11.2645]]]},"type":"Feature","id":"328dd6febd","properties":{"flclr":"#000000","name":"Maalat","level_id":"reg","layer_val":"0","parent_id":"0","gjsonid":"8"}},{"geometry":{"type":"Polygon","coordinates":[[[123.7147,11.2664],[123.7243,11.2645],[123.7231,11.2589],[123.7125,11.2612],[123.7147,11.2664]]]},"type":"Feature","id":"5a0adcff15","properties":{"flclr":"#000000","name":"Bunakan","level_id":"reg","layer_val":"0","parent_id":"0","gjsonid":"8"}},{"geometry":{"type":"Polygon","coordinates":[[[123.7235,11.2547],[123.7158,11.2556],[123.7079,11.2564],[123.7125,11.2612],[123.7231,11.2589],[123.7235,11.2547]]]},"type":"Feature","id":"c40b37dfb4","properties":{"flclr":"#000000","name":"Tabagak","level_id":"reg","layer_val":"0","parent_id":"0","gjsonid":"8"}},{"geometry":{"type":"Polygon","coordinates":[[[123.7079,11.2564],[123.7235,11.2547],[123.7235,11.2412],[123.6982,11.2424],[123.7009,11.2524],[123.7079,11.2564]]]},"type":"Feature","id":"5cc06f6a62","properties":{"flclr":"#000000","name":"Kodia","level_id":"reg","layer_val":"0","parent_id":"0","gjsonid":"8"}},{"geometry":{"type":"Polygon","coordinates":[[[123.7378,11.2536],[123.7231,11.2595],[123.7293,11.2754],[123.7395,11.2719],[123.7430,11.2609],[123.7378,11.2536]]]},"type":"Feature","id":"b2724cb590","properties":{"flclr":"#000000","name":"Pili","level_id":"reg","layer_val":"0","parent_id":"0","gjsonid":"8"}},{"geometry":{"type":"Polygon","coordinates":[[[123.7378,11.2536],[123.7430,11.2609],[123.7554,11.2621],[123.7585,11.2526],[123.7402,11.2455],[123.7378,11.2536]]]},"type":"Feature","id":"5adf1050ab","properties":{"flclr":"#000000","name":"San Agustin","level_id":"reg","layer_val":"0","parent_id":"0","gjsonid":"8"}},{"geometry":{"type":"Polygon","coordinates":[[[123.7301,11.2773],[123.7185,11.2792],[123.7237,11.2915],[123.7304,11.2927],[123.7301,11.2773]]]},"type":"Feature","id":"604cf69dfa","properties":{"flclr":"#000000","name":"Tarong","level_id":"reg","layer_val":"0","parent_id":"0","gjsonid":"8"}},{"geometry":{"type":"Polygon","coordinates":[[[123.7304,11.2927],[123.7237,11.2915],[123.7292,11.3001],[123.7292,11.2996],[123.7304,11.2927]]]},"type":"Feature","id":"6a1079e2c8","properties":{"flclr":"#000000","name":"Talangnan","level_id":"reg","layer_val":"0","parent_id":"0","gjsonid":"8"}},{"geometry":{"type":"Polygon","coordinates":[[[123.7373,11.2723],[123.7293,11.2754],[123.7320,11.2864],[123.7373,11.2888],[123.7373,11.2723]]]},"type":"Feature","id":"a58527ee33","properties":{"flclr":"#000000","name":"Tugas","level_id":"reg","layer_val":"0","parent_id":"0","gjsonid":"8"}},{"geometry":{"type":"Polygon","coordinates":[[[123.7373,11.2888],[123.7348,11.2886],[123.7332,11.2992],[123.7427,11.2936],[123.7373,11.2888]]]},"type":"Feature","id":"d3f68743d6","properties":{"flclr":"#000000","name":"Mancilang","level_id":"reg","layer_val":"0","parent_id":"0","gjsonid":"8"}},{"geometry":{"type":"Polygon","coordinates":[[[123.7332,11.2992],[123.7348,11.2886],[123.7320,11.2864],[123.7293,11.3005],[123.7332,11.2992]]]},"type":"Feature","id":"eb783fe9d2","properties":{"flclr":"#000000","name":"Poblacion","level_id":"reg","layer_val":"0","parent_id":"0","gjsonid":"8"}},{"geometry":{"type":"Polygon","coordinates":[[[123.7395,11.2719],[123.7369,11.2910],[123.7427,11.2936],[123.7520,11.2757],[123.7484,11.2744],[123.7479,11.2787],[123.7395,11.2719]]]},"type":"Feature","id":"7ec86d6376","properties":{"flclr":"#000000","name":"Malbago","level_id":"reg","layer_val":"0","parent_id":"0","gjsonid":"8"}},{"geometry":{"type":"Polygon","coordinates":[[[123.7520,11.2757],[123.7586,11.2681],[123.7563,11.2628],[123.7430,11.2609],[123.7395,11.2719],[123.7479,11.2787],[123.7484,11.2744],[123.7520,11.2757]]]},"type":"Feature","id":"73e74707a2","properties":{"flclr":"#000000","name":"Kaongkod","level_id":"reg","layer_val":"0","parent_id":"0","gjsonid":"8"}},{"geometry":{"type":"Polygon","coordinates":[[[123.7402,11.2455],[123.7585,11.2526],[123.7635,11.2331],[123.7343,11.2269],[123.7336,11.2434],[123.7402,11.2455]]]},"type":"Feature","id":"e5d0073f4d","properties":{"flclr":"#000000","name":"Atop-atop","level_id":"reg","layer_val":"0","parent_id":"0","gjsonid":"8"}},{"geometry":{"type":"Polygon","coordinates":[[[123.7347,11.1876],[123.7394,11.2197],[123.7547,11.2159],[123.7580,11.2059],[123.7517,11.1883],[123.7329,11.1745],[123.7347,11.1876]]]},"type":"Feature","id":"6f1e88374c","properties":{"flclr":"#000000","name":"Kangkaibe","level_id":"reg","layer_val":"0","parent_id":"0","gjsonid":"8"}},{"geometry":{"type":"Polygon","coordinates":[[[123.7406,11.1661],[123.7329,11.1745],[123.7605,11.1911],[123.7614,11.1834],[123.7681,11.1785],[123.7630,11.1661],[123.7406,11.1661]]]},"type":"Feature","id":"a7a090a85a","properties":{"flclr":"#000000","name":"Mojon","level_id":"reg","layer_val":"0","parent_id":"0","gjsonid":"8"}},{"geometry":{"type":"Polygon","coordinates":[[[123.6944,11.2297],[123.7052,11.2287],[123.7072,11.2144],[123.6896,11.2175],[123.6882,11.2276],[123.6920,11.2333],[123.6944,11.2297]]]},"type":"Feature","id":"69f263ed70","properties":{"flclr":"#000000","name":"Patao","level_id":"reg","layer_val":"0","parent_id":"0","gjsonid":"8"}},{"geometry":{"type":"Polygon","coordinates":[[[123.7200,11.2150],[123.7072,11.2144],[123.7052,11.2287],[123.7213,11.2266],[123.7200,11.2150]]]},"type":"Feature","id":"735e9153b2","properties":{"flclr":"#000000","name":"Putian","level_id":"reg","layer_val":"0","parent_id":"0","gjsonid":"8"}},{"geometry":{"type":"Polygon","coordinates":[[[123.7215,11.2410],[123.7336,11.2434],[123.7344,11.2206],[123.7210,11.2225],[123.7215,11.2410]]]},"type":"Feature","id":"91ebaab3c9","properties":{"flclr":"#000000","name":"Kampingganon","level_id":"reg","layer_val":"0","parent_id":"0","gjsonid":"8"}},{"geometry":{"type":"Polygon","coordinates":[[[123.7180,11.2029],[123.7210,11.2225],[123.7394,11.2197],[123.7347,11.1876],[123.7175,11.1891],[123.7180,11.2029]]]},"type":"Feature","id":"d11af1f995","properties":{"flclr":"#000000","name":"Kabangbang","level_id":"reg","layer_val":"0","parent_id":"0","gjsonid":"8"}},{"geometry":{"type":"Polygon","coordinates":[[[123.7015,11.2028],[123.6978,11.2134],[123.7200,11.2150],[123.7180,11.2029],[123.7015,11.2028]]]},"type":"Feature","id":"e2c84f45a4","properties":{"flclr":"#000000","name":"Baod","level_id":"reg","layer_val":"0","parent_id":"0","gjsonid":"8"}},{"geometry":{"type":"Polygon","coordinates":[[[123.7095,11.1872],[123.7015,11.2028],[123.7180,11.2029],[123.7175,11.1891],[123.7095,11.1872]]]},"type":"Feature","id":"b6408dadb9","properties":{"flclr":"#000000","name":"Guiwanon","level_id":"reg","layer_val":"0","parent_id":"0","gjsonid":"8"}},{"geometry":{"type":"Polygon","coordinates":[[[123.7154,11.1739],[123.7095,11.1872],[123.7347,11.1876],[123.7329,11.1745],[123.7154,11.1739]]]},"type":"Feature","id":"457b2f085a","properties":{"flclr":"#000000","name":"Bantigue (Pob.)","level_id":"reg","layer_val":"0","parent_id":"0","gjsonid":"8"}},{"geometry":{"type":"Polygon","coordinates":[[[123.7635,11.2331],[123.7678,11.2108],[123.7580,11.2059],[123.7547,11.2159],[123.7344,11.2206],[123.7343,11.2269],[123.7635,11.2331]]]},"type":"Feature","id":"0036d2306b","properties":{"flclr":"#000000","name":"Tamiao","level_id":"reg","layer_val":"0","parent_id":"0","gjsonid":"8"}},{"geometry":{"type":"Polygon","coordinates":[[[123.2450,11.4418],[123.2421,11.4538],[123.2467,11.4658],[123.2529,11.4667],[123.2668,11.4595],[123.2617,11.4490],[123.2573,11.4495],[123.2577,11.4416],[123.2450,11.4418]]]},"type":"Feature","id":"1900c5b05a","properties":{"flclr":"#000000","name":"San Fernando","level_id":"reg","layer_val":"0","parent_id":"0","gjsonid":"7"}},{"geometry":{"type":"Polygon","coordinates":[[[123.1446,11.2637],[123.1464,11.2548],[123.1372,11.2423],[123.1356,11.2237],[123.1205,11.2127],[123.1229,11.2369],[123.1343,11.2464],[123.1310,11.2515],[123.1357,11.2559],[123.1330,11.2650],[123.1454,11.2669],[123.1446,11.2637]]]},"type":"Feature","id":"cbc15f08f5","properties":{"flclr":"#000000","name":"Tambaliza","level_id":"reg","layer_val":"0","parent_id":"0","gjsonid":"7"}},{"geometry":{"type":"Polygon","coordinates":[[[123.3497,11.6048],[123.3404,11.6148],[123.3398,11.6317],[123.3580,11.6397],[123.3471,11.6286],[123.3497,11.6048]]]},"type":"Feature","id":"a52013a0a0","properties":{"flclr":"#000000","name":"Granada","level_id":"reg","layer_val":"0","parent_id":"0","gjsonid":"7"}},{"geometry":{"type":"Polygon","coordinates":[[[123.0656,11.3145],[123.0751,11.2995],[123.0588,11.2896],[123.0547,11.2969],[123.0469,11.2999],[123.0498,11.3072],[123.0531,11.3046],[123.0656,11.3145]]]},"type":"Feature","id":"838b2d49f8","properties":{"flclr":"#000000","name":"Tuble","level_id":"reg","layer_val":"0","parent_id":"0","gjsonid":"7"}},{"geometry":{"type":"Polygon","coordinates":[[[123.0942,11.1662],[123.0950,11.1834],[123.1226,11.1946],[123.1286,11.1816],[123.1217,11.1647],[123.1036,11.1555],[123.1036,11.1614],[123.0942,11.1662]]]},"type":"Feature","id":"85fa89704b","properties":{"flclr":"#000000","name":"Nipa","level_id":"reg","layer_val":"0","parent_id":"0","gjsonid":"7"}},{"geometry":{"type":"Polygon","coordinates":[[[123.1755,11.5045],[123.1647,11.4915],[123.1539,11.4912],[123.1548,11.4962],[123.1610,11.4983],[123.1624,11.5120],[123.1755,11.5045]]]},"type":"Feature","id":"216af8f6c4","properties":{"flclr":"#000000","name":"Pantalan","level_id":"reg","layer_val":"0","parent_id":"0","gjsonid":"7"}}]}