{"type":"FeatureCollection","features":[{"geometry":{"type":"Polygon","coordinates":[[[123.1444,7.6441],[123.1380,7.6438],[123.1381,7.6525],[123.1310,7.6540],[123.1247,7.6698],[123.1340,7.6844],[123.1525,7.6614],[123.1444,7.6441]]]},"type":"Feature","id":"555308fcaa","properties":{"flclr":"#000000","name":"Linokmadalum","level_id":"reg","layer_val":"0","parent_id":"0","gjsonid":"10"}},{"geometry":{"type":"Polygon","coordinates":[[[123.2807,7.4775],[123.2919,7.4969],[123.3120,7.4971],[123.3113,7.4836],[123.3058,7.4776],[123.2939,7.4778],[123.2899,7.4731],[123.2807,7.4775]]]},"type":"Feature","id":"419d58ab3a","properties":{"flclr":"#000000","name":"Liasan","level_id":"reg","layer_val":"0","parent_id":"0","gjsonid":"10"}},{"geometry":{"type":"Polygon","coordinates":[[[123.3603,7.5936],[123.3678,7.6042],[123.3659,7.5962],[123.3747,7.5956],[123.3776,7.5887],[123.3861,7.5914],[123.3916,7.5867],[123.3907,7.5755],[123.3950,7.5713],[123.3891,7.5553],[123.3703,7.5750],[123.3686,7.5704],[123.3591,7.5874],[123.3603,7.5936]]]},"type":"Feature","id":"7006a0262b","properties":{"flclr":"#000000","name":"Pisa-an","level_id":"reg","layer_val":"0","parent_id":"0","gjsonid":"10"}},{"geometry":{"type":"Polygon","coordinates":[[[123.2182,7.5218],[123.2207,7.5225],[123.2238,7.5178],[123.2191,7.5191],[123.2182,7.5218]]]},"type":"Feature","id":"c983b50470","properties":{"flclr":"#000000","name":"Maculay","level_id":"reg","layer_val":"0","parent_id":"0","gjsonid":"10"}},{"geometry":{"type":"Polygon","coordinates":[[[123.1353,7.4871],[123.1364,7.4875],[123.1357,7.4856],[123.1354,7.4861],[123.1353,7.4871]]]},"type":"Feature","id":"c2ff42ba49","properties":{"flclr":"#000000","name":"Danan","level_id":"reg","layer_val":"0","parent_id":"0","gjsonid":"10"}},{"geometry":{"type":"Polygon","coordinates":[[[123.3031,7.5191],[123.3038,7.5192],[123.3047,7.5188],[123.3032,7.5179],[123.3031,7.5191]]]},"type":"Feature","id":"976c3f049d","properties":{"flclr":"#000000","name":"Balong-balong","level_id":"reg","layer_val":"0","parent_id":"0","gjsonid":"10"}},{"geometry":{"type":"Polygon","coordinates":[[[123.3014,7.5195],[123.3019,7.5195],[123.3018,7.5188],[123.3014,7.5189],[123.3014,7.5195]]]},"type":"Feature","id":"bba2027a84","properties":{"flclr":"#000000","name":"Balong-balong","level_id":"reg","layer_val":"0","parent_id":"0","gjsonid":"10"}},{"geometry":{"type":"Polygon","coordinates":[[[123.3289,7.3730],[123.3313,7.3729],[123.3310,7.3707],[123.3300,7.3702],[123.3289,7.3730]]]},"type":"Feature","id":"46f8bda16a","properties":{"flclr":"#000000","name":"Lower Paniki-an","level_id":"reg","layer_val":"0","parent_id":"0","gjsonid":"10"}},{"geometry":{"type":"Polygon","coordinates":[[[123.4546,7.6100],[123.4574,7.6160],[123.4650,7.6093],[123.4603,7.6035],[123.4546,7.6100]]]},"type":"Feature","id":"6cad5f9914","properties":{"flclr":"#000000","name":"Ticala Island","level_id":"reg","layer_val":"0","parent_id":"0","gjsonid":"10"}},{"geometry":{"type":"Polygon","coordinates":[[[123.1055,7.6799],[123.1105,7.6808],[123.1104,7.6757],[123.1061,7.6737],[123.1055,7.6799]]]},"type":"Feature","id":"f35484ad7a","properties":{"flclr":"#000000","name":"Linokmadalum","level_id":"reg","layer_val":"0","parent_id":"0","gjsonid":"10"}},{"geometry":{"type":"Polygon","coordinates":[[[123.0474,7.5763],[123.0494,7.5764],[123.0495,7.5725],[123.0488,7.5727],[123.0474,7.5763]]]},"type":"Feature","id":"7e516f02b5","properties":{"flclr":"#000000","name":"Tigabon","level_id":"reg","layer_val":"0","parent_id":"0","gjsonid":"10"}},{"geometry":{"type":"Polygon","coordinates":[[[123.0453,7.5863],[123.0517,7.5825],[123.0521,7.5806],[123.0468,7.5826],[123.0453,7.5863]]]},"type":"Feature","id":"4d9f23f774","properties":{"flclr":"#000000","name":"Tigabon","level_id":"reg","layer_val":"0","parent_id":"0","gjsonid":"10"}},{"geometry":{"type":"Polygon","coordinates":[[[123.0485,7.5916],[123.0494,7.5920],[123.0498,7.5894],[123.0488,7.5898],[123.0485,7.5916]]]},"type":"Feature","id":"e7c6f0e660","properties":{"flclr":"#000000","name":"Tigabon","level_id":"reg","layer_val":"0","parent_id":"0","gjsonid":"10"}},{"geometry":{"type":"Polygon","coordinates":[[[123.0721,7.6150],[123.0764,7.6126],[123.0766,7.6089],[123.0748,7.6089],[123.0721,7.6150]]]},"type":"Feature","id":"0f290f94c8","properties":{"flclr":"#000000","name":"Kigay","level_id":"reg","layer_val":"0","parent_id":"0","gjsonid":"10"}},{"geometry":{"type":"Polygon","coordinates":[[[123.0600,7.6307],[123.0609,7.6305],[123.0608,7.6296],[123.0603,7.6296],[123.0600,7.6307]]]},"type":"Feature","id":"49a5622acb","properties":{"flclr":"#000000","name":"Kigay","level_id":"reg","layer_val":"0","parent_id":"0","gjsonid":"10"}},{"geometry":{"type":"Polygon","coordinates":[[[123.0767,7.6077],[123.0772,7.6082],[123.0775,7.6074],[123.0770,7.6070],[123.0767,7.6077]]]},"type":"Feature","id":"abe1f82c75","properties":{"flclr":"#000000","name":"Kigay","level_id":"reg","layer_val":"0","parent_id":"0","gjsonid":"10"}},{"geometry":{"type":"Polygon","coordinates":[[[123.0791,7.6120],[123.0800,7.6128],[123.0803,7.6127],[123.0800,7.6109],[123.0791,7.6120]]]},"type":"Feature","id":"00ccc16c21","properties":{"flclr":"#000000","name":"Kigay","level_id":"reg","layer_val":"0","parent_id":"0","gjsonid":"10"}},{"geometry":{"type":"Polygon","coordinates":[[[123.0700,7.6562],[123.0710,7.6584],[123.0709,7.6532],[123.0703,7.6538],[123.0700,7.6562]]]},"type":"Feature","id":"c988057ecd","properties":{"flclr":"#000000","name":"Palalian","level_id":"reg","layer_val":"0","parent_id":"0","gjsonid":"10"}},{"geometry":{"type":"Polygon","coordinates":[[[123.4459,7.3967],[123.4481,7.3895],[123.4300,7.3840],[123.4193,7.3851],[123.4134,7.3960],[123.4459,7.3967]]]},"type":"Feature","id":"311f77f4ae","properties":{"flclr":"#000000","name":"Do\u00f1a Josefina","level_id":"reg","layer_val":"0","parent_id":"0","gjsonid":"10"}},{"geometry":{"type":"Polygon","coordinates":[[[123.3734,7.7170],[123.3772,7.7309],[123.3905,7.7222],[123.3914,7.7108],[123.3710,7.7075],[123.3734,7.7170]]]},"type":"Feature","id":"848c12e3cb","properties":{"flclr":"#000000","name":"Payag","level_id":"reg","layer_val":"0","parent_id":"0","gjsonid":"10"}},{"geometry":{"type":"Polygon","coordinates":[[[123.3914,7.7108],[123.3905,7.7222],[123.4025,7.7231],[123.4051,7.7200],[123.3976,7.7015],[123.3914,7.7108]]]},"type":"Feature","id":"74ad355801","properties":{"flclr":"#000000","name":"Mabuhay","level_id":"reg","layer_val":"0","parent_id":"0","gjsonid":"10"}},{"geometry":{"type":"Polygon","coordinates":[[[123.1775,7.5308],[123.1560,7.5322],[123.1502,7.5436],[123.1625,7.5447],[123.1645,7.5560],[123.1753,7.5521],[123.1797,7.5372],[123.1775,7.5308]]]},"type":"Feature","id":"76adc485e1","properties":{"flclr":"#000000","name":"Linoguayan","level_id":"reg","layer_val":"0","parent_id":"0","gjsonid":"10"}},{"geometry":{"type":"Polygon","coordinates":[[[123.2857,7.7175],[123.2914,7.7209],[123.2944,7.7331],[123.3060,7.7211],[123.3088,7.7115],[123.2857,7.7175]]]},"type":"Feature","id":"2677f5c8d4","properties":{"flclr":"#000000","name":"Bagong Oroquieta","level_id":"reg","layer_val":"0","parent_id":"0","gjsonid":"10"}},{"geometry":{"type":"Polygon","coordinates":[[[123.3710,7.7075],[123.3648,7.7138],[123.3558,7.7132],[123.3395,7.7334],[123.3455,7.7348],[123.3476,7.7406],[123.3542,7.7390],[123.3528,7.7346],[123.3591,7.7272],[123.3730,7.7179],[123.3710,7.7075]]]},"type":"Feature","id":"cdb564e251","properties":{"flclr":"#000000","name":"Regla","level_id":"reg","layer_val":"0","parent_id":"0","gjsonid":"10"}},{"geometry":{"type":"Polygon","coordinates":[[[123.2906,7.7586],[123.3127,7.7461],[123.3099,7.7357],[123.3185,7.7206],[123.3126,7.7078],[123.3056,7.7096],[123.3088,7.7115],[123.3060,7.7211],[123.2898,7.7392],[123.2861,7.7553],[123.2906,7.7586]]]},"type":"Feature","id":"6fc7864a7f","properties":{"flclr":"#000000","name":"Katipunan","level_id":"reg","layer_val":"0","parent_id":"0","gjsonid":"10"}},{"geometry":{"type":"Polygon","coordinates":[[[123.3157,7.7227],[123.3292,7.7289],[123.3299,7.7180],[123.3386,7.7079],[123.3268,7.7046],[123.3232,7.6989],[123.3178,7.7009],[123.3126,7.7078],[123.3185,7.7206],[123.3157,7.7227]]]},"type":"Feature","id":"56ef588eaa","properties":{"flclr":"#000000","name":"Singclot","level_id":"reg","layer_val":"0","parent_id":"0","gjsonid":"10"}},{"geometry":{"type":"Polygon","coordinates":[[[123.3558,7.7132],[123.3386,7.7079],[123.3299,7.7180],[123.3303,7.7329],[123.3378,7.7357],[123.3558,7.7132]]]},"type":"Feature","id":"c8477cbafd","properties":{"flclr":"#000000","name":"Lintum","level_id":"reg","layer_val":"0","parent_id":"0","gjsonid":"10"}},{"geometry":{"type":"Polygon","coordinates":[[[123.3540,7.7132],[123.3648,7.7138],[123.3710,7.7075],[123.3658,7.6933],[123.3587,7.6972],[123.3556,7.6948],[123.3540,7.7132]]]},"type":"Feature","id":"2ece669dba","properties":{"flclr":"#000000","name":"Litan","level_id":"reg","layer_val":"0","parent_id":"0","gjsonid":"10"}},{"geometry":{"type":"Polygon","coordinates":[[[123.2244,7.5346],[123.2174,7.5290],[123.2097,7.5304],[123.2068,7.5404],[123.2029,7.5372],[123.2010,7.5499],[123.2140,7.5455],[123.2244,7.5346]]]},"type":"Feature","id":"a64ffb6b8a","properties":{"flclr":"#000000","name":"Maculay","level_id":"reg","layer_val":"0","parent_id":"0","gjsonid":"10"}},{"geometry":{"type":"Polygon","coordinates":[[[123.1625,7.4955],[123.1433,7.4975],[123.1469,7.5133],[123.1567,7.5157],[123.1679,7.5077],[123.1672,7.4992],[123.1625,7.4955]]]},"type":"Feature","id":"f28098b053","properties":{"flclr":"#000000","name":"Lumbal","level_id":"reg","layer_val":"0","parent_id":"0","gjsonid":"10"}},{"geometry":{"type":"Polygon","coordinates":[[[123.2029,7.5372],[123.2068,7.5404],[123.2097,7.5304],[123.2174,7.5290],[123.2177,7.5252],[123.1971,7.5154],[123.1929,7.5294],[123.1994,7.5305],[123.2029,7.5372]]]},"type":"Feature","id":"d813ea1511","properties":{"flclr":"#000000","name":"Lunib","level_id":"reg","layer_val":"0","parent_id":"0","gjsonid":"10"}},{"geometry":{"type":"Polygon","coordinates":[[[123.1837,7.5015],[123.1935,7.4938],[123.1794,7.4862],[123.1708,7.4913],[123.1666,7.5016],[123.1837,7.5015]]]},"type":"Feature","id":"456f42bd5c","properties":{"flclr":"#000000","name":"Limason","level_id":"reg","layer_val":"0","parent_id":"0","gjsonid":"10"}},{"geometry":{"type":"Polygon","coordinates":[[[123.1625,7.4955],[123.1672,7.4992],[123.1708,7.4913],[123.1788,7.4876],[123.1836,7.4685],[123.1754,7.4653],[123.1644,7.4708],[123.1606,7.4834],[123.1625,7.4955]]]},"type":"Feature","id":"c9898b4229","properties":{"flclr":"#000000","name":"Waling-waling","level_id":"reg","layer_val":"0","parent_id":"0","gjsonid":"10"}},{"geometry":{"type":"Polygon","coordinates":[[[123.1794,7.4862],[123.1935,7.4938],[123.1989,7.4845],[123.1888,7.4806],[123.1836,7.4685],[123.1794,7.4862]]]},"type":"Feature","id":"d1ace59710","properties":{"flclr":"#000000","name":"Ambulon","level_id":"reg","layer_val":"0","parent_id":"0","gjsonid":"10"}},{"geometry":{"type":"Polygon","coordinates":[[[123.1612,7.5309],[123.1775,7.5308],[123.1796,7.5131],[123.1898,7.5130],[123.1910,7.5076],[123.1837,7.5015],[123.1666,7.5016],[123.1679,7.5077],[123.1567,7.5157],[123.1626,7.5203],[123.1612,7.5309]]]},"type":"Feature","id":"66b3f25cd0","properties":{"flclr":"#000000","name":"Kabatan","level_id":"reg","layer_val":"0","parent_id":"0","gjsonid":"10"}},{"geometry":{"type":"Polygon","coordinates":[[[123.1775,7.5308],[123.1797,7.5372],[123.1916,7.5335],[123.1971,7.5154],[123.1936,7.5094],[123.1796,7.5131],[123.1775,7.5308]]]},"type":"Feature","id":"8aa2283723","properties":{"flclr":"#000000","name":"Kapatagan","level_id":"reg","layer_val":"0","parent_id":"0","gjsonid":"10"}},{"geometry":{"type":"Polygon","coordinates":[[[123.1520,7.5349],[123.1610,7.5323],[123.1626,7.5203],[123.1596,7.5154],[123.1469,7.5133],[123.1445,7.5350],[123.1520,7.5349]]]},"type":"Feature","id":"44acfe1de6","properties":{"flclr":"#000000","name":"Maraya","level_id":"reg","layer_val":"0","parent_id":"0","gjsonid":"10"}},{"geometry":{"type":"Polygon","coordinates":[[[123.2324,7.5377],[123.2247,7.5396],[123.2244,7.5346],[123.2172,7.5385],[123.2114,7.5514],[123.2344,7.5517],[123.2324,7.5377]]]},"type":"Feature","id":"3abb370bb0","properties":{"flclr":"#000000","name":"Sagucan","level_id":"reg","layer_val":"0","parent_id":"0","gjsonid":"10"}},{"geometry":{"type":"Polygon","coordinates":[[[123.2010,7.5499],[123.2031,7.5347],[123.1929,7.5294],[123.1916,7.5335],[123.1797,7.5372],[123.1746,7.5461],[123.2010,7.5499]]]},"type":"Feature","id":"55688799dd","properties":{"flclr":"#000000","name":"Cogon","level_id":"reg","layer_val":"0","parent_id":"0","gjsonid":"10"}},{"geometry":{"type":"Polygon","coordinates":[[[123.1443,7.5314],[123.1471,7.5185],[123.1433,7.4975],[123.1171,7.5109],[123.1443,7.5314]]]},"type":"Feature","id":"958a1af280","properties":{"flclr":"#000000","name":"Danan","level_id":"reg","layer_val":"0","parent_id":"0","gjsonid":"10"}},{"geometry":{"type":"Polygon","coordinates":[[[123.3474,7.4553],[123.3387,7.4628],[123.3368,7.4727],[123.3500,7.4818],[123.3493,7.4670],[123.3540,7.4560],[123.3474,7.4553]]]},"type":"Feature","id":"ab5a520cd3","properties":{"flclr":"#000000","name":"Colojo","level_id":"reg","layer_val":"0","parent_id":"0","gjsonid":"10"}},{"geometry":{"type":"Polygon","coordinates":[[[123.3368,7.4727],[123.3387,7.4628],[123.3474,7.4553],[123.3322,7.4544],[123.3195,7.4597],[123.3211,7.4686],[123.3368,7.4727]]]},"type":"Feature","id":"ae683912f5","properties":{"flclr":"#000000","name":"Liguac","level_id":"reg","layer_val":"0","parent_id":"0","gjsonid":"10"}},{"geometry":{"type":"Polygon","coordinates":[[[123.3250,7.4431],[123.3401,7.4542],[123.3540,7.4560],[123.3580,7.4494],[123.3501,7.4319],[123.3379,7.4385],[123.3284,7.4382],[123.3250,7.4431]]]},"type":"Feature","id":"61ca249e16","properties":{"flclr":"#000000","name":"Tongao","level_id":"reg","layer_val":"0","parent_id":"0","gjsonid":"10"}},{"geometry":{"type":"Polygon","coordinates":[[[123.3401,7.4542],[123.3211,7.4418],[123.3045,7.4518],[123.3114,7.4708],[123.3193,7.4730],[123.3205,7.4587],[123.3401,7.4542]]]},"type":"Feature","id":"adfd613f75","properties":{"flclr":"#000000","name":"Poblacion (Pitogo)","level_id":"reg","layer_val":"0","parent_id":"0","gjsonid":"10"}},{"geometry":{"type":"Polygon","coordinates":[[[123.3315,7.4118],[123.3232,7.4222],[123.3232,7.4431],[123.3284,7.4382],[123.3379,7.4385],[123.3422,7.4330],[123.3381,7.4185],[123.3315,7.4118]]]},"type":"Feature","id":"660314cebe","properties":{"flclr":"#000000","name":"Panubigan","level_id":"reg","layer_val":"0","parent_id":"0","gjsonid":"10"}},{"geometry":{"type":"Polygon","coordinates":[[[123.3193,7.5001],[123.3075,7.4947],[123.2919,7.4969],[123.2879,7.5080],[123.3113,7.5240],[123.3157,7.5205],[123.3153,7.5040],[123.3193,7.5001]]]},"type":"Feature","id":"4d4af110ac","properties":{"flclr":"#000000","name":"Balong-balong","level_id":"reg","layer_val":"0","parent_id":"0","gjsonid":"10"}},{"geometry":{"type":"Polygon","coordinates":[[[123.3120,7.4971],[123.3193,7.5001],[123.3295,7.4891],[123.3263,7.4674],[123.3211,7.4686],[123.3113,7.4836],[123.3120,7.4971]]]},"type":"Feature","id":"dfe1e0b95c","properties":{"flclr":"#000000","name":"Sugbay Dos","level_id":"reg","layer_val":"0","parent_id":"0","gjsonid":"10"}},{"geometry":{"type":"Polygon","coordinates":[[[123.3113,7.4836],[123.3193,7.4730],[123.3114,7.4708],[123.3045,7.4518],[123.2854,7.4639],[123.2807,7.4775],[123.2899,7.4731],[123.2939,7.4778],[123.3058,7.4776],[123.3113,7.4836]]]},"type":"Feature","id":"44454e0a74","properties":{"flclr":"#000000","name":"Balabawan","level_id":"reg","layer_val":"0","parent_id":"0","gjsonid":"10"}},{"geometry":{"type":"Polygon","coordinates":[[[123.3368,7.4727],[123.3263,7.4674],[123.3295,7.4891],[123.3448,7.4799],[123.3395,7.4712],[123.3368,7.4727]]]},"type":"Feature","id":"35859e52e6","properties":{"flclr":"#000000","name":"San Isidro","level_id":"reg","layer_val":"0","parent_id":"0","gjsonid":"10"}},{"geometry":{"type":"Polygon","coordinates":[[[123.3832,7.4156],[123.3716,7.4149],[123.3677,7.4177],[123.3767,7.4275],[123.3832,7.4156]]]},"type":"Feature","id":"92288a6f28","properties":{"flclr":"#000000","name":"Matin-ao","level_id":"reg","layer_val":"0","parent_id":"0","gjsonid":"10"}},{"geometry":{"type":"Polygon","coordinates":[[[123.3716,7.4149],[123.3832,7.4156],[123.3953,7.3933],[123.3787,7.3780],[123.3798,7.3886],[123.3748,7.3978],[123.3588,7.4022],[123.3716,7.4149]]]},"type":"Feature","id":"57fcbc268a","properties":{"flclr":"#000000","name":"Punta Flecha","level_id":"reg","layer_val":"0","parent_id":"0","gjsonid":"10"}},{"geometry":{"type":"Polygon","coordinates":[[[123.3422,7.4330],[123.3516,7.4319],[123.3716,7.4149],[123.3588,7.4022],[123.3315,7.4118],[123.3381,7.4185],[123.3422,7.4330]]]},"type":"Feature","id":"57f0ef45ab","properties":{"flclr":"#000000","name":"Lower Paniki-an","level_id":"reg","layer_val":"0","parent_id":"0","gjsonid":"10"}},{"geometry":{"type":"Polygon","coordinates":[[[123.3677,7.4177],[123.3501,7.4319],[123.3573,7.4426],[123.3741,7.4382],[123.3753,7.4226],[123.3677,7.4177]]]},"type":"Feature","id":"090182303c","properties":{"flclr":"#000000","name":"Upper Paniki-an","level_id":"reg","layer_val":"0","parent_id":"0","gjsonid":"10"}},{"geometry":{"type":"Polygon","coordinates":[[[123.3953,7.3933],[123.3878,7.4086],[123.4053,7.4086],[123.4071,7.3966],[123.3953,7.3933]]]},"type":"Feature","id":"9522845a0d","properties":{"flclr":"#000000","name":"Tultolan","level_id":"reg","layer_val":"0","parent_id":"0","gjsonid":"10"}},{"geometry":{"type":"Polygon","coordinates":[[[123.3954,7.4680],[123.4063,7.4481],[123.3917,7.4360],[123.3832,7.4391],[123.3881,7.4483],[123.3747,7.4593],[123.3954,7.4680]]]},"type":"Feature","id":"bfcafc6283","properties":{"flclr":"#000000","name":"Abong-abong","level_id":"reg","layer_val":"0","parent_id":"0","gjsonid":"10"}},{"geometry":{"type":"Polygon","coordinates":[[[123.4167,7.4073],[123.4202,7.4126],[123.4388,7.4110],[123.4459,7.3967],[123.4255,7.3955],[123.4262,7.4027],[123.4167,7.4073]]]},"type":"Feature","id":"9dce84471d","properties":{"flclr":"#000000","name":"Concepcion","level_id":"reg","layer_val":"0","parent_id":"0","gjsonid":"10"}},{"geometry":{"type":"Polygon","coordinates":[[[123.4415,7.3693],[123.4233,7.3721],[123.4217,7.3617],[123.4152,7.3586],[123.4035,7.3766],[123.4170,7.3897],[123.4193,7.3851],[123.4300,7.3840],[123.4415,7.3693]]]},"type":"Feature","id":"89cf2f9882","properties":{"flclr":"#000000","name":"Baganian","level_id":"reg","layer_val":"0","parent_id":"0","gjsonid":"10"}},{"geometry":{"type":"Polygon","coordinates":[[[123.4198,7.4121],[123.4167,7.4073],[123.3878,7.4086],[123.3832,7.4198],[123.3901,7.4163],[123.4038,7.4205],[123.4198,7.4121]]]},"type":"Feature","id":"a34ae07fcb","properties":{"flclr":"#000000","name":"San Francisco","level_id":"reg","layer_val":"0","parent_id":"0","gjsonid":"10"}},{"geometry":{"type":"Polygon","coordinates":[[[123.3917,7.4360],[123.4063,7.4481],[123.4025,7.4577],[123.4148,7.4540],[123.4132,7.4480],[123.4226,7.4401],[123.4240,7.4327],[123.4089,7.4322],[123.4128,7.4264],[123.4019,7.4183],[123.3914,7.4221],[123.3917,7.4360]]]},"type":"Feature","id":"c24835e06f","properties":{"flclr":"#000000","name":"Mabuhay","level_id":"reg","layer_val":"0","parent_id":"0","gjsonid":"10"}},{"geometry":{"type":"Polygon","coordinates":[[[123.3938,7.4195],[123.3864,7.4170],[123.3767,7.4275],[123.3847,7.4283],[123.3880,7.4352],[123.3940,7.4346],[123.3907,7.4263],[123.3938,7.4195]]]},"type":"Feature","id":"52df8a3a51","properties":{"flclr":"#000000","name":"Capisan","level_id":"reg","layer_val":"0","parent_id":"0","gjsonid":"10"}},{"geometry":{"type":"Polygon","coordinates":[[[123.4053,7.4086],[123.4167,7.4073],[123.4267,7.4008],[123.4210,7.3963],[123.4071,7.3966],[123.4053,7.4086]]]},"type":"Feature","id":"033a9b6738","properties":{"flclr":"#000000","name":"New Oroquieta","level_id":"reg","layer_val":"0","parent_id":"0","gjsonid":"10"}},{"geometry":{"type":"Polygon","coordinates":[[[123.4025,7.4577],[123.4079,7.4685],[123.4362,7.4530],[123.4156,7.4447],[123.4146,7.4543],[123.4025,7.4577]]]},"type":"Feature","id":"c30f816ee5","properties":{"flclr":"#000000","name":"Poblacion","level_id":"reg","layer_val":"0","parent_id":"0","gjsonid":"10"}},{"geometry":{"type":"Polygon","coordinates":[[[123.4035,7.3766],[123.4152,7.3586],[123.4035,7.3613],[123.3787,7.3780],[123.3953,7.3933],[123.4035,7.3766]]]},"type":"Feature","id":"213beb8c68","properties":{"flclr":"#000000","name":"Limbayan","level_id":"reg","layer_val":"0","parent_id":"0","gjsonid":"10"}},{"geometry":{"type":"Polygon","coordinates":[[[123.4273,7.4124],[123.4079,7.4163],[123.4083,7.4254],[123.4128,7.4264],[123.4089,7.4322],[123.4264,7.4322],[123.4275,7.4270],[123.4218,7.4258],[123.4273,7.4124]]]},"type":"Feature","id":"7c7b612594","properties":{"flclr":"#000000","name":"Lumbia","level_id":"reg","layer_val":"0","parent_id":"0","gjsonid":"10"}},{"geometry":{"type":"Polygon","coordinates":[[[123.4481,7.3895],[123.4550,7.3759],[123.4521,7.3699],[123.4442,7.3675],[123.4300,7.3840],[123.4481,7.3895]]]},"type":"Feature","id":"d79ab99bca","properties":{"flclr":"#000000","name":"Manikaan","level_id":"reg","layer_val":"0","parent_id":"0","gjsonid":"10"}},{"geometry":{"type":"Polygon","coordinates":[[[123.4071,7.3966],[123.4134,7.3960],[123.4170,7.3897],[123.4035,7.3766],[123.3953,7.3933],[123.4071,7.3966]]]},"type":"Feature","id":"fa972e5e53","properties":{"flclr":"#000000","name":"Baya-baya","level_id":"reg","layer_val":"0","parent_id":"0","gjsonid":"10"}},{"geometry":{"type":"Polygon","coordinates":[[[123.3917,7.4360],[123.3847,7.4283],[123.3767,7.4275],[123.3741,7.4382],[123.3573,7.4426],[123.3580,7.4494],[123.3760,7.4591],[123.3881,7.4482],[123.3832,7.4391],[123.3917,7.4360]]]},"type":"Feature","id":"55e1ba5f15","properties":{"flclr":"#000000","name":"Culabay","level_id":"reg","layer_val":"0","parent_id":"0","gjsonid":"10"}},{"geometry":{"type":"Polygon","coordinates":[[[123.4571,7.6470],[123.4503,7.6605],[123.4496,7.6687],[123.4544,7.6729],[123.4665,7.6573],[123.4571,7.6470]]]},"type":"Feature","id":"cd30ab04d7","properties":{"flclr":"#000000","name":"Poblacion (San Pablo)","level_id":"reg","layer_val":"0","parent_id":"0","gjsonid":"10"}},{"geometry":{"type":"Polygon","coordinates":[[[123.4767,7.6714],[123.4783,7.6682],[123.4684,7.6538],[123.4544,7.6729],[123.4590,7.6807],[123.4767,7.6714]]]},"type":"Feature","id":"b472b471f0","properties":{"flclr":"#000000","name":"Sagasan","level_id":"reg","layer_val":"0","parent_id":"0","gjsonid":"10"}},{"geometry":{"type":"Polygon","coordinates":[[[123.4170,7.4451],[123.4362,7.4530],[123.4472,7.4425],[123.4519,7.4348],[123.4413,7.4256],[123.4449,7.4152],[123.4388,7.4110],[123.4273,7.4124],[123.4218,7.4258],[123.4279,7.4291],[123.4170,7.4451]]]},"type":"Feature","id":"f2a4015c5b","properties":{"flclr":"#000000","name":"Malim","level_id":"reg","layer_val":"0","parent_id":"0","gjsonid":"10"}},{"geometry":{"type":"Polygon","coordinates":[[[123.4496,7.6687],[123.4404,7.6859],[123.4371,7.6892],[123.4570,7.6901],[123.4590,7.6807],[123.4496,7.6687]]]},"type":"Feature","id":"401528f9d8","properties":{"flclr":"#000000","name":"Senior","level_id":"reg","layer_val":"0","parent_id":"0","gjsonid":"10"}},{"geometry":{"type":"Polygon","coordinates":[[[123.4416,7.6799],[123.4496,7.6687],[123.4509,7.6584],[123.4448,7.6570],[123.4258,7.6682],[123.4226,7.6744],[123.4268,7.6823],[123.4416,7.6799]]]},"type":"Feature","id":"812f9d1540","properties":{"flclr":"#000000","name":"Pantad","level_id":"reg","layer_val":"0","parent_id":"0","gjsonid":"10"}},{"geometry":{"type":"Polygon","coordinates":[[[123.3981,7.6474],[123.4063,7.6479],[123.4070,7.6542],[123.4190,7.6570],[123.4311,7.6483],[123.4226,7.6387],[123.4080,7.6379],[123.3987,7.6426],[123.3981,7.6474]]]},"type":"Feature","id":"01f77c0922","properties":{"flclr":"#000000","name":"Kalilangan","level_id":"reg","layer_val":"0","parent_id":"0","gjsonid":"10"}},{"geometry":{"type":"Polygon","coordinates":[[[123.4190,7.6570],[123.4070,7.6542],[123.4063,7.6479],[123.3981,7.6474],[123.3944,7.6569],[123.3992,7.6611],[123.3974,7.6719],[123.4137,7.6696],[123.4190,7.6570]]]},"type":"Feature","id":"20226061b9","properties":{"flclr":"#000000","name":"Pao","level_id":"reg","layer_val":"0","parent_id":"0","gjsonid":"10"}},{"geometry":{"type":"Polygon","coordinates":[[[123.4652,7.6472],[123.4682,7.6380],[123.4639,7.6296],[123.4488,7.6391],[123.4467,7.6452],[123.4554,7.6504],[123.4607,7.6457],[123.4652,7.6472]]]},"type":"Feature","id":"1dcc8f87d8","properties":{"flclr":"#000000","name":"Tandubuay","level_id":"reg","layer_val":"0","parent_id":"0","gjsonid":"10"}},{"geometry":{"type":"Polygon","coordinates":[[[123.4708,7.6541],[123.4698,7.6489],[123.4571,7.6470],[123.4650,7.6555],[123.4708,7.6541]]]},"type":"Feature","id":"87d8c9bdf3","properties":{"flclr":"#000000","name":"Marcos Village","level_id":"reg","layer_val":"0","parent_id":"0","gjsonid":"10"}},{"geometry":{"type":"Polygon","coordinates":[[[123.4325,7.6666],[123.4448,7.6570],[123.4509,7.6584],[123.4553,7.6504],[123.4412,7.6445],[123.4285,7.6487],[123.4190,7.6570],[123.4325,7.6666]]]},"type":"Feature","id":"3a0f712e7d","properties":{"flclr":"#000000","name":"Miasin","level_id":"reg","layer_val":"0","parent_id":"0","gjsonid":"10"}},{"geometry":{"type":"Polygon","coordinates":[[[123.3710,7.7075],[123.3932,7.7084],[123.3976,7.7015],[123.3965,7.6900],[123.3906,7.6813],[123.3855,7.6832],[123.3833,7.6906],[123.3728,7.6932],[123.3710,7.7075]]]},"type":"Feature","id":"d138c7c007","properties":{"flclr":"#000000","name":"Lumbayao","level_id":"reg","layer_val":"0","parent_id":"0","gjsonid":"10"}},{"geometry":{"type":"Polygon","coordinates":[[[123.3886,7.6811],[123.3965,7.6900],[123.3976,7.7015],[123.4043,7.7048],[123.4132,7.6855],[123.3882,7.6758],[123.3886,7.6811]]]},"type":"Feature","id":"b34a38b882","properties":{"flclr":"#000000","name":"Kondum","level_id":"reg","layer_val":"0","parent_id":"0","gjsonid":"10"}},{"geometry":{"type":"Polygon","coordinates":[[[123.4219,7.6925],[123.4197,7.6982],[123.4106,7.7017],[123.4184,7.7104],[123.4315,7.7062],[123.4297,7.6928],[123.4219,7.6925]]]},"type":"Feature","id":"8ffa2f10b2","properties":{"flclr":"#000000","name":"Tubo-pait","level_id":"reg","layer_val":"0","parent_id":"0","gjsonid":"10"}},{"geometry":{"type":"Polygon","coordinates":[[[123.4106,7.7017],[123.4225,7.6952],[123.4132,7.6855],[123.4043,7.7048],[123.4106,7.7017]]]},"type":"Feature","id":"7648fb4968","properties":{"flclr":"#000000","name":"Pongapong","level_id":"reg","layer_val":"0","parent_id":"0","gjsonid":"10"}},{"geometry":{"type":"Polygon","coordinates":[[[123.4141,7.7067],[123.4106,7.7017],[123.4043,7.7048],[123.3976,7.7015],[123.4051,7.7200],[123.4025,7.7231],[123.4128,7.7219],[123.4141,7.7067]]]},"type":"Feature","id":"13240cd6e0","properties":{"flclr":"#000000","name":"Molansong","level_id":"reg","layer_val":"0","parent_id":"0","gjsonid":"10"}},{"geometry":{"type":"Polygon","coordinates":[[[123.4219,7.6925],[123.4371,7.6892],[123.4416,7.6799],[123.4268,7.6823],[123.4186,7.6883],[123.4219,7.6925]]]},"type":"Feature","id":"ea1832ce1e","properties":{"flclr":"#000000","name":"Villakapa","level_id":"reg","layer_val":"0","parent_id":"0","gjsonid":"10"}},{"geometry":{"type":"Polygon","coordinates":[[[123.4778,7.7172],[123.4832,7.7146],[123.4798,7.6996],[123.4656,7.6961],[123.4642,7.7041],[123.4563,7.7044],[123.4602,7.7129],[123.4778,7.7172]]]},"type":"Feature","id":"c03bb9a556","properties":{"flclr":"#000000","name":"Culasian","level_id":"reg","layer_val":"0","parent_id":"0","gjsonid":"10"}},{"geometry":{"type":"Polygon","coordinates":[[[123.4602,7.7129],[123.4563,7.7044],[123.4408,7.7042],[123.4336,7.7230],[123.4470,7.7253],[123.4607,7.7203],[123.4602,7.7129]]]},"type":"Feature","id":"4f3bd8ef3b","properties":{"flclr":"#000000","name":"Bag-ong Misamis","level_id":"reg","layer_val":"0","parent_id":"0","gjsonid":"10"}},{"geometry":{"type":"Polygon","coordinates":[[[123.4394,7.7083],[123.4484,7.6915],[123.4371,7.6892],[123.4299,7.6957],[123.4316,7.7064],[123.4394,7.7083]]]},"type":"Feature","id":"240f298d8c","properties":{"flclr":"#000000","name":"Sacbulan","level_id":"reg","layer_val":"0","parent_id":"0","gjsonid":"10"}},{"geometry":{"type":"Polygon","coordinates":[[[123.4656,7.6961],[123.4815,7.6987],[123.4830,7.6817],[123.4757,7.6768],[123.4767,7.6714],[123.4590,7.6807],[123.4570,7.6901],[123.4656,7.6961]]]},"type":"Feature","id":"c322d14027","properties":{"flclr":"#000000","name":"Taniapan","level_id":"reg","layer_val":"0","parent_id":"0","gjsonid":"10"}},{"geometry":{"type":"Polygon","coordinates":[[[123.4563,7.7044],[123.4642,7.7041],[123.4656,7.6961],[123.4501,7.6903],[123.4442,7.7030],[123.4540,7.7071],[123.4563,7.7044]]]},"type":"Feature","id":"004bb0abfe","properties":{"flclr":"#000000","name":"San Juan","level_id":"reg","layer_val":"0","parent_id":"0","gjsonid":"10"}},{"geometry":{"type":"Polygon","coordinates":[[[123.3876,7.6775],[123.3767,7.6722],[123.3687,7.6794],[123.3658,7.6956],[123.3710,7.6979],[123.3728,7.6932],[123.3833,7.6906],[123.3876,7.6775]]]},"type":"Feature","id":"77a0c5f58d","properties":{"flclr":"#000000","name":"Songgoy","level_id":"reg","layer_val":"0","parent_id":"0","gjsonid":"10"}},{"geometry":{"type":"Polygon","coordinates":[[[123.3767,7.6722],[123.3961,7.6790],[123.3992,7.6611],[123.3843,7.6531],[123.3757,7.6622],[123.3767,7.6722]]]},"type":"Feature","id":"d5e3574634","properties":{"flclr":"#000000","name":"Daplayan","level_id":"reg","layer_val":"0","parent_id":"0","gjsonid":"10"}},{"geometry":{"type":"Polygon","coordinates":[[[123.4507,7.6278],[123.4302,7.6203],[123.4185,7.6395],[123.4226,7.6387],[123.4311,7.6483],[123.4378,7.6475],[123.4417,7.6404],[123.4483,7.6389],[123.4507,7.6278]]]},"type":"Feature","id":"38a75c435b","properties":{"flclr":"#000000","name":"Bubual","level_id":"reg","layer_val":"0","parent_id":"0","gjsonid":"10"}},{"geometry":{"type":"Polygon","coordinates":[[[123.4132,7.6855],[123.4186,7.6883],[123.4268,7.6823],[123.4226,7.6744],[123.4258,7.6682],[123.4325,7.6666],[123.4195,7.6582],[123.4137,7.6696],[123.3973,7.6719],[123.3961,7.6790],[123.4132,7.6855]]]},"type":"Feature","id":"28ce63b7a8","properties":{"flclr":"#000000","name":"Kapamanok","level_id":"reg","layer_val":"0","parent_id":"0","gjsonid":"10"}},{"geometry":{"type":"Polygon","coordinates":[[[123.4467,7.6452],[123.4488,7.6391],[123.4639,7.6296],[123.4584,7.6317],[123.4507,7.6278],[123.4483,7.6389],[123.4417,7.6404],[123.4412,7.6445],[123.4467,7.6452]]]},"type":"Feature","id":"0d1253ec71","properties":{"flclr":"#000000","name":"Buton","level_id":"reg","layer_val":"0","parent_id":"0","gjsonid":"10"}},{"geometry":{"type":"Polygon","coordinates":[[[123.2526,7.6376],[123.2573,7.6404],[123.2706,7.6376],[123.2596,7.6177],[123.2477,7.6288],[123.2526,7.6376]]]},"type":"Feature","id":"7863db8c30","properties":{"flclr":"#000000","name":"Bulawan","level_id":"reg","layer_val":"0","parent_id":"0","gjsonid":"10"}},{"geometry":{"type":"Polygon","coordinates":[[[123.2573,7.6404],[123.2559,7.6374],[123.2509,7.6396],[123.2285,7.6753],[123.2285,7.6824],[123.2468,7.6776],[123.2465,7.6710],[123.2553,7.6653],[123.2637,7.6476],[123.2573,7.6404]]]},"type":"Feature","id":"d49aa7162d","properties":{"flclr":"#000000","name":"Sayog","level_id":"reg","layer_val":"0","parent_id":"0","gjsonid":"10"}},{"geometry":{"type":"Polygon","coordinates":[[[123.2550,7.6211],[123.2596,7.6177],[123.2687,7.6341],[123.2797,7.6276],[123.2760,7.6199],[123.2789,7.6112],[123.2683,7.6145],[123.2655,7.6081],[123.2513,7.6095],[123.2501,7.6192],[123.2550,7.6211]]]},"type":"Feature","id":"de73ceb2dc","properties":{"flclr":"#000000","name":"Tapian","level_id":"reg","layer_val":"0","parent_id":"0","gjsonid":"10"}},{"geometry":{"type":"Polygon","coordinates":[[[123.2857,7.7175],[123.2887,7.7097],[123.2798,7.7059],[123.2781,7.6993],[123.2650,7.6986],[123.2620,7.7082],[123.2857,7.7175]]]},"type":"Feature","id":"42f3498cfc","properties":{"flclr":"#000000","name":"Calube","level_id":"reg","layer_val":"0","parent_id":"0","gjsonid":"10"}},{"geometry":{"type":"Polygon","coordinates":[[[123.2577,7.6596],[123.2684,7.6614],[123.2833,7.6419],[123.2664,7.6366],[123.2573,7.6404],[123.2637,7.6476],[123.2577,7.6596]]]},"type":"Feature","id":"ebb3634e97","properties":{"flclr":"#000000","name":"Poblacion","level_id":"reg","layer_val":"0","parent_id":"0","gjsonid":"10"}},{"geometry":{"type":"Polygon","coordinates":[[[123.2684,7.6614],[123.2575,7.6597],[123.2465,7.6710],[123.2462,7.6768],[123.2753,7.6760],[123.2684,7.6614]]]},"type":"Feature","id":"2455713e6e","properties":{"flclr":"#000000","name":"Lantawan","level_id":"reg","layer_val":"0","parent_id":"0","gjsonid":"10"}},{"geometry":{"type":"Polygon","coordinates":[[[123.2752,7.6758],[123.2692,7.6785],[123.2676,7.6972],[123.2790,7.7005],[123.2912,7.6935],[123.2803,7.6896],[123.2805,7.6781],[123.2752,7.6758]]]},"type":"Feature","id":"6a02c76cdd","properties":{"flclr":"#000000","name":"Laperian","level_id":"reg","layer_val":"0","parent_id":"0","gjsonid":"10"}},{"geometry":{"type":"Polygon","coordinates":[[[123.2890,7.6653],[123.2909,7.6543],[123.2811,7.6446],[123.2749,7.6497],[123.2762,7.6569],[123.2890,7.6653]]]},"type":"Feature","id":"94b8edab8f","properties":{"flclr":"#000000","name":"Betinan","level_id":"reg","layer_val":"0","parent_id":"0","gjsonid":"10"}},{"geometry":{"type":"Polygon","coordinates":[[[123.2925,7.6596],[123.2760,7.6760],[123.2805,7.6781],[123.2803,7.6896],[123.2912,7.6935],[123.3033,7.6718],[123.2925,7.6596]]]},"type":"Feature","id":"29eeeee776","properties":{"flclr":"#000000","name":"Dao-an","level_id":"reg","layer_val":"0","parent_id":"0","gjsonid":"10"}},{"geometry":{"type":"Polygon","coordinates":[[[123.3027,7.7107],[123.3232,7.6989],[123.3166,7.6911],[123.3160,7.6831],[123.2963,7.6904],[123.2965,7.7006],[123.3027,7.7107]]]},"type":"Feature","id":"eb1dd0bb25","properties":{"flclr":"#000000","name":"Langilan","level_id":"reg","layer_val":"0","parent_id":"0","gjsonid":"10"}},{"geometry":{"type":"Polygon","coordinates":[[[123.2963,7.6904],[123.3147,7.6848],[123.3177,7.6701],[123.3033,7.6705],[123.2934,7.6841],[123.2928,7.6913],[123.2963,7.6904]]]},"type":"Feature","id":"4ba061f762","properties":{"flclr":"#000000","name":"Limonan","level_id":"reg","layer_val":"0","parent_id":"0","gjsonid":"10"}},{"geometry":{"type":"Polygon","coordinates":[[[123.2650,7.6986],[123.2706,7.6910],[123.2687,7.6772],[123.2494,7.6787],[123.2561,7.6851],[123.2560,7.6927],[123.2650,7.6986]]]},"type":"Feature","id":"24863ddb47","properties":{"flclr":"#000000","name":"Fatima","level_id":"reg","layer_val":"0","parent_id":"0","gjsonid":"10"}},{"geometry":{"type":"Polygon","coordinates":[[[123.2928,7.6913],[123.2790,7.7005],[123.2798,7.7059],[123.2887,7.7097],[123.2875,7.7144],[123.3027,7.7107],[123.2965,7.7006],[123.2972,7.6909],[123.2928,7.6913]]]},"type":"Feature","id":"71659d6dff","properties":{"flclr":"#000000","name":"Mati","level_id":"reg","layer_val":"0","parent_id":"0","gjsonid":"10"}},{"geometry":{"type":"Polygon","coordinates":[[[123.2621,7.7033],[123.2646,7.6962],[123.2560,7.6927],[123.2561,7.6851],[123.2494,7.6787],[123.2369,7.6792],[123.2404,7.6957],[123.2574,7.7048],[123.2621,7.7033]]]},"type":"Feature","id":"7f8df78472","properties":{"flclr":"#000000","name":"San Isidro","level_id":"reg","layer_val":"0","parent_id":"0","gjsonid":"10"}},{"geometry":{"type":"Polygon","coordinates":[[[123.2545,7.7314],[123.2731,7.7124],[123.2548,7.7023],[123.2500,7.7124],[123.2545,7.7176],[123.2545,7.7314]]]},"type":"Feature","id":"957162cdf8","properties":{"flclr":"#000000","name":"Concepcion","level_id":"reg","layer_val":"0","parent_id":"0","gjsonid":"10"}},{"geometry":{"type":"Polygon","coordinates":[[[123.2752,7.6758],[123.2890,7.6653],[123.2758,7.6535],[123.2684,7.6614],[123.2752,7.6758]]]},"type":"Feature","id":"7eef176f35","properties":{"flclr":"#000000","name":"Libuganan","level_id":"reg","layer_val":"0","parent_id":"0","gjsonid":"10"}},{"geometry":{"type":"Polygon","coordinates":[[[123.1502,7.5436],[123.1448,7.5700],[123.1676,7.5643],[123.1625,7.5447],[123.1502,7.5436]]]},"type":"Feature","id":"756c427ebf","properties":{"flclr":"#000000","name":"Bularong","level_id":"reg","layer_val":"0","parent_id":"0","gjsonid":"10"}},{"geometry":{"type":"Polygon","coordinates":[[[123.1465,7.5497],[123.1520,7.5349],[123.1272,7.5393],[123.1295,7.5459],[123.1433,7.5448],[123.1465,7.5497]]]},"type":"Feature","id":"8c5cc1966a","properties":{"flclr":"#000000","name":"Balintawak","level_id":"reg","layer_val":"0","parent_id":"0","gjsonid":"10"}},{"geometry":{"type":"Polygon","coordinates":[[[123.1272,7.5393],[123.1455,7.5335],[123.1171,7.5109],[123.1110,7.5282],[123.1049,7.5321],[123.1105,7.5378],[123.1272,7.5393]]]},"type":"Feature","id":"b533738341","properties":{"flclr":"#000000","name":"Bui-os","level_id":"reg","layer_val":"0","parent_id":"0","gjsonid":"10"}},{"geometry":{"type":"Polygon","coordinates":[[[123.1465,7.5497],[123.1433,7.5448],[123.1281,7.5449],[123.1259,7.5523],[123.1441,7.5605],[123.1465,7.5497]]]},"type":"Feature","id":"24e1e31322","properties":{"flclr":"#000000","name":"Guinimanan","level_id":"reg","layer_val":"0","parent_id":"0","gjsonid":"10"}},{"geometry":{"type":"Polygon","coordinates":[[[123.2114,7.5514],[123.2122,7.5465],[123.2010,7.5499],[123.1933,7.5473],[123.1856,7.5646],[123.1943,7.5718],[123.2039,7.5712],[123.2114,7.5514]]]},"type":"Feature","id":"97771409f3","properties":{"flclr":"#000000","name":"Lumbog","level_id":"reg","layer_val":"0","parent_id":"0","gjsonid":"10"}},{"geometry":{"type":"Polygon","coordinates":[[[123.1320,7.5804],[123.0982,7.5995],[123.0966,7.6033],[123.1083,7.6069],[123.1259,7.6029],[123.1349,7.5927],[123.1320,7.5804]]]},"type":"Feature","id":"e4d98a1ffc","properties":{"flclr":"#000000","name":"Igat Island","level_id":"reg","layer_val":"0","parent_id":"0","gjsonid":"10"}},{"geometry":{"type":"Polygon","coordinates":[[[123.1312,7.5803],[123.1409,7.5794],[123.1470,7.5617],[123.1311,7.5566],[123.1281,7.5637],[123.1314,7.5694],[123.1246,7.5808],[123.1312,7.5803]]]},"type":"Feature","id":"315ff0a599","properties":{"flclr":"#000000","name":"Digon","level_id":"reg","layer_val":"0","parent_id":"0","gjsonid":"10"}},{"geometry":{"type":"Polygon","coordinates":[[[123.1196,7.5646],[123.1285,7.5662],[123.1311,7.5566],[123.1219,7.5541],[123.1196,7.5646]]]},"type":"Feature","id":"de71d731bc","properties":{"flclr":"#000000","name":"Kolot","level_id":"reg","layer_val":"0","parent_id":"0","gjsonid":"10"}},{"geometry":{"type":"Polygon","coordinates":[[[123.1196,7.5646],[123.1259,7.5482],[123.1170,7.5439],[123.1011,7.5448],[123.1055,7.5482],[123.1034,7.5599],[123.1196,7.5646]]]},"type":"Feature","id":"786611358d","properties":{"flclr":"#000000","name":"Talanusa","level_id":"reg","layer_val":"0","parent_id":"0","gjsonid":"10"}},{"geometry":{"type":"Polygon","coordinates":[[[123.1943,7.5718],[123.1856,7.5646],[123.1627,7.5627],[123.1560,7.5688],[123.1448,7.5700],[123.1409,7.5794],[123.1641,7.5834],[123.1744,7.5770],[123.1893,7.5859],[123.1943,7.5718]]]},"type":"Feature","id":"73e5f3ad4d","properties":{"flclr":"#000000","name":"Poblacion","level_id":"reg","layer_val":"0","parent_id":"0","gjsonid":"10"}},{"geometry":{"type":"Polygon","coordinates":[[[123.1932,7.5979],[123.1862,7.6125],[123.1767,7.6152],[123.1917,7.6263],[123.2099,7.6129],[123.2294,7.6101],[123.2239,7.5860],[123.1932,7.5979]]]},"type":"Feature","id":"648f4b972b","properties":{"flclr":"#000000","name":"Tulapoc","level_id":"reg","layer_val":"0","parent_id":"0","gjsonid":"10"}},{"geometry":{"type":"Polygon","coordinates":[[[123.1932,7.5979],[123.2239,7.5860],[123.2212,7.5762],[123.2286,7.5726],[123.2209,7.5663],[123.2276,7.5537],[123.2114,7.5514],[123.2039,7.5712],[123.1943,7.5718],[123.1893,7.5859],[123.1963,7.5907],[123.1932,7.5979]]]},"type":"Feature","id":"1d18b11abb","properties":{"flclr":"#000000","name":"Tiguian","level_id":"reg","layer_val":"0","parent_id":"0","gjsonid":"10"}},{"geometry":{"type":"Polygon","coordinates":[[[123.2344,7.5517],[123.2276,7.5537],[123.2209,7.5663],[123.2286,7.5726],[123.2492,7.5770],[123.2477,7.5687],[123.2344,7.5517]]]},"type":"Feature","id":"ebc1064b7b","properties":{"flclr":"#000000","name":"Limabatong","level_id":"reg","layer_val":"0","parent_id":"0","gjsonid":"10"}},{"geometry":{"type":"Polygon","coordinates":[[[123.2286,7.5726],[123.2212,7.5762],[123.2295,7.6089],[123.2356,7.6003],[123.2417,7.5997],[123.2395,7.5935],[123.2472,7.5772],[123.2286,7.5726]]]},"type":"Feature","id":"e06af97863","properties":{"flclr":"#000000","name":"Kalian","level_id":"reg","layer_val":"0","parent_id":"0","gjsonid":"10"}},{"geometry":{"type":"Polygon","coordinates":[[[123.2492,7.5770],[123.2429,7.5804],[123.2395,7.5935],[123.2487,7.6037],[123.2548,7.6014],[123.2577,7.5902],[123.2565,7.5810],[123.2492,7.5770]]]},"type":"Feature","id":"e8f02bbcdb","properties":{"flclr":"#000000","name":"Sagua","level_id":"reg","layer_val":"0","parent_id":"0","gjsonid":"10"}},{"geometry":{"type":"Polygon","coordinates":[[[123.1259,7.5482],[123.1272,7.5393],[123.1014,7.5374],[123.1044,7.5424],[123.1011,7.5448],[123.1170,7.5439],[123.1259,7.5482]]]},"type":"Feature","id":"c4489fd51d","properties":{"flclr":"#000000","name":"Josefina","level_id":"reg","layer_val":"0","parent_id":"0","gjsonid":"10"}},{"geometry":{"type":"Polygon","coordinates":[[[123.2513,7.6095],[123.2627,7.6073],[123.2591,7.5932],[123.2487,7.6037],[123.2513,7.6095]]]},"type":"Feature","id":"4b9617c222","properties":{"flclr":"#000000","name":"Magahis","level_id":"reg","layer_val":"0","parent_id":"0","gjsonid":"10"}},{"geometry":{"type":"Polygon","coordinates":[[[123.1676,7.5643],[123.1856,7.5646],[123.1933,7.5473],[123.1823,7.5467],[123.1645,7.5560],[123.1676,7.5643]]]},"type":"Feature","id":"d49aa3ec8f","properties":{"flclr":"#000000","name":"Limamawan","level_id":"reg","layer_val":"0","parent_id":"0","gjsonid":"10"}},{"geometry":{"type":"Polygon","coordinates":[[[123.1770,7.6313],[123.1714,7.6437],[123.1682,7.6440],[123.1670,7.6373],[123.1580,7.6379],[123.1644,7.6597],[123.1815,7.6481],[123.1770,7.6313]]]},"type":"Feature","id":"b7a142ce78","properties":{"flclr":"#000000","name":"Pampang","level_id":"reg","layer_val":"0","parent_id":"0","gjsonid":"10"}},{"geometry":{"type":"Polygon","coordinates":[[[123.1580,7.6379],[123.1435,7.6471],[123.1525,7.6614],[123.1573,7.6606],[123.1609,7.6660],[123.1644,7.6597],[123.1580,7.6379]]]},"type":"Feature","id":"7f8f2d6eb2","properties":{"flclr":"#000000","name":"Danganan","level_id":"reg","layer_val":"0","parent_id":"0","gjsonid":"10"}},{"geometry":{"type":"Polygon","coordinates":[[[123.1815,7.6481],[123.1759,7.6514],[123.1792,7.6730],[123.2070,7.6718],[123.2070,7.6521],[123.1815,7.6481]]]},"type":"Feature","id":"3cf0ead0ac","properties":{"flclr":"#000000","name":"Tininghalang","level_id":"reg","layer_val":"0","parent_id":"0","gjsonid":"10"}},{"geometry":{"type":"Polygon","coordinates":[[[123.1770,7.6313],[123.1815,7.6481],[123.2149,7.6514],[123.2103,7.6265],[123.1933,7.6279],[123.1767,7.6152],[123.1795,7.6219],[123.1732,7.6264],[123.1770,7.6313]]]},"type":"Feature","id":"a5160aa3bc","properties":{"flclr":"#000000","name":"Poblacion","level_id":"reg","layer_val":"0","parent_id":"0","gjsonid":"10"}},{"geometry":{"type":"Polygon","coordinates":[[[123.1443,7.6910],[123.1405,7.7032],[123.1440,7.7053],[123.1573,7.6981],[123.1629,7.6843],[123.1443,7.6910]]]},"type":"Feature","id":"0eaf2d135f","properties":{"flclr":"#000000","name":"Pingalay","level_id":"reg","layer_val":"0","parent_id":"0","gjsonid":"10"}},{"geometry":{"type":"Polygon","coordinates":[[[123.1443,7.6910],[123.1682,7.6823],[123.1573,7.6606],[123.1525,7.6614],[123.1340,7.6844],[123.1443,7.6910]]]},"type":"Feature","id":"bfc7ca2147","properties":{"flclr":"#000000","name":"Maruing","level_id":"reg","layer_val":"0","parent_id":"0","gjsonid":"10"}},{"geometry":{"type":"Polygon","coordinates":[[[123.1682,7.6823],[123.1585,7.6901],[123.1573,7.6981],[123.1684,7.6995],[123.1682,7.6823]]]},"type":"Feature","id":"1acddc5f28","properties":{"flclr":"#000000","name":"Tabon","level_id":"reg","layer_val":"0","parent_id":"0","gjsonid":"10"}},{"geometry":{"type":"Polygon","coordinates":[[[123.1682,7.6823],[123.1684,7.6995],[123.1744,7.7137],[123.1792,7.6730],[123.1655,7.6758],[123.1682,7.6823]]]},"type":"Feature","id":"49f82fd5c1","properties":{"flclr":"#000000","name":"Tugaya","level_id":"reg","layer_val":"0","parent_id":"0","gjsonid":"10"}},{"geometry":{"type":"Polygon","coordinates":[[[123.1923,7.6748],[123.1792,7.6730],[123.1758,7.7129],[123.1873,7.7135],[123.1939,7.6897],[123.1923,7.6748]]]},"type":"Feature","id":"fae821a45c","properties":{"flclr":"#000000","name":"Mahalingeb","level_id":"reg","layer_val":"0","parent_id":"0","gjsonid":"10"}},{"geometry":{"type":"Polygon","coordinates":[[[123.1655,7.6758],[123.1792,7.6730],[123.1759,7.6514],[123.1609,7.6660],[123.1655,7.6758]]]},"type":"Feature","id":"1126111eb8","properties":{"flclr":"#000000","name":"Pantad","level_id":"reg","layer_val":"0","parent_id":"0","gjsonid":"10"}},{"geometry":{"type":"Polygon","coordinates":[[[123.2035,7.6736],[123.1923,7.6748],[123.1939,7.6897],[123.2087,7.6944],[123.2035,7.6736]]]},"type":"Feature","id":"be251242a8","properties":{"flclr":"#000000","name":"Carpoc","level_id":"reg","layer_val":"0","parent_id":"0","gjsonid":"10"}},{"geometry":{"type":"Polygon","coordinates":[[[123.1474,7.7143],[123.1547,7.7118],[123.1693,7.7211],[123.1744,7.7137],[123.1684,7.6995],[123.1573,7.6981],[123.1440,7.7053],[123.1474,7.7143]]]},"type":"Feature","id":"5caaa4291a","properties":{"flclr":"#000000","name":"Mandeg","level_id":"reg","layer_val":"0","parent_id":"0","gjsonid":"10"}},{"geometry":{"type":"Polygon","coordinates":[[[123.2501,7.7112],[123.2543,7.7025],[123.2404,7.6957],[123.2369,7.6792],[123.2252,7.6952],[123.2331,7.7024],[123.2313,7.7110],[123.2501,7.7112]]]},"type":"Feature","id":"6366ba1adb","properties":{"flclr":"#000000","name":"Maralag","level_id":"reg","layer_val":"0","parent_id":"0","gjsonid":"10"}},{"geometry":{"type":"Polygon","coordinates":[[[123.2513,7.6095],[123.2478,7.6019],[123.2356,7.6003],[123.2264,7.6216],[123.2320,7.6251],[123.2427,7.6158],[123.2499,7.6174],[123.2513,7.6095]]]},"type":"Feature","id":"634c0f975d","properties":{"flclr":"#000000","name":"Molum","level_id":"reg","layer_val":"0","parent_id":"0","gjsonid":"10"}},{"geometry":{"type":"Polygon","coordinates":[[[123.2509,7.6396],[123.2364,7.6363],[123.2301,7.6466],[123.2334,7.6681],[123.2509,7.6396]]]},"type":"Feature","id":"e5fb561b08","properties":{"flclr":"#000000","name":"Sayog","level_id":"reg","layer_val":"0","parent_id":"0","gjsonid":"10"}},{"geometry":{"type":"Polygon","coordinates":[[[123.2364,7.6363],[123.2509,7.6396],[123.2477,7.6288],[123.2550,7.6211],[123.2427,7.6158],[123.2350,7.6216],[123.2321,7.6247],[123.2364,7.6363]]]},"type":"Feature","id":"3e2c1892f5","properties":{"flclr":"#000000","name":"Bulawan","level_id":"reg","layer_val":"0","parent_id":"0","gjsonid":"10"}},{"geometry":{"type":"Polygon","coordinates":[[[123.2336,7.6415],[123.2349,7.6293],[123.2293,7.6226],[123.2235,7.6202],[123.2103,7.6265],[123.2110,7.6350],[123.2336,7.6415]]]},"type":"Feature","id":"0f96878f0d","properties":{"flclr":"#000000","name":"Salambuyan","level_id":"reg","layer_val":"0","parent_id":"0","gjsonid":"10"}},{"geometry":{"type":"Polygon","coordinates":[[[123.2103,7.6265],[123.2264,7.6216],[123.2294,7.6101],[123.2099,7.6129],[123.1917,7.6263],[123.1981,7.6294],[123.2103,7.6265]]]},"type":"Feature","id":"88d1b2e031","properties":{"flclr":"#000000","name":"Tipasan","level_id":"reg","layer_val":"0","parent_id":"0","gjsonid":"10"}},{"geometry":{"type":"Polygon","coordinates":[[[123.2106,7.6932],[123.1939,7.6897],[123.1879,7.7028],[123.1865,7.7235],[123.2173,7.7226],[123.2105,7.7088],[123.2106,7.6932]]]},"type":"Feature","id":"78799cea28","properties":{"flclr":"#000000","name":"Tiguha","level_id":"reg","layer_val":"0","parent_id":"0","gjsonid":"10"}},{"geometry":{"type":"Polygon","coordinates":[[[123.2095,7.6936],[123.2252,7.6952],[123.2369,7.6792],[123.2285,7.6824],[123.2285,7.6753],[123.2354,7.6684],[123.2192,7.6599],[123.2149,7.6514],[123.2070,7.6521],[123.2088,7.6678],[123.2032,7.6743],[123.2095,7.6936]]]},"type":"Feature","id":"c5eae822b0","properties":{"flclr":"#000000","name":"Lubusan","level_id":"reg","layer_val":"0","parent_id":"0","gjsonid":"10"}},{"geometry":{"type":"Polygon","coordinates":[[[123.2149,7.6514],[123.2192,7.6599],[123.2334,7.6681],[123.2301,7.6466],[123.2336,7.6415],[123.2110,7.6350],[123.2149,7.6514]]]},"type":"Feature","id":"71a9dffdb7","properties":{"flclr":"#000000","name":"Dansal","level_id":"reg","layer_val":"0","parent_id":"0","gjsonid":"10"}},{"geometry":{"type":"Polygon","coordinates":[[[123.2173,7.7226],[123.2154,7.7295],[123.2192,7.7319],[123.2366,7.7327],[123.2313,7.7110],[123.2331,7.7024],[123.2285,7.6961],[123.2106,7.6932],[123.2105,7.7088],[123.2173,7.7226]]]},"type":"Feature","id":"3b50897536","properties":{"flclr":"#000000","name":"Talabab","level_id":"reg","layer_val":"0","parent_id":"0","gjsonid":"10"}},{"geometry":{"type":"Polygon","coordinates":[[[123.1472,7.7253],[123.1460,7.7088],[123.1405,7.7032],[123.1173,7.7218],[123.1175,7.7316],[123.1472,7.7253]]]},"type":"Feature","id":"9e36273902","properties":{"flclr":"#000000","name":"Bualan","level_id":"reg","layer_val":"0","parent_id":"0","gjsonid":"10"}},{"geometry":{"type":"Polygon","coordinates":[[[123.0843,7.7119],[123.1008,7.7177],[123.1078,7.7123],[123.1038,7.7023],[123.0934,7.7012],[123.0874,7.6950],[123.0843,7.7119]]]},"type":"Feature","id":"355e52a668","properties":{"flclr":"#000000","name":"Gusom","level_id":"reg","layer_val":"0","parent_id":"0","gjsonid":"10"}},{"geometry":{"type":"Polygon","coordinates":[[[123.4336,7.7230],[123.4394,7.7083],[123.4296,7.7057],[123.4201,7.7103],[123.4141,7.7067],[123.4128,7.7219],[123.4052,7.7233],[123.4064,7.7269],[123.4237,7.7282],[123.4336,7.7230]]]},"type":"Feature","id":"6d004a16d0","properties":{"flclr":"#000000","name":"Tubo-Pait","level_id":"reg","layer_val":"0","parent_id":"0","gjsonid":"10"}},{"geometry":{"type":"Polygon","coordinates":[[[123.2774,7.5991],[123.2820,7.6008],[123.2820,7.6122],[123.2930,7.6111],[123.3139,7.5990],[123.3122,7.5814],[123.3042,7.5799],[123.2761,7.5930],[123.2774,7.5991]]]},"type":"Feature","id":"c0476d3207","properties":{"flclr":"#000000","name":"Sumpotan","level_id":"reg","layer_val":"0","parent_id":"0","gjsonid":"10"}},{"geometry":{"type":"Polygon","coordinates":[[[123.3391,7.5708],[123.3418,7.5643],[123.3376,7.5552],[123.3265,7.5569],[123.3236,7.5706],[123.3391,7.5708]]]},"type":"Feature","id":"38a0920d2b","properties":{"flclr":"#000000","name":"Lucoban","level_id":"reg","layer_val":"0","parent_id":"0","gjsonid":"10"}},{"geometry":{"type":"Polygon","coordinates":[[[123.2706,7.6376],[123.2778,7.6380],[123.2833,7.6419],[123.2811,7.6446],[123.2876,7.6405],[123.2848,7.6266],[123.2802,7.6242],[123.2706,7.6313],[123.2706,7.6376]]]},"type":"Feature","id":"65653034df","properties":{"flclr":"#000000","name":"Beray","level_id":"reg","layer_val":"0","parent_id":"0","gjsonid":"10"}},{"geometry":{"type":"Polygon","coordinates":[[[123.2803,7.6082],[123.2821,7.6012],[123.2774,7.5991],[123.2623,7.6076],[123.2683,7.6145],[123.2803,7.6082]]]},"type":"Feature","id":"734e8a7f0d","properties":{"flclr":"#000000","name":"Upper Sibul","level_id":"reg","layer_val":"0","parent_id":"0","gjsonid":"10"}},{"geometry":{"type":"Polygon","coordinates":[[[123.3105,7.5735],[123.3239,7.5721],[123.3259,7.5595],[123.3131,7.5542],[123.3065,7.5616],[123.3105,7.5735]]]},"type":"Feature","id":"7ade08a23a","properties":{"flclr":"#000000","name":"Ludiong","level_id":"reg","layer_val":"0","parent_id":"0","gjsonid":"10"}},{"geometry":{"type":"Polygon","coordinates":[[[123.3216,7.5721],[123.2944,7.5729],[123.2964,7.5841],[123.3042,7.5799],[123.3122,7.5814],[123.3216,7.5721]]]},"type":"Feature","id":"cbc04750cb","properties":{"flclr":"#000000","name":"San Isidro","level_id":"reg","layer_val":"0","parent_id":"0","gjsonid":"10"}},{"geometry":{"type":"Polygon","coordinates":[[[123.2802,7.6242],[123.2938,7.6263],[123.2985,7.6171],[123.2930,7.6111],[123.2839,7.6131],[123.2803,7.6082],[123.2760,7.6199],[123.2802,7.6242]]]},"type":"Feature","id":"677a687e50","properties":{"flclr":"#000000","name":"Kinacap","level_id":"reg","layer_val":"0","parent_id":"0","gjsonid":"10"}},{"geometry":{"type":"Polygon","coordinates":[[[123.2957,7.6249],[123.2848,7.6266],[123.2878,7.6399],[123.2811,7.6446],[123.2925,7.6596],[123.2992,7.6454],[123.3070,7.6422],[123.2957,7.6249]]]},"type":"Feature","id":"5fcf49266a","properties":{"flclr":"#000000","name":"Legarda 2","level_id":"reg","layer_val":"0","parent_id":"0","gjsonid":"10"}},{"geometry":{"type":"Polygon","coordinates":[[[123.3285,7.6149],[123.3278,7.6112],[123.3355,7.6057],[123.3318,7.5971],[123.3191,7.5999],[123.3182,7.6157],[123.3285,7.6149]]]},"type":"Feature","id":"f91a825eee","properties":{"flclr":"#000000","name":"Lower Dimaya","level_id":"reg","layer_val":"0","parent_id":"0","gjsonid":"10"}},{"geometry":{"type":"Polygon","coordinates":[[[123.4083,7.6144],[123.4039,7.6138],[123.3991,7.6041],[123.3847,7.6030],[123.3837,7.5892],[123.3766,7.5891],[123.3736,7.5962],[123.3659,7.5962],[123.3678,7.6042],[123.3623,7.5943],[123.3529,7.5952],[123.3582,7.6166],[123.3662,7.6160],[123.3662,7.6205],[123.3752,7.6213],[123.3877,7.6401],[123.3987,7.6426],[123.4080,7.6379],[123.3997,7.6299],[123.4072,7.6222],[123.4083,7.6144]]]},"type":"Feature","id":"bcbf10c300","properties":{"flclr":"#000000","name":"Nian","level_id":"reg","layer_val":"0","parent_id":"0","gjsonid":"10"}},{"geometry":{"type":"Polygon","coordinates":[[[123.3239,7.5721],[123.3122,7.5814],[123.3139,7.5990],[123.3345,7.5988],[123.3339,7.5824],[123.3239,7.5721]]]},"type":"Feature","id":"268d232a4c","properties":{"flclr":"#000000","name":"Proper Dimaya","level_id":"reg","layer_val":"0","parent_id":"0","gjsonid":"10"}},{"geometry":{"type":"Polygon","coordinates":[[[123.3307,7.6136],[123.3285,7.6149],[123.3297,7.6279],[123.3362,7.6267],[123.3382,7.6194],[123.3307,7.6136]]]},"type":"Feature","id":"06f52250fe","properties":{"flclr":"#000000","name":"Don Jose","level_id":"reg","layer_val":"0","parent_id":"0","gjsonid":"10"}},{"geometry":{"type":"Polygon","coordinates":[[[123.3285,7.6149],[123.3217,7.6138],[123.3148,7.6208],[123.3222,7.6343],[123.3297,7.6279],[123.3285,7.6149]]]},"type":"Feature","id":"f937d5dcbd","properties":{"flclr":"#000000","name":"Nangka","level_id":"reg","layer_val":"0","parent_id":"0","gjsonid":"10"}},{"geometry":{"type":"Polygon","coordinates":[[[123.3146,7.6219],[123.3217,7.6138],[123.3071,7.6157],[123.3004,7.6113],[123.2964,7.6148],[123.3012,7.6275],[123.3146,7.6219]]]},"type":"Feature","id":"af28bfeecd","properties":{"flclr":"#000000","name":"Upper Dimaya","level_id":"reg","layer_val":"0","parent_id":"0","gjsonid":"10"}},{"geometry":{"type":"Polygon","coordinates":[[[123.3146,7.6219],[123.3040,7.6280],[123.2957,7.6249],[123.3079,7.6431],[123.3235,7.6393],[123.3146,7.6219]]]},"type":"Feature","id":"de436fa7f0","properties":{"flclr":"#000000","name":"Legarda 1","level_id":"reg","layer_val":"0","parent_id":"0","gjsonid":"10"}},{"geometry":{"type":"Polygon","coordinates":[[[123.3362,7.6267],[123.3220,7.6362],[123.3378,7.6535],[123.3463,7.6456],[123.3589,7.6427],[123.3573,7.6319],[123.3541,7.6344],[123.3426,7.6252],[123.3362,7.6267]]]},"type":"Feature","id":"36d613427b","properties":{"flclr":"#000000","name":"West Migpulao","level_id":"reg","layer_val":"0","parent_id":"0","gjsonid":"10"}},{"geometry":{"type":"Polygon","coordinates":[[[123.3031,7.6710],[123.3111,7.6705],[123.3163,7.6560],[123.3309,7.6477],[123.3220,7.6382],[123.2992,7.6454],[123.2925,7.6596],[123.2968,7.6685],[123.3031,7.6710]]]},"type":"Feature","id":"51106d090c","properties":{"flclr":"#000000","name":"Legarda 3","level_id":"reg","layer_val":"0","parent_id":"0","gjsonid":"10"}},{"geometry":{"type":"Polygon","coordinates":[[[123.3239,7.5721],[123.3299,7.5813],[123.3387,7.5818],[123.3487,7.5719],[123.3239,7.5721]]]},"type":"Feature","id":"cf9be248cd","properties":{"flclr":"#000000","name":"Sambulawan","level_id":"reg","layer_val":"0","parent_id":"0","gjsonid":"10"}},{"geometry":{"type":"Polygon","coordinates":[[[123.3563,7.6444],[123.3463,7.6456],[123.3378,7.6535],[123.3469,7.6621],[123.3579,7.6528],[123.3547,7.6512],[123.3595,7.6482],[123.3563,7.6444]]]},"type":"Feature","id":"39f329a7db","properties":{"flclr":"#000000","name":"Old Mirapao","level_id":"reg","layer_val":"0","parent_id":"0","gjsonid":"10"}},{"geometry":{"type":"Polygon","coordinates":[[[123.3307,7.6136],[123.3380,7.6172],[123.3362,7.6267],[123.3426,7.6252],[123.3432,7.6159],[123.3341,7.6061],[123.3278,7.6112],[123.3307,7.6136]]]},"type":"Feature","id":"5f267407a8","properties":{"flclr":"#000000","name":"Poblacion","level_id":"reg","layer_val":"0","parent_id":"0","gjsonid":"10"}},{"geometry":{"type":"Polygon","coordinates":[[[123.3127,7.6689],[123.3180,7.6738],[123.3288,7.6750],[123.3337,7.6638],[123.3398,7.6645],[123.3431,7.6585],[123.3283,7.6476],[123.3163,7.6560],[123.3127,7.6689]]]},"type":"Feature","id":"18f7c06a65","properties":{"flclr":"#000000","name":"Ignacio Garrata (New Mirapao)","level_id":"reg","layer_val":"0","parent_id":"0","gjsonid":"10"}},{"geometry":{"type":"Polygon","coordinates":[[[123.3596,7.6947],[123.3658,7.6933],[123.3687,7.6794],[123.3767,7.6722],[123.3757,7.6622],[123.3843,7.6531],[123.3713,7.6506],[123.3579,7.6528],[123.3469,7.6621],[123.3431,7.6585],[123.3398,7.6645],[123.3596,7.6947]]]},"type":"Feature","id":"487e4bb460","properties":{"flclr":"#000000","name":"Dongos","level_id":"reg","layer_val":"0","parent_id":"0","gjsonid":"10"}},{"geometry":{"type":"Polygon","coordinates":[[[123.4080,7.6379],[123.4185,7.6395],[123.4241,7.6345],[123.4292,7.6147],[123.4083,7.6144],[123.4072,7.6222],[123.3997,7.6299],[123.4080,7.6379]]]},"type":"Feature","id":"d2b785d378","properties":{"flclr":"#000000","name":"Tarakan","level_id":"reg","layer_val":"0","parent_id":"0","gjsonid":"10"}},{"geometry":{"type":"Polygon","coordinates":[[[123.3713,7.6506],[123.3944,7.6569],[123.3987,7.6426],[123.3877,7.6401],[123.3730,7.6252],[123.3698,7.6299],[123.3713,7.6506]]]},"type":"Feature","id":"d14baa9555","properties":{"flclr":"#000000","name":"Guinicolalay","level_id":"reg","layer_val":"0","parent_id":"0","gjsonid":"10"}},{"geometry":{"type":"Polygon","coordinates":[[[123.3232,7.6989],[123.3268,7.7046],[123.3540,7.7132],[123.3535,7.7001],[123.3596,7.6947],[123.3398,7.6645],[123.3337,7.6638],[123.3288,7.6750],[123.3180,7.6738],[123.3166,7.6911],[123.3232,7.6989]]]},"type":"Feature","id":"a6e98dceda","properties":{"flclr":"#000000","name":"Sagacad","level_id":"reg","layer_val":"0","parent_id":"0","gjsonid":"10"}},{"geometry":{"type":"Polygon","coordinates":[[[123.2696,7.5644],[123.2754,7.5453],[123.2607,7.5464],[123.2592,7.5598],[123.2638,7.5643],[123.2673,7.5603],[123.2696,7.5644]]]},"type":"Feature","id":"ac418266e2","properties":{"flclr":"#000000","name":"San Roque","level_id":"reg","layer_val":"0","parent_id":"0","gjsonid":"10"}},{"geometry":{"type":"Polygon","coordinates":[[[123.3349,7.5997],[123.3348,7.6075],[123.3435,7.6165],[123.3585,7.6169],[123.3521,7.5929],[123.3439,7.5957],[123.3408,7.5904],[123.3398,7.5980],[123.3349,7.5997]]]},"type":"Feature","id":"67960609ff","properties":{"flclr":"#000000","name":"Benuatan","level_id":"reg","layer_val":"0","parent_id":"0","gjsonid":"10"}},{"geometry":{"type":"Polygon","coordinates":[[[123.3345,7.5988],[123.3382,7.6004],[123.3408,7.5904],[123.3439,7.5957],[123.3603,7.5936],[123.3591,7.5874],[123.3686,7.5694],[123.3578,7.5787],[123.3487,7.5719],[123.3387,7.5818],[123.3336,7.5818],[123.3370,7.5931],[123.3345,7.5988]]]},"type":"Feature","id":"2fa80335e1","properties":{"flclr":"#000000","name":"Songayan","level_id":"reg","layer_val":"0","parent_id":"0","gjsonid":"10"}},{"geometry":{"type":"Polygon","coordinates":[[[123.2890,7.5616],[123.2926,7.5584],[123.2895,7.5486],[123.2754,7.5453],[123.2715,7.5640],[123.2890,7.5616]]]},"type":"Feature","id":"411b1a21ad","properties":{"flclr":"#000000","name":"Lalab","level_id":"reg","layer_val":"0","parent_id":"0","gjsonid":"10"}},{"geometry":{"type":"Polygon","coordinates":[[[123.3426,7.6252],[123.3541,7.6344],[123.3597,7.6340],[123.3562,7.6438],[123.3595,7.6482],[123.3547,7.6512],[123.3720,7.6503],[123.3698,7.6299],[123.3752,7.6213],[123.3662,7.6205],[123.3662,7.6160],[123.3501,7.6187],[123.3455,7.6159],[123.3426,7.6252]]]},"type":"Feature","id":"8209f0a8bd","properties":{"flclr":"#000000","name":"East Migpulao","level_id":"reg","layer_val":"0","parent_id":"0","gjsonid":"10"}},{"geometry":{"type":"Polygon","coordinates":[[[123.2930,7.6111],[123.2946,7.6150],[123.3004,7.6113],[123.3182,7.6157],[123.3197,7.6011],[123.3139,7.5990],[123.2930,7.6111]]]},"type":"Feature","id":"61f8c86ddc","properties":{"flclr":"#000000","name":"Bacawan","level_id":"reg","layer_val":"0","parent_id":"0","gjsonid":"10"}},{"geometry":{"type":"Polygon","coordinates":[[[123.2761,7.5930],[123.2900,7.5876],[123.2894,7.5831],[123.2701,7.5734],[123.2690,7.5866],[123.2716,7.5941],[123.2761,7.5930]]]},"type":"Feature","id":"c148883e77","properties":{"flclr":"#000000","name":"Baha","level_id":"reg","layer_val":"0","parent_id":"0","gjsonid":"10"}},{"geometry":{"type":"Polygon","coordinates":[[[123.2727,7.5733],[123.2887,7.5814],[123.2900,7.5876],[123.2964,7.5841],[123.2956,7.5686],[123.2901,7.5619],[123.2696,7.5644],[123.2727,7.5733]]]},"type":"Feature","id":"7b6199c594","properties":{"flclr":"#000000","name":"Baluno","level_id":"reg","layer_val":"0","parent_id":"0","gjsonid":"10"}},{"geometry":{"type":"Polygon","coordinates":[[[123.2344,7.5517],[123.2525,7.5479],[123.2554,7.5332],[123.2447,7.5284],[123.2329,7.5358],[123.2311,7.5468],[123.2344,7.5517]]]},"type":"Feature","id":"1bb30ed7c4","properties":{"flclr":"#000000","name":"Grap","level_id":"reg","layer_val":"0","parent_id":"0","gjsonid":"10"}},{"geometry":{"type":"Polygon","coordinates":[[[123.2534,7.5466],[123.2372,7.5514],[123.2477,7.5687],[123.2604,7.5571],[123.2607,7.5464],[123.2534,7.5466]]]},"type":"Feature","id":"7039e49854","properties":{"flclr":"#000000","name":"Josefina","level_id":"reg","layer_val":"0","parent_id":"0","gjsonid":"10"}},{"geometry":{"type":"Polygon","coordinates":[[[123.2607,7.5464],[123.2754,7.5453],[123.2755,7.5300],[123.2557,7.5347],[123.2534,7.5466],[123.2607,7.5464]]]},"type":"Feature","id":"6c4edb7f5e","properties":{"flclr":"#000000","name":"Saloagan","level_id":"reg","layer_val":"0","parent_id":"0","gjsonid":"10"}},{"geometry":{"type":"Polygon","coordinates":[[[123.2895,7.5486],[123.2926,7.5584],[123.2890,7.5616],[123.2925,7.5649],[123.3055,7.5574],[123.3023,7.5412],[123.2933,7.5421],[123.2895,7.5486]]]},"type":"Feature","id":"35ab177fc0","properties":{"flclr":"#000000","name":"Libertad","level_id":"reg","layer_val":"0","parent_id":"0","gjsonid":"10"}},{"geometry":{"type":"Polygon","coordinates":[[[123.2754,7.5453],[123.2895,7.5486],[123.2995,7.5402],[123.2990,7.5303],[123.2755,7.5300],[123.2754,7.5453]]]},"type":"Feature","id":"6afc1faaf5","properties":{"flclr":"#000000","name":"Tipangi","level_id":"reg","layer_val":"0","parent_id":"0","gjsonid":"10"}},{"geometry":{"type":"Polygon","coordinates":[[[123.2995,7.5402],[123.3196,7.5456],[123.3227,7.5247],[123.3056,7.5195],[123.2990,7.5303],[123.2995,7.5402]]]},"type":"Feature","id":"d24b04dfb1","properties":{"flclr":"#000000","name":"Sumbato","level_id":"reg","layer_val":"0","parent_id":"0","gjsonid":"10"}},{"geometry":{"type":"Polygon","coordinates":[[[123.3065,7.5616],[123.3131,7.5542],[123.3206,7.5589],[123.3152,7.5431],[123.3023,7.5412],[123.3065,7.5616]]]},"type":"Feature","id":"bd764d21ea","properties":{"flclr":"#000000","name":"Upper Ludiong","level_id":"reg","layer_val":"0","parent_id":"0","gjsonid":"10"}},{"geometry":{"type":"Polygon","coordinates":[[[123.2944,7.5729],[123.3105,7.5735],[123.3052,7.5579],[123.2925,7.5649],[123.2944,7.5729]]]},"type":"Feature","id":"2f3c9928d3","properties":{"flclr":"#000000","name":"Mercedes","level_id":"reg","layer_val":"0","parent_id":"0","gjsonid":"10"}},{"geometry":{"type":"Polygon","coordinates":[[[123.2492,7.5770],[123.2565,7.5810],[123.2569,7.5884],[123.2690,7.5866],[123.2726,7.5717],[123.2673,7.5603],[123.2638,7.5643],[123.2585,7.5601],[123.2477,7.5687],[123.2492,7.5770]]]},"type":"Feature","id":"62a660eac3","properties":{"flclr":"#000000","name":"Binuay","level_id":"reg","layer_val":"0","parent_id":"0","gjsonid":"10"}},{"geometry":{"type":"Polygon","coordinates":[[[123.2572,7.5934],[123.2645,7.6034],[123.2774,7.5991],[123.2690,7.5866],[123.2578,7.5885],[123.2572,7.5934]]]},"type":"Feature","id":"70f0f757b1","properties":{"flclr":"#000000","name":"Magahis","level_id":"reg","layer_val":"0","parent_id":"0","gjsonid":"10"}},{"geometry":{"type":"Polygon","coordinates":[[[123.3206,7.5589],[123.3376,7.5552],[123.3382,7.5445],[123.3191,7.5423],[123.3161,7.5539],[123.3206,7.5589]]]},"type":"Feature","id":"1f5dfc184a","properties":{"flclr":"#000000","name":"Mahayag","level_id":"reg","layer_val":"0","parent_id":"0","gjsonid":"10"}},{"geometry":{"type":"Polygon","coordinates":[[[123.3191,7.5423],[123.3382,7.5445],[123.3389,7.5496],[123.3431,7.5464],[123.3463,7.5509],[123.3529,7.5443],[123.3433,7.5419],[123.3405,7.5261],[123.3344,7.5246],[123.3227,7.5247],[123.3191,7.5423]]]},"type":"Feature","id":"3638a65ecd","properties":{"flclr":"#000000","name":"Tiniguangan","level_id":"reg","layer_val":"0","parent_id":"0","gjsonid":"10"}},{"geometry":{"type":"Polygon","coordinates":[[[123.3386,7.4851],[123.3230,7.4971],[123.3368,7.5040],[123.3392,7.5159],[123.3535,7.5140],[123.3625,7.5228],[123.3672,7.5211],[123.3650,7.5014],[123.3501,7.4977],[123.3386,7.4851]]]},"type":"Feature","id":"cf810e880c","properties":{"flclr":"#000000","name":"Kagawasan","level_id":"reg","layer_val":"0","parent_id":"0","gjsonid":"10"}},{"geometry":{"type":"Polygon","coordinates":[[[123.3157,7.5205],[123.3344,7.5246],[123.3392,7.5159],[123.3368,7.5040],[123.3230,7.4971],[123.3153,7.5040],[123.3157,7.5205]]]},"type":"Feature","id":"e2b77a76ff","properties":{"flclr":"#000000","name":"Sugbay Uno","level_id":"reg","layer_val":"0","parent_id":"0","gjsonid":"10"}},{"geometry":{"type":"Polygon","coordinates":[[[123.3525,7.5429],[123.3700,7.5391],[123.3759,7.5314],[123.3685,7.5277],[123.3672,7.5211],[123.3625,7.5228],[123.3535,7.5140],[123.3392,7.5159],[123.3344,7.5246],[123.3405,7.5261],[123.3391,7.5319],[123.3433,7.5354],[123.3405,7.5379],[123.3437,7.5423],[123.3525,7.5429]]]},"type":"Feature","id":"6e2bd350e0","properties":{"flclr":"#000000","name":"Poblacion","level_id":"reg","layer_val":"0","parent_id":"0","gjsonid":"10"}},{"geometry":{"type":"Polygon","coordinates":[[[123.3507,7.4696],[123.3520,7.4806],[123.3448,7.4799],[123.3386,7.4851],[123.3501,7.4977],[123.3631,7.4896],[123.3658,7.4783],[123.3507,7.4696]]]},"type":"Feature","id":"f00330279d","properties":{"flclr":"#000000","name":"Balanagan","level_id":"reg","layer_val":"0","parent_id":"0","gjsonid":"10"}},{"geometry":{"type":"Polygon","coordinates":[[[123.3507,7.4696],[123.3658,7.4783],[123.3747,7.4593],[123.3580,7.4494],[123.3507,7.4696]]]},"type":"Feature","id":"f5caeb0954","properties":{"flclr":"#000000","name":"Tinggabulong","level_id":"reg","layer_val":"0","parent_id":"0","gjsonid":"10"}},{"geometry":{"type":"Polygon","coordinates":[[[123.3822,7.5109],[123.3792,7.4868],[123.3650,7.4799],[123.3631,7.4896],[123.3501,7.4977],[123.3650,7.5014],[123.3767,7.5123],[123.3822,7.5109]]]},"type":"Feature","id":"0cae0eb78e","properties":{"flclr":"#000000","name":"Buburay","level_id":"reg","layer_val":"0","parent_id":"0","gjsonid":"10"}},{"geometry":{"type":"Polygon","coordinates":[[[123.3813,7.4916],[123.3963,7.4694],[123.3747,7.4593],[123.3650,7.4799],[123.3813,7.4916]]]},"type":"Feature","id":"3c38b97c92","properties":{"flclr":"#000000","name":"Sumpot","level_id":"reg","layer_val":"0","parent_id":"0","gjsonid":"10"}},{"geometry":{"type":"Polygon","coordinates":[[[123.3767,7.5343],[123.3824,7.5338],[123.3840,7.5121],[123.3661,7.5055],[123.3673,7.5256],[123.3767,7.5343]]]},"type":"Feature","id":"6225295a88","properties":{"flclr":"#000000","name":"Bacayawan","level_id":"reg","layer_val":"0","parent_id":"0","gjsonid":"10"}},{"geometry":{"type":"Polygon","coordinates":[[[123.0354,7.6320],[123.0235,7.6328],[123.0163,7.6424],[123.0178,7.6467],[123.0327,7.6490],[123.0320,7.6568],[123.0418,7.6537],[123.0355,7.6494],[123.0402,7.6469],[123.0483,7.6543],[123.0531,7.6537],[123.0489,7.6398],[123.0401,7.6386],[123.0354,7.6320]]]},"type":"Feature","id":"b7234d046d","properties":{"flclr":"#000000","name":"Dansulao","level_id":"reg","layer_val":"0","parent_id":"0","gjsonid":"10"}},{"geometry":{"type":"Polygon","coordinates":[[[123.0618,7.6703],[123.0616,7.6655],[123.0325,7.6772],[123.0080,7.6666],[123.0090,7.7004],[123.0269,7.6899],[123.0390,7.6881],[123.0618,7.6703]]]},"type":"Feature","id":"c7b37d4fb7","properties":{"flclr":"#000000","name":"Del Pilar","level_id":"reg","layer_val":"0","parent_id":"0","gjsonid":"10"}},{"geometry":{"type":"Polygon","coordinates":[[[123.0489,7.6398],[123.0550,7.6381],[123.0587,7.6274],[123.0508,7.6206],[123.0388,7.6243],[123.0354,7.6320],[123.0401,7.6386],[123.0489,7.6398]]]},"type":"Feature","id":"ebc7dc3063","properties":{"flclr":"#000000","name":"Kigay","level_id":"reg","layer_val":"0","parent_id":"0","gjsonid":"10"}},{"geometry":{"type":"Polygon","coordinates":[[[123.0325,7.6772],[123.0616,7.6655],[123.0608,7.6608],[123.0564,7.6581],[123.0484,7.6639],[123.0394,7.6555],[123.0322,7.6572],[123.0268,7.6646],[123.0325,7.6772]]]},"type":"Feature","id":"8d5e91884e","properties":{"flclr":"#000000","name":"Palalian","level_id":"reg","layer_val":"0","parent_id":"0","gjsonid":"10"}},{"geometry":{"type":"Polygon","coordinates":[[[123.0665,7.6911],[123.0705,7.6950],[123.0827,7.6885],[123.0843,7.6773],[123.0803,7.6762],[123.0713,7.6838],[123.0660,7.6799],[123.0665,7.6911]]]},"type":"Feature","id":"9f54e612da","properties":{"flclr":"#000000","name":"Pamintayan","level_id":"reg","layer_val":"0","parent_id":"0","gjsonid":"10"}},{"geometry":{"type":"Polygon","coordinates":[[[123.0627,7.7114],[123.0597,7.7015],[123.0501,7.7037],[123.0425,7.6978],[123.0410,7.7181],[123.0543,7.7233],[123.0559,7.7161],[123.0627,7.7114]]]},"type":"Feature","id":"36269f7dc0","properties":{"flclr":"#000000","name":"Compostela","level_id":"reg","layer_val":"0","parent_id":"0","gjsonid":"10"}},{"geometry":{"type":"Polygon","coordinates":[[[123.0827,7.6885],[123.0705,7.6950],[123.0749,7.7068],[123.0851,7.7055],[123.0874,7.6925],[123.0827,7.6885]]]},"type":"Feature","id":"b3ff05033f","properties":{"flclr":"#000000","name":"Pulog","level_id":"reg","layer_val":"0","parent_id":"0","gjsonid":"10"}},{"geometry":{"type":"Polygon","coordinates":[[[123.0706,7.7327],[123.0892,7.7257],[123.0851,7.7055],[123.0644,7.7098],[123.0706,7.7327]]]},"type":"Feature","id":"175bf9dc75","properties":{"flclr":"#000000","name":"Manlin","level_id":"reg","layer_val":"0","parent_id":"0","gjsonid":"10"}},{"geometry":{"type":"Polygon","coordinates":[[[123.0644,7.7098],[123.0559,7.7161],[123.0555,7.7254],[123.0650,7.7252],[123.0689,7.7211],[123.0644,7.7098]]]},"type":"Feature","id":"49f81af5f5","properties":{"flclr":"#000000","name":"Datu Panas","level_id":"reg","layer_val":"0","parent_id":"0","gjsonid":"10"}},{"geometry":{"type":"Polygon","coordinates":[[[123.0404,7.6919],[123.0501,7.7037],[123.0597,7.7015],[123.0464,7.6824],[123.0390,7.6881],[123.0404,7.6919]]]},"type":"Feature","id":"ade5c65c2e","properties":{"flclr":"#000000","name":"San Jose","level_id":"reg","layer_val":"0","parent_id":"0","gjsonid":"10"}},{"geometry":{"type":"Polygon","coordinates":[[[123.0654,7.6814],[123.0601,7.6778],[123.0618,7.6703],[123.0464,7.6824],[123.0547,7.6952],[123.0665,7.6911],[123.0654,7.6814]]]},"type":"Feature","id":"dd1a1c1268","properties":{"flclr":"#000000","name":"Bawang","level_id":"reg","layer_val":"0","parent_id":"0","gjsonid":"10"}},{"geometry":{"type":"Polygon","coordinates":[[[123.0665,7.6911],[123.0547,7.6952],[123.0627,7.7114],[123.0749,7.7068],[123.0665,7.6911]]]},"type":"Feature","id":"c148404450","properties":{"flclr":"#000000","name":"Lantawan","level_id":"reg","layer_val":"0","parent_id":"0","gjsonid":"10"}}]}