{"type":"FeatureCollection","features":[{"geometry":{"type":"Polygon","coordinates":[[[122.4238,17.0812],[122.4257,17.0701],[122.4095,17.0717],[122.4074,17.0983],[122.4246,17.1010],[122.4238,17.0812]]]},"type":"Feature","id":"056bc5719b","properties":{"flclr":"#000000","name":"Dimasari","level_id":"reg","layer_val":"0","parent_id":"0","gjsonid":"2"}},{"geometry":{"type":"Polygon","coordinates":[[[122.0896,17.0164],[122.0333,16.9754],[122.0113,16.9916],[122.0368,17.0413],[122.3187,17.1281],[122.3810,17.0997],[122.3863,17.0755],[122.1384,17.0405],[122.0896,17.0164]]]},"type":"Feature","id":"626403b564","properties":{"flclr":"#000000","name":"Minanga","level_id":"reg","layer_val":"0","parent_id":"0","gjsonid":"2"}},{"geometry":{"type":"Polygon","coordinates":[[[122.4257,17.0701],[122.4238,17.0812],[122.4481,17.0725],[122.4461,17.0675],[122.4257,17.0701]]]},"type":"Feature","id":"7f1d7d3a13","properties":{"flclr":"#000000","name":"Dimalicu-licu","level_id":"reg","layer_val":"0","parent_id":"0","gjsonid":"2"}},{"geometry":{"type":"Polygon","coordinates":[[[122.3153,16.9603],[122.3026,16.9905],[122.3472,16.9990],[122.3673,17.0277],[122.3979,17.0124],[122.3955,16.9802],[122.3527,16.9636],[122.3153,16.9603]]]},"type":"Feature","id":"80dab36465","properties":{"flclr":"#000000","name":"Bisag","level_id":"reg","layer_val":"0","parent_id":"0","gjsonid":"2"}},{"geometry":{"type":"Polygon","coordinates":[[[122.3200,16.9540],[122.3153,16.9603],[122.4181,16.9801],[122.4343,16.9592],[122.4520,16.8930],[122.3345,16.8982],[122.3108,16.9098],[122.3344,16.9432],[122.3332,16.9525],[122.3200,16.9540]]]},"type":"Feature","id":"ce8c5265bc","properties":{"flclr":"#000000","name":"Didiyan","level_id":"reg","layer_val":"0","parent_id":"0","gjsonid":"2"}},{"geometry":{"type":"Polygon","coordinates":[[[122.4181,16.9801],[122.4127,17.0144],[122.4644,17.0283],[122.4771,17.0463],[122.5105,17.0388],[122.5088,17.0314],[122.4987,17.0339],[122.5012,17.0196],[122.4882,17.0206],[122.4693,16.9988],[122.4350,16.9799],[122.4181,16.9801]]]},"type":"Feature","id":"b8b2c3cfec","properties":{"flclr":"#000000","name":"Dicadyuan","level_id":"reg","layer_val":"0","parent_id":"0","gjsonid":"2"}},{"geometry":{"type":"Polygon","coordinates":[[[122.5105,17.0388],[122.4771,17.0463],[122.4432,17.0761],[122.4415,17.1109],[122.4533,17.1247],[122.4651,17.1258],[122.4849,17.1109],[122.5222,17.1120],[122.5287,17.0978],[122.5071,17.0535],[122.5105,17.0388]]]},"type":"Feature","id":"85d6ecbc3e","properties":{"flclr":"#000000","name":"Maligaya","level_id":"reg","layer_val":"0","parent_id":"0","gjsonid":"2"}},{"geometry":{"type":"Polygon","coordinates":[[[122.4461,17.0675],[122.4481,17.0725],[122.4771,17.0463],[122.4644,17.0283],[122.4355,17.0161],[122.4237,17.0475],[122.4268,17.0579],[122.4413,17.0585],[122.4461,17.0675]]]},"type":"Feature","id":"f59e2fe434","properties":{"flclr":"#000000","name":"Marikit","level_id":"reg","layer_val":"0","parent_id":"0","gjsonid":"2"}},{"geometry":{"type":"Polygon","coordinates":[[[122.4295,17.0687],[122.4314,17.0718],[122.4461,17.0675],[122.4334,17.0572],[122.4295,17.0687]]]},"type":"Feature","id":"b414b1e51e","properties":{"flclr":"#000000","name":"Dicabisagan East (Pob.)","level_id":"reg","layer_val":"0","parent_id":"0","gjsonid":"2"}},{"geometry":{"type":"Polygon","coordinates":[[[122.4095,17.0717],[122.4295,17.0687],[122.4260,17.0489],[122.4162,17.0426],[122.4035,17.0434],[122.3897,17.0621],[122.4095,17.0717]]]},"type":"Feature","id":"6917e7fbd6","properties":{"flclr":"#000000","name":"Dicabisagan West (Pob.)","level_id":"reg","layer_val":"0","parent_id":"0","gjsonid":"2"}},{"geometry":{"type":"Polygon","coordinates":[[[122.4174,17.0432],[122.4237,17.0475],[122.4355,17.0161],[122.4127,17.0144],[122.4174,17.0432]]]},"type":"Feature","id":"f51f8bdac6","properties":{"flclr":"#000000","name":"Dimatican","level_id":"reg","layer_val":"0","parent_id":"0","gjsonid":"2"}},{"geometry":{"type":"Polygon","coordinates":[[[122.4130,17.0199],[122.4158,17.0013],[122.4070,16.9758],[122.3955,16.9802],[122.3939,17.0003],[122.3959,17.0103],[122.4130,17.0199]]]},"type":"Feature","id":"a1570f7f68","properties":{"flclr":"#000000","name":"Santa Jacinta","level_id":"reg","layer_val":"0","parent_id":"0","gjsonid":"2"}},{"geometry":{"type":"Polygon","coordinates":[[[122.4130,17.0199],[122.4007,17.0110],[122.3673,17.0277],[122.3897,17.0621],[122.4035,17.0434],[122.4174,17.0432],[122.4130,17.0199]]]},"type":"Feature","id":"961aae6c9d","properties":{"flclr":"#000000","name":"Villa Robles","level_id":"reg","layer_val":"0","parent_id":"0","gjsonid":"2"}},{"geometry":{"type":"Polygon","coordinates":[[[122.4586,17.1265],[122.4429,17.1142],[122.4435,17.1019],[122.3758,17.1029],[122.3931,17.1257],[122.4069,17.1239],[122.4173,17.1379],[122.4586,17.1265]]]},"type":"Feature","id":"38d1c29558","properties":{"flclr":"#000000","name":"Culasi","level_id":"reg","layer_val":"0","parent_id":"0","gjsonid":"2"}},{"geometry":{"type":"Polygon","coordinates":[[[122.4246,17.1010],[122.4435,17.1019],[122.4432,17.0761],[122.4254,17.0786],[122.4246,17.1010]]]},"type":"Feature","id":"575aae9a0f","properties":{"flclr":"#000000","name":"Dialaoyao","level_id":"reg","layer_val":"0","parent_id":"0","gjsonid":"2"}},{"geometry":{"type":"Polygon","coordinates":[[[122.3810,17.0997],[122.4074,17.0983],[122.4097,17.0894],[122.4095,17.0717],[122.3877,17.0597],[122.3810,17.0997]]]},"type":"Feature","id":"c29062d8d9","properties":{"flclr":"#000000","name":"Alomanay","level_id":"reg","layer_val":"0","parent_id":"0","gjsonid":"2"}},{"geometry":{"type":"Polygon","coordinates":[[[122.3025,17.3448],[122.3034,17.3647],[122.3295,17.3574],[122.3399,17.3735],[122.3657,17.3686],[122.3524,17.3497],[122.3542,17.3339],[122.3652,17.3244],[122.3551,17.3162],[122.3097,17.3112],[122.3025,17.3448]]]},"type":"Feature","id":"5dc71ecd02","properties":{"flclr":"#000000","name":"Dilakit","level_id":"reg","layer_val":"0","parent_id":"0","gjsonid":"2"}},{"geometry":{"type":"Polygon","coordinates":[[[122.4586,17.1265],[122.4921,17.1420],[122.4967,17.1530],[122.5165,17.1492],[122.5213,17.1291],[122.5180,17.1136],[122.5063,17.1115],[122.4849,17.1109],[122.4586,17.1265]]]},"type":"Feature","id":"73bfffc975","properties":{"flclr":"#000000","name":"San Isidro","level_id":"reg","layer_val":"0","parent_id":"0","gjsonid":"2"}},{"geometry":{"type":"Polygon","coordinates":[[[122.3657,17.3686],[122.3954,17.3644],[122.4017,17.3550],[122.3649,17.3198],[122.3524,17.3497],[122.3657,17.3686]]]},"type":"Feature","id":"9f2cae94b2","properties":{"flclr":"#000000","name":"Dipudo","level_id":"reg","layer_val":"0","parent_id":"0","gjsonid":"2"}},{"geometry":{"type":"Polygon","coordinates":[[[122.3639,17.3205],[122.3817,17.3174],[122.3891,17.2962],[122.4018,17.2968],[122.4004,17.2839],[122.3129,17.2643],[122.3097,17.3112],[122.3639,17.3205]]]},"type":"Feature","id":"91b267b2f6","properties":{"flclr":"#000000","name":"Dibulos","level_id":"reg","layer_val":"0","parent_id":"0","gjsonid":"2"}},{"geometry":{"type":"Polygon","coordinates":[[[122.1368,16.6403],[122.1776,16.6727],[122.2079,16.7422],[122.2263,16.7491],[122.2653,16.8470],[122.2752,16.9163],[122.3345,16.8982],[122.4727,16.8967],[122.3877,16.7497],[122.3752,16.7106],[122.3279,16.6456],[122.3035,16.5746],[122.2725,16.5747],[122.2675,16.5586],[122.2479,16.5650],[122.2095,16.5578],[122.1833,16.5752],[122.1699,16.5716],[122.1545,16.6103],[122.1325,16.6297],[122.1368,16.6403]]]},"type":"Feature","id":"919db30288","properties":{"flclr":"#000000","name":"Ayod","level_id":"reg","layer_val":"0","parent_id":"0","gjsonid":"2"}},{"geometry":{"type":"Polygon","coordinates":[[[122.4603,16.8949],[122.4520,16.8930],[122.4343,16.9592],[122.4181,16.9801],[122.4350,16.9799],[122.4831,17.0082],[122.4664,16.9658],[122.4774,16.9575],[122.4767,16.9377],[122.4603,16.8949]]]},"type":"Feature","id":"970e0e6ffe","properties":{"flclr":"#000000","name":"Diddadungan","level_id":"reg","layer_val":"0","parent_id":"0","gjsonid":"2"}},{"geometry":{"type":"Polygon","coordinates":[[[122.3026,16.9905],[122.1498,16.9822],[122.0790,16.9904],[122.0896,17.0164],[122.1384,17.0405],[122.3863,17.0755],[122.3877,17.0597],[122.3578,17.0062],[122.3368,16.9931],[122.3026,16.9905]]]},"type":"Feature","id":"06f8b54696","properties":{"flclr":"#000000","name":"Dibuluan","level_id":"reg","layer_val":"0","parent_id":"0","gjsonid":"2"}},{"geometry":{"type":"Polygon","coordinates":[[[122.4350,17.3138],[122.4639,17.3070],[122.4670,17.2719],[122.4558,17.2073],[122.4106,17.2125],[122.3843,17.2345],[122.3843,17.2505],[122.3763,17.2553],[122.3746,17.2795],[122.3936,17.2795],[122.4018,17.2968],[122.4204,17.2963],[122.4350,17.3138]]]},"type":"Feature","id":"b6ab1608c7","properties":{"flclr":"#000000","name":"Bicobian","level_id":"reg","layer_val":"0","parent_id":"0","gjsonid":"2"}},{"geometry":{"type":"Polygon","coordinates":[[[122.3990,17.3533],[122.4167,17.3417],[122.3989,17.3609],[122.4063,17.3651],[122.4354,17.3379],[122.4366,17.3170],[122.4281,17.3339],[122.4209,17.3310],[122.4350,17.3138],[122.4204,17.2963],[122.3891,17.2962],[122.3734,17.3217],[122.3990,17.3533]]]},"type":"Feature","id":"f584e271ce","properties":{"flclr":"#000000","name":"Dimasalansan","level_id":"reg","layer_val":"0","parent_id":"0","gjsonid":"2"}},{"geometry":{"type":"Polygon","coordinates":[[[122.4558,17.2073],[122.4560,17.1372],[122.4659,17.1343],[122.4586,17.1265],[122.4173,17.1379],[122.4069,17.1239],[122.3931,17.1257],[122.3758,17.1029],[122.3021,17.1411],[122.2619,17.1473],[122.2529,17.1716],[122.2687,17.1842],[122.3129,17.2643],[122.3746,17.2795],[122.3843,17.2345],[122.3981,17.2201],[122.4558,17.2073]]]},"type":"Feature","id":"eef0437ba0","properties":{"flclr":"#000000","name":"Dimapnat","level_id":"reg","layer_val":"0","parent_id":"0","gjsonid":"2"}}]}