{"type":"FeatureCollection","features":[{"geometry":{"type":"Polygon","coordinates":[[[122.3464,6.9823],[122.3554,6.9888],[122.3589,6.9843],[122.3537,6.9766],[122.3464,6.9823]]]},"type":"Feature","id":"df1d99f4d5","properties":{"flclr":"#000000","name":"Tumalutab","level_id":"reg","layer_val":"0","parent_id":"0","gjsonid":"10"}},{"geometry":{"type":"Polygon","coordinates":[[[122.3610,6.7679],[122.3773,6.7756],[122.3820,6.7720],[122.3670,6.7600],[122.3610,6.7679]]]},"type":"Feature","id":"708d9c26aa","properties":{"flclr":"#000000","name":"Langil","level_id":"reg","layer_val":"0","parent_id":"0","gjsonid":"17"}},{"geometry":{"type":"Polygon","coordinates":[[[122.3907,6.7433],[122.3969,6.7501],[122.4071,6.7358],[122.3955,6.7361],[122.3907,6.7433]]]},"type":"Feature","id":"898514f9aa","properties":{"flclr":"#000000","name":"Sibago","level_id":"reg","layer_val":"0","parent_id":"0","gjsonid":"17"}}]}