{"type":"FeatureCollection","features":[{"geometry":{"type":"Polygon","coordinates":[[[120.5922,13.2249],[120.5933,13.2261],[120.5913,13.2219],[120.5914,13.2222],[120.5922,13.2249]]]},"type":"Feature","id":"00cacdc160","properties":{"flclr":"#000000","name":"Poblacion 5 (Barangay 5)","level_id":"reg","layer_val":"0","parent_id":"0","gjsonid":"5"}},{"geometry":{"type":"Polygon","coordinates":[[[120.5892,13.2257],[120.5922,13.2249],[120.5913,13.2219],[120.5876,13.2225],[120.5892,13.2257]]]},"type":"Feature","id":"3c8dc4ebb7","properties":{"flclr":"#000000","name":"Poblacion 7 (Barangay 7)","level_id":"reg","layer_val":"0","parent_id":"0","gjsonid":"5"}},{"geometry":{"type":"Polygon","coordinates":[[[120.5928,13.2214],[120.5918,13.2218],[120.5933,13.2261],[120.5955,13.2235],[120.5928,13.2214]]]},"type":"Feature","id":"349e607b35","properties":{"flclr":"#000000","name":"Poblacion 4 (Barangay 4)","level_id":"reg","layer_val":"0","parent_id":"0","gjsonid":"5"}},{"geometry":{"type":"Polygon","coordinates":[[[120.5974,13.2227],[120.5955,13.2235],[120.5960,13.2246],[120.5981,13.2241],[120.5974,13.2227]]]},"type":"Feature","id":"9ef437ab21","properties":{"flclr":"#000000","name":"Poblacion 1 (Barangay 1)","level_id":"reg","layer_val":"0","parent_id":"0","gjsonid":"5"}},{"geometry":{"type":"Polygon","coordinates":[[[120.8160,12.9012],[120.7982,12.8999],[120.7986,12.9250],[120.8022,12.9289],[120.8079,12.9245],[120.8281,12.9258],[120.8160,12.9012]]]},"type":"Feature","id":"70c7804959","properties":{"flclr":"#000000","name":"Tagumpay","level_id":"reg","layer_val":"0","parent_id":"0","gjsonid":"5"}},{"geometry":{"type":"Polygon","coordinates":[[[120.8990,12.9091],[120.8860,12.9240],[120.8856,12.9312],[120.9432,12.9318],[120.9849,12.9376],[121.1984,13.0784],[121.2409,13.0651],[121.2435,12.8995],[120.9536,12.8900],[120.9450,12.8886],[120.9426,12.8826],[120.9378,12.8841],[120.9262,12.8743],[120.9140,12.8788],[120.9089,12.8961],[120.9005,12.8986],[120.8990,12.9091]],[[120.9055,12.9110],[120.9061,12.9105],[120.9070,12.9109],[120.9055,12.9112],[120.9055,12.9110]]]},"type":"Feature","id":"c889995286","properties":{"flclr":"#000000","name":"San Agustin","level_id":"reg","layer_val":"0","parent_id":"0","gjsonid":"5"}},{"geometry":{"type":"Polygon","coordinates":[[[120.7235,13.0747],[120.7266,13.0666],[120.7334,13.0637],[120.7237,13.0665],[120.7204,13.0734],[120.7235,13.0747]]]},"type":"Feature","id":"2d2c646be5","properties":{"flclr":"#000000","name":"Poblacion I (Barangay 1)","level_id":"reg","layer_val":"0","parent_id":"0","gjsonid":"5"}},{"geometry":{"type":"Polygon","coordinates":[[[120.7200,13.0845],[120.7235,13.0747],[120.7204,13.0734],[120.7154,13.0828],[120.7200,13.0845]]]},"type":"Feature","id":"cdf9b05a5d","properties":{"flclr":"#000000","name":"Poblacion II (Barangay 2)","level_id":"reg","layer_val":"0","parent_id":"0","gjsonid":"5"}},{"geometry":{"type":"Polygon","coordinates":[[[120.6952,13.1366],[120.7009,13.1290],[120.7063,13.1314],[120.7295,13.1220],[120.7068,13.1006],[120.6839,13.1341],[120.6907,13.1395],[120.6952,13.1366]]]},"type":"Feature","id":"dae6398ca6","properties":{"flclr":"#000000","name":"San Vicente","level_id":"reg","layer_val":"0","parent_id":"0","gjsonid":"5"}},{"geometry":{"type":"Polygon","coordinates":[[[120.8912,12.9528],[120.8754,12.9357],[120.8411,12.9541],[120.8272,12.9471],[120.8166,12.9498],[120.8097,12.9613],[120.8259,12.9667],[120.8261,12.9803],[120.8385,12.9834],[120.8461,12.9740],[120.8695,12.9708],[120.8828,12.9526],[120.8912,12.9528]]]},"type":"Feature","id":"772bb738a4","properties":{"flclr":"#000000","name":"Ilvita","level_id":"reg","layer_val":"0","parent_id":"0","gjsonid":"5"}},{"geometry":{"type":"Polygon","coordinates":[[[120.8789,12.9250],[120.8860,12.9240],[120.8990,12.9091],[120.8555,12.9098],[120.8489,12.9050],[120.8159,12.8993],[120.8281,12.9258],[120.8374,12.9226],[120.8656,12.9273],[120.8789,12.9250]]]},"type":"Feature","id":"d23049cbe1","properties":{"flclr":"#000000","name":"Paetan","level_id":"reg","layer_val":"0","parent_id":"0","gjsonid":"5"}},{"geometry":{"type":"Polygon","coordinates":[[[120.9133,12.8825],[120.8685,12.8602],[120.8489,12.9050],[120.8555,12.9098],[120.8990,12.9091],[120.9005,12.8986],[120.9089,12.8961],[120.9133,12.8825]]]},"type":"Feature","id":"c362524353","properties":{"flclr":"#000000","name":"San Francisco","level_id":"reg","layer_val":"0","parent_id":"0","gjsonid":"5"}},{"geometry":{"type":"Polygon","coordinates":[[[120.8685,12.8602],[120.8303,12.8532],[120.8154,12.8781],[120.8159,12.8993],[120.8489,12.9050],[120.8685,12.8602]]]},"type":"Feature","id":"373ffc0d58","properties":{"flclr":"#000000","name":"San Vicente","level_id":"reg","layer_val":"0","parent_id":"0","gjsonid":"5"}},{"geometry":{"type":"Polygon","coordinates":[[[120.5955,13.2235],[120.5974,13.2227],[120.5958,13.2188],[120.5928,13.2214],[120.5955,13.2235]]]},"type":"Feature","id":"62ad390c4d","properties":{"flclr":"#000000","name":"Poblacion 2 (Barangay 2)","level_id":"reg","layer_val":"0","parent_id":"0","gjsonid":"5"}},{"geometry":{"type":"Polygon","coordinates":[[[120.7759,12.8509],[120.7895,12.8483],[120.7902,12.8448],[120.7819,12.8399],[120.7660,12.8396],[120.7759,12.8509]]]},"type":"Feature","id":"b54051b64d","properties":{"flclr":"#000000","name":"Buenavista","level_id":"reg","layer_val":"0","parent_id":"0","gjsonid":"5"}},{"geometry":{"type":"Polygon","coordinates":[[[120.7903,12.8451],[120.7895,12.8483],[120.7759,12.8509],[120.7831,12.8748],[120.8024,12.8789],[120.8075,12.8741],[120.8154,12.8781],[120.8214,12.8622],[120.8047,12.8347],[120.7976,12.8444],[120.7903,12.8451]]]},"type":"Feature","id":"16c76e1384","properties":{"flclr":"#000000","name":"Santo Ni\u00f1o","level_id":"reg","layer_val":"0","parent_id":"0","gjsonid":"5"}},{"geometry":{"type":"Polygon","coordinates":[[[120.8023,12.8990],[120.8160,12.9012],[120.8154,12.8781],[120.8075,12.8741],[120.8024,12.8789],[120.7831,12.8748],[120.7850,12.8960],[120.8023,12.8990]]]},"type":"Feature","id":"61079a3a08","properties":{"flclr":"#000000","name":"Ibud","level_id":"reg","layer_val":"0","parent_id":"0","gjsonid":"5"}},{"geometry":{"type":"Polygon","coordinates":[[[120.8552,12.9250],[120.8063,12.9247],[120.8022,12.9289],[120.8065,12.9323],[120.8025,12.9350],[120.8077,12.9369],[120.8061,12.9407],[120.8115,12.9419],[120.8143,12.9496],[120.8272,12.9471],[120.8411,12.9541],[120.8483,12.9494],[120.8552,12.9250]]]},"type":"Feature","id":"a137ee242b","properties":{"flclr":"#000000","name":"Victoria","level_id":"reg","layer_val":"0","parent_id":"0","gjsonid":"5"}},{"geometry":{"type":"Polygon","coordinates":[[[120.8789,12.9250],[120.8552,12.9250],[120.8483,12.9494],[120.8540,12.9496],[120.8721,12.9365],[120.8808,12.9378],[120.8789,12.9250]]]},"type":"Feature","id":"014d16a97e","properties":{"flclr":"#000000","name":"Lagnas","level_id":"reg","layer_val":"0","parent_id":"0","gjsonid":"5"}},{"geometry":{"type":"Polygon","coordinates":[[[120.8212,12.8639],[120.8453,12.8328],[120.8484,12.8033],[120.8573,12.7990],[120.8399,12.7918],[120.8371,12.7824],[120.8283,12.7744],[120.8047,12.8347],[120.8212,12.8639]]]},"type":"Feature","id":"9faee85b1f","properties":{"flclr":"#000000","name":"Tuban","level_id":"reg","layer_val":"0","parent_id":"0","gjsonid":"5"}},{"geometry":{"type":"Polygon","coordinates":[[[120.7660,12.8396],[120.7976,12.8444],[120.8047,12.8347],[120.8080,12.8196],[120.7858,12.8114],[120.7841,12.8231],[120.7765,12.8346],[120.7715,12.8361],[120.7650,12.8292],[120.7609,12.8392],[120.7660,12.8396]]]},"type":"Feature","id":"df6903e569","properties":{"flclr":"#000000","name":"Poblacion (Lumangbayan)","level_id":"reg","layer_val":"0","parent_id":"0","gjsonid":"5"}},{"geometry":{"type":"Polygon","coordinates":[[[120.5926,13.2264],[120.5922,13.2249],[120.5892,13.2257],[120.5903,13.2278],[120.5926,13.2264]]]},"type":"Feature","id":"dc7303c830","properties":{"flclr":"#000000","name":"Poblacion 6 (Barangay 6)","level_id":"reg","layer_val":"0","parent_id":"0","gjsonid":"5"}},{"geometry":{"type":"Polygon","coordinates":[[[120.5974,13.2227],[120.5976,13.2311],[120.6054,13.2329],[120.6098,13.2451],[120.6166,13.2422],[120.6122,13.2356],[120.6170,13.2340],[120.6168,13.2387],[120.6300,13.2361],[120.6187,13.2195],[120.6223,13.2203],[120.6219,13.2145],[120.6386,13.2046],[120.6371,13.1985],[120.6284,13.1951],[120.6089,13.1991],[120.5958,13.2188],[120.5974,13.2227]]]},"type":"Feature","id":"837b82001c","properties":{"flclr":"#000000","name":"Payompon","level_id":"reg","layer_val":"0","parent_id":"0","gjsonid":"5"}},{"geometry":{"type":"Polygon","coordinates":[[[120.5990,13.2262],[120.5981,13.2241],[120.5903,13.2278],[120.5906,13.2324],[120.5990,13.2262]]]},"type":"Feature","id":"fb5c78a324","properties":{"flclr":"#000000","name":"Poblacion 8 (Barangay 8)","level_id":"reg","layer_val":"0","parent_id":"0","gjsonid":"5"}},{"geometry":{"type":"Polygon","coordinates":[[[120.5948,13.2256],[120.5960,13.2246],[120.5955,13.2235],[120.5943,13.2238],[120.5948,13.2256]]]},"type":"Feature","id":"ac1899d57f","properties":{"flclr":"#000000","name":"Poblacion 3 (Barangay 3)","level_id":"reg","layer_val":"0","parent_id":"0","gjsonid":"5"}},{"geometry":{"type":"Polygon","coordinates":[[[120.8007,13.2802],[120.8144,13.2693],[120.7989,13.2564],[120.7937,13.2462],[120.7808,13.2418],[120.7718,13.2452],[120.7693,13.2408],[120.7735,13.2215],[120.7555,13.2049],[120.7489,13.1878],[120.7411,13.1845],[120.7346,13.1645],[120.7248,13.1602],[120.7213,13.1507],[120.7114,13.1425],[120.6827,13.1349],[120.6720,13.1559],[120.7138,13.2250],[120.6981,13.2515],[120.7118,13.2990],[120.7120,13.3147],[120.7203,13.3155],[120.7214,13.3093],[120.7387,13.3161],[120.8007,13.2802]]]},"type":"Feature","id":"c6ae49175c","properties":{"flclr":"#000000","name":"Talabaan","level_id":"reg","layer_val":"0","parent_id":"0","gjsonid":"5"}},{"geometry":{"type":"Polygon","coordinates":[[[120.5740,13.2786],[120.5800,13.2823],[120.6192,13.2609],[120.6345,13.2578],[120.6345,13.2366],[120.6168,13.2387],[120.6170,13.2340],[120.6122,13.2356],[120.6166,13.2422],[120.6067,13.2523],[120.5686,13.2643],[120.5740,13.2786]]]},"type":"Feature","id":"f59c4ee181","properties":{"flclr":"#000000","name":"San Luis (Ligang)","level_id":"reg","layer_val":"0","parent_id":"0","gjsonid":"5"}},{"geometry":{"type":"Polygon","coordinates":[[[120.6263,13.2369],[120.6345,13.2366],[120.6345,13.2578],[120.6500,13.2601],[120.6480,13.2653],[120.6700,13.3195],[120.6764,13.3191],[120.6786,13.3265],[120.6882,13.3299],[120.7092,13.3185],[120.7118,13.2990],[120.6860,13.2046],[120.6720,13.2015],[120.6566,13.1891],[120.6570,13.1796],[120.6512,13.1905],[120.6345,13.1932],[120.6386,13.2046],[120.6219,13.2145],[120.6223,13.2203],[120.6191,13.2187],[120.6300,13.2355],[120.6263,13.2369]]]},"type":"Feature","id":"4cc8ba4e7b","properties":{"flclr":"#000000","name":"Balansay","level_id":"reg","layer_val":"0","parent_id":"0","gjsonid":"5"}},{"geometry":{"type":"Polygon","coordinates":[[[120.6112,13.2452],[120.6054,13.2329],[120.5976,13.2311],[120.5990,13.2262],[120.5912,13.2329],[120.5849,13.2217],[120.5720,13.2195],[120.5714,13.2288],[120.5601,13.2257],[120.5460,13.2307],[120.5228,13.2240],[120.5298,13.2509],[120.5371,13.2495],[120.5740,13.2786],[120.5686,13.2643],[120.6067,13.2523],[120.6112,13.2452]]]},"type":"Feature","id":"c82133b791","properties":{"flclr":"#000000","name":"Tayamaan","level_id":"reg","layer_val":"0","parent_id":"0","gjsonid":"5"}},{"geometry":{"type":"Polygon","coordinates":[[[120.9946,12.5236],[120.9491,12.5264],[120.9406,12.5349],[120.9194,12.5380],[120.9208,12.5446],[120.9348,12.5596],[120.9582,12.5547],[120.9789,12.5555],[120.9901,12.5424],[120.9946,12.5236]]]},"type":"Feature","id":"26a7f20667","properties":{"flclr":"#000000","name":"New Dagupan","level_id":"reg","layer_val":"0","parent_id":"0","gjsonid":"5"}},{"geometry":{"type":"Polygon","coordinates":[[[120.9724,12.6039],[120.9793,12.5927],[120.9851,12.5517],[120.9789,12.5555],[120.9374,12.5572],[120.9369,12.5859],[120.9421,12.5789],[120.9446,12.5854],[120.9525,12.5846],[120.9593,12.5892],[120.9614,12.5954],[120.9676,12.5915],[120.9724,12.6039]]]},"type":"Feature","id":"82d65c5668","properties":{"flclr":"#000000","name":"Poblacion","level_id":"reg","layer_val":"0","parent_id":"0","gjsonid":"5"}},{"geometry":{"type":"Polygon","coordinates":[[[120.9342,12.6464],[120.9524,12.6386],[120.9414,12.6316],[120.9553,12.6298],[120.9724,12.6039],[120.9676,12.5915],[120.9614,12.5954],[120.9593,12.5892],[120.9525,12.5846],[120.9446,12.5854],[120.9421,12.5789],[120.9342,12.5905],[120.9272,12.6165],[120.9177,12.6218],[120.9342,12.6464]]]},"type":"Feature","id":"68c92e4365","properties":{"flclr":"#000000","name":"Iriron","level_id":"reg","layer_val":"0","parent_id":"0","gjsonid":"5"}},{"geometry":{"type":"Polygon","coordinates":[[[120.8286,12.7560],[120.8485,12.7599],[120.8579,12.7490],[120.8553,12.7380],[120.8443,12.7347],[120.8414,12.7248],[120.8288,12.7267],[120.8258,12.7335],[120.8231,12.7488],[120.8286,12.7560]]]},"type":"Feature","id":"a81d9284ea","properties":{"flclr":"#000000","name":"General Emilio Aguinaldo","level_id":"reg","layer_val":"0","parent_id":"0","gjsonid":"5"}},{"geometry":{"type":"Polygon","coordinates":[[[120.8231,12.7488],[120.8296,12.7263],[120.8232,12.7227],[120.8035,12.7204],[120.7888,12.7349],[120.8231,12.7488]]]},"type":"Feature","id":"2852563fbc","properties":{"flclr":"#000000","name":"San Nicolas","level_id":"reg","layer_val":"0","parent_id":"0","gjsonid":"5"}},{"geometry":{"type":"Polygon","coordinates":[[[120.8261,12.9803],[120.8166,12.9805],[120.8159,12.9853],[120.8078,12.9879],[120.8060,12.9984],[120.7951,12.9992],[120.7941,13.0045],[120.7949,13.0172],[120.8045,13.0318],[120.8232,13.0806],[120.9405,13.0779],[120.9270,13.0341],[120.9207,13.0341],[120.9218,13.0286],[120.9161,13.0267],[120.9171,12.9970],[120.9095,12.9865],[120.9175,12.9762],[120.8996,12.9650],[120.8949,12.9557],[120.8828,12.9526],[120.8695,12.9708],[120.8461,12.9740],[120.8385,12.9834],[120.8261,12.9803]]]},"type":"Feature","id":"3d84bb2cd2","properties":{"flclr":"#000000","name":"Pinagturilan (San Pedro)","level_id":"reg","layer_val":"0","parent_id":"0","gjsonid":"5"}},{"geometry":{"type":"Polygon","coordinates":[[[120.7154,13.0828],[120.7068,13.1006],[120.7295,13.1220],[120.7243,13.0917],[120.7292,13.0829],[120.7154,13.0828]]]},"type":"Feature","id":"7878c1aab6","properties":{"flclr":"#000000","name":"Mulawin","level_id":"reg","layer_val":"0","parent_id":"0","gjsonid":"5"}},{"geometry":{"type":"Polygon","coordinates":[[[120.7295,13.1122],[120.7295,13.1220],[120.7355,13.1247],[120.7349,13.1295],[120.7534,13.1339],[120.7885,13.1746],[120.8243,13.1863],[120.8677,13.2470],[120.9517,13.2068],[120.8839,13.1674],[120.8042,13.1500],[120.7520,13.1183],[120.7295,13.1122]]]},"type":"Feature","id":"1c4f4bdaf2","properties":{"flclr":"#000000","name":"Kurtinganan","level_id":"reg","layer_val":"0","parent_id":"0","gjsonid":"5"}},{"geometry":{"type":"Polygon","coordinates":[[[120.8080,13.0804],[120.8232,13.0806],[120.8045,13.0318],[120.7949,13.0172],[120.7780,13.0169],[120.7652,13.0101],[120.7576,13.0231],[120.7623,13.0296],[120.7595,13.0335],[120.7685,13.0360],[120.8080,13.0804]]]},"type":"Feature","id":"0a5dd28f25","properties":{"flclr":"#000000","name":"Dayap","level_id":"reg","layer_val":"0","parent_id":"0","gjsonid":"5"}},{"geometry":{"type":"Polygon","coordinates":[[[120.8166,12.9805],[120.8261,12.9803],[120.8259,12.9667],[120.8098,12.9618],[120.8166,12.9498],[120.8115,12.9419],[120.8070,12.9420],[120.8077,12.9369],[120.8025,12.9350],[120.8062,12.9312],[120.7986,12.9250],[120.7982,12.8999],[120.8023,12.8990],[120.7836,12.8928],[120.7687,12.9672],[120.7748,12.9791],[120.7765,12.9761],[120.7920,12.9814],[120.7982,12.9782],[120.8166,12.9805]]]},"type":"Feature","id":"f9a746418b","properties":{"flclr":"#000000","name":"Claudio Salgado","level_id":"reg","layer_val":"0","parent_id":"0","gjsonid":"5"}},{"geometry":{"type":"Polygon","coordinates":[[[120.8232,13.0806],[120.7916,13.0793],[120.7765,13.0844],[120.7719,13.0763],[120.7610,13.0698],[120.7601,13.0606],[120.7467,13.0650],[120.7403,13.0489],[120.7319,13.0629],[120.7385,13.0692],[120.7454,13.0873],[120.7573,13.0882],[120.7626,13.0981],[120.7771,13.0977],[120.7937,13.1150],[120.8175,13.1300],[120.9157,13.1250],[120.9704,13.1322],[120.9471,13.0978],[120.9405,13.0779],[120.8232,13.0806]]]},"type":"Feature","id":"189c179cad","properties":{"flclr":"#000000","name":"Lumangbayan","level_id":"reg","layer_val":"0","parent_id":"0","gjsonid":"5"}},{"geometry":{"type":"Polygon","coordinates":[[[120.6720,13.1559],[120.6560,13.1763],[120.6564,13.1887],[120.6720,13.2015],[120.6860,13.2046],[120.6981,13.2515],[120.7138,13.2250],[120.6720,13.1559]]]},"type":"Feature","id":"02212a9c8d","properties":{"flclr":"#000000","name":"Fatima (Tii)","level_id":"reg","layer_val":"0","parent_id":"0","gjsonid":"5"}},{"geometry":{"type":"Polygon","coordinates":[[[120.7888,12.7349],[120.7925,12.7536],[120.7850,12.7809],[120.7886,12.7907],[120.7863,12.8114],[120.8080,12.8196],[120.8283,12.7744],[120.8286,12.7560],[120.8231,12.7488],[120.7888,12.7349]]]},"type":"Feature","id":"e1b5cb7d15","properties":{"flclr":"#000000","name":"Santa Lucia","level_id":"reg","layer_val":"0","parent_id":"0","gjsonid":"5"}},{"geometry":{"type":"Polygon","coordinates":[[[120.8831,12.6715],[120.8896,12.6782],[120.9369,12.6962],[120.9596,12.6974],[120.9412,12.6833],[120.9342,12.6464],[120.9177,12.6218],[120.9022,12.6558],[120.8905,12.6596],[120.8831,12.6715]]]},"type":"Feature","id":"f2fe391157","properties":{"flclr":"#000000","name":"Concepcion","level_id":"reg","layer_val":"0","parent_id":"0","gjsonid":"5"}},{"geometry":{"type":"Polygon","coordinates":[[[120.8080,13.0804],[120.7685,13.0360],[120.7599,13.0340],[120.7620,13.0281],[120.7572,13.0252],[120.7652,13.0101],[120.7780,13.0169],[120.7949,13.0172],[120.7951,12.9992],[120.8060,12.9984],[120.8078,12.9879],[120.8160,12.9852],[120.8167,12.9801],[120.7982,12.9782],[120.7920,12.9814],[120.7765,12.9761],[120.7748,12.9791],[120.7683,12.9657],[120.7598,13.0052],[120.7403,13.0489],[120.7414,13.0558],[120.7474,13.0602],[120.7475,13.0657],[120.7601,13.0606],[120.7610,13.0698],[120.7719,13.0763],[120.7765,13.0844],[120.7916,13.0793],[120.8080,13.0804]]]},"type":"Feature","id":"0478ce132b","properties":{"flclr":"#000000","name":"Barahan","level_id":"reg","layer_val":"0","parent_id":"0","gjsonid":"5"}},{"geometry":{"type":"Polygon","coordinates":[[[120.9517,13.2068],[121.0038,13.1805],[120.9704,13.1322],[120.9157,13.1250],[120.8175,13.1300],[120.7937,13.1150],[120.7771,13.0977],[120.7626,13.0981],[120.7573,13.0882],[120.7454,13.0873],[120.7346,13.0645],[120.7263,13.0671],[120.7199,13.0842],[120.7292,13.0829],[120.7243,13.0917],[120.7295,13.1122],[120.7520,13.1183],[120.8042,13.1500],[120.8839,13.1674],[120.9517,13.2068]]]},"type":"Feature","id":"25b5e4fa19","properties":{"flclr":"#000000","name":"Casague","level_id":"reg","layer_val":"0","parent_id":"0","gjsonid":"5"}},{"geometry":{"type":"Polygon","coordinates":[[[120.8101,13.2758],[120.8677,13.2470],[120.8243,13.1863],[120.7885,13.1746],[120.7534,13.1339],[120.7420,13.1285],[120.7353,13.1297],[120.7355,13.1247],[120.7295,13.1220],[120.6966,13.1319],[120.6952,13.1366],[120.7114,13.1425],[120.7213,13.1507],[120.7248,13.1602],[120.7346,13.1645],[120.7411,13.1845],[120.7489,13.1878],[120.7555,13.2049],[120.7699,13.2150],[120.7741,13.2245],[120.7693,13.2408],[120.7731,13.2469],[120.7808,13.2418],[120.7937,13.2462],[120.7989,13.2564],[120.8144,13.2693],[120.8101,13.2758]]]},"type":"Feature","id":"fe3050230b","properties":{"flclr":"#000000","name":"Alacaak","level_id":"reg","layer_val":"0","parent_id":"0","gjsonid":"5"}},{"geometry":{"type":"Polygon","coordinates":[[[121.2563,12.7281],[121.2609,12.6861],[120.9596,12.6974],[120.9369,12.6962],[120.8896,12.6782],[120.8830,12.6715],[120.8650,12.6891],[120.8612,12.7053],[120.9091,12.7357],[121.2563,12.7281]]]},"type":"Feature","id":"7632dc8620","properties":{"flclr":"#000000","name":"Burgos","level_id":"reg","layer_val":"0","parent_id":"0","gjsonid":"5"}},{"geometry":{"type":"Polygon","coordinates":[[[121.2435,12.8995],[121.2470,12.8266],[120.9671,12.8337],[120.9425,12.8300],[120.9272,12.8392],[120.9185,12.8345],[120.9094,12.8386],[120.8995,12.8339],[120.8876,12.8392],[120.8690,12.8233],[120.8706,12.8136],[120.8587,12.8108],[120.8573,12.7990],[120.8484,12.8033],[120.8453,12.8328],[120.8303,12.8532],[120.8685,12.8602],[120.9133,12.8825],[120.9168,12.8767],[120.9267,12.8744],[120.9378,12.8841],[120.9426,12.8826],[120.9450,12.8886],[120.9536,12.8900],[121.2435,12.8995]]]},"type":"Feature","id":"629e2cc76c","properties":{"flclr":"#000000","name":"Batong Buhay","level_id":"reg","layer_val":"0","parent_id":"0","gjsonid":"5"}},{"geometry":{"type":"Polygon","coordinates":[[[121.2587,12.7569],[121.2563,12.7281],[120.9091,12.7357],[120.8779,12.7139],[120.8616,12.7078],[120.8557,12.7173],[120.8410,12.7274],[120.8443,12.7347],[120.8553,12.7380],[120.8589,12.7455],[120.8483,12.7599],[120.8586,12.7617],[120.8596,12.7675],[120.8727,12.7734],[120.8746,12.7699],[121.2587,12.7569]]]},"type":"Feature","id":"03a735f234","properties":{"flclr":"#000000","name":"Ligaya","level_id":"reg","layer_val":"0","parent_id":"0","gjsonid":"5"}},{"geometry":{"type":"Polygon","coordinates":[[[120.9704,13.1322],[121.0038,13.1805],[121.1185,13.1055],[121.1696,13.0933],[121.1855,13.0816],[121.1984,13.0784],[120.9849,12.9376],[120.9432,12.9318],[120.8857,12.9313],[120.8860,12.9240],[120.8789,12.9250],[120.8845,12.9481],[120.8996,12.9650],[120.9175,12.9762],[120.9095,12.9865],[120.9171,12.9970],[120.9161,13.0267],[120.9218,13.0286],[120.9207,13.0341],[120.9270,13.0341],[120.9471,13.0978],[120.9704,13.1322]]]},"type":"Feature","id":"833d119182","properties":{"flclr":"#000000","name":"Pag-Asa","level_id":"reg","layer_val":"0","parent_id":"0","gjsonid":"5"}},{"geometry":{"type":"Polygon","coordinates":[[[121.2470,12.8266],[121.2587,12.7569],[120.8746,12.7699],[120.8727,12.7734],[120.8596,12.7675],[120.8586,12.7617],[120.8286,12.7560],[120.8299,12.7776],[120.8371,12.7824],[120.8415,12.7931],[120.8573,12.7990],[120.8587,12.8108],[120.8706,12.8136],[120.8690,12.8233],[120.8876,12.8392],[120.8995,12.8339],[120.9094,12.8386],[120.9185,12.8345],[120.9272,12.8392],[120.9425,12.8300],[120.9671,12.8337],[121.2470,12.8266]],[[120.8967,12.8177],[120.9007,12.8148],[120.9032,12.8184],[120.8989,12.8200],[120.8967,12.8177]]]},"type":"Feature","id":"87e14432c7","properties":{"flclr":"#000000","name":"Malisbong","level_id":"reg","layer_val":"0","parent_id":"0","gjsonid":"5"}},{"geometry":{"type":"Polygon","coordinates":[[[120.7495,12.8423],[120.7533,12.8447],[120.7576,12.8386],[120.7542,12.8380],[120.7495,12.8423]]]},"type":"Feature","id":"a4a9ff7faf","properties":{"flclr":"#000000","name":"Poblacion (Lumangbayan)","level_id":"reg","layer_val":"0","parent_id":"0","gjsonid":"5"}},{"geometry":{"type":"Polygon","coordinates":[[[120.7460,12.8585],[120.7480,12.8603],[120.7550,12.8578],[120.7474,12.8549],[120.7460,12.8585]]]},"type":"Feature","id":"a2eb5bb597","properties":{"flclr":"#000000","name":"Poblacion (Lumangbayan)","level_id":"reg","layer_val":"0","parent_id":"0","gjsonid":"5"}},{"geometry":{"type":"Polygon","coordinates":[[[120.9596,12.6974],[121.0354,12.6943],[120.9728,12.6491],[120.9553,12.6298],[120.9432,12.6300],[120.9416,12.6326],[120.9524,12.6386],[120.9342,12.6464],[120.9362,12.6680],[120.9412,12.6833],[120.9596,12.6974]]]},"type":"Feature","id":"ab63bc37fe","properties":{"flclr":"#000000","name":"Malpalon","level_id":"reg","layer_val":"0","parent_id":"0","gjsonid":"5"}}]}