{"type":"FeatureCollection","features":[{"geometry":{"type":"Polygon","coordinates":[[[120.2330,5.3331],[120.2247,5.3392],[120.2309,5.3455],[120.2253,5.3445],[120.2213,5.3507],[120.2238,5.3583],[120.2358,5.3556],[120.2427,5.3474],[120.2330,5.3331]]]},"type":"Feature","id":"79e1aeb319","properties":{"flclr":"#000000","name":"BasLikud","level_id":"reg","layer_val":"0","parent_id":"0","gjsonid":"17"}},{"geometry":{"type":"Polygon","coordinates":[[[120.2374,5.4454],[120.2474,5.4471],[120.2504,5.4419],[120.2258,5.4423],[120.2280,5.4636],[120.2316,5.4665],[120.2486,5.4556],[120.2317,5.4558],[120.2308,5.4476],[120.2374,5.4454]]]},"type":"Feature","id":"4eb9990a96","properties":{"flclr":"#000000","name":"Tumbagaan","level_id":"reg","layer_val":"0","parent_id":"0","gjsonid":"17"}},{"geometry":{"type":"Polygon","coordinates":[[[120.3688,5.3905],[120.3770,5.4026],[120.3912,5.4050],[120.4043,5.4013],[120.3913,5.3944],[120.3688,5.3905]]]},"type":"Feature","id":"ac2a26af5a","properties":{"flclr":"#000000","name":"Adnin","level_id":"reg","layer_val":"0","parent_id":"0","gjsonid":"17"}},{"geometry":{"type":"Polygon","coordinates":[[[120.2357,5.2979],[120.2224,5.3011],[120.2183,5.3063],[120.2251,5.3259],[120.2325,5.3183],[120.2282,5.3137],[120.2337,5.3169],[120.2391,5.3054],[120.2357,5.2979]]]},"type":"Feature","id":"d101fc766b","properties":{"flclr":"#000000","name":"Himbah","level_id":"reg","layer_val":"0","parent_id":"0","gjsonid":"17"}},{"geometry":{"type":"Polygon","coordinates":[[[120.3029,5.2319],[120.2984,5.2417],[120.3086,5.2492],[120.3208,5.2487],[120.3111,5.2246],[120.3029,5.2319]]]},"type":"Feature","id":"bd793fc1ff","properties":{"flclr":"#000000","name":"Taruk","level_id":"reg","layer_val":"0","parent_id":"0","gjsonid":"17"}},{"geometry":{"type":"Polygon","coordinates":[[[120.5874,5.4246],[120.5850,5.4318],[120.5843,5.4258],[120.5787,5.4204],[120.5805,5.4359],[120.5911,5.4331],[120.6081,5.4116],[120.6078,5.4043],[120.5917,5.3980],[120.5790,5.4051],[120.5734,5.4190],[120.5852,5.4120],[120.5909,5.4165],[120.5952,5.4056],[120.6007,5.4091],[120.5972,5.4193],[120.5874,5.4246]]]},"type":"Feature","id":"ff87f3d065","properties":{"flclr":"#000000","name":"Bubuan","level_id":"reg","layer_val":"0","parent_id":"0","gjsonid":"17"}},{"geometry":{"type":"Polygon","coordinates":[[[120.9661,5.4945],[120.9633,5.4914],[120.9603,5.4893],[120.9581,5.4885],[120.9538,5.4880],[120.9274,5.4887],[120.9080,5.4917],[120.9581,5.4887],[120.9659,5.4949],[120.9681,5.5044],[120.9661,5.4945]]]},"type":"Feature","id":"e45663662b","properties":{"flclr":"#000000","name":"Southwestern Bulikullul","level_id":"reg","layer_val":"0","parent_id":"0","gjsonid":"17"}},{"geometry":{"type":"Polygon","coordinates":[[[120.6313,5.2264],[120.6298,5.2317],[120.6389,5.2354],[120.6498,5.2304],[120.6313,5.2264]]]},"type":"Feature","id":"d28b396ca8","properties":{"flclr":"#000000","name":"Bintawlan","level_id":"reg","layer_val":"0","parent_id":"0","gjsonid":"17"}},{"geometry":{"type":"Polygon","coordinates":[[[120.8274,5.5136],[120.8357,5.5043],[120.8386,5.4886],[120.8254,5.4688],[120.8114,5.4644],[120.8274,5.5136]]]},"type":"Feature","id":"6819e7607c","properties":{"flclr":"#000000","name":"East Sisangat","level_id":"reg","layer_val":"0","parent_id":"0","gjsonid":"17"}},{"geometry":{"type":"Polygon","coordinates":[[[120.8114,5.4644],[120.8038,5.4779],[120.8044,5.4878],[120.8185,5.5242],[120.8274,5.5136],[120.8114,5.4644]]]},"type":"Feature","id":"1e6c7b153a","properties":{"flclr":"#000000","name":"Sisangat","level_id":"reg","layer_val":"0","parent_id":"0","gjsonid":"17"}},{"geometry":{"type":"Polygon","coordinates":[[[120.8447,5.4800],[120.8411,5.4835],[120.8406,5.4865],[120.8486,5.4844],[120.8447,5.4800]]]},"type":"Feature","id":"7f2957c3f4","properties":{"flclr":"#000000","name":"North Musu Laud","level_id":"reg","layer_val":"0","parent_id":"0","gjsonid":"17"}},{"geometry":{"type":"Polygon","coordinates":[[[120.7860,5.5023],[120.7885,5.5115],[120.8021,5.5177],[120.8069,5.5289],[120.8021,5.5107],[120.8047,5.5007],[120.7860,5.5023]]]},"type":"Feature","id":"be8e475d66","properties":{"flclr":"#000000","name":"Bud Sibaud","level_id":"reg","layer_val":"0","parent_id":"0","gjsonid":"17"}},{"geometry":{"type":"Polygon","coordinates":[[[120.2676,5.0902],[120.2682,5.0911],[120.2684,5.0911],[120.2684,5.0901],[120.2676,5.0902]]]},"type":"Feature","id":"88ae65734f","properties":{"flclr":"#000000","name":"Sapa-sapa (Pob.)","level_id":"reg","layer_val":"0","parent_id":"0","gjsonid":"17"}},{"geometry":{"type":"Polygon","coordinates":[[[120.8977,5.4924],[120.8985,5.4924],[120.9004,5.4911],[120.8985,5.4912],[120.8977,5.4924]]]},"type":"Feature","id":"48d4dc3840","properties":{"flclr":"#000000","name":"South Silumpak","level_id":"reg","layer_val":"0","parent_id":"0","gjsonid":"17"}},{"geometry":{"type":"Polygon","coordinates":[[[120.9016,5.4920],[120.9040,5.4919],[120.9042,5.4915],[120.9022,5.4913],[120.9016,5.4920]]]},"type":"Feature","id":"bd5d49c94e","properties":{"flclr":"#000000","name":"South Silumpak","level_id":"reg","layer_val":"0","parent_id":"0","gjsonid":"17"}},{"geometry":{"type":"Polygon","coordinates":[[[120.2713,5.1044],[120.2717,5.1050],[120.2726,5.1047],[120.2718,5.1040],[120.2713,5.1044]]]},"type":"Feature","id":"77e290972c","properties":{"flclr":"#000000","name":"Tangngah (Lalung Sikubong)","level_id":"reg","layer_val":"0","parent_id":"0","gjsonid":"17"}},{"geometry":{"type":"Polygon","coordinates":[[[120.2682,5.1056],[120.2685,5.1058],[120.2686,5.1058],[120.2686,5.1056],[120.2682,5.1056]]]},"type":"Feature","id":"3c19c3ad80","properties":{"flclr":"#000000","name":"Tangngah (Lalung Sikubong)","level_id":"reg","layer_val":"0","parent_id":"0","gjsonid":"17"}},{"geometry":{"type":"Polygon","coordinates":[[[120.2684,5.1061],[120.2693,5.1070],[120.2696,5.1069],[120.2696,5.1062],[120.2684,5.1061]]]},"type":"Feature","id":"c941dcc7c9","properties":{"flclr":"#000000","name":"Tangngah (Lalung Sikubong)","level_id":"reg","layer_val":"0","parent_id":"0","gjsonid":"17"}},{"geometry":{"type":"Polygon","coordinates":[[[120.3025,5.0883],[120.3031,5.0888],[120.3038,5.0886],[120.3031,5.0883],[120.3025,5.0883]]]},"type":"Feature","id":"c56711ced6","properties":{"flclr":"#000000","name":"Tabunan Likud Sikubong","level_id":"reg","layer_val":"0","parent_id":"0","gjsonid":"17"}},{"geometry":{"type":"Polygon","coordinates":[[[120.3039,5.0888],[120.3040,5.0891],[120.3046,5.0891],[120.3041,5.0887],[120.3039,5.0888]]]},"type":"Feature","id":"1d3e9e5b60","properties":{"flclr":"#000000","name":"Tabunan Likud Sikubong","level_id":"reg","layer_val":"0","parent_id":"0","gjsonid":"17"}},{"geometry":{"type":"Polygon","coordinates":[[[120.3054,5.0898],[120.3059,5.0902],[120.3069,5.0901],[120.3059,5.0897],[120.3054,5.0898]]]},"type":"Feature","id":"e94d7580a9","properties":{"flclr":"#000000","name":"Malanta","level_id":"reg","layer_val":"0","parent_id":"0","gjsonid":"17"}},{"geometry":{"type":"Polygon","coordinates":[[[120.3044,5.1249],[120.3047,5.1255],[120.3055,5.1258],[120.3051,5.1249],[120.3044,5.1249]]]},"type":"Feature","id":"1594b6beb9","properties":{"flclr":"#000000","name":"Butun","level_id":"reg","layer_val":"0","parent_id":"0","gjsonid":"17"}},{"geometry":{"type":"Polygon","coordinates":[[[120.3059,5.1260],[120.3063,5.1266],[120.3069,5.1267],[120.3067,5.1259],[120.3059,5.1260]]]},"type":"Feature","id":"7481c45e16","properties":{"flclr":"#000000","name":"Butun","level_id":"reg","layer_val":"0","parent_id":"0","gjsonid":"17"}},{"geometry":{"type":"Polygon","coordinates":[[[120.3044,5.1260],[120.3057,5.1276],[120.3068,5.1274],[120.3055,5.1259],[120.3044,5.1260]]]},"type":"Feature","id":"b843819e80","properties":{"flclr":"#000000","name":"Butun","level_id":"reg","layer_val":"0","parent_id":"0","gjsonid":"17"}},{"geometry":{"type":"Polygon","coordinates":[[[120.3120,5.1316],[120.3125,5.1327],[120.3133,5.1326],[120.3134,5.1317],[120.3120,5.1316]]]},"type":"Feature","id":"9f85280099","properties":{"flclr":"#000000","name":"Butun","level_id":"reg","layer_val":"0","parent_id":"0","gjsonid":"17"}},{"geometry":{"type":"Polygon","coordinates":[[[120.3160,5.1284],[120.3161,5.1297],[120.3165,5.1304],[120.3165,5.1271],[120.3160,5.1284]]]},"type":"Feature","id":"0286f57f33","properties":{"flclr":"#000000","name":"Butun","level_id":"reg","layer_val":"0","parent_id":"0","gjsonid":"17"}},{"geometry":{"type":"Polygon","coordinates":[[[120.3155,5.1314],[120.3163,5.1311],[120.3164,5.1306],[120.3158,5.1309],[120.3155,5.1314]]]},"type":"Feature","id":"79dbf0d5ed","properties":{"flclr":"#000000","name":"Butun","level_id":"reg","layer_val":"0","parent_id":"0","gjsonid":"17"}},{"geometry":{"type":"Polygon","coordinates":[[[120.2648,5.3471],[120.2707,5.3486],[120.2750,5.3427],[120.2662,5.3443],[120.2648,5.3471]]]},"type":"Feature","id":"f5c4eb8e1d","properties":{"flclr":"#000000","name":"Bas-bas Proper","level_id":"reg","layer_val":"0","parent_id":"0","gjsonid":"17"}},{"geometry":{"type":"Polygon","coordinates":[[[120.2369,5.4534],[120.2385,5.4545],[120.2435,5.4516],[120.2409,5.4509],[120.2369,5.4534]]]},"type":"Feature","id":"dbeb1e48cb","properties":{"flclr":"#000000","name":"Tumbagaan","level_id":"reg","layer_val":"0","parent_id":"0","gjsonid":"17"}},{"geometry":{"type":"Polygon","coordinates":[[[120.2378,5.4490],[120.2406,5.4481],[120.2417,5.4471],[120.2392,5.4477],[120.2378,5.4490]]]},"type":"Feature","id":"7950c5d94c","properties":{"flclr":"#000000","name":"Tumbagaan","level_id":"reg","layer_val":"0","parent_id":"0","gjsonid":"17"}},{"geometry":{"type":"Polygon","coordinates":[[[120.3241,5.2281],[120.3244,5.2298],[120.3253,5.2301],[120.3253,5.2275],[120.3241,5.2281]]]},"type":"Feature","id":"0eff8b4b05","properties":{"flclr":"#000000","name":"Taruk","level_id":"reg","layer_val":"0","parent_id":"0","gjsonid":"17"}},{"geometry":{"type":"Polygon","coordinates":[[[120.2493,5.4514],[120.2504,5.4534],[120.2535,5.4509],[120.2542,5.4498],[120.2537,5.4468],[120.2512,5.4444],[120.2538,5.4496],[120.2493,5.4514]]]},"type":"Feature","id":"c4dac33a31","properties":{"flclr":"#000000","name":"Tumbagaan","level_id":"reg","layer_val":"0","parent_id":"0","gjsonid":"17"}},{"geometry":{"type":"Polygon","coordinates":[[[120.3146,5.2168],[120.3156,5.2172],[120.3158,5.2161],[120.3146,5.2161],[120.3146,5.2168]]]},"type":"Feature","id":"743a0a1b41","properties":{"flclr":"#000000","name":"Taruk","level_id":"reg","layer_val":"0","parent_id":"0","gjsonid":"17"}},{"geometry":{"type":"Polygon","coordinates":[[[120.3119,5.2217],[120.3146,5.2223],[120.3154,5.2193],[120.3132,5.2186],[120.3119,5.2217]]]},"type":"Feature","id":"f21648b57a","properties":{"flclr":"#000000","name":"Taruk","level_id":"reg","layer_val":"0","parent_id":"0","gjsonid":"17"}},{"geometry":{"type":"Polygon","coordinates":[[[120.2366,5.1638],[120.2361,5.1643],[120.2365,5.1647],[120.2369,5.1640],[120.2366,5.1638]]]},"type":"Feature","id":"753df5b198","properties":{"flclr":"#000000","name":"Baliungan","level_id":"reg","layer_val":"0","parent_id":"0","gjsonid":"17"}},{"geometry":{"type":"Polygon","coordinates":[[[120.2377,5.3137],[120.2386,5.3140],[120.2390,5.3130],[120.2379,5.3129],[120.2377,5.3137]]]},"type":"Feature","id":"0a93e839e3","properties":{"flclr":"#000000","name":"Himbah","level_id":"reg","layer_val":"0","parent_id":"0","gjsonid":"17"}},{"geometry":{"type":"Polygon","coordinates":[[[120.2387,5.2968],[120.2406,5.2966],[120.2410,5.2957],[120.2396,5.2953],[120.2387,5.2968]]]},"type":"Feature","id":"c3f1a14d1d","properties":{"flclr":"#000000","name":"Himbah","level_id":"reg","layer_val":"0","parent_id":"0","gjsonid":"17"}},{"geometry":{"type":"Polygon","coordinates":[[[120.3252,5.2313],[120.3271,5.2330],[120.3281,5.2327],[120.3278,5.2313],[120.3252,5.2313]]]},"type":"Feature","id":"b666a9585a","properties":{"flclr":"#000000","name":"Taruk","level_id":"reg","layer_val":"0","parent_id":"0","gjsonid":"17"}},{"geometry":{"type":"Polygon","coordinates":[[[120.3245,5.2518],[120.3288,5.2486],[120.3288,5.2435],[120.3252,5.2475],[120.3245,5.2518]]]},"type":"Feature","id":"4456ed5d0b","properties":{"flclr":"#000000","name":"Taruk","level_id":"reg","layer_val":"0","parent_id":"0","gjsonid":"17"}},{"geometry":{"type":"Polygon","coordinates":[[[120.3170,5.2523],[120.3182,5.2539],[120.3189,5.2539],[120.3186,5.2522],[120.3170,5.2523]]]},"type":"Feature","id":"6e45aebdcd","properties":{"flclr":"#000000","name":"Taruk","level_id":"reg","layer_val":"0","parent_id":"0","gjsonid":"17"}},{"geometry":{"type":"Polygon","coordinates":[[[120.3193,5.2320],[120.3206,5.2331],[120.3212,5.2319],[120.3201,5.2309],[120.3193,5.2320]]]},"type":"Feature","id":"f01b81d092","properties":{"flclr":"#000000","name":"Taruk","level_id":"reg","layer_val":"0","parent_id":"0","gjsonid":"17"}},{"geometry":{"type":"Polygon","coordinates":[[[120.3222,5.2342],[120.3246,5.2350],[120.3254,5.2347],[120.3228,5.2322],[120.3222,5.2342]]]},"type":"Feature","id":"bfe05271b4","properties":{"flclr":"#000000","name":"Taruk","level_id":"reg","layer_val":"0","parent_id":"0","gjsonid":"17"}},{"geometry":{"type":"Polygon","coordinates":[[[120.3122,5.2262],[120.3134,5.2274],[120.3144,5.2261],[120.3138,5.2253],[120.3122,5.2262]]]},"type":"Feature","id":"e399e0269c","properties":{"flclr":"#000000","name":"Taruk","level_id":"reg","layer_val":"0","parent_id":"0","gjsonid":"17"}},{"geometry":{"type":"Polygon","coordinates":[[[120.2971,5.2487],[120.2982,5.2489],[120.2981,5.2471],[120.2975,5.2470],[120.2971,5.2487]]]},"type":"Feature","id":"c8f4a40160","properties":{"flclr":"#000000","name":"Taruk","level_id":"reg","layer_val":"0","parent_id":"0","gjsonid":"17"}},{"geometry":{"type":"Polygon","coordinates":[[[120.3288,5.2211],[120.3293,5.2228],[120.3302,5.2231],[120.3300,5.2210],[120.3288,5.2211]]]},"type":"Feature","id":"8036b0246c","properties":{"flclr":"#000000","name":"Naungan","level_id":"reg","layer_val":"0","parent_id":"0","gjsonid":"17"}},{"geometry":{"type":"Polygon","coordinates":[[[120.3751,5.2339],[120.3777,5.2349],[120.3778,5.2319],[120.3765,5.2312],[120.3751,5.2339]]]},"type":"Feature","id":"ac32016c16","properties":{"flclr":"#000000","name":"Naungan","level_id":"reg","layer_val":"0","parent_id":"0","gjsonid":"17"}},{"geometry":{"type":"Polygon","coordinates":[[[120.3531,5.2181],[120.3559,5.2196],[120.3552,5.2147],[120.3539,5.2146],[120.3531,5.2181]]]},"type":"Feature","id":"1cf085af25","properties":{"flclr":"#000000","name":"Naungan","level_id":"reg","layer_val":"0","parent_id":"0","gjsonid":"17"}},{"geometry":{"type":"Polygon","coordinates":[[[120.3251,5.2189],[120.3259,5.2207],[120.3277,5.2225],[120.3269,5.2180],[120.3251,5.2189]]]},"type":"Feature","id":"2fc56ecd86","properties":{"flclr":"#000000","name":"Naungan","level_id":"reg","layer_val":"0","parent_id":"0","gjsonid":"17"}},{"geometry":{"type":"Polygon","coordinates":[[[120.3638,5.2589],[120.3661,5.2608],[120.3695,5.2595],[120.3678,5.2575],[120.3638,5.2589]]]},"type":"Feature","id":"05bfc9d88d","properties":{"flclr":"#000000","name":"Naungan","level_id":"reg","layer_val":"0","parent_id":"0","gjsonid":"17"}},{"geometry":{"type":"Polygon","coordinates":[[[120.3470,5.1735],[120.3512,5.1762],[120.3547,5.1719],[120.3531,5.1709],[120.3470,5.1735]]]},"type":"Feature","id":"9dd1b52f92","properties":{"flclr":"#000000","name":"Kalang-kalang","level_id":"reg","layer_val":"0","parent_id":"0","gjsonid":"17"}},{"geometry":{"type":"Polygon","coordinates":[[[120.3520,5.1914],[120.3537,5.1964],[120.3567,5.1977],[120.3562,5.1886],[120.3520,5.1914]]]},"type":"Feature","id":"23e7a74259","properties":{"flclr":"#000000","name":"Kalang-kalang","level_id":"reg","layer_val":"0","parent_id":"0","gjsonid":"17"}},{"geometry":{"type":"Polygon","coordinates":[[[120.3564,5.1713],[120.3569,5.1712],[120.3570,5.1708],[120.3566,5.1707],[120.3564,5.1713]]]},"type":"Feature","id":"ebd2099ecd","properties":{"flclr":"#000000","name":"Kalang-kalang","level_id":"reg","layer_val":"0","parent_id":"0","gjsonid":"17"}},{"geometry":{"type":"Polygon","coordinates":[[[120.3579,5.1975],[120.3584,5.1980],[120.3589,5.1968],[120.3586,5.1968],[120.3579,5.1975]]]},"type":"Feature","id":"845062dd63","properties":{"flclr":"#000000","name":"Kalang-kalang","level_id":"reg","layer_val":"0","parent_id":"0","gjsonid":"17"}},{"geometry":{"type":"Polygon","coordinates":[[[120.3605,5.1981],[120.3613,5.1983],[120.3614,5.1973],[120.3606,5.1974],[120.3605,5.1981]]]},"type":"Feature","id":"f0fd4b46a6","properties":{"flclr":"#000000","name":"Kalang-kalang","level_id":"reg","layer_val":"0","parent_id":"0","gjsonid":"17"}},{"geometry":{"type":"Polygon","coordinates":[[[120.3591,5.1986],[120.3595,5.1986],[120.3598,5.1975],[120.3593,5.1978],[120.3591,5.1986]]]},"type":"Feature","id":"9b27af029a","properties":{"flclr":"#000000","name":"Kalang-kalang","level_id":"reg","layer_val":"0","parent_id":"0","gjsonid":"17"}},{"geometry":{"type":"Polygon","coordinates":[[[120.2627,5.2539],[120.2643,5.2620],[120.2681,5.2621],[120.2652,5.2530],[120.2627,5.2539]]]},"type":"Feature","id":"d25270bcd1","properties":{"flclr":"#000000","name":"Tandubato","level_id":"reg","layer_val":"0","parent_id":"0","gjsonid":"17"}},{"geometry":{"type":"Polygon","coordinates":[[[120.2672,5.2722],[120.2692,5.2729],[120.2695,5.2714],[120.2675,5.2714],[120.2672,5.2722]]]},"type":"Feature","id":"25a2c16f7f","properties":{"flclr":"#000000","name":"Tandubato","level_id":"reg","layer_val":"0","parent_id":"0","gjsonid":"17"}},{"geometry":{"type":"Polygon","coordinates":[[[120.2778,5.2524],[120.2802,5.2585],[120.2881,5.2524],[120.2838,5.2475],[120.2778,5.2524]]]},"type":"Feature","id":"978057e326","properties":{"flclr":"#000000","name":"Tandubato","level_id":"reg","layer_val":"0","parent_id":"0","gjsonid":"17"}},{"geometry":{"type":"Polygon","coordinates":[[[120.2731,5.2699],[120.2745,5.2695],[120.2749,5.2678],[120.2737,5.2675],[120.2731,5.2699]]]},"type":"Feature","id":"5dfefe6b7c","properties":{"flclr":"#000000","name":"Tandubato","level_id":"reg","layer_val":"0","parent_id":"0","gjsonid":"17"}},{"geometry":{"type":"Polygon","coordinates":[[[120.2847,5.2735],[120.2892,5.2746],[120.2973,5.2676],[120.2959,5.2647],[120.2918,5.2626],[120.2847,5.2735]]]},"type":"Feature","id":"c78e35e376","properties":{"flclr":"#000000","name":"Tandubato","level_id":"reg","layer_val":"0","parent_id":"0","gjsonid":"17"}},{"geometry":{"type":"Polygon","coordinates":[[[120.2900,5.2741],[120.2933,5.2765],[120.2973,5.2692],[120.2921,5.2702],[120.2900,5.2741]]]},"type":"Feature","id":"950e2d44cc","properties":{"flclr":"#000000","name":"Tandubato","level_id":"reg","layer_val":"0","parent_id":"0","gjsonid":"17"}},{"geometry":{"type":"Polygon","coordinates":[[[120.3040,5.2818],[120.3078,5.2827],[120.3149,5.2759],[120.3072,5.2752],[120.3040,5.2818]]]},"type":"Feature","id":"3f6e9e2276","properties":{"flclr":"#000000","name":"Tandubato","level_id":"reg","layer_val":"0","parent_id":"0","gjsonid":"17"}},{"geometry":{"type":"Polygon","coordinates":[[[120.2796,5.2689],[120.2806,5.2699],[120.2830,5.2686],[120.2812,5.2672],[120.2796,5.2689]]]},"type":"Feature","id":"25507c03ad","properties":{"flclr":"#000000","name":"Tandubato","level_id":"reg","layer_val":"0","parent_id":"0","gjsonid":"17"}},{"geometry":{"type":"Polygon","coordinates":[[[120.2810,5.2710],[120.2825,5.2720],[120.2831,5.2702],[120.2817,5.2700],[120.2810,5.2710]]]},"type":"Feature","id":"8d9c527221","properties":{"flclr":"#000000","name":"Tandubato","level_id":"reg","layer_val":"0","parent_id":"0","gjsonid":"17"}},{"geometry":{"type":"Polygon","coordinates":[[[120.2946,5.2755],[120.2961,5.2759],[120.2975,5.2719],[120.2961,5.2723],[120.2946,5.2755]]]},"type":"Feature","id":"c442dc63dd","properties":{"flclr":"#000000","name":"Tandubato","level_id":"reg","layer_val":"0","parent_id":"0","gjsonid":"17"}},{"geometry":{"type":"Polygon","coordinates":[[[120.2345,5.1563],[120.2324,5.1571],[120.2348,5.1619],[120.2365,5.1578],[120.2345,5.1563]]]},"type":"Feature","id":"d62c8e1f4e","properties":{"flclr":"#000000","name":"Baliungan","level_id":"reg","layer_val":"0","parent_id":"0","gjsonid":"17"}},{"geometry":{"type":"Polygon","coordinates":[[[120.2488,5.2147],[120.2473,5.2168],[120.2473,5.2219],[120.2493,5.2180],[120.2488,5.2147]]]},"type":"Feature","id":"84fb0b85ea","properties":{"flclr":"#000000","name":"Baliungan","level_id":"reg","layer_val":"0","parent_id":"0","gjsonid":"17"}},{"geometry":{"type":"Polygon","coordinates":[[[120.2512,5.2197],[120.2509,5.2208],[120.2520,5.2222],[120.2524,5.2213],[120.2512,5.2197]]]},"type":"Feature","id":"b61e47c9b5","properties":{"flclr":"#000000","name":"Baliungan","level_id":"reg","layer_val":"0","parent_id":"0","gjsonid":"17"}},{"geometry":{"type":"Polygon","coordinates":[[[120.2774,5.2996],[120.2660,5.3055],[120.2660,5.3140],[120.2729,5.3107],[120.2774,5.2996]]]},"type":"Feature","id":"1dc92a7a88","properties":{"flclr":"#000000","name":"Baliungan","level_id":"reg","layer_val":"0","parent_id":"0","gjsonid":"17"}},{"geometry":{"type":"Polygon","coordinates":[[[120.2500,5.2228],[120.2475,5.2234],[120.2504,5.2283],[120.2514,5.2263],[120.2500,5.2228]]]},"type":"Feature","id":"1fd1205d07","properties":{"flclr":"#000000","name":"Baliungan","level_id":"reg","layer_val":"0","parent_id":"0","gjsonid":"17"}},{"geometry":{"type":"Polygon","coordinates":[[[120.2550,5.2525],[120.2544,5.2529],[120.2548,5.2544],[120.2554,5.2540],[120.2550,5.2525]]]},"type":"Feature","id":"4a17fbe3f3","properties":{"flclr":"#000000","name":"Baliungan","level_id":"reg","layer_val":"0","parent_id":"0","gjsonid":"17"}},{"geometry":{"type":"Polygon","coordinates":[[[120.2563,5.2604],[120.2549,5.2603],[120.2550,5.2619],[120.2561,5.2618],[120.2563,5.2604]]]},"type":"Feature","id":"d9a7090fc9","properties":{"flclr":"#000000","name":"Baliungan","level_id":"reg","layer_val":"0","parent_id":"0","gjsonid":"17"}},{"geometry":{"type":"Polygon","coordinates":[[[120.2555,5.2714],[120.2540,5.2726],[120.2554,5.2748],[120.2563,5.2723],[120.2555,5.2714]]]},"type":"Feature","id":"ddc0eb5afd","properties":{"flclr":"#000000","name":"Baliungan","level_id":"reg","layer_val":"0","parent_id":"0","gjsonid":"17"}},{"geometry":{"type":"Polygon","coordinates":[[[120.2652,5.2803],[120.2615,5.2803],[120.2596,5.2848],[120.2653,5.2824],[120.2652,5.2803]]]},"type":"Feature","id":"4bd0b6ebe4","properties":{"flclr":"#000000","name":"Baliungan","level_id":"reg","layer_val":"0","parent_id":"0","gjsonid":"17"}},{"geometry":{"type":"Polygon","coordinates":[[[120.2647,5.2832],[120.2626,5.2843],[120.2628,5.2850],[120.2640,5.2850],[120.2647,5.2832]]]},"type":"Feature","id":"49747f54d3","properties":{"flclr":"#000000","name":"Baliungan","level_id":"reg","layer_val":"0","parent_id":"0","gjsonid":"17"}},{"geometry":{"type":"Polygon","coordinates":[[[120.2712,5.2871],[120.2721,5.2852],[120.2714,5.2837],[120.2687,5.2867],[120.2712,5.2871]]]},"type":"Feature","id":"7c05f02b93","properties":{"flclr":"#000000","name":"Baliungan","level_id":"reg","layer_val":"0","parent_id":"0","gjsonid":"17"}},{"geometry":{"type":"Polygon","coordinates":[[[120.2755,5.2848],[120.2740,5.2856],[120.2748,5.2879],[120.2764,5.2870],[120.2755,5.2848]]]},"type":"Feature","id":"669a6ecc37","properties":{"flclr":"#000000","name":"Baliungan","level_id":"reg","layer_val":"0","parent_id":"0","gjsonid":"17"}},{"geometry":{"type":"Polygon","coordinates":[[[120.2847,5.3001],[120.2896,5.2989],[120.2901,5.2955],[120.2835,5.2958],[120.2847,5.3001]]]},"type":"Feature","id":"6a55cf8fb8","properties":{"flclr":"#000000","name":"Baliungan","level_id":"reg","layer_val":"0","parent_id":"0","gjsonid":"17"}},{"geometry":{"type":"Polygon","coordinates":[[[120.2586,5.1686],[120.2622,5.1730],[120.2691,5.1669],[120.2601,5.1652],[120.2586,5.1686]]]},"type":"Feature","id":"b76f9037f6","properties":{"flclr":"#000000","name":"Lahay-lahay","level_id":"reg","layer_val":"0","parent_id":"0","gjsonid":"17"}},{"geometry":{"type":"Polygon","coordinates":[[[120.2438,5.1971],[120.2445,5.1975],[120.2458,5.1977],[120.2443,5.1961],[120.2438,5.1971]]]},"type":"Feature","id":"51618e79eb","properties":{"flclr":"#000000","name":"Lahay-lahay","level_id":"reg","layer_val":"0","parent_id":"0","gjsonid":"17"}},{"geometry":{"type":"Polygon","coordinates":[[[120.2971,5.1705],[120.3001,5.1711],[120.3006,5.1703],[120.2979,5.1684],[120.2971,5.1705]]]},"type":"Feature","id":"23ac60c238","properties":{"flclr":"#000000","name":"Lahay-lahay","level_id":"reg","layer_val":"0","parent_id":"0","gjsonid":"17"}},{"geometry":{"type":"Polygon","coordinates":[[[120.2650,5.1817],[120.2663,5.1824],[120.2668,5.1814],[120.2656,5.1805],[120.2650,5.1817]]]},"type":"Feature","id":"c6afd40667","properties":{"flclr":"#000000","name":"Lahay-lahay","level_id":"reg","layer_val":"0","parent_id":"0","gjsonid":"17"}},{"geometry":{"type":"Polygon","coordinates":[[[120.2780,5.1592],[120.2841,5.1614],[120.2882,5.1552],[120.2800,5.1518],[120.2780,5.1592]]]},"type":"Feature","id":"35b75cb765","properties":{"flclr":"#000000","name":"Lahay-lahay","level_id":"reg","layer_val":"0","parent_id":"0","gjsonid":"17"}},{"geometry":{"type":"Polygon","coordinates":[[[120.2811,5.1800],[120.2823,5.1807],[120.2848,5.1792],[120.2832,5.1775],[120.2811,5.1800]]]},"type":"Feature","id":"adeabe98dd","properties":{"flclr":"#000000","name":"Lahay-lahay","level_id":"reg","layer_val":"0","parent_id":"0","gjsonid":"17"}},{"geometry":{"type":"Polygon","coordinates":[[[120.2393,5.1931],[120.2398,5.1934],[120.2401,5.1928],[120.2397,5.1926],[120.2393,5.1931]]]},"type":"Feature","id":"0f285faefc","properties":{"flclr":"#000000","name":"Lahay-lahay","level_id":"reg","layer_val":"0","parent_id":"0","gjsonid":"17"}},{"geometry":{"type":"Polygon","coordinates":[[[120.2410,5.1936],[120.2412,5.1950],[120.2419,5.1962],[120.2422,5.1936],[120.2410,5.1936]]]},"type":"Feature","id":"5287bfe2cc","properties":{"flclr":"#000000","name":"Lahay-lahay","level_id":"reg","layer_val":"0","parent_id":"0","gjsonid":"17"}},{"geometry":{"type":"Polygon","coordinates":[[[120.5764,5.3283],[120.5776,5.3303],[120.5801,5.3296],[120.5784,5.3279],[120.5764,5.3283]]]},"type":"Feature","id":"34d5197d8c","properties":{"flclr":"#000000","name":"Bubuan","level_id":"reg","layer_val":"0","parent_id":"0","gjsonid":"17"}},{"geometry":{"type":"Polygon","coordinates":[[[120.2839,5.1691],[120.2870,5.1710],[120.2895,5.1662],[120.2870,5.1648],[120.2839,5.1691]]]},"type":"Feature","id":"38f2b3e91c","properties":{"flclr":"#000000","name":"Lahay-lahay","level_id":"reg","layer_val":"0","parent_id":"0","gjsonid":"17"}},{"geometry":{"type":"Polygon","coordinates":[[[120.2379,5.1943],[120.2393,5.1974],[120.2413,5.1973],[120.2388,5.1933],[120.2379,5.1943]]]},"type":"Feature","id":"2c390f1354","properties":{"flclr":"#000000","name":"Lahay-lahay","level_id":"reg","layer_val":"0","parent_id":"0","gjsonid":"17"}},{"geometry":{"type":"Polygon","coordinates":[[[120.2402,5.1948],[120.2406,5.1951],[120.2406,5.1945],[120.2403,5.1945],[120.2402,5.1948]]]},"type":"Feature","id":"74b0927e97","properties":{"flclr":"#000000","name":"Lahay-lahay","level_id":"reg","layer_val":"0","parent_id":"0","gjsonid":"17"}},{"geometry":{"type":"Polygon","coordinates":[[[120.2817,5.1761],[120.2825,5.1773],[120.2838,5.1766],[120.2827,5.1744],[120.2817,5.1761]]]},"type":"Feature","id":"2cea62644b","properties":{"flclr":"#000000","name":"Lahay-lahay","level_id":"reg","layer_val":"0","parent_id":"0","gjsonid":"17"}},{"geometry":{"type":"Polygon","coordinates":[[[120.3683,5.2688],[120.3733,5.2722],[120.3828,5.2647],[120.3758,5.2592],[120.3683,5.2688]]]},"type":"Feature","id":"adfd738038","properties":{"flclr":"#000000","name":"Bubuan","level_id":"reg","layer_val":"0","parent_id":"0","gjsonid":"17"}},{"geometry":{"type":"Polygon","coordinates":[[[120.4747,5.2968],[120.4770,5.2979],[120.4778,5.2959],[120.4751,5.2961],[120.4747,5.2968]]]},"type":"Feature","id":"a194586356","properties":{"flclr":"#000000","name":"Bubuan","level_id":"reg","layer_val":"0","parent_id":"0","gjsonid":"17"}},{"geometry":{"type":"Polygon","coordinates":[[[120.4029,5.2366],[120.4049,5.2364],[120.4052,5.2324],[120.4041,5.2328],[120.4029,5.2366]]]},"type":"Feature","id":"7be2e0fed6","properties":{"flclr":"#000000","name":"Bubuan","level_id":"reg","layer_val":"0","parent_id":"0","gjsonid":"17"}},{"geometry":{"type":"Polygon","coordinates":[[[120.5659,5.2977],[120.5697,5.3053],[120.5757,5.2976],[120.5715,5.2928],[120.5659,5.2977]]]},"type":"Feature","id":"b80a142523","properties":{"flclr":"#000000","name":"Bubuan","level_id":"reg","layer_val":"0","parent_id":"0","gjsonid":"17"}},{"geometry":{"type":"Polygon","coordinates":[[[120.5779,5.4598],[120.5871,5.4676],[120.5898,5.4659],[120.5897,5.4433],[120.5803,5.4457],[120.5779,5.4598]]]},"type":"Feature","id":"ca2c3cbf5a","properties":{"flclr":"#000000","name":"Bubuan","level_id":"reg","layer_val":"0","parent_id":"0","gjsonid":"17"}},{"geometry":{"type":"Polygon","coordinates":[[[120.4157,5.3077],[120.4174,5.3087],[120.4183,5.3063],[120.4161,5.3055],[120.4157,5.3077]]]},"type":"Feature","id":"4b72573503","properties":{"flclr":"#000000","name":"Bubuan","level_id":"reg","layer_val":"0","parent_id":"0","gjsonid":"17"}},{"geometry":{"type":"Polygon","coordinates":[[[120.4447,5.1366],[120.4466,5.1370],[120.4471,5.1360],[120.4454,5.1356],[120.4447,5.1366]]]},"type":"Feature","id":"ae199bd2e5","properties":{"flclr":"#000000","name":"Sollogan","level_id":"reg","layer_val":"0","parent_id":"0","gjsonid":"17"}},{"geometry":{"type":"Polygon","coordinates":[[[120.4480,5.1368],[120.4490,5.1371],[120.4494,5.1364],[120.4482,5.1362],[120.4480,5.1368]]]},"type":"Feature","id":"8d832cd8e2","properties":{"flclr":"#000000","name":"Sollogan","level_id":"reg","layer_val":"0","parent_id":"0","gjsonid":"17"}},{"geometry":{"type":"Polygon","coordinates":[[[120.4474,5.1511],[120.4487,5.1543],[120.4506,5.1550],[120.4498,5.1481],[120.4474,5.1511]]]},"type":"Feature","id":"b9de7af7a3","properties":{"flclr":"#000000","name":"Sollogan","level_id":"reg","layer_val":"0","parent_id":"0","gjsonid":"17"}},{"geometry":{"type":"Polygon","coordinates":[[[120.4502,5.1570],[120.4503,5.1579],[120.4511,5.1586],[120.4507,5.1563],[120.4502,5.1570]]]},"type":"Feature","id":"c6311fb57a","properties":{"flclr":"#000000","name":"Sollogan","level_id":"reg","layer_val":"0","parent_id":"0","gjsonid":"17"}},{"geometry":{"type":"Polygon","coordinates":[[[120.4518,5.1384],[120.4527,5.1392],[120.4533,5.1394],[120.4524,5.1376],[120.4518,5.1384]]]},"type":"Feature","id":"76536322fe","properties":{"flclr":"#000000","name":"Sollogan","level_id":"reg","layer_val":"0","parent_id":"0","gjsonid":"17"}},{"geometry":{"type":"Polygon","coordinates":[[[120.4540,5.1569],[120.4551,5.1567],[120.4544,5.1548],[120.4541,5.1550],[120.4540,5.1569]]]},"type":"Feature","id":"e0b1bb9181","properties":{"flclr":"#000000","name":"Sollogan","level_id":"reg","layer_val":"0","parent_id":"0","gjsonid":"17"}},{"geometry":{"type":"Polygon","coordinates":[[[120.4564,5.1654],[120.4569,5.1679],[120.4577,5.1688],[120.4571,5.1631],[120.4564,5.1654]]]},"type":"Feature","id":"5301149ce7","properties":{"flclr":"#000000","name":"Sollogan","level_id":"reg","layer_val":"0","parent_id":"0","gjsonid":"17"}},{"geometry":{"type":"Polygon","coordinates":[[[120.6437,5.2122],[120.6441,5.2125],[120.6463,5.2116],[120.6448,5.2115],[120.6437,5.2122]]]},"type":"Feature","id":"7ee549317d","properties":{"flclr":"#000000","name":"Nusa-nusa","level_id":"reg","layer_val":"0","parent_id":"0","gjsonid":"17"}},{"geometry":{"type":"Polygon","coordinates":[[[120.6466,5.2117],[120.6469,5.2118],[120.6481,5.2113],[120.6476,5.2112],[120.6466,5.2117]]]},"type":"Feature","id":"ecad01740d","properties":{"flclr":"#000000","name":"Nusa-nusa","level_id":"reg","layer_val":"0","parent_id":"0","gjsonid":"17"}},{"geometry":{"type":"Polygon","coordinates":[[[120.6609,5.2070],[120.6634,5.2064],[120.6638,5.2058],[120.6614,5.2063],[120.6609,5.2070]]]},"type":"Feature","id":"3c7ed03801","properties":{"flclr":"#000000","name":"Nusa-nusa","level_id":"reg","layer_val":"0","parent_id":"0","gjsonid":"17"}},{"geometry":{"type":"Polygon","coordinates":[[[120.6722,5.2227],[120.6768,5.2202],[120.6817,5.2171],[120.6817,5.2168],[120.6722,5.2227]]]},"type":"Feature","id":"4ce3717025","properties":{"flclr":"#000000","name":"Nusa-nusa","level_id":"reg","layer_val":"0","parent_id":"0","gjsonid":"17"}},{"geometry":{"type":"Polygon","coordinates":[[[120.6529,5.2101],[120.6530,5.2103],[120.6551,5.2096],[120.6545,5.2092],[120.6529,5.2101]]]},"type":"Feature","id":"4ffbb9700b","properties":{"flclr":"#000000","name":"Nusa-nusa","level_id":"reg","layer_val":"0","parent_id":"0","gjsonid":"17"}},{"geometry":{"type":"Polygon","coordinates":[[[120.6602,5.2230],[120.6636,5.2231],[120.6708,5.2201],[120.6860,5.2095],[120.6730,5.2088],[120.6602,5.2230]]]},"type":"Feature","id":"21676e02ac","properties":{"flclr":"#000000","name":"Nusa-nusa","level_id":"reg","layer_val":"0","parent_id":"0","gjsonid":"17"}},{"geometry":{"type":"Polygon","coordinates":[[[120.6482,5.2114],[120.6485,5.2116],[120.6497,5.2109],[120.6487,5.2107],[120.6482,5.2114]]]},"type":"Feature","id":"2e56dc3fb0","properties":{"flclr":"#000000","name":"Nusa-nusa","level_id":"reg","layer_val":"0","parent_id":"0","gjsonid":"17"}},{"geometry":{"type":"Polygon","coordinates":[[[120.6500,5.2110],[120.6516,5.2108],[120.6526,5.2102],[120.6507,5.2102],[120.6500,5.2110]]]},"type":"Feature","id":"f5604da7c5","properties":{"flclr":"#000000","name":"Nusa-nusa","level_id":"reg","layer_val":"0","parent_id":"0","gjsonid":"17"}},{"geometry":{"type":"Polygon","coordinates":[[[120.6641,5.2050],[120.6644,5.2050],[120.6652,5.2042],[120.6656,5.2042],[120.6656,5.2037],[120.6641,5.2050]]]},"type":"Feature","id":"4a2b0849c6","properties":{"flclr":"#000000","name":"Nusa-nusa","level_id":"reg","layer_val":"0","parent_id":"0","gjsonid":"17"}},{"geometry":{"type":"Polygon","coordinates":[[[120.6111,5.2144],[120.6112,5.2145],[120.6112,5.2145],[120.6112,5.2144],[120.6111,5.2144]]]},"type":"Feature","id":"5c72b145ec","properties":{"flclr":"#000000","name":"Putat","level_id":"reg","layer_val":"0","parent_id":"0","gjsonid":"17"}},{"geometry":{"type":"Polygon","coordinates":[[[120.6112,5.2147],[120.6112,5.2148],[120.6113,5.2147],[120.6112,5.2147],[120.6112,5.2147]]]},"type":"Feature","id":"c728df56a0","properties":{"flclr":"#000000","name":"Putat","level_id":"reg","layer_val":"0","parent_id":"0","gjsonid":"17"}},{"geometry":{"type":"Polygon","coordinates":[[[120.6845,5.1997],[120.6850,5.2002],[120.6863,5.2000],[120.6866,5.2005],[120.6874,5.2002],[120.6845,5.1997]]]},"type":"Feature","id":"d98bfca8f9","properties":{"flclr":"#000000","name":"Nusa-nusa","level_id":"reg","layer_val":"0","parent_id":"0","gjsonid":"17"}},{"geometry":{"type":"Polygon","coordinates":[[[120.6675,5.2025],[120.6696,5.2019],[120.6708,5.2012],[120.6709,5.2008],[120.6675,5.2025]]]},"type":"Feature","id":"425dc82002","properties":{"flclr":"#000000","name":"Nusa-nusa","level_id":"reg","layer_val":"0","parent_id":"0","gjsonid":"17"}},{"geometry":{"type":"Polygon","coordinates":[[[120.6554,5.2094],[120.6561,5.2092],[120.6558,5.2086],[120.6553,5.2089],[120.6554,5.2094]]]},"type":"Feature","id":"7b91dc4357","properties":{"flclr":"#000000","name":"Nusa-nusa","level_id":"reg","layer_val":"0","parent_id":"0","gjsonid":"17"}},{"geometry":{"type":"Polygon","coordinates":[[[120.6092,5.2156],[120.6099,5.2161],[120.6107,5.2153],[120.6097,5.2144],[120.6092,5.2156]]]},"type":"Feature","id":"8811e35e07","properties":{"flclr":"#000000","name":"Putat","level_id":"reg","layer_val":"0","parent_id":"0","gjsonid":"17"}},{"geometry":{"type":"Polygon","coordinates":[[[120.6099,5.2144],[120.6101,5.2144],[120.6100,5.2142],[120.6100,5.2142],[120.6099,5.2144]]]},"type":"Feature","id":"4dfa899a41","properties":{"flclr":"#000000","name":"Putat","level_id":"reg","layer_val":"0","parent_id":"0","gjsonid":"17"}},{"geometry":{"type":"Polygon","coordinates":[[[120.6105,5.2148],[120.6106,5.2149],[120.6107,5.2147],[120.6105,5.2147],[120.6105,5.2148]]]},"type":"Feature","id":"960c6f5104","properties":{"flclr":"#000000","name":"Putat","level_id":"reg","layer_val":"0","parent_id":"0","gjsonid":"17"}},{"geometry":{"type":"Polygon","coordinates":[[[120.6108,5.2150],[120.6109,5.2153],[120.6110,5.2153],[120.6111,5.2150],[120.6108,5.2150]]]},"type":"Feature","id":"aa3d99d669","properties":{"flclr":"#000000","name":"Putat","level_id":"reg","layer_val":"0","parent_id":"0","gjsonid":"17"}},{"geometry":{"type":"Polygon","coordinates":[[[120.6102,5.2144],[120.6102,5.2147],[120.6104,5.2149],[120.6104,5.2144],[120.6102,5.2144]]]},"type":"Feature","id":"c0ac057dc2","properties":{"flclr":"#000000","name":"Putat","level_id":"reg","layer_val":"0","parent_id":"0","gjsonid":"17"}},{"geometry":{"type":"Polygon","coordinates":[[[120.5050,5.1648],[120.5076,5.1732],[120.5088,5.1732],[120.5071,5.1639],[120.5050,5.1648]]]},"type":"Feature","id":"119dbc63a1","properties":{"flclr":"#000000","name":"Bunay Bunay Tong","level_id":"reg","layer_val":"0","parent_id":"0","gjsonid":"17"}},{"geometry":{"type":"Polygon","coordinates":[[[120.5070,5.1960],[120.5079,5.1971],[120.5085,5.1972],[120.5082,5.1955],[120.5070,5.1960]]]},"type":"Feature","id":"06f82847a7","properties":{"flclr":"#000000","name":"Bunay Bunay Tong","level_id":"reg","layer_val":"0","parent_id":"0","gjsonid":"17"}},{"geometry":{"type":"Polygon","coordinates":[[[120.5073,5.2001],[120.5120,5.2030],[120.5187,5.1922],[120.5127,5.1936],[120.5073,5.2001]]]},"type":"Feature","id":"d5a0a228c6","properties":{"flclr":"#000000","name":"Bunay Bunay Tong","level_id":"reg","layer_val":"0","parent_id":"0","gjsonid":"17"}},{"geometry":{"type":"Polygon","coordinates":[[[120.5163,5.1973],[120.5190,5.1964],[120.5228,5.1918],[120.5238,5.1857],[120.5163,5.1973]]]},"type":"Feature","id":"35169e81d6","properties":{"flclr":"#000000","name":"Bunay Bunay Tong","level_id":"reg","layer_val":"0","parent_id":"0","gjsonid":"17"}},{"geometry":{"type":"Polygon","coordinates":[[[120.5204,5.1827],[120.5224,5.1818],[120.5222,5.1857],[120.5235,5.1823],[120.5223,5.1814],[120.5204,5.1827]]]},"type":"Feature","id":"7ef329b154","properties":{"flclr":"#000000","name":"Bunay Bunay Tong","level_id":"reg","layer_val":"0","parent_id":"0","gjsonid":"17"}},{"geometry":{"type":"Polygon","coordinates":[[[120.5892,5.2012],[120.5952,5.2017],[120.5972,5.1982],[120.5914,5.1980],[120.5892,5.2012]]]},"type":"Feature","id":"635f8b92f5","properties":{"flclr":"#000000","name":"Bohe","level_id":"reg","layer_val":"0","parent_id":"0","gjsonid":"17"}},{"geometry":{"type":"Polygon","coordinates":[[[120.6011,5.1910],[120.6043,5.1937],[120.6055,5.1926],[120.6015,5.1901],[120.6011,5.1910]]]},"type":"Feature","id":"707862e46f","properties":{"flclr":"#000000","name":"Bohe","level_id":"reg","layer_val":"0","parent_id":"0","gjsonid":"17"}},{"geometry":{"type":"Polygon","coordinates":[[[120.6087,5.1963],[120.6091,5.1972],[120.6102,5.1963],[120.6098,5.1958],[120.6087,5.1963]]]},"type":"Feature","id":"bf863dee4d","properties":{"flclr":"#000000","name":"Bohe","level_id":"reg","layer_val":"0","parent_id":"0","gjsonid":"17"}},{"geometry":{"type":"Polygon","coordinates":[[[120.9258,5.4933],[120.9267,5.4938],[120.9282,5.4904],[120.9256,5.4926],[120.9258,5.4933]]]},"type":"Feature","id":"1b54271280","properties":{"flclr":"#000000","name":"Southwestern Bulikullul","level_id":"reg","layer_val":"0","parent_id":"0","gjsonid":"17"}},{"geometry":{"type":"Polygon","coordinates":[[[120.9353,5.4959],[120.9361,5.4968],[120.9359,5.4940],[120.9352,5.4948],[120.9353,5.4959]]]},"type":"Feature","id":"1b8ad274f2","properties":{"flclr":"#000000","name":"Southwestern Bulikullul","level_id":"reg","layer_val":"0","parent_id":"0","gjsonid":"17"}},{"geometry":{"type":"Polygon","coordinates":[[[120.9248,5.4930],[120.9249,5.4932],[120.9249,5.4922],[120.9247,5.4928],[120.9248,5.4930]]]},"type":"Feature","id":"f22336be67","properties":{"flclr":"#000000","name":"Southwestern Bulikullul","level_id":"reg","layer_val":"0","parent_id":"0","gjsonid":"17"}},{"geometry":{"type":"Polygon","coordinates":[[[120.9269,5.4951],[120.9283,5.4933],[120.9282,5.4929],[120.9269,5.4944],[120.9269,5.4951]]]},"type":"Feature","id":"8e53820320","properties":{"flclr":"#000000","name":"Southwestern Bulikullul","level_id":"reg","layer_val":"0","parent_id":"0","gjsonid":"17"}},{"geometry":{"type":"Polygon","coordinates":[[[120.9359,5.4980],[120.9371,5.4981],[120.9375,5.4963],[120.9369,5.4964],[120.9359,5.4980]]]},"type":"Feature","id":"99f82078e8","properties":{"flclr":"#000000","name":"Southwestern Bulikullul","level_id":"reg","layer_val":"0","parent_id":"0","gjsonid":"17"}},{"geometry":{"type":"Polygon","coordinates":[[[120.9215,5.4937],[120.9219,5.4937],[120.9217,5.4932],[120.9215,5.4934],[120.9215,5.4937]]]},"type":"Feature","id":"9fa6448ee1","properties":{"flclr":"#000000","name":"Southwestern Bulikullul","level_id":"reg","layer_val":"0","parent_id":"0","gjsonid":"17"}},{"geometry":{"type":"Polygon","coordinates":[[[120.9216,5.4952],[120.9216,5.4955],[120.9219,5.4953],[120.9218,5.4949],[120.9216,5.4952]]]},"type":"Feature","id":"c7360b37c7","properties":{"flclr":"#000000","name":"Southwestern Bulikullul","level_id":"reg","layer_val":"0","parent_id":"0","gjsonid":"17"}},{"geometry":{"type":"Polygon","coordinates":[[[120.9225,5.4951],[120.9232,5.4957],[120.9238,5.4942],[120.9233,5.4939],[120.9225,5.4951]]]},"type":"Feature","id":"bcb1c7f496","properties":{"flclr":"#000000","name":"Southwestern Bulikullul","level_id":"reg","layer_val":"0","parent_id":"0","gjsonid":"17"}},{"geometry":{"type":"Polygon","coordinates":[[[120.9254,5.4949],[120.9262,5.4949],[120.9262,5.4945],[120.9254,5.4946],[120.9254,5.4949]]]},"type":"Feature","id":"37993cc79b","properties":{"flclr":"#000000","name":"Southwestern Bulikullul","level_id":"reg","layer_val":"0","parent_id":"0","gjsonid":"17"}},{"geometry":{"type":"Polygon","coordinates":[[[120.9233,5.5039],[120.9248,5.5035],[120.9282,5.4988],[120.9238,5.4998],[120.9233,5.5039]]]},"type":"Feature","id":"daf168b4f7","properties":{"flclr":"#000000","name":"Southwestern Bulikullul","level_id":"reg","layer_val":"0","parent_id":"0","gjsonid":"17"}},{"geometry":{"type":"Polygon","coordinates":[[[120.9354,5.5020],[120.9364,5.5019],[120.9365,5.4993],[120.9354,5.5006],[120.9354,5.5020]]]},"type":"Feature","id":"d656ebc3a7","properties":{"flclr":"#000000","name":"Southwestern Bulikullul","level_id":"reg","layer_val":"0","parent_id":"0","gjsonid":"17"}},{"geometry":{"type":"Polygon","coordinates":[[[120.9355,5.5025],[120.9358,5.5031],[120.9361,5.5033],[120.9363,5.5027],[120.9355,5.5025]]]},"type":"Feature","id":"3f5fb6640d","properties":{"flclr":"#000000","name":"Southwestern Bulikullul","level_id":"reg","layer_val":"0","parent_id":"0","gjsonid":"17"}},{"geometry":{"type":"Polygon","coordinates":[[[120.8924,5.4923],[120.8959,5.4924],[120.8965,5.4916],[120.8932,5.4912],[120.8924,5.4923]]]},"type":"Feature","id":"97388a3b5a","properties":{"flclr":"#000000","name":"South Silumpak","level_id":"reg","layer_val":"0","parent_id":"0","gjsonid":"17"}},{"geometry":{"type":"Polygon","coordinates":[[[120.8305,5.5130],[120.8323,5.5138],[120.8329,5.5113],[120.8320,5.5109],[120.8305,5.5130]]]},"type":"Feature","id":"5fff8adf5c","properties":{"flclr":"#000000","name":"East Sisangat","level_id":"reg","layer_val":"0","parent_id":"0","gjsonid":"17"}},{"geometry":{"type":"Polygon","coordinates":[[[120.8402,5.4907],[120.8459,5.4898],[120.8497,5.4882],[120.8410,5.4894],[120.8402,5.4907]]]},"type":"Feature","id":"57fbb09006","properties":{"flclr":"#000000","name":"North Musu Laud","level_id":"reg","layer_val":"0","parent_id":"0","gjsonid":"17"}},{"geometry":{"type":"Polygon","coordinates":[[[120.8253,5.5248],[120.8246,5.5252],[120.8250,5.5257],[120.8253,5.5256],[120.8253,5.5248]]]},"type":"Feature","id":"73d344ca84","properties":{"flclr":"#000000","name":"Subah Buaya","level_id":"reg","layer_val":"0","parent_id":"0","gjsonid":"17"}},{"geometry":{"type":"Polygon","coordinates":[[[120.8241,5.5242],[120.8234,5.5239],[120.8204,5.5266],[120.8227,5.5275],[120.8241,5.5242]]]},"type":"Feature","id":"c57a4055ee","properties":{"flclr":"#000000","name":"Subah Buaya","level_id":"reg","layer_val":"0","parent_id":"0","gjsonid":"17"}},{"geometry":{"type":"Polygon","coordinates":[[[120.8588,5.4864],[120.8596,5.4868],[120.8613,5.4862],[120.8601,5.4855],[120.8588,5.4864]]]},"type":"Feature","id":"885e275697","properties":{"flclr":"#000000","name":"Tonglabah","level_id":"reg","layer_val":"0","parent_id":"0","gjsonid":"17"}},{"geometry":{"type":"Polygon","coordinates":[[[120.8522,5.4876],[120.8555,5.4869],[120.8558,5.4863],[120.8520,5.4864],[120.8522,5.4876]]]},"type":"Feature","id":"f46eac2eae","properties":{"flclr":"#000000","name":"South Musu Laud","level_id":"reg","layer_val":"0","parent_id":"0","gjsonid":"17"}},{"geometry":{"type":"Polygon","coordinates":[[[120.8709,5.4889],[120.8735,5.4894],[120.8739,5.4888],[120.8718,5.4883],[120.8709,5.4889]]]},"type":"Feature","id":"f43e9c9e5c","properties":{"flclr":"#000000","name":"Sarukot","level_id":"reg","layer_val":"0","parent_id":"0","gjsonid":"17"}},{"geometry":{"type":"Polygon","coordinates":[[[120.8764,5.4912],[120.8825,5.4931],[120.8857,5.4925],[120.8774,5.4907],[120.8764,5.4912]]]},"type":"Feature","id":"16131a9583","properties":{"flclr":"#000000","name":"Sarukot","level_id":"reg","layer_val":"0","parent_id":"0","gjsonid":"17"}},{"geometry":{"type":"Polygon","coordinates":[[[120.8638,5.4869],[120.8687,5.4882],[120.8696,5.4878],[120.8647,5.4859],[120.8638,5.4869]]]},"type":"Feature","id":"0bdcb7d895","properties":{"flclr":"#000000","name":"Kud-kud","level_id":"reg","layer_val":"0","parent_id":"0","gjsonid":"17"}},{"geometry":{"type":"Polygon","coordinates":[[[120.9064,5.5262],[120.9077,5.5275],[120.9093,5.5261],[120.9079,5.5248],[120.9064,5.5262]]]},"type":"Feature","id":"aee55443ba","properties":{"flclr":"#000000","name":"Punungan","level_id":"reg","layer_val":"0","parent_id":"0","gjsonid":"17"}},{"geometry":{"type":"Polygon","coordinates":[[[120.8939,5.4997],[120.8946,5.4997],[120.8942,5.4988],[120.8939,5.4989],[120.8939,5.4997]]]},"type":"Feature","id":"7e2fc05f4d","properties":{"flclr":"#000000","name":"South Silumpak","level_id":"reg","layer_val":"0","parent_id":"0","gjsonid":"17"}},{"geometry":{"type":"Polygon","coordinates":[[[120.9287,5.4960],[120.9289,5.4959],[120.9286,5.4950],[120.9283,5.4958],[120.9287,5.4960]]]},"type":"Feature","id":"da8f243d46","properties":{"flclr":"#000000","name":"Southwestern Bulikullul","level_id":"reg","layer_val":"0","parent_id":"0","gjsonid":"17"}},{"geometry":{"type":"Polygon","coordinates":[[[120.9278,5.4971],[120.9285,5.4972],[120.9286,5.4967],[120.9281,5.4964],[120.9278,5.4971]]]},"type":"Feature","id":"a69d9b386c","properties":{"flclr":"#000000","name":"Southwestern Bulikullul","level_id":"reg","layer_val":"0","parent_id":"0","gjsonid":"17"}},{"geometry":{"type":"Polygon","coordinates":[[[120.9247,5.4943],[120.9250,5.4943],[120.9248,5.4938],[120.9247,5.4939],[120.9247,5.4943]]]},"type":"Feature","id":"2123cc79b4","properties":{"flclr":"#000000","name":"Southwestern Bulikullul","level_id":"reg","layer_val":"0","parent_id":"0","gjsonid":"17"}},{"geometry":{"type":"Polygon","coordinates":[[[120.9249,5.4972],[120.9251,5.4970],[120.9250,5.4968],[120.9248,5.4969],[120.9249,5.4972]]]},"type":"Feature","id":"76ed5fa98d","properties":{"flclr":"#000000","name":"Southwestern Bulikullul","level_id":"reg","layer_val":"0","parent_id":"0","gjsonid":"17"}},{"geometry":{"type":"Polygon","coordinates":[[[120.9168,5.5005],[120.9170,5.5006],[120.9170,5.5005],[120.9168,5.5004],[120.9168,5.5005]]]},"type":"Feature","id":"eed6ac94d7","properties":{"flclr":"#000000","name":"Southwestern Bulikullul","level_id":"reg","layer_val":"0","parent_id":"0","gjsonid":"17"}},{"geometry":{"type":"Polygon","coordinates":[[[120.9242,5.4933],[120.9244,5.4929],[120.9241,5.4926],[120.9240,5.4933],[120.9242,5.4933]]]},"type":"Feature","id":"d81e45ee60","properties":{"flclr":"#000000","name":"Southwestern Bulikullul","level_id":"reg","layer_val":"0","parent_id":"0","gjsonid":"17"}},{"geometry":{"type":"Polygon","coordinates":[[[120.9229,5.4981],[120.9233,5.4982],[120.9231,5.4975],[120.9229,5.4976],[120.9229,5.4981]]]},"type":"Feature","id":"cbabc2d37e","properties":{"flclr":"#000000","name":"Southwestern Bulikullul","level_id":"reg","layer_val":"0","parent_id":"0","gjsonid":"17"}},{"geometry":{"type":"Polygon","coordinates":[[[120.9161,5.4982],[120.9164,5.4982],[120.9163,5.4977],[120.9161,5.4977],[120.9161,5.4982]]]},"type":"Feature","id":"b4ad5c5b51","properties":{"flclr":"#000000","name":"Southwestern Bulikullul","level_id":"reg","layer_val":"0","parent_id":"0","gjsonid":"17"}},{"geometry":{"type":"Polygon","coordinates":[[[120.9184,5.4985],[120.9190,5.4989],[120.9192,5.4987],[120.9189,5.4981],[120.9184,5.4985]]]},"type":"Feature","id":"2a7fc428fb","properties":{"flclr":"#000000","name":"Southwestern Bulikullul","level_id":"reg","layer_val":"0","parent_id":"0","gjsonid":"17"}},{"geometry":{"type":"Polygon","coordinates":[[[120.9163,5.4992],[120.9166,5.4992],[120.9166,5.4991],[120.9164,5.4990],[120.9163,5.4992]]]},"type":"Feature","id":"e110a1c244","properties":{"flclr":"#000000","name":"Southwestern Bulikullul","level_id":"reg","layer_val":"0","parent_id":"0","gjsonid":"17"}},{"geometry":{"type":"Polygon","coordinates":[[[120.9290,5.4972],[120.9292,5.4967],[120.9290,5.4964],[120.9287,5.4970],[120.9290,5.4972]]]},"type":"Feature","id":"cdb5f49453","properties":{"flclr":"#000000","name":"Southwestern Bulikullul","level_id":"reg","layer_val":"0","parent_id":"0","gjsonid":"17"}},{"geometry":{"type":"Polygon","coordinates":[[[120.9281,5.5049],[120.9304,5.5013],[120.9293,5.5005],[120.9272,5.5043],[120.9281,5.5049]]]},"type":"Feature","id":"7c614fac0e","properties":{"flclr":"#000000","name":"Southwestern Bulikullul","level_id":"reg","layer_val":"0","parent_id":"0","gjsonid":"17"}},{"geometry":{"type":"Polygon","coordinates":[[[120.9307,5.4990],[120.9311,5.4985],[120.9310,5.4971],[120.9297,5.4984],[120.9307,5.4990]]]},"type":"Feature","id":"df3f8d7e76","properties":{"flclr":"#000000","name":"Southwestern Bulikullul","level_id":"reg","layer_val":"0","parent_id":"0","gjsonid":"17"}},{"geometry":{"type":"Polygon","coordinates":[[[120.9296,5.4993],[120.9302,5.4993],[120.9299,5.4986],[120.9297,5.4987],[120.9296,5.4993]]]},"type":"Feature","id":"c16b7613dd","properties":{"flclr":"#000000","name":"Southwestern Bulikullul","level_id":"reg","layer_val":"0","parent_id":"0","gjsonid":"17"}},{"geometry":{"type":"Polygon","coordinates":[[[120.9328,5.5075],[120.9345,5.5065],[120.9344,5.5036],[120.9330,5.5047],[120.9328,5.5075]]]},"type":"Feature","id":"8ac2dd1813","properties":{"flclr":"#000000","name":"Southwestern Bulikullul","level_id":"reg","layer_val":"0","parent_id":"0","gjsonid":"17"}},{"geometry":{"type":"Polygon","coordinates":[[[120.9205,5.4968],[120.9206,5.4970],[120.9210,5.4968],[120.9207,5.4964],[120.9205,5.4968]]]},"type":"Feature","id":"e03a345af8","properties":{"flclr":"#000000","name":"Southwestern Bulikullul","level_id":"reg","layer_val":"0","parent_id":"0","gjsonid":"17"}},{"geometry":{"type":"Polygon","coordinates":[[[120.9297,5.4957],[120.9297,5.4950],[120.9295,5.4948],[120.9293,5.4953],[120.9297,5.4957]]]},"type":"Feature","id":"016399db7a","properties":{"flclr":"#000000","name":"Southwestern Bulikullul","level_id":"reg","layer_val":"0","parent_id":"0","gjsonid":"17"}},{"geometry":{"type":"Polygon","coordinates":[[[120.7929,5.4730],[120.7980,5.4733],[120.7976,5.4705],[120.7949,5.4696],[120.7929,5.4730]]]},"type":"Feature","id":"dfb7cc8fa0","properties":{"flclr":"#000000","name":"Tenga Manubul","level_id":"reg","layer_val":"0","parent_id":"0","gjsonid":"17"}},{"geometry":{"type":"Polygon","coordinates":[[[120.7904,5.4685],[120.7933,5.4703],[120.7961,5.4681],[120.7938,5.4653],[120.7904,5.4685]]]},"type":"Feature","id":"9cc6ded927","properties":{"flclr":"#000000","name":"South Manubul","level_id":"reg","layer_val":"0","parent_id":"0","gjsonid":"17"}},{"geometry":{"type":"Polygon","coordinates":[[[120.2691,5.6263],[120.2784,5.6304],[120.2855,5.6226],[120.2735,5.6147],[120.2691,5.6263]]]},"type":"Feature","id":"3956a8dae4","properties":{"flclr":"#000000","name":"Mamanok","level_id":"reg","layer_val":"0","parent_id":"0","gjsonid":"17"}},{"geometry":{"type":"Polygon","coordinates":[[[120.7523,5.5521],[120.7538,5.5548],[120.7568,5.5555],[120.7568,5.5512],[120.7523,5.5521]]]},"type":"Feature","id":"9993161930","properties":{"flclr":"#000000","name":"Parian Dakula","level_id":"reg","layer_val":"0","parent_id":"0","gjsonid":"17"}},{"geometry":{"type":"Polygon","coordinates":[[[120.7637,5.4925],[120.7673,5.4955],[120.7775,5.4932],[120.7727,5.4782],[120.7637,5.4925]]]},"type":"Feature","id":"e31cd44319","properties":{"flclr":"#000000","name":"Malanta","level_id":"reg","layer_val":"0","parent_id":"0","gjsonid":"17"}},{"geometry":{"type":"Polygon","coordinates":[[[120.9251,5.5539],[120.9241,5.5503],[120.9167,5.5537],[120.9174,5.5550],[120.9251,5.5539]]]},"type":"Feature","id":"35a5c11922","properties":{"flclr":"#000000","name":"Tengah Laminusa","level_id":"reg","layer_val":"0","parent_id":"0","gjsonid":"17"}},{"geometry":{"type":"Polygon","coordinates":[[[120.4920,5.1936],[120.4928,5.1894],[120.4881,5.1832],[120.4872,5.1845],[120.4920,5.1936]]]},"type":"Feature","id":"5add288fcd","properties":{"flclr":"#000000","name":"Nunuk","level_id":"reg","layer_val":"0","parent_id":"0","gjsonid":"17"}},{"geometry":{"type":"Polygon","coordinates":[[[120.2864,5.1072],[120.2995,5.1004],[120.2864,5.0948],[120.2816,5.1058],[120.2864,5.1072]]]},"type":"Feature","id":"1b0677de7f","properties":{"flclr":"#000000","name":"Nunuk Likud Sikubong","level_id":"reg","layer_val":"0","parent_id":"0","gjsonid":"17"}},{"geometry":{"type":"Polygon","coordinates":[[[120.2995,5.1004],[120.2864,5.1072],[120.3105,5.1082],[120.2995,5.1004]]]},"type":"Feature","id":"1f41d8a76f","properties":{"flclr":"#000000","name":"Pamasan","level_id":"reg","layer_val":"0","parent_id":"0","gjsonid":"17"}},{"geometry":{"type":"Polygon","coordinates":[[[120.2864,5.0948],[120.2892,5.0960],[120.2923,5.0880],[120.2836,5.0833],[120.2824,5.0930],[120.2864,5.0948]]]},"type":"Feature","id":"77970a09fe","properties":{"flclr":"#000000","name":"Sukah-sukah","level_id":"reg","layer_val":"0","parent_id":"0","gjsonid":"17"}},{"geometry":{"type":"Polygon","coordinates":[[[120.2824,5.0930],[120.2825,5.0827],[120.2689,5.0902],[120.2733,5.0980],[120.2824,5.0930]]]},"type":"Feature","id":"3ae70d298d","properties":{"flclr":"#000000","name":"Sapa-sapa (Pob.)","level_id":"reg","layer_val":"0","parent_id":"0","gjsonid":"17"}},{"geometry":{"type":"Polygon","coordinates":[[[120.3139,5.1242],[120.3189,5.1225],[120.3188,5.1137],[120.3129,5.1166],[120.3139,5.1242]]]},"type":"Feature","id":"36ca17ada0","properties":{"flclr":"#000000","name":"Kohec","level_id":"reg","layer_val":"0","parent_id":"0","gjsonid":"17"}},{"geometry":{"type":"Polygon","coordinates":[[[120.3323,5.1273],[120.3368,5.1272],[120.3437,5.1240],[120.3361,5.1169],[120.3253,5.1232],[120.3323,5.1273]]]},"type":"Feature","id":"4d27ff912f","properties":{"flclr":"#000000","name":"Butun","level_id":"reg","layer_val":"0","parent_id":"0","gjsonid":"17"}},{"geometry":{"type":"Polygon","coordinates":[[[120.2587,5.0767],[120.2518,5.0831],[120.2586,5.0903],[120.2723,5.0849],[120.2702,5.0746],[120.2587,5.0767]]]},"type":"Feature","id":"88d7dae0c8","properties":{"flclr":"#000000","name":"Palate Gadjaminah","level_id":"reg","layer_val":"0","parent_id":"0","gjsonid":"17"}},{"geometry":{"type":"Polygon","coordinates":[[[120.3199,5.1320],[120.3309,5.1335],[120.3214,5.1281],[120.3199,5.1320]]]},"type":"Feature","id":"f28a90ab2f","properties":{"flclr":"#000000","name":"Sallangan","level_id":"reg","layer_val":"0","parent_id":"0","gjsonid":"17"}},{"geometry":{"type":"Polygon","coordinates":[[[120.2518,5.0831],[120.2587,5.0767],[120.2521,5.0646],[120.2439,5.0747],[120.2491,5.0731],[120.2518,5.0831]]]},"type":"Feature","id":"330b330939","properties":{"flclr":"#000000","name":"Latuan (Suasang)","level_id":"reg","layer_val":"0","parent_id":"0","gjsonid":"17"}},{"geometry":{"type":"Polygon","coordinates":[[[120.4988,5.1879],[120.4987,5.1864],[120.4979,5.1845],[120.4975,5.1879],[120.4988,5.1879]]]},"type":"Feature","id":"1568308ee6","properties":{"flclr":"#000000","name":"Bunay Bunay Lookan","level_id":"reg","layer_val":"0","parent_id":"0","gjsonid":"17"}},{"geometry":{"type":"Polygon","coordinates":[[[120.3129,5.1166],[120.3188,5.1137],[120.3161,5.1019],[120.3105,5.1082],[120.3129,5.1166]]]},"type":"Feature","id":"0ffff0cf61","properties":{"flclr":"#000000","name":"Look Natuh","level_id":"reg","layer_val":"0","parent_id":"0","gjsonid":"17"}},{"geometry":{"type":"Polygon","coordinates":[[[120.2587,5.0767],[120.2698,5.0744],[120.2604,5.0650],[120.2521,5.0646],[120.2587,5.0767]]]},"type":"Feature","id":"ab45984251","properties":{"flclr":"#000000","name":"Lookan Latuan","level_id":"reg","layer_val":"0","parent_id":"0","gjsonid":"17"}},{"geometry":{"type":"Polygon","coordinates":[[[120.4979,5.1845],[120.4988,5.1879],[120.4992,5.1882],[120.4981,5.1827],[120.4979,5.1845]]]},"type":"Feature","id":"59d016c67b","properties":{"flclr":"#000000","name":"Bunay Bunay Center","level_id":"reg","layer_val":"0","parent_id":"0","gjsonid":"17"}},{"geometry":{"type":"Polygon","coordinates":[[[120.3328,5.1444],[120.3309,5.1400],[120.3223,5.1424],[120.3236,5.1467],[120.3328,5.1444]]]},"type":"Feature","id":"60a27521da","properties":{"flclr":"#000000","name":"Sibakloon","level_id":"reg","layer_val":"0","parent_id":"0","gjsonid":"17"}},{"geometry":{"type":"Polygon","coordinates":[[[120.4948,5.1892],[120.4955,5.1877],[120.4909,5.1792],[120.4901,5.1804],[120.4948,5.1892]]]},"type":"Feature","id":"89238c630d","properties":{"flclr":"#000000","name":"Tubig Dayang","level_id":"reg","layer_val":"0","parent_id":"0","gjsonid":"17"}},{"geometry":{"type":"Polygon","coordinates":[[[120.2816,5.1058],[120.2864,5.0948],[120.2824,5.0930],[120.2731,5.0993],[120.2816,5.1058]]]},"type":"Feature","id":"736a199cd7","properties":{"flclr":"#000000","name":"Tangngah (Lalung Sikubong)","level_id":"reg","layer_val":"0","parent_id":"0","gjsonid":"17"}},{"geometry":{"type":"Polygon","coordinates":[[[120.3037,5.0914],[120.2923,5.0880],[120.2892,5.0960],[120.2995,5.1004],[120.3037,5.0914]]]},"type":"Feature","id":"d585a1a98e","properties":{"flclr":"#000000","name":"Tabunan Likud Sikubong","level_id":"reg","layer_val":"0","parent_id":"0","gjsonid":"17"}},{"geometry":{"type":"Polygon","coordinates":[[[120.3290,5.1552],[120.3353,5.1489],[120.3328,5.1444],[120.3226,5.1490],[120.3290,5.1552]]]},"type":"Feature","id":"e8a1b5d97b","properties":{"flclr":"#000000","name":"Sapa","level_id":"reg","layer_val":"0","parent_id":"0","gjsonid":"17"}},{"geometry":{"type":"Polygon","coordinates":[[[120.4958,5.1891],[120.4965,5.1884],[120.4916,5.1782],[120.4909,5.1792],[120.4958,5.1891]]]},"type":"Feature","id":"369fa156d0","properties":{"flclr":"#000000","name":"Tubig Dayang Center","level_id":"reg","layer_val":"0","parent_id":"0","gjsonid":"17"}},{"geometry":{"type":"Polygon","coordinates":[[[120.3105,5.1082],[120.3161,5.1019],[120.3037,5.0914],[120.2995,5.1004],[120.3105,5.1082]]]},"type":"Feature","id":"ca3edb69fd","properties":{"flclr":"#000000","name":"Malanta","level_id":"reg","layer_val":"0","parent_id":"0","gjsonid":"17"}},{"geometry":{"type":"Polygon","coordinates":[[[120.3129,5.1166],[120.3105,5.1082],[120.2898,5.1093],[120.3146,5.1305],[120.3129,5.1166]]]},"type":"Feature","id":"be25d56799","properties":{"flclr":"#000000","name":"Butun","level_id":"reg","layer_val":"0","parent_id":"0","gjsonid":"17"}},{"geometry":{"type":"Polygon","coordinates":[[[120.3308,5.1314],[120.3323,5.1273],[120.3242,5.1238],[120.3214,5.1281],[120.3308,5.1314]]]},"type":"Feature","id":"e56fe67987","properties":{"flclr":"#000000","name":"Kepeng","level_id":"reg","layer_val":"0","parent_id":"0","gjsonid":"17"}},{"geometry":{"type":"Polygon","coordinates":[[[120.3353,5.1489],[120.3459,5.1539],[120.3470,5.1463],[120.3340,5.1467],[120.3353,5.1489]]]},"type":"Feature","id":"46c99ccd0a","properties":{"flclr":"#000000","name":"Ballak","level_id":"reg","layer_val":"0","parent_id":"0","gjsonid":"17"}},{"geometry":{"type":"Polygon","coordinates":[[[120.1501,5.2640],[120.2081,5.2987],[120.2327,5.2915],[120.2327,5.2821],[120.2402,5.2869],[120.2410,5.2798],[120.2509,5.2823],[120.2528,5.2710],[120.2462,5.2593],[120.2505,5.2621],[120.2550,5.2562],[120.2512,5.2309],[120.2442,5.2228],[120.2478,5.2107],[120.2285,5.1998],[120.2357,5.1994],[120.2302,5.1947],[120.2355,5.1926],[120.2344,5.1852],[120.2396,5.1830],[120.2329,5.1732],[120.2254,5.1707],[120.2234,5.1572],[120.1764,5.1592],[120.1824,5.1753],[120.1912,5.1826],[120.1693,5.1874],[120.1750,5.1956],[120.1738,5.1975],[120.1688,5.1942],[120.1682,5.1825],[120.1589,5.1632],[120.1550,5.1823],[120.1378,5.1877],[120.1358,5.1960],[120.1724,5.2238],[120.1662,5.2421],[120.1501,5.2640]]]},"type":"Feature","id":"ac0f35ca8a","properties":{"flclr":"#000000","name":"Baliungan","level_id":"reg","layer_val":"0","parent_id":"0","gjsonid":"17"}},{"geometry":{"type":"Polygon","coordinates":[[[120.5883,5.2002],[120.5869,5.1987],[120.5850,5.2011],[120.5854,5.2013],[120.5883,5.2002]]]},"type":"Feature","id":"772ae0ef50","properties":{"flclr":"#000000","name":"Tukkai","level_id":"reg","layer_val":"0","parent_id":"0","gjsonid":"17"}},{"geometry":{"type":"Polygon","coordinates":[[[120.5860,5.1999],[120.5876,5.1987],[120.5845,5.1973],[120.5844,5.1995],[120.5860,5.1999]]]},"type":"Feature","id":"eadba3db3c","properties":{"flclr":"#000000","name":"Nusa","level_id":"reg","layer_val":"0","parent_id":"0","gjsonid":"17"}},{"geometry":{"type":"Polygon","coordinates":[[[120.5844,5.1978],[120.5820,5.1987],[120.5815,5.1998],[120.5847,5.2010],[120.5844,5.1978]]]},"type":"Feature","id":"8f0ff68360","properties":{"flclr":"#000000","name":"Unas-unas","level_id":"reg","layer_val":"0","parent_id":"0","gjsonid":"17"}},{"geometry":{"type":"Polygon","coordinates":[[[120.2427,5.3474],[120.2466,5.3322],[120.2443,5.3241],[120.2330,5.3331],[120.2427,5.3474]]]},"type":"Feature","id":"4e4a553297","properties":{"flclr":"#000000","name":"Bas-bas Proper","level_id":"reg","layer_val":"0","parent_id":"0","gjsonid":"17"}},{"geometry":{"type":"Polygon","coordinates":[[[120.5846,5.2017],[120.5839,5.1999],[120.5803,5.2001],[120.5806,5.2016],[120.5846,5.2017]]]},"type":"Feature","id":"739faeab9f","properties":{"flclr":"#000000","name":"Laud","level_id":"reg","layer_val":"0","parent_id":"0","gjsonid":"17"}},{"geometry":{"type":"Polygon","coordinates":[[[120.5847,5.2010],[120.5860,5.2000],[120.5853,5.1993],[120.5848,5.1999],[120.5847,5.2010]]]},"type":"Feature","id":"4f49723ce3","properties":{"flclr":"#000000","name":"Tinda-tindahan","level_id":"reg","layer_val":"0","parent_id":"0","gjsonid":"17"}},{"geometry":{"type":"Polygon","coordinates":[[[120.3125,5.3826],[120.3234,5.3673],[120.3053,5.3625],[120.2936,5.3702],[120.2961,5.3821],[120.3125,5.3826]]]},"type":"Feature","id":"207087dbe6","properties":{"flclr":"#000000","name":"Tumbagaan","level_id":"reg","layer_val":"0","parent_id":"0","gjsonid":"17"}},{"geometry":{"type":"Polygon","coordinates":[[[120.3234,5.3673],[120.3125,5.3826],[120.3144,5.3861],[120.3387,5.3822],[120.3333,5.3728],[120.3234,5.3673]]]},"type":"Feature","id":"158b2b80cf","properties":{"flclr":"#000000","name":"Adnin","level_id":"reg","layer_val":"0","parent_id":"0","gjsonid":"17"}},{"geometry":{"type":"Polygon","coordinates":[[[120.5846,5.2018],[120.5833,5.2015],[120.5837,5.2054],[120.5847,5.2029],[120.5846,5.2018]]]},"type":"Feature","id":"b85a71ef48","properties":{"flclr":"#000000","name":"Bengkol","level_id":"reg","layer_val":"0","parent_id":"0","gjsonid":"17"}},{"geometry":{"type":"Polygon","coordinates":[[[120.5846,5.2017],[120.5847,5.2029],[120.5857,5.2032],[120.5853,5.2018],[120.5846,5.2017]]]},"type":"Feature","id":"cd8714dd9f","properties":{"flclr":"#000000","name":"Tangngah","level_id":"reg","layer_val":"0","parent_id":"0","gjsonid":"17"}},{"geometry":{"type":"Polygon","coordinates":[[[120.3309,5.1400],[120.3309,5.1335],[120.3199,5.1320],[120.3183,5.1379],[120.3309,5.1400]]]},"type":"Feature","id":"a005ac4fd1","properties":{"flclr":"#000000","name":"Tapian Sukah","level_id":"reg","layer_val":"0","parent_id":"0","gjsonid":"17"}},{"geometry":{"type":"Polygon","coordinates":[[[120.3470,5.1463],[120.3482,5.1360],[120.3309,5.1400],[120.3340,5.1467],[120.3470,5.1463]]]},"type":"Feature","id":"63925d1b27","properties":{"flclr":"#000000","name":"Kakoong","level_id":"reg","layer_val":"0","parent_id":"0","gjsonid":"17"}},{"geometry":{"type":"Polygon","coordinates":[[[120.3288,5.2114],[120.3477,5.2144],[120.3515,5.1975],[120.3438,5.1818],[120.3308,5.1960],[120.3356,5.1972],[120.3372,5.2094],[120.3303,5.2068],[120.3288,5.2114]]]},"type":"Feature","id":"4e72321926","properties":{"flclr":"#000000","name":"Salamat","level_id":"reg","layer_val":"0","parent_id":"0","gjsonid":"17"}},{"geometry":{"type":"Polygon","coordinates":[[[120.3309,5.1335],[120.3467,5.1332],[120.3482,5.1331],[120.3437,5.1240],[120.3323,5.1273],[120.3309,5.1335]]]},"type":"Feature","id":"c73d9d8c5e","properties":{"flclr":"#000000","name":"Silantup","level_id":"reg","layer_val":"0","parent_id":"0","gjsonid":"17"}},{"geometry":{"type":"Polygon","coordinates":[[[120.3384,5.1519],[120.3357,5.1592],[120.3432,5.1611],[120.3459,5.1539],[120.3384,5.1519]]]},"type":"Feature","id":"9d50926dbb","properties":{"flclr":"#000000","name":"Tapian","level_id":"reg","layer_val":"0","parent_id":"0","gjsonid":"17"}},{"geometry":{"type":"Polygon","coordinates":[[[120.3477,5.2144],[120.3288,5.2114],[120.3330,5.2265],[120.3461,5.2463],[120.3471,5.2425],[120.3503,5.2452],[120.3463,5.2516],[120.3588,5.2588],[120.3678,5.2535],[120.3546,5.2310],[120.3588,5.2273],[120.3567,5.2211],[120.3477,5.2144]]]},"type":"Feature","id":"9992f4dcfe","properties":{"flclr":"#000000","name":"Naungan","level_id":"reg","layer_val":"0","parent_id":"0","gjsonid":"17"}},{"geometry":{"type":"Polygon","coordinates":[[[120.3482,5.1360],[120.3482,5.1331],[120.3309,5.1335],[120.3309,5.1400],[120.3482,5.1360]]]},"type":"Feature","id":"7371332112","properties":{"flclr":"#000000","name":"Tangngah (Tangngah Ungus Matata)","level_id":"reg","layer_val":"0","parent_id":"0","gjsonid":"17"}},{"geometry":{"type":"Polygon","coordinates":[[[120.3357,5.1592],[120.3384,5.1519],[120.3353,5.1489],[120.3290,5.1552],[120.3357,5.1592]]]},"type":"Feature","id":"8b2a4419ec","properties":{"flclr":"#000000","name":"Tongbangkaw","level_id":"reg","layer_val":"0","parent_id":"0","gjsonid":"17"}},{"geometry":{"type":"Polygon","coordinates":[[[120.3078,5.2184],[120.2555,5.2136],[120.2597,5.2464],[120.2709,5.2561],[120.2828,5.2420],[120.2914,5.2382],[120.2959,5.2287],[120.3014,5.2298],[120.3078,5.2184]]]},"type":"Feature","id":"c85b1783b8","properties":{"flclr":"#000000","name":"Tandubato","level_id":"reg","layer_val":"0","parent_id":"0","gjsonid":"17"}},{"geometry":{"type":"Polygon","coordinates":[[[120.2555,5.2136],[120.3078,5.2184],[120.3101,5.2106],[120.3150,5.2119],[120.3187,5.2065],[120.3010,5.1853],[120.2818,5.1822],[120.2722,5.1713],[120.2677,5.1731],[120.2681,5.1875],[120.2443,5.1798],[120.2563,5.1990],[120.2416,5.1912],[120.2555,5.2136]]]},"type":"Feature","id":"5655cd7749","properties":{"flclr":"#000000","name":"Lahay-lahay","level_id":"reg","layer_val":"0","parent_id":"0","gjsonid":"17"}},{"geometry":{"type":"Polygon","coordinates":[[[120.5861,5.2171],[120.5972,5.2195],[120.6060,5.2167],[120.5924,5.2169],[120.5861,5.2171]]]},"type":"Feature","id":"5d97639da5","properties":{"flclr":"#000000","name":"Likud Dampong","level_id":"reg","layer_val":"0","parent_id":"0","gjsonid":"17"}},{"geometry":{"type":"Polygon","coordinates":[[[120.5891,5.2005],[120.5892,5.1999],[120.5846,5.2017],[120.5853,5.2021],[120.5891,5.2005]]]},"type":"Feature","id":"7177bf7c67","properties":{"flclr":"#000000","name":"Babagan","level_id":"reg","layer_val":"0","parent_id":"0","gjsonid":"17"}},{"geometry":{"type":"Polygon","coordinates":[[[120.4872,5.1845],[120.5026,5.1620],[120.4987,5.1581],[120.4879,5.1656],[120.4808,5.1939],[120.4872,5.1845]]]},"type":"Feature","id":"ae213aafaf","properties":{"flclr":"#000000","name":"Sollogan","level_id":"reg","layer_val":"0","parent_id":"0","gjsonid":"17"}},{"geometry":{"type":"Polygon","coordinates":[[[120.6498,5.2304],[120.6527,5.2285],[120.6478,5.2229],[120.6362,5.2220],[120.6313,5.2264],[120.6498,5.2304]]]},"type":"Feature","id":"10a6049fee","properties":{"flclr":"#000000","name":"Nusa-nusa","level_id":"reg","layer_val":"0","parent_id":"0","gjsonid":"17"}},{"geometry":{"type":"Polygon","coordinates":[[[120.4967,5.1891],[120.4958,5.1825],[120.5061,5.1728],[120.5026,5.1620],[120.4916,5.1782],[120.4967,5.1891]]]},"type":"Feature","id":"a8a300ddca","properties":{"flclr":"#000000","name":"Tubig Dayang Riverside","level_id":"reg","layer_val":"0","parent_id":"0","gjsonid":"17"}},{"geometry":{"type":"Polygon","coordinates":[[[120.6060,5.2167],[120.5976,5.2195],[120.6094,5.2184],[120.6060,5.2167]]]},"type":"Feature","id":"2345d5c3b5","properties":{"flclr":"#000000","name":"Putat","level_id":"reg","layer_val":"0","parent_id":"0","gjsonid":"17"}},{"geometry":{"type":"Polygon","coordinates":[[[120.4846,5.1884],[120.4808,5.1939],[120.4810,5.1941],[120.4867,5.1920],[120.4846,5.1884]]]},"type":"Feature","id":"5afc0eea15","properties":{"flclr":"#000000","name":"Tong Tampakan","level_id":"reg","layer_val":"0","parent_id":"0","gjsonid":"17"}},{"geometry":{"type":"Polygon","coordinates":[[[120.4867,5.1920],[120.4891,5.1909],[120.4862,5.1860],[120.4845,5.1893],[120.4867,5.1920]]]},"type":"Feature","id":"0a570d8cfc","properties":{"flclr":"#000000","name":"Tampakan Dampong","level_id":"reg","layer_val":"0","parent_id":"0","gjsonid":"17"}},{"geometry":{"type":"Polygon","coordinates":[[[120.4891,5.1909],[120.4920,5.1936],[120.4872,5.1845],[120.4862,5.1860],[120.4891,5.1909]]]},"type":"Feature","id":"80a36c2ca0","properties":{"flclr":"#000000","name":"Lahad Dampong","level_id":"reg","layer_val":"0","parent_id":"0","gjsonid":"17"}},{"geometry":{"type":"Polygon","coordinates":[[[120.4928,5.1894],[120.4941,5.1896],[120.4889,5.1820],[120.4881,5.1832],[120.4928,5.1894]]]},"type":"Feature","id":"8a1c8ff199","properties":{"flclr":"#000000","name":"Talisay","level_id":"reg","layer_val":"0","parent_id":"0","gjsonid":"17"}},{"geometry":{"type":"Polygon","coordinates":[[[120.4940,5.1892],[120.4949,5.1897],[120.4901,5.1804],[120.4889,5.1820],[120.4940,5.1892]]]},"type":"Feature","id":"c1b32eda7b","properties":{"flclr":"#000000","name":"East Talisay","level_id":"reg","layer_val":"0","parent_id":"0","gjsonid":"17"}},{"geometry":{"type":"Polygon","coordinates":[[[120.5857,5.2032],[120.5845,5.2030],[120.5820,5.2074],[120.5819,5.2080],[120.5821,5.2086],[120.5857,5.2032]]]},"type":"Feature","id":"07cda98674","properties":{"flclr":"#000000","name":"Lambi-lambian","level_id":"reg","layer_val":"0","parent_id":"0","gjsonid":"17"}},{"geometry":{"type":"Polygon","coordinates":[[[120.5924,5.2169],[120.5876,5.2053],[120.5778,5.2117],[120.5887,5.2155],[120.5924,5.2169]]]},"type":"Feature","id":"980c164122","properties":{"flclr":"#000000","name":"Lambi-lambian","level_id":"reg","layer_val":"0","parent_id":"0","gjsonid":"17"}},{"geometry":{"type":"Polygon","coordinates":[[[120.5861,5.2171],[120.5924,5.2169],[120.5770,5.2115],[120.5841,5.2200],[120.5861,5.2171]]]},"type":"Feature","id":"7bd74b1705","properties":{"flclr":"#000000","name":"Likud Tabawan","level_id":"reg","layer_val":"0","parent_id":"0","gjsonid":"17"}},{"geometry":{"type":"Polygon","coordinates":[[[120.5857,5.2032],[120.5876,5.2053],[120.5919,5.2051],[120.5865,5.2024],[120.5857,5.2032]]]},"type":"Feature","id":"ee380724cc","properties":{"flclr":"#000000","name":"Laitan","level_id":"reg","layer_val":"0","parent_id":"0","gjsonid":"17"}},{"geometry":{"type":"Polygon","coordinates":[[[120.5925,5.2169],[120.6060,5.2167],[120.5876,5.2053],[120.5925,5.2169]]]},"type":"Feature","id":"6b96501985","properties":{"flclr":"#000000","name":"Laitan","level_id":"reg","layer_val":"0","parent_id":"0","gjsonid":"17"}},{"geometry":{"type":"Polygon","coordinates":[[[120.5767,5.2113],[120.5710,5.2111],[120.5700,5.2117],[120.5760,5.2133],[120.5767,5.2113]]]},"type":"Feature","id":"9c160a871b","properties":{"flclr":"#000000","name":"Likud Tabawan","level_id":"reg","layer_val":"0","parent_id":"0","gjsonid":"17"}},{"geometry":{"type":"Polygon","coordinates":[[[120.5700,5.2117],[120.5767,5.2113],[120.5775,5.2077],[120.5686,5.2078],[120.5700,5.2117]]]},"type":"Feature","id":"01fe3f7e4b","properties":{"flclr":"#000000","name":"Pampang","level_id":"reg","layer_val":"0","parent_id":"0","gjsonid":"17"}},{"geometry":{"type":"Polygon","coordinates":[[[120.5771,5.2114],[120.5821,5.2087],[120.5825,5.2017],[120.5805,5.2017],[120.5771,5.2114]]]},"type":"Feature","id":"1f52e810b4","properties":{"flclr":"#000000","name":"Pampang","level_id":"reg","layer_val":"0","parent_id":"0","gjsonid":"17"}},{"geometry":{"type":"Polygon","coordinates":[[[120.5000,5.1877],[120.5049,5.1833],[120.5086,5.1740],[120.4981,5.1827],[120.5000,5.1877]]]},"type":"Feature","id":"82aa854475","properties":{"flclr":"#000000","name":"Bunay Bunay Tong","level_id":"reg","layer_val":"0","parent_id":"0","gjsonid":"17"}},{"geometry":{"type":"Polygon","coordinates":[[[120.5856,5.2024],[120.5865,5.2024],[120.5901,5.2041],[120.5891,5.2005],[120.5856,5.2024]]]},"type":"Feature","id":"742be489af","properties":{"flclr":"#000000","name":"Bohe","level_id":"reg","layer_val":"0","parent_id":"0","gjsonid":"17"}},{"geometry":{"type":"Polygon","coordinates":[[[120.6008,5.2106],[120.5986,5.2028],[120.5919,5.2051],[120.6008,5.2106]]]},"type":"Feature","id":"f77fa9fb3f","properties":{"flclr":"#000000","name":"Bohe","level_id":"reg","layer_val":"0","parent_id":"0","gjsonid":"17"}},{"geometry":{"type":"Polygon","coordinates":[[[120.8422,5.5095],[120.8494,5.5311],[120.8585,5.5224],[120.8560,5.5144],[120.8650,5.5091],[120.8526,5.4977],[120.8430,5.5039],[120.8422,5.5095]]]},"type":"Feature","id":"4aa56e2bde","properties":{"flclr":"#000000","name":"Nipa-nipa","level_id":"reg","layer_val":"0","parent_id":"0","gjsonid":"17"}},{"geometry":{"type":"Polygon","coordinates":[[[120.8234,5.5569],[120.8224,5.5695],[120.8260,5.5763],[120.8335,5.5727],[120.8316,5.5541],[120.8234,5.5569]]]},"type":"Feature","id":"e21c6717fd","properties":{"flclr":"#000000","name":"North Laud","level_id":"reg","layer_val":"0","parent_id":"0","gjsonid":"17"}},{"geometry":{"type":"Polygon","coordinates":[[[120.8400,5.5359],[120.8227,5.5278],[120.8191,5.5370],[120.8139,5.5367],[120.8366,5.5416],[120.8400,5.5359]]]},"type":"Feature","id":"630f50b8ae","properties":{"flclr":"#000000","name":"Subah Buaya","level_id":"reg","layer_val":"0","parent_id":"0","gjsonid":"17"}},{"geometry":{"type":"Polygon","coordinates":[[[120.8524,5.5437],[120.8430,5.5545],[120.8452,5.5672],[120.8516,5.5656],[120.8524,5.5437]]]},"type":"Feature","id":"5da3ed3c37","properties":{"flclr":"#000000","name":"East Kungtad","level_id":"reg","layer_val":"0","parent_id":"0","gjsonid":"17"}},{"geometry":{"type":"Polygon","coordinates":[[[120.8469,5.5517],[120.8524,5.5437],[120.8400,5.5359],[120.8366,5.5416],[120.8469,5.5517]]]},"type":"Feature","id":"10bf13a53b","properties":{"flclr":"#000000","name":"Kungtad West","level_id":"reg","layer_val":"0","parent_id":"0","gjsonid":"17"}},{"geometry":{"type":"Polygon","coordinates":[[[120.8535,5.5269],[120.8400,5.5359],[120.8524,5.5437],[120.8622,5.5358],[120.8535,5.5269]]]},"type":"Feature","id":"8ef9a2e919","properties":{"flclr":"#000000","name":"Pislong","level_id":"reg","layer_val":"0","parent_id":"0","gjsonid":"17"}},{"geometry":{"type":"Polygon","coordinates":[[[120.8452,5.5672],[120.8430,5.5545],[120.8316,5.5541],[120.8335,5.5727],[120.8452,5.5672]]]},"type":"Feature","id":"595b61e832","properties":{"flclr":"#000000","name":"Campo Islam","level_id":"reg","layer_val":"0","parent_id":"0","gjsonid":"17"}},{"geometry":{"type":"Polygon","coordinates":[[[120.8494,5.5803],[120.8420,5.5878],[120.8513,5.5944],[120.8546,5.5890],[120.8494,5.5803]]]},"type":"Feature","id":"cc382d0475","properties":{"flclr":"#000000","name":"Siundoh","level_id":"reg","layer_val":"0","parent_id":"0","gjsonid":"17"}},{"geometry":{"type":"Polygon","coordinates":[[[120.8426,5.5867],[120.8494,5.5803],[120.8452,5.5672],[120.8259,5.5765],[120.8426,5.5867]]]},"type":"Feature","id":"c6ae0eb4a2","properties":{"flclr":"#000000","name":"Tulling","level_id":"reg","layer_val":"0","parent_id":"0","gjsonid":"17"}},{"geometry":{"type":"Polygon","coordinates":[[[120.8918,5.5157],[120.8867,5.5042],[120.8797,5.4980],[120.8763,5.5079],[120.8880,5.5186],[120.8918,5.5157]]]},"type":"Feature","id":"2e8b36ae71","properties":{"flclr":"#000000","name":"Ipil","level_id":"reg","layer_val":"0","parent_id":"0","gjsonid":"17"}},{"geometry":{"type":"Polygon","coordinates":[[[120.8682,5.4949],[120.8610,5.4919],[120.8526,5.4977],[120.8650,5.5091],[120.8682,5.4949]]]},"type":"Feature","id":"86e8c7b101","properties":{"flclr":"#000000","name":"Kabubu","level_id":"reg","layer_val":"0","parent_id":"0","gjsonid":"17"}},{"geometry":{"type":"Polygon","coordinates":[[[120.8486,5.4844],[120.8506,5.4794],[120.8447,5.4800],[120.8466,5.4827],[120.8486,5.4844]]]},"type":"Feature","id":"29b4906ea2","properties":{"flclr":"#000000","name":"South Musu Laud","level_id":"reg","layer_val":"0","parent_id":"0","gjsonid":"17"}},{"geometry":{"type":"Polygon","coordinates":[[[120.8777,5.5290],[120.8710,5.5397],[120.8797,5.5429],[120.8884,5.5292],[120.8825,5.5246],[120.8777,5.5290]]]},"type":"Feature","id":"2b5307a19c","properties":{"flclr":"#000000","name":"Bakud","level_id":"reg","layer_val":"0","parent_id":"0","gjsonid":"17"}},{"geometry":{"type":"Polygon","coordinates":[[[120.8710,5.5397],[120.8777,5.5290],[120.8680,5.5212],[120.8581,5.5210],[120.8535,5.5269],[120.8710,5.5397]]]},"type":"Feature","id":"4b5861279e","properties":{"flclr":"#000000","name":"Siolakan","level_id":"reg","layer_val":"0","parent_id":"0","gjsonid":"17"}},{"geometry":{"type":"Polygon","coordinates":[[[120.8581,5.5210],[120.8680,5.5212],[120.8746,5.5174],[120.8650,5.5091],[120.8545,5.5167],[120.8581,5.5210]]]},"type":"Feature","id":"4493b3b4d2","properties":{"flclr":"#000000","name":"Singko","level_id":"reg","layer_val":"0","parent_id":"0","gjsonid":"17"}},{"geometry":{"type":"Polygon","coordinates":[[[120.8763,5.5079],[120.8787,5.4966],[120.8693,5.4941],[120.8650,5.5091],[120.8731,5.5149],[120.8763,5.5079]]]},"type":"Feature","id":"986f7730a5","properties":{"flclr":"#000000","name":"Sarukot","level_id":"reg","layer_val":"0","parent_id":"0","gjsonid":"17"}},{"geometry":{"type":"Polygon","coordinates":[[[120.8601,5.4788],[120.8631,5.4757],[120.8607,5.4735],[120.8587,5.4746],[120.8601,5.4788]]]},"type":"Feature","id":"f46db5c587","properties":{"flclr":"#000000","name":"Kud-kud","level_id":"reg","layer_val":"0","parent_id":"0","gjsonid":"17"}},{"geometry":{"type":"Polygon","coordinates":[[[120.8601,5.4788],[120.8587,5.4746],[120.8551,5.4773],[120.8577,5.4792],[120.8601,5.4788]]]},"type":"Feature","id":"f1b8d8d506","properties":{"flclr":"#000000","name":"Tonglabah","level_id":"reg","layer_val":"0","parent_id":"0","gjsonid":"17"}},{"geometry":{"type":"Polygon","coordinates":[[[120.8777,5.5290],[120.8880,5.5186],[120.8763,5.5079],[120.8746,5.5174],[120.8680,5.5212],[120.8777,5.5290]]]},"type":"Feature","id":"2f2ee35da8","properties":{"flclr":"#000000","name":"Tubig Kutah","level_id":"reg","layer_val":"0","parent_id":"0","gjsonid":"17"}},{"geometry":{"type":"Polygon","coordinates":[[[120.8524,5.5437],[120.8516,5.5656],[120.8600,5.5633],[120.8597,5.5531],[120.8524,5.5437]]]},"type":"Feature","id":"ec4acbb60d","properties":{"flclr":"#000000","name":"Minapan","level_id":"reg","layer_val":"0","parent_id":"0","gjsonid":"17"}},{"geometry":{"type":"Polygon","coordinates":[[[120.8797,5.5429],[120.8622,5.5358],[120.8524,5.5437],[120.8597,5.5531],[120.8797,5.5429]]]},"type":"Feature","id":"4d4d8a27cd","properties":{"flclr":"#000000","name":"Ratag","level_id":"reg","layer_val":"0","parent_id":"0","gjsonid":"17"}},{"geometry":{"type":"Polygon","coordinates":[[[120.8335,5.5195],[120.8333,5.5149],[120.8254,5.5302],[120.8400,5.5359],[120.8443,5.5330],[120.8335,5.5195]]]},"type":"Feature","id":"019f90737d","properties":{"flclr":"#000000","name":"Sablay","level_id":"reg","layer_val":"0","parent_id":"0","gjsonid":"17"}},{"geometry":{"type":"Polygon","coordinates":[[[120.8422,5.5095],[120.8335,5.5195],[120.8443,5.5330],[120.8494,5.5311],[120.8422,5.5095]]]},"type":"Feature","id":"17309811c9","properties":{"flclr":"#000000","name":"Jambangan","level_id":"reg","layer_val":"0","parent_id":"0","gjsonid":"17"}},{"geometry":{"type":"Polygon","coordinates":[[[120.8494,5.5803],[120.8546,5.5890],[120.8625,5.5869],[120.8613,5.5771],[120.8516,5.5656],[120.8452,5.5672],[120.8494,5.5803]]]},"type":"Feature","id":"49442afd1c","properties":{"flclr":"#000000","name":"North Manta","level_id":"reg","layer_val":"0","parent_id":"0","gjsonid":"17"}},{"geometry":{"type":"Polygon","coordinates":[[[120.8625,5.5869],[120.8702,5.5873],[120.8822,5.5699],[120.8702,5.5721],[120.8600,5.5633],[120.8516,5.5656],[120.8613,5.5771],[120.8625,5.5869]]]},"type":"Feature","id":"732ca53cd7","properties":{"flclr":"#000000","name":"Manta","level_id":"reg","layer_val":"0","parent_id":"0","gjsonid":"17"}},{"geometry":{"type":"Polygon","coordinates":[[[120.8600,5.5633],[120.8702,5.5721],[120.8860,5.5655],[120.8635,5.5504],[120.8597,5.5531],[120.8600,5.5633]]]},"type":"Feature","id":"dac00f7c7e","properties":{"flclr":"#000000","name":"Siburi","level_id":"reg","layer_val":"0","parent_id":"0","gjsonid":"17"}},{"geometry":{"type":"Polygon","coordinates":[[[120.8860,5.5655],[120.8852,5.5589],[120.8874,5.5626],[120.8892,5.5597],[120.8715,5.5449],[120.8635,5.5504],[120.8860,5.5655]]]},"type":"Feature","id":"2b87041b77","properties":{"flclr":"#000000","name":"Buan","level_id":"reg","layer_val":"0","parent_id":"0","gjsonid":"17"}},{"geometry":{"type":"Polygon","coordinates":[[[120.8715,5.5449],[120.8899,5.5586],[120.8925,5.5539],[120.8895,5.5511],[120.8939,5.5524],[120.8993,5.5374],[120.8884,5.5292],[120.8797,5.5429],[120.8715,5.5449]]]},"type":"Feature","id":"5a511b768e","properties":{"flclr":"#000000","name":"Duggo","level_id":"reg","layer_val":"0","parent_id":"0","gjsonid":"17"}},{"geometry":{"type":"Polygon","coordinates":[[[120.8612,5.5951],[120.8706,5.5966],[120.8733,5.5925],[120.8621,5.5902],[120.8612,5.5951]]]},"type":"Feature","id":"f7e5d0f0d5","properties":{"flclr":"#000000","name":"Luuk Tara","level_id":"reg","layer_val":"0","parent_id":"0","gjsonid":"17"}},{"geometry":{"type":"Polygon","coordinates":[[[120.8733,5.5925],[120.8706,5.5966],[120.8737,5.6048],[120.8774,5.6006],[120.8733,5.5925]]]},"type":"Feature","id":"5464e3468b","properties":{"flclr":"#000000","name":"Duhol Tara","level_id":"reg","layer_val":"0","parent_id":"0","gjsonid":"17"}},{"geometry":{"type":"Polygon","coordinates":[[[120.8612,5.5951],[120.8599,5.5899],[120.8572,5.5930],[120.8568,5.6043],[120.8612,5.5951]]]},"type":"Feature","id":"7490013e23","properties":{"flclr":"#000000","name":"Bulansing Tara","level_id":"reg","layer_val":"0","parent_id":"0","gjsonid":"17"}},{"geometry":{"type":"Polygon","coordinates":[[[120.8954,5.5103],[120.9001,5.5092],[120.8991,5.5052],[120.8947,5.5041],[120.8954,5.5103]]]},"type":"Feature","id":"e48f97765a","properties":{"flclr":"#000000","name":"South Silumpak","level_id":"reg","layer_val":"0","parent_id":"0","gjsonid":"17"}},{"geometry":{"type":"Polygon","coordinates":[[[120.8954,5.5103],[120.8947,5.5041],[120.8913,5.5051],[120.8903,5.5096],[120.8954,5.5103]]]},"type":"Feature","id":"fd40313801","properties":{"flclr":"#000000","name":"North Silumpak","level_id":"reg","layer_val":"0","parent_id":"0","gjsonid":"17"}},{"geometry":{"type":"Polygon","coordinates":[[[120.8884,5.5292],[120.8993,5.5374],[120.9029,5.5323],[120.8918,5.5157],[120.8825,5.5246],[120.8884,5.5292]]]},"type":"Feature","id":"41f74b4716","properties":{"flclr":"#000000","name":"Latung","level_id":"reg","layer_val":"0","parent_id":"0","gjsonid":"17"}},{"geometry":{"type":"Polygon","coordinates":[[[120.9076,5.5105],[120.9070,5.5080],[120.9061,5.5078],[120.9054,5.5091],[120.9076,5.5105]]]},"type":"Feature","id":"b21e070fbb","properties":{"flclr":"#000000","name":"Southwestern Bulikullul","level_id":"reg","layer_val":"0","parent_id":"0","gjsonid":"17"}},{"geometry":{"type":"Polygon","coordinates":[[[120.9076,5.5105],[120.9054,5.5091],[120.9056,5.5110],[120.9076,5.5105]]]},"type":"Feature","id":"471baf7aba","properties":{"flclr":"#000000","name":"Bulihkullul","level_id":"reg","layer_val":"0","parent_id":"0","gjsonid":"17"}},{"geometry":{"type":"Polygon","coordinates":[[[120.9086,5.5450],[120.9069,5.5355],[120.9029,5.5323],[120.8993,5.5374],[120.9086,5.5450]]]},"type":"Feature","id":"a0046bcf2b","properties":{"flclr":"#000000","name":"Sipanding","level_id":"reg","layer_val":"0","parent_id":"0","gjsonid":"17"}},{"geometry":{"type":"Polygon","coordinates":[[[120.8942,5.5518],[120.8951,5.5556],[120.8998,5.5550],[120.9086,5.5450],[120.8993,5.5374],[120.8942,5.5518]]]},"type":"Feature","id":"761d503580","properties":{"flclr":"#000000","name":"Siowing","level_id":"reg","layer_val":"0","parent_id":"0","gjsonid":"17"}},{"geometry":{"type":"Polygon","coordinates":[[[120.9290,5.5474],[120.9270,5.5471],[120.9207,5.5477],[120.9218,5.5510],[120.9290,5.5474]]]},"type":"Feature","id":"39e9af3dd2","properties":{"flclr":"#000000","name":"Kong-Kong Laminusa","level_id":"reg","layer_val":"0","parent_id":"0","gjsonid":"17"}},{"geometry":{"type":"Polygon","coordinates":[[[120.9251,5.5539],[120.9287,5.5522],[120.9300,5.5480],[120.9241,5.5503],[120.9251,5.5539]]]},"type":"Feature","id":"51bc24a1ee","properties":{"flclr":"#000000","name":"Tong Laminusa","level_id":"reg","layer_val":"0","parent_id":"0","gjsonid":"17"}},{"geometry":{"type":"Polygon","coordinates":[[[120.9121,5.5569],[120.9158,5.5554],[120.9174,5.5550],[120.9167,5.5537],[120.9121,5.5569]]]},"type":"Feature","id":"aa7f915f70","properties":{"flclr":"#000000","name":"Tampakan Laminusa","level_id":"reg","layer_val":"0","parent_id":"0","gjsonid":"17"}},{"geometry":{"type":"Polygon","coordinates":[[[120.8430,5.5545],[120.8469,5.5517],[120.8402,5.5473],[120.8173,5.5468],[120.8234,5.5569],[120.8430,5.5545]]]},"type":"Feature","id":"665bc4263d","properties":{"flclr":"#000000","name":"Poblacion (Campo Baro)","level_id":"reg","layer_val":"0","parent_id":"0","gjsonid":"17"}},{"geometry":{"type":"Polygon","coordinates":[[[120.9150,5.5530],[120.9113,5.5557],[120.9110,5.5565],[120.9157,5.5542],[120.9150,5.5530]]]},"type":"Feature","id":"bf0eceb666","properties":{"flclr":"#000000","name":"Luuk Laminusa","level_id":"reg","layer_val":"0","parent_id":"0","gjsonid":"17"}},{"geometry":{"type":"Polygon","coordinates":[[[120.8402,5.5473],[120.8366,5.5416],[120.8139,5.5367],[120.8122,5.5453],[120.8162,5.5496],[120.8234,5.5443],[120.8402,5.5473]]]},"type":"Feature","id":"14c2c23ecc","properties":{"flclr":"#000000","name":"Tong-tong","level_id":"reg","layer_val":"0","parent_id":"0","gjsonid":"17"}},{"geometry":{"type":"Polygon","coordinates":[[[120.9157,5.5542],[120.9218,5.5510],[120.9207,5.5477],[120.9155,5.5520],[120.9157,5.5542]]]},"type":"Feature","id":"704e7c2d15","properties":{"flclr":"#000000","name":"Puukan Laminusa","level_id":"reg","layer_val":"0","parent_id":"0","gjsonid":"17"}},{"geometry":{"type":"Polygon","coordinates":[[[120.7688,5.5444],[120.7599,5.5332],[120.7545,5.5365],[120.7648,5.5625],[120.7808,5.5634],[120.7688,5.5444]]]},"type":"Feature","id":"6da903a96e","properties":{"flclr":"#000000","name":"Parian Dakula","level_id":"reg","layer_val":"0","parent_id":"0","gjsonid":"17"}},{"geometry":{"type":"Polygon","coordinates":[[[120.7884,5.5685],[120.7941,5.5701],[120.8022,5.5664],[120.7920,5.5557],[120.7845,5.5623],[120.7884,5.5685]]]},"type":"Feature","id":"60b545fcb4","properties":{"flclr":"#000000","name":"Siganggang","level_id":"reg","layer_val":"0","parent_id":"0","gjsonid":"17"}},{"geometry":{"type":"Polygon","coordinates":[[[120.7900,5.5570],[120.8072,5.5455],[120.8042,5.5273],[120.7799,5.5419],[120.7900,5.5570]]]},"type":"Feature","id":"c6a39208a8","properties":{"flclr":"#000000","name":"Kabbon","level_id":"reg","layer_val":"0","parent_id":"0","gjsonid":"17"}},{"geometry":{"type":"Polygon","coordinates":[[[120.7791,5.5643],[120.7817,5.5655],[120.7900,5.5570],[120.7787,5.5387],[120.7688,5.5444],[120.7791,5.5643]]]},"type":"Feature","id":"6d3cee646b","properties":{"flclr":"#000000","name":"Baligtang","level_id":"reg","layer_val":"0","parent_id":"0","gjsonid":"17"}},{"geometry":{"type":"Polygon","coordinates":[[[120.8022,5.5664],[120.8108,5.5588],[120.8072,5.5455],[120.7920,5.5557],[120.8022,5.5664]]]},"type":"Feature","id":"c54046dd76","properties":{"flclr":"#000000","name":"Hambilan","level_id":"reg","layer_val":"0","parent_id":"0","gjsonid":"17"}},{"geometry":{"type":"Polygon","coordinates":[[[120.7884,5.5685],[120.7845,5.5623],[120.7817,5.5655],[120.7853,5.5689],[120.7884,5.5685]]]},"type":"Feature","id":"8579772abf","properties":{"flclr":"#000000","name":"Suba-suba","level_id":"reg","layer_val":"0","parent_id":"0","gjsonid":"17"}},{"geometry":{"type":"Polygon","coordinates":[[[120.7838,5.5002],[120.7903,5.5029],[120.8050,5.4996],[120.8001,5.4773],[120.7856,5.4726],[120.7857,5.4610],[120.7907,5.4551],[120.7831,5.4613],[120.7728,5.4772],[120.7736,5.4823],[120.7815,5.4806],[120.7900,5.4949],[120.7838,5.5002]]]},"type":"Feature","id":"a22a7f507e","properties":{"flclr":"#000000","name":"Sibaud Proper","level_id":"reg","layer_val":"0","parent_id":"0","gjsonid":"17"}},{"geometry":{"type":"Polygon","coordinates":[[[120.8001,5.4773],[120.8007,5.4698],[120.7992,5.4685],[120.7973,5.4772],[120.8001,5.4773]]]},"type":"Feature","id":"31083bbb5c","properties":{"flclr":"#000000","name":"North Manubul","level_id":"reg","layer_val":"0","parent_id":"0","gjsonid":"17"}},{"geometry":{"type":"Polygon","coordinates":[[[120.8042,5.5273],[120.7984,5.5151],[120.7874,5.5118],[120.7693,5.5248],[120.7516,5.5044],[120.7446,5.5172],[120.7688,5.5444],[120.8042,5.5273]]]},"type":"Feature","id":"41d13fcabb","properties":{"flclr":"#000000","name":"Lapak","level_id":"reg","layer_val":"0","parent_id":"0","gjsonid":"17"}},{"geometry":{"type":"Polygon","coordinates":[[[120.7599,5.5332],[120.7446,5.5172],[120.7467,5.5297],[120.7528,5.5367],[120.7599,5.5332]]]},"type":"Feature","id":"cb5a6ed01a","properties":{"flclr":"#000000","name":"Lahi","level_id":"reg","layer_val":"0","parent_id":"0","gjsonid":"17"}},{"geometry":{"type":"Polygon","coordinates":[[[120.7874,5.5118],[120.7855,5.5028],[120.7764,5.4945],[120.7587,5.4975],[120.7516,5.5044],[120.7693,5.5248],[120.7874,5.5118]]]},"type":"Feature","id":"01ef7c7faa","properties":{"flclr":"#000000","name":"Malanta","level_id":"reg","layer_val":"0","parent_id":"0","gjsonid":"17"}},{"geometry":{"type":"Polygon","coordinates":[[[120.7907,5.4583],[120.7977,5.4570],[120.7958,5.4604],[120.8010,5.4682],[120.7999,5.4560],[120.7907,5.4551],[120.7907,5.4583]]]},"type":"Feature","id":"acb24e40b6","properties":{"flclr":"#000000","name":"South Manubul","level_id":"reg","layer_val":"0","parent_id":"0","gjsonid":"17"}},{"geometry":{"type":"Polygon","coordinates":[[[120.7838,5.5002],[120.7900,5.4949],[120.7815,5.4806],[120.7761,5.4793],[120.7738,5.4836],[120.7838,5.5002]]]},"type":"Feature","id":"905b3eaede","properties":{"flclr":"#000000","name":"Laud Sibaud","level_id":"reg","layer_val":"0","parent_id":"0","gjsonid":"17"}}]}